{
"type": "FeatureCollection",
"name": "javea_distritos_4326",
"crs": { "type": "name", "properties": { "name": "urn:ogc:def:crs:OGC:1.3:CRS84" } },
"features": [
{ "type": "Feature", "properties": { "fid": 1, "INE_MUN": "03082", "DISTRITO": 3 }, "geometry": { "type": "MultiPolygon", "coordinates": [ [ [ [ 0.218596528840864, 38.725796128403601 ], [ 0.218596528577477, 38.725796128369538 ], [ 0.218596528311164, 38.725796128383983 ], [ 0.218219502483066, 38.725851576612996 ], [ 0.218219502235842, 38.725851576672547 ], [ 0.217789118613562, 38.72599855073355 ], [ 0.217789118613561, 38.72599855073355 ], [ 0.217789118416188, 38.725998550819952 ], [ 0.217789118244231, 38.725998550934946 ], [ 0.217422993909279, 38.726296940137367 ], [ 0.217153004308883, 38.72643049078556 ], [ 0.217153004308882, 38.72643049078556 ], [ 0.217153004114413, 38.726430490906623 ], [ 0.217153003957691, 38.726430491057577 ], [ 0.21715300384604, 38.726430491231412 ], [ 0.216974294418106, 38.726804781527576 ], [ 0.216533209864492, 38.726970126965462 ], [ 0.216533209680309, 38.726970127051928 ], [ 0.21653320951987, 38.72697012716371 ], [ 0.216156428544321, 38.727286773810192 ], [ 0.21586504333289, 38.727456976953874 ], [ 0.215865043332888, 38.727456976953874 ], [ 0.215865043179416, 38.727456977061578 ], [ 0.215865043052955, 38.727456977189007 ], [ 0.215865042957573, 38.727456977332068 ], [ 0.21575905677691, 38.727658084575914 ], [ 0.215759056717202, 38.727658084724538 ], [ 0.215759056691103, 38.72765808487901 ], [ 0.215759056699395, 38.727658085034683 ], [ 0.215759056741826, 38.72765808518691 ], [ 0.215836910253213, 38.727854108828275 ], [ 0.215836910253214, 38.727854108828275 ], [ 0.215836910336442, 38.727854108984339 ], [ 0.215836910455467, 38.72785410912546 ], [ 0.215836910606087, 38.72785410924665 ], [ 0.215836910782988, 38.727854109343646 ], [ 0.216141974080316, 38.727989851319968 ], [ 0.216141974252043, 38.727989851382326 ], [ 0.21614197443451, 38.727989851421775 ], [ 0.216141974622768, 38.727989851437229 ], [ 0.216544779677142, 38.727996778458618 ], [ 0.216544779919136, 38.72799677844268 ], [ 0.216544780151453, 38.727996778387265 ], [ 0.216544780363722, 38.727996778294852 ], [ 0.217061024270126, 38.727712262246428 ], [ 0.217061024270124, 38.727712262246428 ], [ 0.217061024475124, 38.727712262101718 ], [ 0.217381619452779, 38.727424187437137 ], [ 0.21802987951639, 38.727262149005035 ], [ 0.218029879516389, 38.727262149005035 ], [ 0.218029879784242, 38.727262148906796 ], [ 0.218221061820779, 38.727166804222364 ], [ 0.218221061820778, 38.727166804222364 ], [ 0.218221062006631, 38.727166804106957 ], [ 0.218221062158287, 38.727166803964131 ], [ 0.218363142627399, 38.727000730288147 ], [ 0.218859195423903, 38.726779860539764 ], [ 0.218859195624742, 38.726779860426291 ], [ 0.218859195789896, 38.726779860281781 ], [ 0.219341530628374, 38.726253061997326 ], [ 0.219341530735219, 38.726253061854514 ], [ 0.219341530806885, 38.726253061698813 ], [ 0.219341530840948, 38.726253061535445 ], [ 0.219356858691076, 38.726081464487677 ], [ 0.219356858687157, 38.726081464327599 ], [ 0.219356858647102, 38.726081464170598 ], [ 0.219356858572178, 38.726081464021632 ], [ 0.219356858464754, 38.726081463885414 ], [ 0.21935685832823, 38.726081463766263 ], [ 0.219130961910469, 38.725916515804634 ], [ 0.219130961910468, 38.725916515804634 ], [ 0.219130961693032, 38.725916515679728 ], [ 0.21913096144443, 38.725916515597952 ], [ 0.218596528840864, 38.725796128403601 ] ] ], [ [ [ 0.230451858382911, 38.753575572948883 ], [ 0.230451858382911, 38.753575572948883 ], [ 0.230451858056953, 38.753575572956194 ], [ 0.230200295164745, 38.753609580730476 ], [ 0.229688251988425, 38.753479606855279 ], [ 0.229688251775424, 38.753479606818253 ], [ 0.229688251557325, 38.7534796068134 ], [ 0.229688251341984, 38.753479606840884 ], [ 0.229232330611474, 38.753573311970165 ], [ 0.229232330380687, 38.753573312039073 ], [ 0.228723790260896, 38.753776552183758 ], [ 0.228723790079439, 38.753776552273933 ], [ 0.228723789922585, 38.753776552388985 ], [ 0.228513551062405, 38.753962564013584 ], [ 0.228513550948076, 38.753962564133502 ], [ 0.228513550860696, 38.753962564266594 ], [ 0.228513550802678, 38.753962564409186 ], [ 0.228433826656902, 38.754235020923943 ], [ 0.228433826628074, 38.754235021107668 ], [ 0.228433826647836, 38.754235021292104 ], [ 0.228561184148924, 38.754763016263738 ], [ 0.228439913678256, 38.755135698088516 ], [ 0.228439913643266, 38.755135698281514 ], [ 0.228439913662152, 38.75513569847589 ], [ 0.228439913734027, 38.755135698662521 ], [ 0.228728543061947, 38.755668231110171 ], [ 0.228626450825634, 38.756211596867352 ], [ 0.228626450816452, 38.75621159706408 ], [ 0.228626450862094, 38.756211597257661 ], [ 0.228626450960375, 38.756211597438835 ], [ 0.228626451106601, 38.75621159759897 ], [ 0.228746251947188, 38.756316358599953 ], [ 0.228746251947187, 38.756316358599953 ], [ 0.228746252073359, 38.756316358694697 ], [ 0.228746252216415, 38.756316358773354 ], [ 0.229075313955778, 38.756469462666601 ], [ 0.229346213026616, 38.757119569421725 ], [ 0.229346213124949, 38.757119569593968 ], [ 0.229346213266969, 38.757119569746386 ], [ 0.229537784049994, 38.757285408795944 ], [ 0.22953778420068, 38.75728540890502 ], [ 0.229537784373728, 38.757285408991379 ], [ 0.229537784563626, 38.75728540905228 ], [ 0.229537784764326, 38.757285409085782 ], [ 0.229537784969434, 38.757285409090805 ], [ 0.23054815515169, 38.757239432835583 ], [ 0.230548155357223, 38.757239432811502 ], [ 0.230548155553863, 38.75723943275883 ], [ 0.230548155735186, 38.75723943267932 ], [ 0.231255835842398, 38.756859496531263 ], [ 0.231255836039629, 38.756859496397205 ], [ 0.231255836193138, 38.756859496231769 ], [ 0.231461557103152, 38.756574527148814 ], [ 0.231461557103151, 38.756574527148814 ], [ 0.231461557187536, 38.756574527002996 ], [ 0.231461557237605, 38.756574526847785 ], [ 0.231461557251772, 38.756574526688091 ], [ 0.23144707925762, 38.755998393476048 ], [ 0.231447079217299, 38.755998393256782 ], [ 0.231394219603891, 38.755846688306043 ], [ 0.231420141243336, 38.755656766970148 ], [ 0.231576677840234, 38.755301112585705 ], [ 0.231576677840233, 38.755301112585705 ], [ 0.231576677897415, 38.75530111238082 ], [ 0.231576677892508, 38.755301112171132 ], [ 0.231530005290796, 38.755032173478924 ], [ 0.231530005239472, 38.755032173308976 ], [ 0.231530005147217, 38.755032173149985 ], [ 0.231321695470955, 38.754749665170387 ], [ 0.231321695470953, 38.754749665170387 ], [ 0.231321695339903, 38.754749665027148 ], [ 0.230950042574254, 38.754417624034531 ], [ 0.230813502448319, 38.754196170798231 ], [ 0.23077025999717, 38.753746935877636 ], [ 0.230770259964512, 38.753746935722063 ], [ 0.23077025989769, 38.753746935573325 ], [ 0.230682929814182, 38.753596220727474 ], [ 0.230682929814181, 38.753596220727474 ], [ 0.230682929694706, 38.753596220567466 ], [ 0.230682929535916, 38.753596220429998 ], [ 0.230682929344541, 38.753596220320908 ], [ 0.230682929128693, 38.75359622024483 ], [ 0.23068292889752, 38.753596220204983 ], [ 0.230451858382911, 38.753575572948883 ] ] ], [ [ [ 0.179346875629336, 38.716801147684855 ], [ 0.179346875417323, 38.716801147700934 ], [ 0.179346875212739, 38.716801147747397 ], [ 0.179346875022612, 38.716801147822629 ], [ 0.179346874853474, 38.716801147924059 ], [ 0.178756670213043, 38.717228596269763 ], [ 0.178756670060659, 38.717228596404659 ], [ 0.178756669945605, 38.717228596560638 ], [ 0.178756669872489, 38.717228596731431 ], [ 0.178756669844237, 38.717228596910211 ], [ 0.178756669861979, 38.717228597089807 ], [ 0.178756669925008, 38.717228597263066 ], [ 0.178756670030799, 38.717228597423009 ], [ 0.178756670175115, 38.717228597563242 ], [ 0.17891145279927, 38.717351491607666 ], [ 0.178911403565485, 38.717351528368823 ], [ 0.178074567626907, 38.71795760755721 ], [ 0.175717598877936, 38.719664563838037 ], [ 0.175717598854398, 38.719664563855574 ], [ 0.167709503221157, 38.725800932396822 ], [ 0.167709503192686, 38.725800932419403 ], [ 0.164491346399531, 38.728446695262569 ], [ 0.164491346360283, 38.72844669529654 ], [ 0.161605697219268, 38.731074404001149 ], [ 0.161605697219267, 38.731074404001149 ], [ 0.161605697085081, 38.731074404152153 ], [ 0.159574894533246, 38.733947124868408 ], [ 0.156075500120858, 38.738896691005671 ], [ 0.155844159711787, 38.739223872859682 ], [ 0.155601200113718, 38.739044586066264 ], [ 0.155601200113716, 38.739044586066264 ], [ 0.155601199936921, 38.739044585959185 ], [ 0.155601199737009, 38.739044585880912 ], [ 0.15560119952154, 38.739044585834428 ], [ 0.155601199298656, 38.739044585821468 ], [ 0.155601199076784, 38.739044585842535 ], [ 0.155601198864306, 38.739044585896806 ], [ 0.153284192229303, 38.739839135441187 ], [ 0.151747591357524, 38.740358283674247 ], [ 0.151747591350747, 38.740358283676557 ], [ 0.149043674685983, 38.741287940387657 ], [ 0.148700316659187, 38.741403030020052 ], [ 0.148700316646856, 38.741403030024244 ], [ 0.148277257100998, 38.741549441343345 ], [ 0.148277257100999, 38.741549441343345 ], [ 0.148277256890012, 38.741549441438423 ], [ 0.148277256709317, 38.741549441566171 ], [ 0.148277256567017, 38.741549441720856 ], [ 0.148272233056595, 38.741556340599303 ], [ 0.146119061055829, 38.741925073908192 ], [ 0.146119061025911, 38.741925073913627 ], [ 0.139024622731443, 38.743296198313523 ], [ 0.137125479484775, 38.743386330271797 ], [ 0.134390513773557, 38.74351607327872 ], [ 0.13289486957586, 38.743586997190626 ], [ 0.132815255379643, 38.743575999022582 ], [ 0.132815255110458, 38.743575999010538 ], [ 0.132568812973873, 38.743587683557301 ], [ 0.129073842656469, 38.743104841559642 ], [ 0.129073842566809, 38.743104841550085 ], [ 0.124797156894376, 38.742782573120877 ], [ 0.122899602023373, 38.742639529936589 ], [ 0.122402471967436, 38.742441399709314 ], [ 0.120531484779987, 38.741695692867872 ], [ 0.118245884273819, 38.7407846747546 ], [ 0.118223181834811, 38.740775627943265 ], [ 0.118223181628233, 38.740775627879763 ], [ 0.118223181409926, 38.740775627848528 ], [ 0.118223181188025, 38.740775627850738 ], [ 0.118223180970799, 38.740775627886293 ], [ 0.118223180766343, 38.740775627953873 ], [ 0.118223180582272, 38.740775628050955 ], [ 0.11822318042545, 38.740775628173928 ], [ 0.118223180301721, 38.740775628318211 ], [ 0.118124109730733, 38.740919439315327 ], [ 0.118124109714498, 38.740919439339784 ], [ 0.117725688173709, 38.74154271981304 ], [ 0.117165070828979, 38.742404498738473 ], [ 0.117165070828978, 38.742404498738473 ], [ 0.117165070751386, 38.742404498890544 ], [ 0.117165070710256, 38.742404499051133 ], [ 0.116856618401856, 38.744655463592075 ], [ 0.116780964089568, 38.745207547123293 ], [ 0.116780964085014, 38.745207547272578 ], [ 0.11707940257499, 38.74915447179243 ], [ 0.117079402627161, 38.749154472012329 ], [ 0.117311285593029, 38.749724831449115 ], [ 0.117311285593027, 38.749724831449115 ], [ 0.117311285653103, 38.749724831567271 ], [ 0.117496983833941, 38.750026179149614 ], [ 0.118054944803821, 38.751000065687045 ], [ 0.118356115073995, 38.751525725764473 ], [ 0.118356115073993, 38.751525725764473 ], [ 0.118356115228383, 38.751525725961464 ], [ 0.120181909378756, 38.753296738107437 ], [ 0.120943228496718, 38.754671253556765 ], [ 0.120968628708096, 38.754717109761792 ], [ 0.120968628708094, 38.754717109761792 ], [ 0.120968628813336, 38.754717109911169 ], [ 0.120968628952674, 38.754717110042321 ], [ 0.122201088156477, 38.75567565206574 ], [ 0.123409896937303, 38.756615761859358 ], [ 0.123551041312436, 38.758530872416664 ], [ 0.122788189131179, 38.758713424394529 ], [ 0.12278818890663, 38.758713424469477 ], [ 0.122788188707345, 38.758713424579845 ], [ 0.122788188542303, 38.758713424720668 ], [ 0.122788188418943, 38.758713424885592 ], [ 0.122788188342822, 38.758713425067192 ], [ 0.122490565056185, 38.759802454183998 ], [ 0.122490565056184, 38.759802454183998 ], [ 0.122490565030761, 38.759802454365769 ], [ 0.122490565052766, 38.759802454547817 ], [ 0.122911460627139, 38.761461410610806 ], [ 0.123231702761182, 38.762723578374505 ], [ 0.124102565028846, 38.766155633548081 ], [ 0.12395601701579, 38.767015383315574 ], [ 0.123956017014888, 38.767015383321002 ], [ 0.123864389197789, 38.767578992109101 ], [ 0.123847165151518, 38.767684937875131 ], [ 0.123847165144521, 38.767684938044532 ], [ 0.1238471651782, 38.767684938211971 ], [ 0.123847165251363, 38.767684938371488 ], [ 0.123847165361418, 38.767684938517441 ], [ 0.123847165504467, 38.76768493864467 ], [ 0.123847165675435, 38.767684938748651 ], [ 0.123847165868268, 38.76768493882571 ], [ 0.12384716607613, 38.767684938873103 ], [ 0.123847166291656, 38.767684938889161 ], [ 0.123847166507205, 38.767684938873309 ], [ 0.12384716671514, 38.767684938826108 ], [ 0.124834892678479, 38.767379257929811 ], [ 0.124834892695398, 38.767379257924453 ], [ 0.12643257526937, 38.766861685110584 ], [ 0.126684240862192, 38.76678015727262 ], [ 0.126865308555975, 38.766973500629 ], [ 0.122496369086171, 38.769162515497385 ], [ 0.122279454156629, 38.769107905088724 ], [ 0.122279453909096, 38.769107905049218 ], [ 0.122279453656519, 38.769107905052977 ], [ 0.122279453411084, 38.769107905099823 ], [ 0.122279453184632, 38.769107905187468 ], [ 0.122169027977762, 38.769163226844171 ], [ 0.120551803425291, 38.768756032447911 ], [ 0.120412247032929, 38.768675093856061 ], [ 0.120091420214111, 38.768489024914366 ], [ 0.120091420214113, 38.768489024914366 ], [ 0.120091420018671, 38.768489024822969 ], [ 0.12009141980406, 38.768489024763511 ], [ 0.12009141957869, 38.768489024738294 ], [ 0.120091419351394, 38.768489024748334 ], [ 0.120091419131078, 38.76848902479324 ], [ 0.120091418926374, 38.768489024871229 ], [ 0.120091418745306, 38.768489024979253 ], [ 0.120091418594965, 38.768489025113091 ], [ 0.120091418481247, 38.768489025267499 ], [ 0.120091418408604, 38.768489025436409 ], [ 0.120091418379886, 38.768489025613214 ], [ 0.120070934750047, 38.769075180227489 ], [ 0.118979795232212, 38.770018067584687 ], [ 0.118629386111486, 38.770320860252426 ], [ 0.116653562562636, 38.77045866841064 ], [ 0.115655022286362, 38.770528300589767 ], [ 0.116394177613775, 38.770136431307591 ], [ 0.116394177613777, 38.770136431307591 ], [ 0.11639417779354, 38.770136431189705 ], [ 0.116394177939011, 38.770136431045678 ], [ 0.116394178044145, 38.770136430881557 ], [ 0.116394178104566, 38.770136430704163 ], [ 0.116394178117766, 38.770136430520857 ], [ 0.116394178083195, 38.770136430339278 ], [ 0.116394178002287, 38.77013643016695 ], [ 0.116394177878411, 38.770136430011057 ], [ 0.116394177716715, 38.770136429878065 ], [ 0.116394177716714, 38.770136429878065 ], [ 0.114971837226728, 38.769183399119498 ], [ 0.11497183722673, 38.769183399119498 ], [ 0.114971837063543, 38.769183399028186 ], [ 0.114971836882572, 38.769183398960443 ], [ 0.114971836689322, 38.769183398918365 ], [ 0.11497183648967, 38.769183398903202 ], [ 0.114434620893476, 38.769179456055959 ], [ 0.113912892216275, 38.769175623825291 ], [ 0.113912892044391, 38.76917562383413 ], [ 0.113912891876122, 38.769175623862971 ], [ 0.113900225725656, 38.769178587726039 ], [ 0.112261223868553, 38.769562017247168 ], [ 0.11072032333809, 38.76958508988259 ], [ 0.110717844759626, 38.769580877268034 ], [ 0.110397241501383, 38.769035153977555 ], [ 0.109675862546154, 38.767000354995496 ], [ 0.109675862546155, 38.767000354995496 ], [ 0.109675862418023, 38.767000354765145 ], [ 0.109066792313429, 38.766223811434649 ], [ 0.109066792274372, 38.766223811388137 ], [ 0.108679829026046, 38.765792659089868 ], [ 0.108679829026049, 38.765792659089868 ], [ 0.108679828859206, 38.76579265894167 ], [ 0.108679828655095, 38.765792658825525 ], [ 0.107975803085126, 38.765478104962035 ], [ 0.107975803085127, 38.765478104962035 ], [ 0.107975802817248, 38.765478104875278 ], [ 0.10733705648789, 38.765341937518357 ], [ 0.107337056163045, 38.765341937486909 ], [ 0.107029190237914, 38.765346695771186 ], [ 0.106532134830199, 38.765354375987108 ], [ 0.106532134542612, 38.765354376020312 ], [ 0.106064820200694, 38.765456887278681 ], [ 0.106064820200696, 38.765456887278681 ], [ 0.106064820000459, 38.765456887338871 ], [ 0.106064819817982, 38.765456887427113 ], [ 0.106064819659612, 38.765456887540367 ], [ 0.105676649203279, 38.765791531607285 ], [ 0.105676649203276, 38.765791531607285 ], [ 0.105676649081996, 38.76579153173217 ], [ 0.105676648990246, 38.765791531871635 ], [ 0.105676648930813, 38.765791532021474 ], [ 0.1056766489055, 38.76579153217709 ], [ 0.105645740970804, 38.766404959573784 ], [ 0.105487694587242, 38.76700375515329 ], [ 0.105041651063557, 38.767862453324803 ], [ 0.105041651047176, 38.767862453358227 ], [ 0.104873395171825, 38.768227298067032 ], [ 0.104644534346082, 38.768521669810873 ], [ 0.104644534346081, 38.768521669810873 ], [ 0.104644534242306, 38.76852166998308 ], [ 0.104644534187108, 38.768521670168518 ], [ 0.104644534182955, 38.768521670358894 ], [ 0.104644534230035, 38.768521670545702 ], [ 0.104644534326242, 38.768521670720588 ], [ 0.104644534467268, 38.768521670875714 ], [ 0.104871928541317, 38.768722817442381 ], [ 0.10487401102976, 38.769830842023509 ], [ 0.104444596485855, 38.772662064422811 ], [ 0.104444596478576, 38.772662064496608 ], [ 0.104338077177846, 38.774980176914241 ], [ 0.104338077177684, 38.774980176917943 ], [ 0.104021047323248, 38.782770709485064 ], [ 0.103930249456905, 38.785001875913672 ], [ 0.103929087914835, 38.785030408897079 ], [ 0.103598386494537, 38.793154093812092 ], [ 0.103522551018429, 38.793159135915339 ], [ 0.103522551007693, 38.793159135916092 ], [ 0.103270565571526, 38.79317775234545 ], [ 0.103270565482072, 38.793177752354843 ], [ 0.103140369622409, 38.793195514701154 ], [ 0.103140369562799, 38.793195514710561 ], [ 0.102844196755132, 38.793248675215636 ], [ 0.102844196738539, 38.793248675218713 ], [ 0.102584426579112, 38.793298483790736 ], [ 0.102584426467047, 38.793298483817026 ], [ 0.102385810368166, 38.79335381786116 ], [ 0.102385810368167, 38.79335381786116 ], [ 0.102385810155621, 38.793353817940407 ], [ 0.102385809968131, 38.793353818051827 ], [ 0.102385809813549, 38.793353818190774 ], [ 0.102385809698348, 38.793353818351463 ], [ 0.102385809627349, 38.793353818527123 ], [ 0.102385809603529, 38.793353818710415 ], [ 0.102385809627884, 38.793353818893664 ], [ 0.102400354088719, 38.793408254604273 ], [ 0.102400354124351, 38.793408254706918 ], [ 0.102488439818211, 38.793613285844025 ], [ 0.102488439855625, 38.793613285919633 ], [ 0.102580853451831, 38.793777681198868 ], [ 0.102781572409355, 38.794191858073823 ], [ 0.102959653364595, 38.794575648665152 ], [ 0.103021337183421, 38.794733710045755 ], [ 0.103021337196727, 38.794733710077701 ], [ 0.103078739965864, 38.794863281364194 ], [ 0.103078739986774, 38.794863281407729 ], [ 0.103151869681878, 38.795004352358823 ], [ 0.103228662186834, 38.795159627367717 ], [ 0.103299164509099, 38.795310302823125 ], [ 0.103298350035582, 38.795431887379273 ], [ 0.103298350035569, 38.79543188738554 ], [ 0.103298673491166, 38.795579661089256 ], [ 0.103298673491828, 38.795579661118275 ], [ 0.103304150695396, 38.795705845075879 ], [ 0.103290237307957, 38.795806325260806 ], [ 0.103290237305238, 38.79580632528301 ], [ 0.103281581018347, 38.795887597692001 ], [ 0.10326106585979, 38.795976335610362 ], [ 0.103229001809247, 38.796079682052238 ], [ 0.103229001803325, 38.796079682072332 ], [ 0.103192093881848, 38.796211760259418 ], [ 0.10319209388185, 38.796211760259418 ], [ 0.103192093855951, 38.796211760482322 ], [ 0.103193644007294, 38.796247473409245 ], [ 0.103188435226653, 38.796447451535101 ], [ 0.103188435234785, 38.796447451661862 ], [ 0.103204681456006, 38.796552278708432 ], [ 0.103204681459772, 38.796552278730459 ], [ 0.103245292827727, 38.796769344742977 ], [ 0.103245292831842, 38.796769344763334 ], [ 0.103330573038433, 38.797162180574041 ], [ 0.103393178796196, 38.797526635040064 ], [ 0.103406751333194, 38.797614753302753 ], [ 0.103417912947935, 38.797692256544117 ], [ 0.103411550434889, 38.797770225632476 ], [ 0.103394630789611, 38.797874409017453 ], [ 0.103357444090297, 38.797960825298773 ], [ 0.10331610030195, 38.798041249599549 ], [ 0.103316100249718, 38.798041249728307 ], [ 0.103290531196, 38.79812583206396 ], [ 0.10329053116769, 38.798125832210815 ], [ 0.103281464450544, 38.798231332125873 ], [ 0.103281464449349, 38.798231332230692 ], [ 0.103287711850834, 38.798330323375339 ], [ 0.103287711865981, 38.798330323483079 ], [ 0.103333901738344, 38.798541139437951 ], [ 0.103333901742049, 38.798541139453981 ], [ 0.1033552626801, 38.798629049770717 ], [ 0.103355262684369, 38.798629049787422 ], [ 0.103380849175331, 38.798724476420389 ], [ 0.103380849208156, 38.798724476516213 ], [ 0.103415641520758, 38.798807453193007 ], [ 0.103429082108982, 38.798892523583376 ], [ 0.103429082148437, 38.798892523730643 ], [ 0.10342908221868, 38.798892523870705 ], [ 0.10347724089892, 38.798969043380303 ], [ 0.103469527035299, 38.799060777538145 ], [ 0.103437322625135, 38.799127230285883 ], [ 0.103408680904737, 38.799185960680106 ], [ 0.103408680842725, 38.79918596086307 ], [ 0.103408680830966, 38.799185961052125 ], [ 0.103413538215393, 38.799252952812054 ], [ 0.103395493873679, 38.799331233192447 ], [ 0.10336599220992, 38.799370154274996 ], [ 0.10328012691982, 38.799457864684335 ], [ 0.103280126919818, 38.799457864684335 ], [ 0.103280126793867, 38.799457864845614 ], [ 0.103225548013845, 38.799547793919047 ], [ 0.10322554797932, 38.799547793982008 ], [ 0.10317539189109, 38.79964981059107 ], [ 0.103175391891089, 38.79964981059107 ], [ 0.103175391826079, 38.799649810786178 ], [ 0.103175391818181, 38.799649810987709 ], [ 0.103182064735928, 38.799713704219123 ], [ 0.103182064743832, 38.799713704274005 ], [ 0.103199928062162, 38.799810860464362 ], [ 0.10319993487466, 38.79981244937342 ], [ 0.103200334066876, 38.799910006696884 ], [ 0.103120949177823, 38.800147043047296 ], [ 0.103019918281271, 38.800424317898383 ], [ 0.102916078792141, 38.800681835347376 ], [ 0.102916078747608, 38.800681835507191 ], [ 0.102857892444316, 38.801047974736534 ], [ 0.102857892444316, 38.801047974736534 ], [ 0.102857892435536, 38.801047974852317 ], [ 0.102859297896173, 38.801259981305606 ], [ 0.102859297914108, 38.801259981459353 ], [ 0.102859297965341, 38.801259981608432 ], [ 0.102947467905993, 38.801449850690233 ], [ 0.102947467971483, 38.801449850805419 ], [ 0.103084916554942, 38.801652138379382 ], [ 0.10308491655494, 38.801652138379382 ], [ 0.103084916632332, 38.801652138477543 ], [ 0.103330625230546, 38.801923246168357 ], [ 0.103502898512068, 38.802164271302253 ], [ 0.103502898533576, 38.80216427133108 ], [ 0.103585486744259, 38.802270384795214 ], [ 0.103645429906234, 38.802348880205713 ], [ 0.103645429906233, 38.802348880205713 ], [ 0.103645430062393, 38.802348880366168 ], [ 0.103645430260278, 38.802348880495394 ], [ 0.103799982423065, 38.802428672889825 ], [ 0.103799982423067, 38.802428672889825 ], [ 0.103799982545938, 38.802428672945069 ], [ 0.103993313868771, 38.80250362047817 ], [ 0.104109417231186, 38.802595876691065 ], [ 0.10418740258323, 38.802708214549646 ], [ 0.104187402583229, 38.802708214549646 ], [ 0.104187402682704, 38.802708214669238 ], [ 0.104355663661445, 38.802879171992245 ], [ 0.104449247004159, 38.803013977222079 ], [ 0.104559751781806, 38.803201724824966 ], [ 0.104612900842976, 38.803303281825684 ], [ 0.104612900842974, 38.803303281825684 ], [ 0.104612900960467, 38.803303281995525 ], [ 0.104612901121548, 38.803303282141862 ], [ 0.104612901318806, 38.803303282257936 ], [ 0.104821834661853, 38.803400696725113 ], [ 0.104821834692693, 38.803400696738997 ], [ 0.105144722487953, 38.803540843382436 ], [ 0.10542396299604, 38.803685964553971 ], [ 0.105554674925526, 38.803777829854866 ], [ 0.105678413079187, 38.803881177615281 ], [ 0.105731684103682, 38.803925669865478 ], [ 0.10577056168549, 38.804035233549541 ], [ 0.105770561696632, 38.804035233578986 ], [ 0.105825204111479, 38.804171073775656 ], [ 0.105825204111478, 38.804171073775656 ], [ 0.10582520419844, 38.804171073935819 ], [ 0.105825204323159, 38.80417107407991 ], [ 0.105825204480974, 38.804171074202543 ], [ 0.105825204665988, 38.80417107429912 ], [ 0.105825204871291, 38.804171074366032 ], [ 0.105825205089211, 38.804171074400806 ], [ 0.105825205311611, 38.804171074402113 ], [ 0.105825205530175, 38.804171074369911 ], [ 0.105825205736743, 38.80417107430543 ], [ 0.105825205923597, 38.804171074211041 ], [ 0.105825206083755, 38.804171074090291 ], [ 0.105825206211233, 38.804171073947678 ], [ 0.10582520630127, 38.804171073788559 ], [ 0.105900350931839, 38.803993642774543 ], [ 0.105995101977976, 38.803925200540498 ], [ 0.105996820959139, 38.803926574701663 ], [ 0.106148890004526, 38.804246858099042 ], [ 0.10612719067483, 38.804860809862845 ], [ 0.106123074367901, 38.804977284177248 ], [ 0.106123074375337, 38.804977284307306 ], [ 0.106142370629044, 38.805105661451009 ], [ 0.10623636178459, 38.805730966893215 ], [ 0.106236361784592, 38.805730966893215 ], [ 0.10623636184252, 38.805730967088152 ], [ 0.106542072202327, 38.806407545573265 ], [ 0.106611875710938, 38.806955190576595 ], [ 0.106602421880668, 38.80716238844289 ], [ 0.106594179950995, 38.807343036614611 ], [ 0.106310821338329, 38.808035712116769 ], [ 0.106310821338331, 38.808035712116769 ], [ 0.106310821289897, 38.808035712296878 ], [ 0.10631082128928, 38.80803571248093 ], [ 0.106310821336509, 38.808035712661237 ], [ 0.106310821429609, 38.808035712830247 ], [ 0.10631082156469, 38.808035712980924 ], [ 0.106310821736107, 38.808035713106968 ], [ 0.106310821936698, 38.808035713203083 ], [ 0.10631082215808, 38.808035713265291 ], [ 0.106310822391001, 38.80803571329097 ], [ 0.106310822625732, 38.808035713279047 ], [ 0.10631082262573, 38.808035713279047 ], [ 0.107620531394302, 38.807862783833478 ], [ 0.108528866931802, 38.807742840787661 ], [ 0.108528867031848, 38.807742840770842 ], [ 0.109236329623036, 38.807597862035806 ], [ 0.109497250100526, 38.807610949033176 ], [ 0.109497250284479, 38.807610949030874 ], [ 0.109497250465614, 38.807610949005671 ], [ 0.109564017974633, 38.807597269805647 ], [ 0.110267859186423, 38.807632548824053 ], [ 0.110755537713619, 38.807674750188205 ], [ 0.110755537925304, 38.807674750191197 ], [ 0.110755538134101, 38.807674750163777 ], [ 0.111307064939831, 38.807560709235297 ], [ 0.111992706876305, 38.807443331741219 ], [ 0.112103522223983, 38.807479830255645 ], [ 0.112103522223985, 38.807479830255645 ], [ 0.112103522448797, 38.807479830309305 ], [ 0.112103522682857, 38.807479830326102 ], [ 0.112103522916399, 38.807479830305347 ], [ 0.112320442772569, 38.807442689055456 ], [ 0.112927772189132, 38.807642685749101 ], [ 0.11320595492862, 38.807950571919953 ], [ 0.113418869277742, 38.80821840317558 ], [ 0.113437388676504, 38.808241701391196 ], [ 0.113437388676508, 38.808241701391196 ], [ 0.113437388805354, 38.808241701524061 ], [ 0.113437388963307, 38.808241701636035 ], [ 0.113437389144944, 38.80824170172329 ], [ 0.113437389344034, 38.808241701782848 ], [ 0.113437389553746, 38.808241701812648 ], [ 0.113437389766886, 38.808241701811674 ], [ 0.120367813264213, 38.807705222789224 ], [ 0.120367813503681, 38.807705222750229 ], [ 0.122087351926339, 38.807271827633187 ], [ 0.12293791514173, 38.807240025348314 ], [ 0.122937915352796, 38.807240025324951 ], [ 0.122937915554732, 38.80724002527154 ], [ 0.123414193485474, 38.807074144698966 ], [ 0.123414193644151, 38.807074144631557 ], [ 0.123414193787403, 38.807074144545581 ], [ 0.123693424641145, 38.806877462468279 ], [ 0.124007939168656, 38.806697901699344 ], [ 0.124544467994705, 38.806593442878096 ], [ 0.124544467994706, 38.806593442878096 ], [ 0.124544468188737, 38.806593442825552 ], [ 0.125043352588916, 38.806417923791834 ], [ 0.125043352588918, 38.806417923791834 ], [ 0.125043352734059, 38.806417923730642 ], [ 0.125703473037852, 38.806089783040299 ], [ 0.12580958839774, 38.806037033865906 ], [ 0.125809588397739, 38.806037033865906 ], [ 0.125809588613016, 38.806037033727648 ], [ 0.126320861789632, 38.805617970919201 ], [ 0.126600049808247, 38.805421283309975 ], [ 0.127056098824651, 38.805318951630049 ], [ 0.127056098875599, 38.805318951617608 ], [ 0.127625143762721, 38.805168590941769 ], [ 0.127625143762722, 38.805168590941769 ], [ 0.127625144045248, 38.805168590831322 ], [ 0.128120053406401, 38.804903076919047 ], [ 0.128120053639789, 38.804903076752751 ], [ 0.128396505257319, 38.804643414856955 ], [ 0.12839650536451, 38.804643414737846 ], [ 0.128396505445759, 38.80464341460678 ], [ 0.12880915782987, 38.803812526814333 ], [ 0.129189129856621, 38.803550086652912 ], [ 0.129189129863961, 38.80355008664781 ], [ 0.129602324077069, 38.803259746340252 ], [ 0.130012787063714, 38.803173932290555 ], [ 0.130641459915934, 38.803187794960223 ], [ 0.138913468362579, 38.803544633108331 ], [ 0.142094681572061, 38.803681703112233 ], [ 0.145798721565828, 38.804401719481255 ], [ 0.145798721625744, 38.80440171949158 ], [ 0.153053675095269, 38.80549410293056 ], [ 0.153053675137009, 38.805494102936223 ], [ 0.155114933214965, 38.805743202182953 ], [ 0.155368571533821, 38.805773836595534 ], [ 0.159611731803596, 38.809830025054815 ], [ 0.162484404546435, 38.813085401338121 ], [ 0.162484404546437, 38.813085401338121 ], [ 0.162484404763655, 38.81308540152272 ], [ 0.165932945715346, 38.815298086001278 ], [ 0.166639706147073, 38.817244914215799 ], [ 0.166732877871171, 38.81750155205826 ], [ 0.16673676941885, 38.81755029587309 ], [ 0.166736872862428, 38.817551590314558 ], [ 0.166758712221519, 38.817825158524812 ], [ 0.166758712255452, 38.817825158692649 ], [ 0.166758712329084, 38.817825158852486 ], [ 0.166758712439794, 38.817825158998666 ], [ 0.166758712583638, 38.817825159125981 ], [ 0.166758712755493, 38.817825159229876 ], [ 0.166758712949237, 38.817825159306658 ], [ 0.166758713157974, 38.817825159353603 ], [ 0.166758713374263, 38.817825159369015 ], [ 0.167086538942819, 38.817824232350596 ], [ 0.167086539070722, 38.817824232344648 ], [ 0.168084323118498, 38.817734053515309 ], [ 0.168084323291514, 38.817734053489055 ], [ 0.168084323457371, 38.817734053442415 ], [ 0.168696595106444, 38.817519218011341 ], [ 0.168703801162611, 38.817681176976116 ], [ 0.168703801186822, 38.817681177131107 ], [ 0.168703801244895, 38.817681177280477 ], [ 0.168703801335083, 38.817681177419765 ], [ 0.168703801454678, 38.817681177544763 ], [ 0.168823596327829, 38.817786037218454 ], [ 0.168823596327827, 38.817786037218454 ], [ 0.168823596491647, 38.817786037336539 ], [ 0.168823596681477, 38.817786037427716 ], [ 0.168823596890205, 38.817786037488581 ], [ 0.168823597110011, 38.817786037516846 ], [ 0.168823597332661, 38.817786037511453 ], [ 0.168823597549811, 38.817786037472594 ], [ 0.168823597753325, 38.817786037401753 ], [ 0.169083300923759, 38.817670886670676 ], [ 0.16908330092376, 38.817670886670676 ], [ 0.169083301120052, 38.817670886560897 ], [ 0.169083301282768, 38.817670886421503 ], [ 0.169292288870693, 38.817449012827844 ], [ 0.169292288870694, 38.817449012827844 ], [ 0.169292288971909, 38.817449012698958 ], [ 0.169292289044117, 38.817449012558662 ], [ 0.16929228908528, 38.817449012410869 ], [ 0.169328720223801, 38.817231791823872 ], [ 0.169328720223803, 38.817231791823872 ], [ 0.169328720229756, 38.81723179163339 ], [ 0.169328720184334, 38.81723179144619 ], [ 0.169328720089573, 38.817231791270665 ], [ 0.169328719949717, 38.817231791114658 ], [ 0.169328719771031, 38.817231790985183 ], [ 0.169328719561518, 38.81723179088803 ], [ 0.169211709892784, 38.817189913134193 ], [ 0.169211709892782, 38.817189913134193 ], [ 0.169211709690676, 38.817189913078984 ], [ 0.169211709478997, 38.817189913054023 ], [ 0.16921170926507, 38.817189913060169 ], [ 0.16897098645218, 38.817214497091754 ], [ 0.169060922835787, 38.816905732336643 ], [ 0.169326156809887, 38.816655287630958 ], [ 0.169326156809886, 38.816655287630958 ], [ 0.169326156914788, 38.816655287514159 ], [ 0.169728571413254, 38.816121871655206 ], [ 0.169885591548222, 38.816027513519472 ], [ 0.169885591548223, 38.816027513519472 ], [ 0.169885591713433, 38.81602751339819 ], [ 0.169885591845069, 38.816027513253935 ], [ 0.170135337182022, 38.815687395544444 ], [ 0.170374854566761, 38.81563585193642 ], [ 0.170374854809302, 38.815635851860137 ], [ 0.170374855023576, 38.815635851742989 ], [ 0.170564784898264, 38.815504545111658 ], [ 0.170564784898266, 38.815504545111658 ], [ 0.170564785107331, 38.815504544920103 ], [ 0.170826840465348, 38.815182117576263 ], [ 0.171029859611664, 38.815086525567452 ], [ 0.171331261239338, 38.815132388369861 ], [ 0.171519693665076, 38.815226360753037 ], [ 0.171519693665079, 38.815226360753037 ], [ 0.17151969387711, 38.815226360836107 ], [ 0.171519694106401, 38.815226360883415 ], [ 0.171519694343219, 38.81522636089295 ], [ 0.171519694577505, 38.815226360864301 ], [ 0.171770681596752, 38.81517449816598 ], [ 0.171770681596753, 38.81517449816598 ], [ 0.171770681813931, 38.815174498102202 ], [ 0.171770682010342, 38.815174498005618 ], [ 0.172219142387647, 38.814901019576418 ], [ 0.172526850034043, 38.814829608095756 ], [ 0.172526850203415, 38.814829608044754 ], [ 0.172526850360438, 38.814829607973579 ], [ 0.172807967634835, 38.814677814420605 ], [ 0.172807967844681, 38.814677814274752 ], [ 0.17280796800315, 38.814677814093493 ], [ 0.173099303976726, 38.814237463287718 ], [ 0.1737752383006, 38.813642536790098 ], [ 0.174104751700944, 38.813543497896866 ], [ 0.174692124674071, 38.813545522287157 ], [ 0.174692124857591, 38.813545522276286 ], [ 0.174692125036546, 38.813545522242642 ], [ 0.175796421469545, 38.813263214752546 ], [ 0.176893336016987, 38.813332423510317 ], [ 0.176893336206249, 38.813332423510047 ], [ 0.176893336392893, 38.813332423485491 ], [ 0.178205827837635, 38.813071473022937 ], [ 0.17854134686692, 38.813107365232746 ], [ 0.178541347112934, 38.813107365238281 ], [ 0.178541347354824, 38.813107365202754 ], [ 0.179578264905223, 38.812862893416238 ], [ 0.179809099258596, 38.812874609573669 ], [ 0.179809099523323, 38.812874609563167 ], [ 0.179809099777957, 38.812874609505549 ], [ 0.180558057800552, 38.812628974100384 ], [ 0.1810715412711, 38.812524863527138 ], [ 0.181071541271101, 38.812524863527138 ], [ 0.181071541457018, 38.812524863475794 ], [ 0.182862493935866, 38.811890473214795 ], [ 0.182862494081104, 38.811890473153149 ], [ 0.184157772035017, 38.811242535499993 ], [ 0.184384267148308, 38.811416516059303 ], [ 0.184384267148307, 38.811416516059303 ], [ 0.184384267329505, 38.81141651617282 ], [ 0.184384267536132, 38.811416516255569 ], [ 0.184384267759784, 38.811416516304185 ], [ 0.184384267991357, 38.811416516316712 ], [ 0.184384268221429, 38.811416516292603 ], [ 0.184384268440637, 38.811416516232867 ], [ 0.184758121171839, 38.811280166210317 ], [ 0.184758121449643, 38.811280166067569 ], [ 0.186310479017129, 38.810201805329392 ], [ 0.186977326870516, 38.809922302051824 ], [ 0.187512984576593, 38.809799589385761 ], [ 0.187512984576592, 38.809799589385761 ], [ 0.187512984803538, 38.809799589312405 ], [ 0.187784186869837, 38.80968404306666 ], [ 0.187784186869836, 38.80968404306666 ], [ 0.187784187068349, 38.809684042959582 ], [ 0.187784187233982, 38.809684042822482 ], [ 0.187784187359462, 38.809684042661374 ], [ 0.187944996243513, 38.809418420157826 ], [ 0.188178489467042, 38.809231856608086 ], [ 0.190391533314251, 38.808513694011793 ], [ 0.190391533314252, 38.808513694011793 ], [ 0.19039153353933, 38.808513693914399 ], [ 0.190852198226937, 38.808257909823404 ], [ 0.190852198420647, 38.808257909687661 ], [ 0.191084830548511, 38.808053341994203 ], [ 0.191084830682187, 38.808053341850176 ], [ 0.191084830777038, 38.808053341688392 ], [ 0.19108483082936, 38.808053341515176 ], [ 0.191084830837107, 38.808053341337285 ], [ 0.191084830799974, 38.808053341161681 ], [ 0.19091287212008, 38.807553556380142 ], [ 0.19098255484777, 38.807308407921816 ], [ 0.191335645069538, 38.806965438051577 ], [ 0.19210860140086, 38.806484835683563 ], [ 0.192548977818163, 38.806292602797313 ], [ 0.19308620429187, 38.806205856593415 ], [ 0.193086204544471, 38.806205856528045 ], [ 0.193380770609901, 38.806098680524862 ], [ 0.193380770609902, 38.806098680524862 ], [ 0.193380770809719, 38.806098680431901 ], [ 0.193380770981576, 38.806098680309397 ], [ 0.193657770024054, 38.805856858393504 ], [ 0.193657770024051, 38.805856858393504 ], [ 0.193657770155175, 38.805856858254103 ], [ 0.193657770249782, 38.805856858097656 ], [ 0.193825715369339, 38.805491954738827 ], [ 0.194419712041336, 38.804872089748507 ], [ 0.194665842389148, 38.804712202659495 ], [ 0.19586532331519, 38.804760413511197 ], [ 0.195865323618755, 38.80476041349182 ], [ 0.197316343828773, 38.804513445206652 ], [ 0.197316344061039, 38.804513445146277 ], [ 0.197316344271732, 38.804513445048826 ], [ 0.197608104387621, 38.804343315563656 ], [ 0.19760810438762, 38.804343315563656 ], [ 0.19760810458094, 38.804343315420986 ], [ 0.197608104727271, 38.804343315247401 ], [ 0.198146393021, 38.803508763444199 ], [ 0.199041942785532, 38.802682404209477 ], [ 0.199041942785531, 38.802682404209477 ], [ 0.199041942891946, 38.802682404093837 ], [ 0.199041942973715, 38.802682403966521 ], [ 0.199179755532222, 38.80241739669745 ], [ 0.199179755532223, 38.80241739669745 ], [ 0.199179755596415, 38.802417396527972 ], [ 0.199179755617049, 38.802417396351942 ], [ 0.199179755593331, 38.802417396176153 ], [ 0.19917975552617, 38.802417396007364 ], [ 0.199016591495866, 38.802115567456511 ], [ 0.199016591495867, 38.802115567456511 ], [ 0.199016591372786, 38.802115567284311 ], [ 0.198447571169188, 38.80149155545417 ], [ 0.198447571033137, 38.801491555330443 ], [ 0.198447570870769, 38.801491555227962 ], [ 0.198447570687428, 38.801491555150122 ], [ 0.198447570489136, 38.801491555099446 ], [ 0.198447570282414, 38.801491555077639 ], [ 0.198447570074056, 38.801491555085384 ], [ 0.198115343780735, 38.80152772982462 ], [ 0.198115343534607, 38.801527729873563 ], [ 0.198115343308196, 38.80152772996356 ], [ 0.197800260460598, 38.801689478075801 ], [ 0.197660682592068, 38.801657273932804 ], [ 0.197602653540559, 38.801388633290401 ], [ 0.197602653495517, 38.801388633150893 ], [ 0.197602653422646, 38.801388633018782 ], [ 0.19717124106262, 38.800751820323029 ], [ 0.197191665279899, 38.800435953762651 ], [ 0.197191665271709, 38.800435953600726 ], [ 0.197191665226555, 38.80043595344258 ], [ 0.197191665145902, 38.800435953293309 ], [ 0.197191665032364, 38.800435953157788 ], [ 0.197191664889617, 38.800435953040385 ], [ 0.196989762008364, 38.800297338657948 ], [ 0.196989762008365, 38.800297338657948 ], [ 0.196989761805664, 38.800297338546542 ], [ 0.196989761577188, 38.80029733847168 ], [ 0.196989761333527, 38.800297338436799 ], [ 0.196989761085976, 38.800297338443549 ], [ 0.196565985298611, 38.800344981442429 ], [ 0.196565985111892, 38.800344981476044 ], [ 0.196565984934888, 38.800344981533435 ], [ 0.196158830643829, 38.800509288107484 ], [ 0.195826221392083, 38.800536426560491 ], [ 0.195509365470079, 38.80040095870087 ], [ 0.195509365470077, 38.80040095870087 ], [ 0.195509365299336, 38.800400958641411 ], [ 0.194763459506316, 38.800196170959083 ], [ 0.194763459506314, 38.800196170959083 ], [ 0.194763459383292, 38.800196170931223 ], [ 0.19306911593285, 38.799891219991999 ], [ 0.193069115661412, 38.799891219969155 ], [ 0.19257431738386, 38.799895775957765 ], [ 0.19257431712717, 38.799895775982883 ], [ 0.192574316884141, 38.79989577605226 ], [ 0.191555957564444, 38.80029298548471 ], [ 0.191013936002143, 38.80027175962114 ], [ 0.190321509217672, 38.79997543018483 ], [ 0.18978323400638, 38.799521689551845 ], [ 0.189342469156449, 38.79893015964543 ], [ 0.187982029607303, 38.795526057214104 ], [ 0.187982029607302, 38.795526057214104 ], [ 0.187982029520211, 38.795526057053067 ], [ 0.187982029394982, 38.79552605690823 ], [ 0.187982029236341, 38.795526056785086 ], [ 0.18779247421883, 38.795405092461515 ], [ 0.187792474218831, 38.795405092461515 ], [ 0.187792474047659, 38.795405092371013 ], [ 0.187792473858562, 38.79540509230592 ], [ 0.187792473657641, 38.795405092268346 ], [ 0.18779247345137, 38.7954050922595 ], [ 0.187792473246404, 38.795405092279658 ], [ 0.187541148701449, 38.795448030438941 ], [ 0.187541148466977, 38.795448030500275 ], [ 0.187541148254665, 38.795448030599395 ], [ 0.187428999062954, 38.795514137273187 ], [ 0.187428999062953, 38.795514137273187 ], [ 0.187428998894769, 38.795514137394605 ], [ 0.187428998760623, 38.795514137539691 ], [ 0.187428998665825, 38.795514137702675 ], [ 0.18742899861412, 38.795514137877127 ], [ 0.187428998607558, 38.795514138056127 ], [ 0.187428998646397, 38.795514138232612 ], [ 0.188508914463609, 38.798565589898367 ], [ 0.188620940232046, 38.799012942817626 ], [ 0.188445788272407, 38.799215933952233 ], [ 0.188023970701793, 38.799308530073723 ], [ 0.187112071000221, 38.799252359223011 ], [ 0.186436463623554, 38.799072681855776 ], [ 0.186436463422197, 38.799072681817641 ], [ 0.186436463215365, 38.799072681808376 ], [ 0.186436463009764, 38.799072681828306 ], [ 0.186436462812059, 38.799072681876751 ], [ 0.186436417481767, 38.79907269660913 ], [ 0.186436371986519, 38.799072706840711 ], [ 0.18643628078328, 38.799072722816689 ], [ 0.185813870019133, 38.799053636343984 ], [ 0.184945714847905, 38.798428702433803 ], [ 0.184334088041321, 38.797877824706653 ], [ 0.184334088041318, 38.797877824706653 ], [ 0.184334087859812, 38.797877824574954 ], [ 0.183329570573687, 38.797292670245611 ], [ 0.183227968328933, 38.797079248373841 ], [ 0.183372687390409, 38.796967204980419 ], [ 0.18426515187785, 38.797104983884374 ], [ 0.184265152103567, 38.797104983901384 ], [ 0.184265152329164, 38.797104983883415 ], [ 0.184265152545879, 38.79710498383119 ], [ 0.184265152745293, 38.797104983746713 ], [ 0.184265152919657, 38.797104983633247 ], [ 0.184265153062198, 38.797104983495238 ], [ 0.184265153167378, 38.797104983338038 ], [ 0.184349965792343, 38.796940534654169 ], [ 0.184349965792342, 38.796940534654169 ], [ 0.18434996585887, 38.796940534471801 ], [ 0.184349965875105, 38.79694053428257 ], [ 0.184349965840326, 38.796940534094865 ], [ 0.184349965756077, 38.796940533917052 ], [ 0.184349965626095, 38.796940533756988 ], [ 0.184349965456148, 38.796940533621779 ], [ 0.183745548439472, 38.796551629634628 ], [ 0.183170447767029, 38.796044805097523 ], [ 0.18281103589502, 38.795469032712944 ], [ 0.182679536203511, 38.794842026402506 ], [ 0.182687559110824, 38.793211253364618 ], [ 0.182771682556474, 38.79159428559219 ], [ 0.182771682556473, 38.791594285592168 ], [ 0.182771682556476, 38.791594285592147 ], [ 0.182799233714419, 38.791064120427478 ], [ 0.18297635042492, 38.789870124066304 ], [ 0.183303409209955, 38.788942328450887 ], [ 0.183303409209956, 38.788942328450887 ], [ 0.183303409244411, 38.788942328310441 ], [ 0.183478508440732, 38.787703368851375 ], [ 0.183904103630459, 38.786403481377043 ], [ 0.184465693138029, 38.785316148545057 ], [ 0.185098037512393, 38.784524140864896 ], [ 0.185497024398139, 38.784179900622384 ], [ 0.185497024398141, 38.784179900622384 ], [ 0.18549702453069, 38.784179900483082 ], [ 0.1854970246266, 38.784179900326464 ], [ 0.185654638625821, 38.783842284203011 ], [ 0.185654638682859, 38.783842284028111 ], [ 0.185757455113811, 38.783307973357417 ], [ 0.185978805681582, 38.782851477102497 ], [ 0.186779480962497, 38.781964795343363 ], [ 0.186779481023023, 38.78196479526882 ], [ 0.187874770639465, 38.780457437649964 ], [ 0.188017251058803, 38.78040219138942 ], [ 0.188017251058809, 38.78040219138942 ], [ 0.188949531526692, 38.780040696492648 ], [ 0.188949531526693, 38.780040696492648 ], [ 0.188949531705504, 38.780040696406594 ], [ 0.188949531861355, 38.780040696296517 ], [ 0.188949531989051, 38.780040696166111 ], [ 0.189669298387112, 38.779147184797061 ], [ 0.189669298481742, 38.77914718465194 ], [ 0.189669298541411, 38.779147184495855 ], [ 0.189836245335427, 38.778503003458958 ], [ 0.189836245358167, 38.778503003297587 ], [ 0.189848657228003, 38.778007177834681 ], [ 0.190051808609483, 38.777659325127729 ], [ 0.19092391083857, 38.777085896409908 ], [ 0.190923911028142, 38.777085896250981 ], [ 0.190923911163501, 38.777085896061081 ], [ 0.191305554453227, 38.776354772268732 ], [ 0.191305554486987, 38.776354772195063 ], [ 0.1916883265751, 38.77538937753922 ], [ 0.191688326626697, 38.77538937728368 ], [ 0.191694417764027, 38.775010845012616 ], [ 0.191694417743651, 38.775010844832181 ], [ 0.191694417677549, 38.775010844658581 ], [ 0.191694417568399, 38.775010844498887 ], [ 0.190771981554785, 38.773937014248261 ], [ 0.190595026825734, 38.773581528097715 ], [ 0.190689879026781, 38.773128500232971 ], [ 0.191614757459374, 38.772193301502824 ], [ 0.192202028595885, 38.771943016399966 ], [ 0.192602684561131, 38.771896024771209 ], [ 0.193079869617497, 38.772018094254904 ], [ 0.193487937272099, 38.772394296623624 ], [ 0.193672756629865, 38.772668534930027 ], [ 0.193672756629863, 38.772668534930027 ], [ 0.193672756775461, 38.772668535097303 ], [ 0.193672756965114, 38.772668535234885 ], [ 0.19367275718924, 38.772668535335818 ], [ 0.193918131705062, 38.77275188896963 ], [ 0.19391813170506, 38.77275188896963 ], [ 0.193918131907208, 38.772751889021514 ], [ 0.193918132118103, 38.772751889043349 ], [ 0.194229311879123, 38.772761379702608 ], [ 0.194229312099429, 38.772761379692739 ], [ 0.19422931231327, 38.77276137965012 ], [ 0.19422931251278, 38.772761379576316 ], [ 0.19422931269061, 38.772761379474026 ], [ 0.196505564736483, 38.771167548743044 ], [ 0.197414442883701, 38.770647197215617 ], [ 0.197414442883698, 38.770647197215617 ], [ 0.197414443016981, 38.77064719712633 ], [ 0.199160088922503, 38.769284048283161 ], [ 0.199160088960763, 38.769284048251819 ], [ 0.200079777106826, 38.768493111526404 ], [ 0.200079777148306, 38.768493111488688 ], [ 0.20122706458588, 38.767389601828008 ], [ 0.203097260566294, 38.765725715066843 ], [ 0.204107208965576, 38.764896217862081 ], [ 0.205043097400725, 38.764212890764462 ], [ 0.205043097400726, 38.764212890764462 ], [ 0.20504309752157, 38.764212890661362 ], [ 0.205108759556529, 38.764147287269857 ], [ 0.2051087597162, 38.764147287139672 ], [ 0.20510875983431, 38.764147286995176 ], [ 0.205395533400853, 38.763860892403862 ], [ 0.205395533553317, 38.763860892202146 ], [ 0.205640116921059, 38.763412725667358 ], [ 0.20610261124834, 38.762949584643351 ], [ 0.206569129781166, 38.762576422249019 ], [ 0.206569129781167, 38.762576422249019 ], [ 0.206569129959251, 38.762576422063951 ], [ 0.206915907635317, 38.762098453799581 ], [ 0.207150806159324, 38.761947850175488 ], [ 0.20739996580613, 38.761859931924498 ], [ 0.208201158192406, 38.761765823493022 ], [ 0.208201158395148, 38.761765823454205 ], [ 0.208201158585589, 38.761765823387343 ], [ 0.209182796084415, 38.76133345174874 ], [ 0.209182796084417, 38.76133345174874 ], [ 0.20918279625802, 38.761333451654892 ], [ 0.210188779608101, 38.760675164014906 ], [ 0.210679277486047, 38.760580562827656 ], [ 0.211474995827804, 38.760621730300905 ], [ 0.211474996064019, 38.760621730294062 ], [ 0.211692542244254, 38.760597734749126 ], [ 0.21205804186237, 38.760794863857321 ], [ 0.212058042045116, 38.760794863937711 ], [ 0.212058042243466, 38.760794863990803 ], [ 0.213879985276117, 38.76114106756539 ], [ 0.214442492833718, 38.761368816194064 ], [ 0.21444249283372, 38.761368816194064 ], [ 0.214442493146612, 38.761368816278754 ], [ 0.214952124154295, 38.761444865914243 ], [ 0.214952124370638, 38.761444865930166 ], [ 0.214952124586943, 38.76144486591393 ], [ 0.215683560128445, 38.7613346195497 ], [ 0.216338953143465, 38.761325542080982 ], [ 0.216338953370325, 38.761325542060064 ], [ 0.216338953587428, 38.76132554200445 ], [ 0.216622196999167, 38.761227661180186 ], [ 0.217347374047352, 38.761234680026739 ], [ 0.217347374308132, 38.761234680005856 ], [ 0.2173473745561, 38.761234679939292 ], [ 0.217947142703504, 38.761010968586426 ], [ 0.217947142703503, 38.761010968586426 ], [ 0.217947142854274, 38.761010968518804 ], [ 0.217947142990311, 38.761010968434164 ], [ 0.218515375415391, 38.760598901725416 ], [ 0.218892202403362, 38.760534469388013 ], [ 0.218892202603938, 38.760534469338296 ], [ 0.218892202789588, 38.760534469260797 ], [ 0.219465701695784, 38.760239337897509 ], [ 0.219773120703027, 38.760167795358903 ], [ 0.220113643340067, 38.760320549013265 ], [ 0.220113643498702, 38.760320549072318 ], [ 0.220113643666976, 38.760320549111768 ], [ 0.220704954447417, 38.760421386426472 ], [ 0.220964635593357, 38.760567334317827 ], [ 0.221029198053135, 38.760979931615253 ], [ 0.221029198053136, 38.760979931615253 ], [ 0.221029198100661, 38.76097993178346 ], [ 0.221158303737276, 38.761291688080391 ], [ 0.221188433642506, 38.761705240693679 ], [ 0.220888206728657, 38.762704479568569 ], [ 0.220888206698205, 38.762704479762739 ], [ 0.220888206722046, 38.762704479957492 ], [ 0.22088820679905, 38.762704480143611 ], [ 0.221025592273879, 38.762943966238005 ], [ 0.221025592387877, 38.762943966393259 ], [ 0.221025592538862, 38.762943966527764 ], [ 0.221251590002202, 38.763108864916177 ], [ 0.221251590002203, 38.763108864916177 ], [ 0.221251590153789, 38.763108865009478 ], [ 0.221251590323154, 38.763108865081634 ], [ 0.221251590505539, 38.763108865130619 ], [ 0.221692716454347, 38.763195780795392 ], [ 0.222396820606729, 38.763500643543992 ], [ 0.222902566412387, 38.764000150310991 ], [ 0.222902566412384, 38.764000150310991 ], [ 0.222902566568492, 38.764000150437511 ], [ 0.223175374364669, 38.764181818705289 ], [ 0.223175374364668, 38.764181818705289 ], [ 0.223175374536377, 38.764181818799926 ], [ 0.223175374727204, 38.764181818868536 ], [ 0.223501579859428, 38.764271897143097 ], [ 0.223625034243597, 38.764457649280963 ], [ 0.223621680920215, 38.764637941881332 ], [ 0.223621680939729, 38.764637942060098 ], [ 0.22362168100414, 38.764637942232298 ], [ 0.223621681110888, 38.764637942391069 ], [ 0.223621681255733, 38.764637942530129 ], [ 0.22362168143292, 38.764637942643922 ], [ 0.223621681635415, 38.764637942727958 ], [ 0.223855101901673, 38.764712543863531 ], [ 0.223855101901671, 38.764712543863531 ], [ 0.223855102118456, 38.764712543914023 ], [ 0.223855102343666, 38.764712543930287 ], [ 0.223855102568588, 38.764712543911735 ], [ 0.224460550547648, 38.764614763634775 ], [ 0.224460550547649, 38.764614763634775 ], [ 0.224460550791256, 38.764614763572624 ], [ 0.224460551011233, 38.764614763469766 ], [ 0.224841556626222, 38.764388003342127 ], [ 0.224841556626226, 38.764388003342127 ], [ 0.224841556766447, 38.764388003243468 ], [ 0.224841556884198, 38.764388003128218 ], [ 0.224841556976311, 38.764388002999432 ], [ 0.225033840583641, 38.764058381880844 ], [ 0.225033840583643, 38.764058381880844 ], [ 0.225033840653629, 38.764058381723942 ], [ 0.225033840685588, 38.764058381559657 ], [ 0.225033840678434, 38.764058381393561 ], [ 0.225001881892375, 38.763861074637745 ], [ 0.225001881837718, 38.763861074455299 ], [ 0.225001881736008, 38.763861074285678 ], [ 0.225001881591653, 38.763861074136209 ], [ 0.225001881410903, 38.763861074013377 ], [ 0.225001881201591, 38.763861073922506 ], [ 0.224102468940312, 38.763561624007792 ], [ 0.223357960189559, 38.762870497862657 ], [ 0.223190928256883, 38.76222649412356 ], [ 0.223145203155374, 38.761723269458109 ], [ 0.223379426312561, 38.761302415328025 ], [ 0.22337942631256, 38.761302415328025 ], [ 0.223379426399724, 38.761302415078077 ], [ 0.223468795074304, 38.760732396700043 ], [ 0.223468795076457, 38.760732396495392 ], [ 0.223468795019523, 38.760732396295651 ], [ 0.22346879490644, 38.760732396111131 ], [ 0.222591209994908, 38.759639565097892 ], [ 0.222402199266563, 38.759275421785439 ], [ 0.222402199266561, 38.759275421785439 ], [ 0.222402199188044, 38.759275421662167 ], [ 0.222402199086428, 38.75927542154971 ], [ 0.222077758731577, 38.758969091277741 ], [ 0.221951153944309, 38.758711341333218 ], [ 0.221927476119861, 38.7584417450785 ], [ 0.221927476080361, 38.758441744898562 ], [ 0.221927475995315, 38.758441744728572 ], [ 0.221828694526038, 38.758291320415893 ], [ 0.221863442627899, 38.75778587248579 ], [ 0.221863442619886, 38.757785872320852 ], [ 0.22186344257355, 38.757785872159829 ], [ 0.221786012246207, 38.757598806162044 ], [ 0.221878486841317, 38.75735303285979 ], [ 0.222110098238572, 38.757130443863076 ], [ 0.222110098238573, 38.757130443863076 ], [ 0.222110098350055, 38.757130443734766 ], [ 0.222110098431735, 38.757130443593368 ], [ 0.22231925127241, 38.756665231113061 ], [ 0.22295775113557, 38.756025973245684 ], [ 0.222957751135573, 38.756025973245684 ], [ 0.222957751273709, 38.756025973068546 ], [ 0.222957751356372, 38.756025972871342 ], [ 0.223026440726573, 38.755762825350672 ], [ 0.22347876321697, 38.755588180507324 ], [ 0.223478763384968, 38.755588180427836 ], [ 0.22347876353325, 38.755588180327123 ], [ 0.22430029711339, 38.75492586405727 ], [ 0.224712327249465, 38.754878448622399 ], [ 0.22471232737885, 38.754878448601509 ], [ 0.225407556690115, 38.75473311224583 ], [ 0.225729719185735, 38.754733229484579 ], [ 0.225729719385863, 38.754733229470901 ], [ 0.225729719579898, 38.754733229430173 ], [ 0.225729719761917, 38.754733229363602 ], [ 0.225729719926364, 38.754733229273256 ], [ 0.225986712416999, 38.754563968821067 ], [ 0.225986712416997, 38.754563968821067 ], [ 0.225986712581501, 38.754563968687783 ], [ 0.225986712707662, 38.75456396853096 ], [ 0.225986712790134, 38.754563968357225 ], [ 0.225986712825422, 38.75456396817394 ], [ 0.225986712812031, 38.754563967988886 ], [ 0.225927734265286, 38.754277303494916 ], [ 0.225927734210286, 38.754277303329552 ], [ 0.225927734116366, 38.7542773031753 ], [ 0.225927733986916, 38.754277303037711 ], [ 0.22544868096961, 38.753858158159758 ], [ 0.225448680969608, 38.753858158159758 ], [ 0.225448680815523, 38.753858158047542 ], [ 0.224266048352846, 38.753143127580707 ], [ 0.22417848523291, 38.752731131917905 ], [ 0.224257601288445, 38.752188445144547 ], [ 0.224257601292728, 38.752188444975992 ], [ 0.224257601256804, 38.752188444809775 ], [ 0.224257601181931, 38.752188444651694 ], [ 0.224034159568999, 38.751825254297351 ], [ 0.223984434011838, 38.751232030139057 ], [ 0.224439313088944, 38.750093380820893 ], [ 0.224439313088945, 38.750093380820893 ], [ 0.224439313137648, 38.750093380624612 ], [ 0.224439313129818, 38.750093380424737 ], [ 0.224347710923192, 38.749591444636401 ], [ 0.224320143523525, 38.748979600223237 ], [ 0.224462363184859, 38.74856129105747 ], [ 0.22499465477634, 38.748375385344552 ], [ 0.225601589627883, 38.748313594547994 ], [ 0.225601589836654, 38.748313594511011 ], [ 0.22560159003305, 38.74831359444434 ], [ 0.225601590210265, 38.748313594350336 ], [ 0.225601590362152, 38.748313594232229 ], [ 0.225888599870066, 38.748044410132344 ], [ 0.225888599870067, 38.748044410132344 ], [ 0.225888600004111, 38.74804440997584 ], [ 0.225888600093626, 38.748044409800947 ], [ 0.225888600134686, 38.748044409615261 ], [ 0.225888600125495, 38.748044409426967 ], [ 0.22582760421449, 38.747712766167353 ], [ 0.225827604140652, 38.747712765954844 ], [ 0.225651335700247, 38.747375304787866 ], [ 0.225674052978908, 38.747113426467607 ], [ 0.225888877417958, 38.746774195428543 ], [ 0.225888877417957, 38.746774195428543 ], [ 0.225888877499232, 38.746774195259363 ], [ 0.225888877535711, 38.746774195080874 ], [ 0.225910353116356, 38.746485306719528 ], [ 0.225910353116357, 38.746485306719528 ], [ 0.225910353107663, 38.746485306545026 ], [ 0.225910353056114, 38.746485306375121 ], [ 0.22591035296365, 38.746485306216201 ], [ 0.225910352833747, 38.746485306074263 ], [ 0.225646662733909, 38.746249370168556 ], [ 0.225661686952362, 38.745816513436026 ], [ 0.225884718919376, 38.74540495420684 ], [ 0.225884718987605, 38.74540495403479 ], [ 0.225884719010733, 38.745404953855562 ], [ 0.225884880462789, 38.745152720417302 ], [ 0.226044377196111, 38.744607810252049 ], [ 0.226268864747534, 38.744484488253377 ], [ 0.226451078574428, 38.744443415892889 ], [ 0.227084809702505, 38.744723155688241 ], [ 0.227084809702503, 38.744723155688249 ], [ 0.227084809910169, 38.744723155759793 ], [ 0.227084810131733, 38.744723155798006 ], [ 0.227084810358563, 38.744723155801395 ], [ 0.227084810581827, 38.74472315576984 ], [ 0.227084810792831, 38.744723155704555 ], [ 0.227468923206386, 38.744568421825875 ], [ 0.227468923206385, 38.744568421825875 ], [ 0.227468923398153, 38.744568421728644 ], [ 0.22746892356158, 38.744568421603617 ], [ 0.227767010434719, 38.744289908608337 ], [ 0.228074733422187, 38.744227318393925 ], [ 0.228483749111692, 38.744369154800019 ], [ 0.229284721849498, 38.745040667966641 ], [ 0.229284722014404, 38.74504066808074 ], [ 0.229284722204046, 38.74504066816813 ], [ 0.229284722411478, 38.745040668225634 ], [ 0.23154772600522, 38.745482512617521 ], [ 0.232275442803292, 38.745804674055485 ], [ 0.23227544280329, 38.745804674055485 ], [ 0.232275442996996, 38.74580467412359 ], [ 0.232275443203395, 38.745804674162642 ], [ 0.232657003680485, 38.745848179008128 ], [ 0.23265700390637, 38.745848179016278 ], [ 0.232657004129924, 38.745848178989647 ], [ 0.232919227323818, 38.745795862921675 ], [ 0.232919227523986, 38.745795862865883 ], [ 0.232919227707621, 38.74579586278216 ], [ 0.232919227868453, 38.745795862673447 ], [ 0.232919228000985, 38.745795862543382 ], [ 0.233104818944965, 38.745574509305136 ], [ 0.233104818944967, 38.745574509305136 ], [ 0.233104819042403, 38.745574509162424 ], [ 0.233104819105641, 38.745574509008357 ], [ 0.233104819132636, 38.745574508847909 ], [ 0.233104819122516, 38.745574508686275 ], [ 0.233104819075608, 38.745574508528662 ], [ 0.23310481899343, 38.745574508380166 ], [ 0.23197315590349, 38.743948278926524 ], [ 0.231915876398959, 38.74267963699117 ], [ 0.231915876377961, 38.742679636848813 ], [ 0.231789740235684, 38.74217864136395 ], [ 0.231903786466816, 38.741391722327791 ], [ 0.231903786466815, 38.741391722327791 ], [ 0.231903786455687, 38.741391722065543 ], [ 0.231646675501382, 38.740281769776821 ], [ 0.231646675433122, 38.740281769594475 ], [ 0.231483147825275, 38.739971008567856 ], [ 0.231578404651175, 38.739788194493016 ], [ 0.232307150781228, 38.739623847446211 ], [ 0.232307150781227, 38.739623847446211 ], [ 0.232307151006018, 38.739623847374638 ], [ 0.232307151206619, 38.739623847267708 ], [ 0.232307151374092, 38.739623847130183 ], [ 0.232571069349436, 38.739355286659588 ], [ 0.232846351372916, 38.739338657633816 ], [ 0.233137605663825, 38.73942069763816 ], [ 0.233137605663823, 38.73942069763816 ], [ 0.23313760586375, 38.73942069767903 ], [ 0.233137606069787, 38.739420697691195 ], [ 0.233137606275276, 38.739420697674269 ], [ 0.23313760647358, 38.739420697628823 ], [ 0.233330443493008, 38.739361298744306 ], [ 0.233330443702169, 38.739361298659567 ], [ 0.233330443884898, 38.739361298543237 ], [ 0.233330444033525, 38.73936129840019 ], [ 0.233330444141813, 38.73936129823641 ], [ 0.233330444205221, 38.739361298058796 ], [ 0.233330444221084, 38.739361297874787 ], [ 0.233319122059756, 38.739109365384763 ], [ 0.233319122023125, 38.739109365188831 ], [ 0.233319121932682, 38.739109365003891 ], [ 0.233319121792803, 38.739109364838924 ], [ 0.232982828611445, 38.738794374240392 ], [ 0.23300145695438, 38.738442503571534 ], [ 0.233001456942124, 38.738442503397962 ], [ 0.233001456887505, 38.738442503229471 ], [ 0.233001456792566, 38.738442503072356 ], [ 0.232536937932664, 38.73783377773136 ], [ 0.232536937932661, 38.73783377773136 ], [ 0.232536937830693, 38.737833777618448 ], [ 0.232212535709, 38.737527478220322 ], [ 0.232212535477228, 38.737527478054155 ], [ 0.231752779340594, 38.737278941285723 ], [ 0.231691821816249, 38.736947319513312 ], [ 0.232092898482875, 38.73640471114102 ], [ 0.232575080028995, 38.736130110499801 ], [ 0.232575080205011, 38.736130110375974 ], [ 0.232575080344934, 38.736130110226554 ], [ 0.23285706985399, 38.735752917206987 ], [ 0.232857069853988, 38.735752917206987 ], [ 0.232857069962691, 38.735752917011695 ], [ 0.232857070009767, 38.735752916801879 ], [ 0.232878142058252, 38.735455052328554 ], [ 0.232878142046708, 38.735455052142157 ], [ 0.232878141986348, 38.735455051961623 ], [ 0.232878141879766, 38.735455051794723 ], [ 0.232878141731539, 38.735455051648628 ], [ 0.23287814154804, 38.735455051529591 ], [ 0.232501241486247, 38.735258301434939 ], [ 0.232501241284577, 38.735258301351024 ], [ 0.232139478041802, 38.735142199884592 ], [ 0.232026751303257, 38.734938149955809 ], [ 0.232301320921509, 38.734651237707332 ], [ 0.232301321018517, 38.734651237587258 ], [ 0.232301321090202, 38.734651237456738 ], [ 0.232415909246552, 38.734386830884333 ], [ 0.232415909246551, 38.734386830884333 ], [ 0.232415909299117, 38.734386830703784 ], [ 0.232415909303413, 38.734386830518638 ], [ 0.232415909259254, 38.734386830336724 ], [ 0.232415909168511, 38.734386830165725 ], [ 0.232415909035021, 38.73438683001288 ], [ 0.232415908864433, 38.734386829884684 ], [ 0.231907384254342, 38.734076587917031 ], [ 0.231907383963183, 38.734076587787776 ], [ 0.231091101559673, 38.733828934930848 ], [ 0.230899640584489, 38.733663098101211 ], [ 0.230956091874875, 38.733129997767101 ], [ 0.23131529325234, 38.73267862505439 ], [ 0.231637423601983, 38.732426467760192 ], [ 0.231637423601985, 38.732426467760192 ], [ 0.231637423749856, 38.732426467618041 ], [ 0.23163742385789, 38.732426467455369 ], [ 0.232049267607097, 38.731613310943281 ], [ 0.232049267671769, 38.731613310762498 ], [ 0.232049267687169, 38.731613310575142 ], [ 0.232049267652628, 38.73161331038937 ], [ 0.232049267569648, 38.731613310213227 ], [ 0.231937806755126, 38.731436196014378 ], [ 0.231937806623106, 38.731436195851394 ], [ 0.231937806449765, 38.731436195714188 ], [ 0.231937806243072, 38.731436195609113 ], [ 0.231937806012529, 38.731436195540923 ], [ 0.231508333380991, 38.731349014695176 ], [ 0.23150833338099, 38.731349014695176 ], [ 0.231508333175988, 38.731349014668758 ], [ 0.231508332968264, 38.731349014671679 ], [ 0.231508332764602, 38.731349014703845 ], [ 0.23150833257166, 38.731349014764191 ], [ 0.23070615420197, 38.731668522337458 ], [ 0.230706154041579, 38.7316685224149 ], [ 0.230246595244944, 38.731933485211911 ], [ 0.22991430180475, 38.731960707499923 ], [ 0.229914301588528, 38.731960707534313 ], [ 0.229914301384677, 38.731960707600422 ], [ 0.229914301200711, 38.731960707695833 ], [ 0.229914301043407, 38.731960707817009 ], [ 0.229616292958923, 38.732239205686113 ], [ 0.228803854066974, 38.732586014499589 ], [ 0.228803853867796, 38.73258601460735 ], [ 0.228580615886968, 38.732736301828218 ], [ 0.227429922796728, 38.73272310670054 ], [ 0.227429922586336, 38.732723106713287 ], [ 0.227429922382466, 38.732723106755962 ], [ 0.227429922191995, 38.732723106827109 ], [ 0.227080716164921, 38.732885914541619 ], [ 0.22708071616492, 38.732885914541619 ], [ 0.22708071599928, 38.732885914635396 ], [ 0.227080715857468, 38.732885914750689 ], [ 0.22672812741229, 38.733228979395825 ], [ 0.22635109329184, 38.73328441939136 ], [ 0.225972962485857, 38.733060669533849 ], [ 0.225175019178471, 38.732452110484211 ], [ 0.225175019002185, 38.73245211037397 ], [ 0.22470421904468, 38.732212872568056 ], [ 0.224704219044679, 38.732212872568056 ], [ 0.224704218853404, 38.732212872489775 ], [ 0.224704218646819, 38.732212872440883 ], [ 0.224171403008669, 38.732128519808093 ], [ 0.223933518163068, 38.73195493136744 ], [ 0.223663437885051, 38.731575018487014 ], [ 0.22366343788505, 38.731575018487014 ], [ 0.223663437725186, 38.731575018314146 ], [ 0.223663437517864, 38.731575018175626 ], [ 0.223204106366108, 38.731335456722334 ], [ 0.222891299226288, 38.731028774128212 ], [ 0.222891299071275, 38.731028774003242 ], [ 0.222891298888433, 38.731028773904022 ], [ 0.222445501330611, 38.730833892573337 ], [ 0.222445501330612, 38.730833892573337 ], [ 0.222445501132609, 38.730833892505039 ], [ 0.222445500921775, 38.730833892467025 ], [ 0.222445500705581, 38.730833892460623 ], [ 0.221906045314419, 38.730857784726311 ], [ 0.221906045108561, 38.730857784750221 ], [ 0.221906044911577, 38.730857784802787 ], [ 0.221906044729925, 38.730857784882339 ], [ 0.221445648508364, 38.731104714359503 ], [ 0.221361199050223, 38.73101695469321 ], [ 0.221454051504609, 38.730780176092125 ], [ 0.221454051504607, 38.730780176092125 ], [ 0.221454051551432, 38.730780175901302 ], [ 0.221454051544897, 38.730780175707061 ], [ 0.221454051485307, 38.73078017551844 ], [ 0.221454051375438, 38.730780175344236 ], [ 0.221332282472779, 38.730630366264727 ], [ 0.221332282472778, 38.730630366264727 ], [ 0.221332282336541, 38.730630366128196 ], [ 0.221332282169428, 38.730630366014609 ], [ 0.221332281977628, 38.730630365928214 ], [ 0.221332281768251, 38.730630365872209 ], [ 0.220740817337811, 38.730520580829122 ], [ 0.220740817086661, 38.730520580804921 ], [ 0.220740816834838, 38.730520580824368 ], [ 0.220284193815881, 38.730596263774153 ], [ 0.220284193630723, 38.730596263817873 ], [ 0.220284193457542, 38.730596263885282 ], [ 0.22028419330124, 38.730596263974483 ], [ 0.219592251927858, 38.731065783116705 ], [ 0.219212394996609, 38.731058256904731 ], [ 0.218862129137883, 38.730941796589157 ], [ 0.217953348927363, 38.729912835350113 ], [ 0.217252962324247, 38.728914139702226 ], [ 0.217252962324246, 38.728914139702226 ], [ 0.217252962202003, 38.728914139561383 ], [ 0.21680864658586, 38.728493977768821 ], [ 0.216808646585862, 38.728493977768821 ], [ 0.21680864645314, 38.728493977662573 ], [ 0.216808646299901, 38.728493977574864 ], [ 0.216808646130322, 38.728493977508094 ], [ 0.216178685001276, 38.7282951254398 ], [ 0.215240386153181, 38.727888586789852 ], [ 0.215240386153183, 38.727888586789852 ], [ 0.215240385964034, 38.727888586724525 ], [ 0.215240385763009, 38.727888586686817 ], [ 0.215240385556611, 38.727888586677928 ], [ 0.214826883436245, 38.727899940803816 ], [ 0.21482688317811, 38.727899940834135 ], [ 0.214826882935364, 38.727899940909303 ], [ 0.214826882720529, 38.72789994102542 ], [ 0.214648416704608, 38.728022014794611 ], [ 0.214648416704609, 38.728022014794611 ], [ 0.214648416552889, 38.728022014920477 ], [ 0.21464841643473, 38.728022015066777 ], [ 0.214648416354499, 38.728022015228078 ], [ 0.214648416315163, 38.728022015398437 ], [ 0.214648416318176, 38.728022015571526 ], [ 0.214698992606731, 38.728380965808945 ], [ 0.21469899260673, 38.728380965808945 ], [ 0.21469899264347, 38.728380965956028 ], [ 0.214698992710839, 38.728380966096275 ], [ 0.214897667661946, 38.728708806127642 ], [ 0.214796519950018, 38.729017860557796 ], [ 0.214796519917387, 38.729017860712439 ], [ 0.214796519919493, 38.729017860869185 ], [ 0.21479651995627, 38.729017861023259 ], [ 0.214888651637076, 38.729276606999377 ], [ 0.214888651720385, 38.729276607166689 ], [ 0.215061597524811, 38.729542113337516 ], [ 0.215022893509809, 38.72970533478442 ], [ 0.214564249677112, 38.729735958025074 ], [ 0.214564249457142, 38.729735958056864 ], [ 0.214564249249201, 38.729735958121431 ], [ 0.214564249061163, 38.729735958216324 ], [ 0.214564248900153, 38.729735958337955 ], [ 0.214564248772266, 38.729735958481712 ], [ 0.214564248682347, 38.729735958642138 ], [ 0.214450033278933, 38.730009373837483 ], [ 0.214000646418567, 38.730246984446865 ], [ 0.214000646418569, 38.730246984446865 ], [ 0.214000646247867, 38.730246984557283 ], [ 0.214000646107352, 38.730246984691263 ], [ 0.214000646002233, 38.730246984843859 ], [ 0.214000645936414, 38.73024698500943 ], [ 0.214000645912334, 38.730246985181786 ], [ 0.213994583791478, 38.730625504149678 ], [ 0.213862399927799, 38.73075528362282 ], [ 0.213862399927801, 38.73075528362282 ], [ 0.213862399811551, 38.730755283761461 ], [ 0.21386239972974, 38.730755283914441 ], [ 0.213862399685147, 38.730755284076579 ], [ 0.213862399679286, 38.730755284242392 ], [ 0.213887620919884, 38.731060875781331 ], [ 0.213720769846336, 38.731443840222255 ], [ 0.213720769846338, 38.731443840222255 ], [ 0.213720769797149, 38.731443840381097 ], [ 0.21372076978543, 38.731443840544273 ], [ 0.213720769811567, 38.731443840706433 ], [ 0.2137207698747, 38.731443840862205 ], [ 0.213720769972748, 38.731443841006488 ], [ 0.213720770102479, 38.731443841134485 ], [ 0.213911829840489, 38.731600714114457 ], [ 0.214125062461491, 38.732252484884803 ], [ 0.213579783925589, 38.732402643382294 ], [ 0.213203515805166, 38.731962573404815 ], [ 0.213203515627742, 38.731962573242789 ], [ 0.213203515406602, 38.731962573118011 ], [ 0.212910294099955, 38.731835496661745 ], [ 0.212910294099951, 38.731835496661745 ], [ 0.212910293893034, 38.731835496591849 ], [ 0.21291029367268, 38.731835496554929 ], [ 0.21291029344736, 38.731835496552371 ], [ 0.212910293225735, 38.731835496584296 ], [ 0.212728107987628, 38.73187654678776 ], [ 0.212728107787145, 38.731876546849364 ], [ 0.212728107604858, 38.731876546939205 ], [ 0.212414544055946, 38.732065355606935 ], [ 0.212116699136606, 38.732091561626888 ], [ 0.20998057282535, 38.731645858723923 ], [ 0.209980572825348, 38.731645858723923 ], [ 0.209980572647457, 38.731645858698336 ], [ 0.209980572466641, 38.731645858694925 ], [ 0.209395133111331, 38.731670962457152 ], [ 0.209395132920942, 38.731670962477928 ], [ 0.2089729312557, 38.731745650935196 ], [ 0.208972931023414, 38.731745650997325 ], [ 0.20897293081327, 38.731745651096688 ], [ 0.208972930634849, 38.731745651228714 ], [ 0.208851411440742, 38.731857109606231 ], [ 0.208851411314223, 38.731857109747807 ], [ 0.208851411224574, 38.731857109905732 ], [ 0.208851411175096, 38.731857110074138 ], [ 0.208787945110324, 38.732237202805962 ], [ 0.208645032766829, 38.732385284029533 ], [ 0.20841893285614, 38.732472582670233 ], [ 0.207772460102467, 38.732418268917378 ], [ 0.206808947139158, 38.732219533266587 ], [ 0.206295076177492, 38.732044464441557 ], [ 0.206295075947927, 38.73204446438487 ], [ 0.205715902550195, 38.731952278306061 ], [ 0.205715902291977, 38.731952278288318 ], [ 0.204509373555486, 38.731976389556706 ], [ 0.204000984461361, 38.731666048935118 ], [ 0.203625586135631, 38.731243942757139 ], [ 0.203625586135632, 38.731243942757139 ], [ 0.203625586004511, 38.731243942634549 ], [ 0.203625585847767, 38.73124394253206 ], [ 0.203625585670347, 38.731243942452927 ], [ 0.203298321987762, 38.731126765963793 ], [ 0.203298321987763, 38.731126765963793 ], [ 0.203298321786746, 38.731126765908797 ], [ 0.20329832157623, 38.731126765883801 ], [ 0.203298321363437, 38.731126765889634 ], [ 0.201821327750802, 38.731275400866799 ], [ 0.201508841105568, 38.731229950521765 ], [ 0.201337153250387, 38.730991401914977 ], [ 0.201272719757496, 38.73057876292625 ], [ 0.201272719690255, 38.730578762714138 ], [ 0.20127271955974, 38.730578762520963 ], [ 0.200897341608188, 38.730156646489753 ], [ 0.20089734160819, 38.730156646489753 ], [ 0.200897341448893, 38.730156646345868 ], [ 0.200897341254522, 38.73015664623145 ], [ 0.200333568793231, 38.729892829464987 ], [ 0.200333568577341, 38.729892829386458 ], [ 0.200333568345427, 38.729892829344443 ], [ 0.199756010221925, 38.729836637173484 ], [ 0.199589809322797, 38.729462804098233 ], [ 0.199589809322795, 38.729462804098233 ], [ 0.199589809170866, 38.72946280386909 ], [ 0.199275528851765, 38.729120076866671 ], [ 0.199275528701997, 38.729120076733373 ], [ 0.199061475798326, 38.728963768206796 ], [ 0.199061475798325, 38.728963768206796 ], [ 0.199061475645721, 38.728963768112912 ], [ 0.199061475475124, 38.728963768040465 ], [ 0.199061475291403, 38.72896376799153 ], [ 0.19881790002899, 38.728916421615942 ], [ 0.19881789976695, 38.72891642158951 ], [ 0.198817899504128, 38.728916421610656 ], [ 0.198076086615011, 38.72904484227503 ], [ 0.198076086362626, 38.729044842343633 ], [ 0.197691583108477, 38.729190501905443 ], [ 0.197186974084868, 38.729222350433588 ], [ 0.196862137965967, 38.729159163056124 ], [ 0.196738677223648, 38.729022807775756 ], [ 0.196559708566179, 38.72882514468273 ], [ 0.196373775421475, 38.72852391268183 ], [ 0.196447381288493, 38.728368762733666 ], [ 0.197075931940003, 38.728279485200019 ], [ 0.197075932151891, 38.728279485153116 ], [ 0.197075932348478, 38.72827948507544 ], [ 0.197480978561217, 38.728079189451989 ], [ 0.197480978561218, 38.728079189451989 ], [ 0.197480978764451, 38.728079189324106 ], [ 0.197480978925665, 38.728079189163623 ], [ 0.197829292281641, 38.727637237705409 ], [ 0.198075936904356, 38.72749533211023 ], [ 0.198075937114182, 38.727495331954096 ], [ 0.199487499654994, 38.726141364634877 ], [ 0.199487499765571, 38.726141364508109 ], [ 0.199487499847047, 38.72614136436848 ], [ 0.199487499897046, 38.72614136422002 ], [ 0.19956414407299, 38.725796963590042 ], [ 0.199564144087469, 38.72579696337494 ], [ 0.199564144036311, 38.725796963163297 ], [ 0.199409056588646, 38.725413819405802 ], [ 0.199409056511209, 38.725413819260204 ], [ 0.199409056402525, 38.725413819127418 ], [ 0.19940905626593, 38.725413819011543 ], [ 0.198945876002238, 38.72508417637178 ], [ 0.198945876002239, 38.72508417637178 ], [ 0.198945875849624, 38.725084176280177 ], [ 0.198945875679653, 38.725084176209798 ], [ 0.198222101249922, 38.724842753426387 ], [ 0.198222100926999, 38.724842753359965 ], [ 0.197437065558111, 38.724774188401653 ], [ 0.197437065340771, 38.724774188398868 ], [ 0.196381955722164, 38.724839095590767 ], [ 0.195851253278978, 38.724799585983384 ], [ 0.195467642953461, 38.724449723983774 ], [ 0.195151731628143, 38.724071013753516 ], [ 0.19515173162814, 38.724071013753516 ], [ 0.195151731478114, 38.724071013608928 ], [ 0.195151731293304, 38.72407101349161 ], [ 0.195151731081628, 38.724071013406622 ], [ 0.194906947486652, 38.723996642924078 ], [ 0.19490694748665, 38.723996642924078 ], [ 0.194906947278151, 38.723996642877907 ], [ 0.194906947062289, 38.723996642863192 ], [ 0.194906946846741, 38.723996642880486 ], [ 0.194906946639167, 38.723996642929173 ], [ 0.194317353630421, 38.724183938622318 ], [ 0.193816656894795, 38.724044503194499 ], [ 0.193816656651267, 38.724044503149322 ], [ 0.193816656401029, 38.724044503146516 ], [ 0.193243530810172, 38.724087193879988 ], [ 0.193243530485496, 38.724087193942431 ], [ 0.192347790074249, 38.724372941322315 ], [ 0.191708215116415, 38.724471517379634 ], [ 0.19026084150187, 38.724249829972798 ], [ 0.189754951842094, 38.723993396509393 ], [ 0.189557603115951, 38.72369246348849 ], [ 0.189557603115949, 38.72369246348849 ], [ 0.189557602984803, 38.723692463331339 ], [ 0.189557602814905, 38.723692463198923 ], [ 0.189557602613643, 38.723692463096988 ], [ 0.189557602389771, 38.723692463029963 ], [ 0.188489690058876, 38.723469390640155 ], [ 0.186783074783516, 38.722588123665133 ], [ 0.186783074783515, 38.722588123665133 ], [ 0.186783074628887, 38.722588123598044 ], [ 0.186128714513268, 38.722353738507849 ], [ 0.185808999284544, 38.722146249405434 ], [ 0.185756544352391, 38.721742295626036 ], [ 0.185756544306993, 38.721742295451158 ], [ 0.185756544218462, 38.721742295286745 ], [ 0.185572275432686, 38.721477069074709 ], [ 0.185572275432685, 38.721477069074709 ], [ 0.185572275283038, 38.721477068907696 ], [ 0.185572275089228, 38.721477068771357 ], [ 0.185371798242049, 38.721365398742932 ], [ 0.185141003409682, 38.720569938184433 ], [ 0.185141003325147, 38.720569937994483 ], [ 0.185141003188888, 38.720569937823974 ], [ 0.184732084006059, 38.720166667559255 ], [ 0.184732084006057, 38.720166667559255 ], [ 0.184732083840206, 38.720166667426497 ], [ 0.18473208364311, 38.720166667323234 ], [ 0.184732083423159, 38.720166667253849 ], [ 0.184267458595837, 38.720062223248831 ], [ 0.184267458393316, 38.720062223218385 ], [ 0.184267458187111, 38.720062223216779 ], [ 0.18426745798386, 38.720062223244078 ], [ 0.183469938654587, 38.720228158619754 ], [ 0.183469938431928, 38.720228158686083 ], [ 0.18346993823151, 38.720228158786973 ], [ 0.183469938061945, 38.720228158918047 ], [ 0.183138937367798, 38.720543472784385 ], [ 0.183138937257241, 38.720543472910073 ], [ 0.182911357142514, 38.720855944870003 ], [ 0.182708644293025, 38.72095158118978 ], [ 0.182546653026892, 38.720928970992702 ], [ 0.182306039857938, 38.720431035214951 ], [ 0.182306039857938, 38.720431035214951 ], [ 0.182306039736742, 38.72043103503124 ], [ 0.181784590696455, 38.719823664936946 ], [ 0.181380076654935, 38.719258127663657 ], [ 0.181380076654937, 38.719258127663657 ], [ 0.181380076529329, 38.719258127521876 ], [ 0.181380076371501, 38.719258127401488 ], [ 0.180954166974028, 38.718990456445745 ], [ 0.18075673894902, 38.718428278652645 ], [ 0.180756738949022, 38.718428278652645 ], [ 0.180756738813851, 38.718428278412226 ], [ 0.180452468862817, 38.71804917258536 ], [ 0.180289485783935, 38.7174860557895 ], [ 0.180289485783934, 38.7174860557895 ], [ 0.18028948572479, 38.717486055643825 ], [ 0.180289485635043, 38.717486055508097 ], [ 0.180119089229331, 38.717274517453362 ], [ 0.180004137432337, 38.717016380859469 ], [ 0.180004137432339, 38.717016380859469 ], [ 0.180004137346846, 38.717016380711804 ], [ 0.180004137228934, 38.717016380578556 ], [ 0.180004137082429, 38.717016380464031 ], [ 0.179672610809023, 38.716800208760972 ], [ 0.179672610809021, 38.716800208760972 ], [ 0.179672610644555, 38.716800208671522 ], [ 0.179672610462765, 38.716800208605761 ], [ 0.179672610269169, 38.716800208565751 ], [ 0.179672610069645, 38.716800208552669 ], [ 0.179346875629336, 38.716801147684855 ] ], [ [ 0.106043238922033, 38.798426831050826 ], [ 0.106082958325402, 38.798402139627882 ], [ 0.106082958329461, 38.798402139625345 ], [ 0.106122634371389, 38.798377245744533 ], [ 0.106162300821569, 38.798352555705762 ], [ 0.106162300824113, 38.798352555704177 ], [ 0.106202007120542, 38.798327697027638 ], [ 0.106241674627637, 38.798303006032441 ], [ 0.106241674667361, 38.798303006006549 ], [ 0.106261206414637, 38.798289684778865 ], [ 0.106281107059773, 38.798276110494221 ], [ 0.106281107059772, 38.798276110494221 ], [ 0.106300642051849, 38.798262837822364 ], [ 0.106300642059052, 38.798262837817433 ], [ 0.106320278209647, 38.798249270568277 ], [ 0.106340069427707, 38.798235960444565 ], [ 0.106340069433127, 38.798235960440898 ], [ 0.106359692524542, 38.798222596226879 ], [ 0.106359692532201, 38.798222596221613 ], [ 0.106379259629436, 38.798209029898565 ], [ 0.106398883311353, 38.798195706204822 ], [ 0.106398883315227, 38.798195706202179 ], [ 0.10641869306432, 38.798182134315056 ], [ 0.106438318844203, 38.798168859205653 ], [ 0.106438318908801, 38.798168859158466 ], [ 0.106446978384689, 38.798162025273044 ], [ 0.10645571005988, 38.798155130908334 ], [ 0.106455710067564, 38.798155130902224 ], [ 0.106464479542786, 38.798148073376751 ], [ 0.106473190750243, 38.798141238118973 ], [ 0.106481973104664, 38.798134450511839 ], [ 0.106481973118488, 38.798134450500974 ], [ 0.106490539774232, 38.798127600163959 ], [ 0.106490539786604, 38.798127600153911 ], [ 0.106499207401336, 38.798120450750503 ], [ 0.106508012151568, 38.798113649039941 ], [ 0.106508012169954, 38.798113649025403 ], [ 0.10651646445811, 38.798106816144092 ], [ 0.106516464464694, 38.798106816138727 ], [ 0.106525045350786, 38.798099763624727 ], [ 0.106525045350788, 38.798099763624727 ], [ 0.106542075023982, 38.798085824266089 ], [ 0.106542075049843, 38.798085824244204 ], [ 0.106579321482622, 38.798053242794467 ], [ 0.106579321488572, 38.798053242789223 ], [ 0.106593509138844, 38.798040635782399 ], [ 0.106593509161816, 38.798040635761346 ], [ 0.106607164289724, 38.798027722211103 ], [ 0.106607164302833, 38.798027722198476 ], [ 0.10662057394013, 38.798014563834215 ], [ 0.106620573946453, 38.798014563827962 ], [ 0.106633813522299, 38.798001333413161 ], [ 0.106633813541585, 38.798001333393323 ], [ 0.106646508837627, 38.797987896746065 ], [ 0.106646508840024, 38.797987896743528 ], [ 0.106659165904192, 38.797974401654315 ], [ 0.106659165922925, 38.797974401633724 ], [ 0.106671323544791, 38.797960645967891 ], [ 0.106683644765186, 38.797946813877758 ], [ 0.106683644774024, 38.797946813867696 ], [ 0.106695768242415, 38.797932802359519 ], [ 0.106707827328102, 38.797919031295287 ], [ 0.106707827341392, 38.797919031279761 ], [ 0.106719662223365, 38.79790489591808 ], [ 0.106719662241954, 38.79790489589513 ], [ 0.106731054473717, 38.797890349799893 ], [ 0.106731054478319, 38.797890349793967 ], [ 0.106742147462492, 38.797875937784809 ], [ 0.106742147472258, 38.79787593777187 ], [ 0.106752967376871, 38.797861334835659 ], [ 0.106752967378137, 38.797861334833954 ], [ 0.106763789664765, 38.797846654357684 ], [ 0.106763789673038, 38.797846654346266 ], [ 0.106774455545679, 38.797831686153103 ], [ 0.106785280982156, 38.797817078574411 ], [ 0.106796322388471, 38.797802672446629 ], [ 0.106807763779425, 38.7977880664941 ], [ 0.106819594618369, 38.797773971784999 ], [ 0.106927735840303, 38.797647973117577 ], [ 0.107003495839446, 38.797559777723954 ], [ 0.107025460173767, 38.797540057581713 ], [ 0.107025460175675, 38.79754005757998 ], [ 0.107047349428207, 38.797520304256523 ], [ 0.107047349430814, 38.797520304254157 ], [ 0.107069331426805, 38.797500327743947 ], [ 0.107091196661617, 38.797480578657677 ], [ 0.107113254953707, 38.797460874877764 ], [ 0.107113254955152, 38.797460874876471 ], [ 0.107135242469504, 38.79744115856036 ], [ 0.107135242472166, 38.797441158557959 ], [ 0.107157114416433, 38.797421405675202 ], [ 0.107157114418848, 38.797421405673013 ], [ 0.107179090605651, 38.797401429296613 ], [ 0.107200962483352, 38.797381675509705 ], [ 0.107222949958778, 38.797361960105384 ], [ 0.107443268746912, 38.797192271524132 ], [ 0.107464870882713, 38.797175611287443 ], [ 0.107482572835611, 38.797162554786638 ], [ 0.107482572843412, 38.797162554780833 ], [ 0.107500034758673, 38.7971494316891 ], [ 0.107500034762927, 38.797149431685881 ], [ 0.107517586795237, 38.797136104398113 ], [ 0.107535057025535, 38.797123040540093 ], [ 0.107552588732603, 38.797109934502899 ], [ 0.107570295587453, 38.797096858935575 ], [ 0.107570295593934, 38.79709685893075 ], [ 0.107587736278933, 38.797083777831865 ], [ 0.107587736284645, 38.797083777827552 ], [ 0.10760530971737, 38.797070413921837 ], [ 0.107622779678949, 38.79705734465422 ], [ 0.107640359997509, 38.797044273392068 ], [ 0.107654251363622, 38.797036804696873 ], [ 0.107667988248734, 38.797029461694258 ], [ 0.107667988255631, 38.797029461690542 ], [ 0.107681780966875, 38.797021973062058 ], [ 0.107695748735714, 38.797014645541886 ], [ 0.107710065668466, 38.797007697004474 ], [ 0.107745791449151, 38.796991138207147 ], [ 0.10784444199852, 38.796953380325405 ], [ 0.108386299941405, 38.79674859574537 ], [ 0.108773438645708, 38.796603559247075 ], [ 0.10905080441337, 38.796499550500194 ], [ 0.109050804417004, 38.796499550498837 ], [ 0.109726176576081, 38.796244008565345 ], [ 0.109726176619787, 38.796244008547895 ], [ 0.109757104982897, 38.796231004773524 ], [ 0.110466447037162, 38.795960495486966 ], [ 0.110506583311555, 38.795947728146508 ], [ 0.110546786992651, 38.795934922049632 ], [ 0.110546787002803, 38.795934922046364 ], [ 0.110586930184667, 38.795921784223779 ], [ 0.11062706409299, 38.795908962844273 ], [ 0.110627064092994, 38.795908962844287 ], [ 0.11066727044377, 38.795896192670575 ], [ 0.110667270445449, 38.795896192670035 ], [ 0.110707399363443, 38.795883389411991 ], [ 0.110747535543549, 38.795870621080766 ], [ 0.110747535553885, 38.795870621077427 ], [ 0.110787514514919, 38.795857547021029 ], [ 0.110827882461989, 38.795844682399895 ], [ 0.11082788246412, 38.795844682399213 ], [ 0.110867873665862, 38.795831864751008 ], [ 0.110993714095377, 38.795800406535683 ], [ 0.111098008648493, 38.795777113196458 ], [ 0.11113593928155, 38.79577067363811 ], [ 0.111173679629007, 38.795764595881728 ], [ 0.111173679638211, 38.795764595880215 ], [ 0.111211619376418, 38.795758232623413 ], [ 0.111211619377899, 38.795758232623164 ], [ 0.11124939163781, 38.79575185670091 ], [ 0.111249391639878, 38.795751856700562 ], [ 0.111287275698039, 38.795745404816223 ], [ 0.111324916934081, 38.795739325148276 ], [ 0.111324916942465, 38.795739325146904 ], [ 0.111362856846428, 38.795732966341177 ], [ 0.111362856847955, 38.795732966340914 ], [ 0.111400652069531, 38.795726589758701 ], [ 0.111438506003836, 38.795720504385336 ], [ 0.11143850601812, 38.795720504382963 ], [ 0.111476297262995, 38.795714036894516 ], [ 0.111674733152224, 38.795683282574736 ], [ 0.111763324827557, 38.795670794335308 ], [ 0.111763324875146, 38.795670794327791 ], [ 0.111815709747194, 38.79566160894835 ], [ 0.11186797917948, 38.795652575268548 ], [ 0.111920398830361, 38.795643687106697 ], [ 0.111920398835417, 38.795643687105837 ], [ 0.111972765562378, 38.795634614749865 ], [ 0.111972765565016, 38.79563461474941 ], [ 0.112025058220268, 38.795625454256772 ], [ 0.112077230166031, 38.79561629785978 ], [ 0.112129666616512, 38.79560724159348 ], [ 0.112181941644635, 38.795598338251445 ], [ 0.11218194164863, 38.795598338250763 ], [ 0.112234307190939, 38.795589266710536 ], [ 0.112234307193239, 38.795589266710145 ], [ 0.112286601505047, 38.795580119570957 ], [ 0.112330880855558, 38.795572759028417 ], [ 0.112330880865219, 38.795572759026776 ], [ 0.112375037050621, 38.795565108064686 ], [ 0.112419083759155, 38.795557824860801 ], [ 0.112419083770028, 38.795557824858967 ], [ 0.112463263926725, 38.795550169620725 ], [ 0.112507403650588, 38.795542775798118 ], [ 0.112551543823976, 38.795535418882487 ], [ 0.112551543832463, 38.795535418881066 ], [ 0.112595856148895, 38.795527759168408 ], [ 0.112639741085675, 38.795520463078248 ], [ 0.11263974109415, 38.795520463076805 ], [ 0.112684059923425, 38.79551282117464 ], [ 0.112728200042667, 38.795505464195827 ], [ 0.112781736927138, 38.795497229627038 ], [ 0.112781736977506, 38.795497229618356 ], [ 0.112982994729224, 38.795458870092929 ], [ 0.112982994742795, 38.795458870090279 ], [ 0.113018192601376, 38.795451805510943 ], [ 0.113053050068094, 38.795445119358718 ], [ 0.11305305008079, 38.795445119356231 ], [ 0.113088241356421, 38.795438036012264 ], [ 0.113123276951734, 38.795431052302447 ], [ 0.113158453312429, 38.795424023388506 ], [ 0.113193613888388, 38.795417293076078 ], [ 0.113193613900617, 38.795417293073683 ], [ 0.113228646522134, 38.795410267971128 ], [ 0.113263825026791, 38.795403262391673 ], [ 0.113298840247873, 38.795396498987678 ], [ 0.113298840255397, 38.7953964989862 ], [ 0.113334018189876, 38.795389506912933 ], [ 0.113334018224771, 38.795389506905529 ], [ 0.113390256155225, 38.7953768442731 ], [ 0.113488756822198, 38.795354770864542 ], [ 0.113488756827905, 38.795354770863256 ], [ 0.113508600043454, 38.795350237223182 ], [ 0.113508600089707, 38.795350237211771 ], [ 0.113528201781318, 38.795345047863961 ], [ 0.113528201800043, 38.795345047858866 ], [ 0.113547739558956, 38.79533958003956 ], [ 0.113547739575602, 38.795339580034785 ], [ 0.11356696463203, 38.795333936773133 ], [ 0.113566964636832, 38.795333936771712 ], [ 0.113586305719652, 38.795328182306811 ], [ 0.113586305741183, 38.795328182300224 ], [ 0.113605398956006, 38.795322155171085 ], [ 0.113624562880286, 38.795316165791924 ], [ 0.113624562883972, 38.79531616579078 ], [ 0.11364365609322, 38.795310138655232 ], [ 0.113662774224861, 38.79530412887074 ], [ 0.113682150113381, 38.795298116711834 ], [ 0.113682150115027, 38.795298116711315 ], [ 0.113729802687929, 38.795283264047107 ], [ 0.113777369369811, 38.795268395636761 ], [ 0.113825075809945, 38.795253564920685 ], [ 0.113872872415033, 38.795238690339175 ], [ 0.113872872417147, 38.795238690338522 ], [ 0.113920432501556, 38.795223804029419 ], [ 0.113968138879075, 38.795208973257139 ], [ 0.113968138880445, 38.795208973256713 ], [ 0.114015796291183, 38.795194102330946 ], [ 0.114063594379694, 38.795179263667897 ], [ 0.114063594385143, 38.795179263666192 ], [ 0.114111059302459, 38.795164308649724 ], [ 0.114158855778237, 38.795149433956823 ], [ 0.114158855806805, 38.795149433947579 ], [ 0.114178306806919, 38.795142901697609 ], [ 0.114178306809582, 38.795142901696714 ], [ 0.114197727483263, 38.79513633422026 ], [ 0.114217161636331, 38.795130076283257 ], [ 0.114217161653442, 38.795130076277637 ], [ 0.114236561854087, 38.795123540868822 ], [ 0.114236561860018, 38.795123540866804 ], [ 0.114255797772734, 38.795116960290159 ], [ 0.114275288991318, 38.795110426953414 ], [ 0.11429490149153, 38.795103902988743 ], [ 0.114314146214831, 38.795097524864502 ], [ 0.114314146218631, 38.795097524863252 ], [ 0.114333666171336, 38.79509099075041 ], [ 0.114353236750805, 38.79508469401673 ], [ 0.114353236754736, 38.795084694015458 ], [ 0.114447268324475, 38.795054121224588 ], [ 0.11444726833319, 38.795054121221717 ], [ 0.11471189840696, 38.794966078211012 ], [ 0.11474617907231, 38.794955383625847 ], [ 0.114780407541043, 38.794944970593207 ], [ 0.114780407555617, 38.794944970588681 ], [ 0.114814471374005, 38.794934187174995 ], [ 0.11484872595007, 38.794923845497351 ], [ 0.114848725963006, 38.794923845493379 ], [ 0.114883028069606, 38.794913115157307 ], [ 0.114917168781128, 38.794902406235643 ], [ 0.114951443187589, 38.794891991928168 ], [ 0.114951443200166, 38.794891991924295 ], [ 0.114985487303064, 38.79488128556131 ], [ 0.115019762471918, 38.794870889231348 ], [ 0.115019762481998, 38.794870889228257 ], [ 0.115053997837925, 38.794860213781369 ], [ 0.115096972595848, 38.79484829253137 ], [ 0.115139692530522, 38.794836467247521 ], [ 0.115139692531774, 38.794836467247173 ], [ 0.115182666495999, 38.794824527964295 ], [ 0.115225383264718, 38.794812630663323 ], [ 0.115268357976841, 38.794800709348287 ], [ 0.115311211516436, 38.794789177727978 ], [ 0.115311211529134, 38.794789177724496 ], [ 0.115353926681878, 38.794777244385507 ], [ 0.115396855361448, 38.794765324250598 ], [ 0.115439572053947, 38.794753426874202 ], [ 0.115482528394994, 38.794741614077743 ], [ 0.115559460644816, 38.794721258663095 ], [ 0.115559460651718, 38.794721258661241 ], [ 0.115778269222942, 38.794662151678786 ], [ 0.115912971352207, 38.794626911218337 ], [ 0.115912971362293, 38.794626911215666 ], [ 0.115964742635769, 38.794612948592388 ], [ 0.116016415898289, 38.794599352517807 ], [ 0.116016415905041, 38.794599352516009 ], [ 0.11606821819824, 38.794585442170295 ], [ 0.116068218200227, 38.794585442169755 ], [ 0.116119898575916, 38.794571481904114 ], [ 0.116171671095622, 38.794557549786795 ], [ 0.116223459451886, 38.794543955053257 ], [ 0.116223459461503, 38.794543955050692 ], [ 0.116275139577914, 38.794529990219168 ], [ 0.116326916409419, 38.794516026387811 ], [ 0.11637856234671, 38.794502466918985 ], [ 0.116378562355335, 38.794502466916683 ], [ 0.1164303851803, 38.794488502711808 ], [ 0.116430385190358, 38.794488502709058 ], [ 0.116575776416217, 38.794448142922924 ], [ 0.11657577641622, 38.794448142922938 ], [ 0.116717096609878, 38.794409094318986 ], [ 0.116717096636342, 38.794409094311376 ], [ 0.116743073240879, 38.794401351406698 ], [ 0.116769179671658, 38.794393550077409 ], [ 0.11679513440564, 38.794385992426569 ], [ 0.116795134411453, 38.794385992424864 ], [ 0.116821226959935, 38.794378268929336 ], [ 0.116821226967202, 38.794378268927169 ], [ 0.116847238848615, 38.794370411546979 ], [ 0.116873114550954, 38.794362599237424 ], [ 0.116899081399749, 38.794354765572535 ], [ 0.116925184310321, 38.794347280512639 ], [ 0.116925184326612, 38.794347280507857 ], [ 0.116951151630838, 38.794339483752935 ], [ 0.116977261383131, 38.79433162824327 ], [ 0.117009739607782, 38.794323436922859 ], [ 0.117009739693578, 38.794323436898232 ], [ 0.117050189300057, 38.794310379686181 ], [ 0.117090854023404, 38.79429842840004 ], [ 0.117131262200781, 38.794286533493619 ], [ 0.117131262202046, 38.794286533493249 ], [ 0.117171827650117, 38.794274549691117 ], [ 0.117212492149724, 38.794262593860459 ], [ 0.117212492152098, 38.794262593859756 ], [ 0.117252989536438, 38.794250607342768 ], [ 0.117293416925227, 38.794238626284439 ], [ 0.117333987019463, 38.794226750408988 ], [ 0.117333987021199, 38.794226750408477 ], [ 0.117374628468724, 38.794214795137023 ], [ 0.117374628472064, 38.794214795136043 ], [ 0.117415049124614, 38.79420279259547 ], [ 0.117455602675116, 38.794190934236426 ], [ 0.117455602694793, 38.794190934230507 ], [ 0.117504771337256, 38.794175747671247 ], [ 0.117504771352721, 38.794175747666372 ], [ 0.117581167210086, 38.79415114410105 ], [ 0.117620817027088, 38.794138625152414 ], [ 0.117620817028635, 38.794138625151923 ], [ 0.117660345359225, 38.794126092316759 ], [ 0.117700084779836, 38.794113516895052 ], [ 0.117739636273806, 38.794100987918995 ], [ 0.117739636273804, 38.794100987918995 ], [ 0.117779425159652, 38.794088465202705 ], [ 0.117779425162808, 38.794088465201717 ], [ 0.117818907403329, 38.794075932643494 ], [ 0.117858555604504, 38.794063378523205 ], [ 0.117898106999111, 38.794050848596264 ], [ 0.117937826094743, 38.794038310573185 ], [ 0.117977383799715, 38.794025793963741 ], [ 0.117977383815861, 38.794025793958525 ], [ 0.118107362174458, 38.793982858432557 ], [ 0.118107362192942, 38.79398285842629 ], [ 0.118252252373703, 38.793932640845284 ], [ 0.118319330938662, 38.793913488258774 ], [ 0.118319330955347, 38.793913488253907 ], [ 0.118334829045519, 38.793908849151762 ], [ 0.118334829057643, 38.79390884914806 ], [ 0.118350297634834, 38.79390406128644 ], [ 0.118350297649884, 38.793904061281694 ], [ 0.118365594217059, 38.793899130268777 ], [ 0.118365594241218, 38.793899130260726 ], [ 0.118380739710077, 38.793893928514137 ], [ 0.118380739716561, 38.793893928511892 ], [ 0.11839594946165, 38.793888616941004 ], [ 0.118395949465396, 38.793888616939697 ], [ 0.118411016436478, 38.793883304676307 ], [ 0.118411016444374, 38.793883304673493 ], [ 0.118426196671211, 38.793877844342255 ], [ 0.118441170500537, 38.793872534564123 ], [ 0.118441170509435, 38.793872534560933 ], [ 0.118456321601809, 38.793867039871131 ], [ 0.118471393157707, 38.793861727479197 ], [ 0.118471393162827, 38.793861727477378 ], [ 0.118517070410027, 38.793845416675886 ], [ 0.118517070414944, 38.793845416674131 ], [ 0.118562863558445, 38.793828860423446 ], [ 0.118608522727662, 38.793812532052733 ], [ 0.118608522733492, 38.793812532050644 ], [ 0.118654307492834, 38.793795916530726 ], [ 0.118699988083123, 38.7937795524183 ], [ 0.118745529402308, 38.793763294708661 ], [ 0.118745529409092, 38.79376329470621 ], [ 0.118791319300619, 38.793746666384202 ], [ 0.118837022586327, 38.793730296207002 ], [ 0.118837022591419, 38.793730296205169 ], [ 0.118882807436169, 38.793713685098957 ], [ 0.118928443494771, 38.793697358123218 ], [ 0.118928443604177, 38.793697358078369 ], [ 0.118950877702181, 38.793686924718266 ], [ 0.118973385582175, 38.793676467764286 ], [ 0.1189956694379, 38.793666390655773 ], [ 0.118995669448215, 38.793666390651062 ], [ 0.119018201298127, 38.793655955567445 ], [ 0.119018201301549, 38.793655955565839 ], [ 0.11904058859492, 38.79364550542212 ], [ 0.119063022499843, 38.793635068443585 ], [ 0.119063022499844, 38.793635068443585 ], [ 0.119085503367903, 38.793624652729434 ], [ 0.119107934689643, 38.793614552741545 ], [ 0.119107934702004, 38.793614552735917 ], [ 0.119130415562484, 38.793604137010909 ], [ 0.11913041556757, 38.793604137008536 ], [ 0.119152710687427, 38.793593685702561 ], [ 0.119152710687424, 38.793593685702561 ], [ 0.119152710803632, 38.793593685640211 ], [ 0.119169148897421, 38.793583655683548 ], [ 0.119185780359714, 38.79357359893698 ], [ 0.11918578036155, 38.793573598935872 ], [ 0.119202153226863, 38.793563657201773 ], [ 0.119218784680434, 38.79355360045043 ], [ 0.119235325198711, 38.793543675853364 ], [ 0.119235325219487, 38.793543675840603 ], [ 0.119251776983008, 38.793533326599537 ], [ 0.119268243631417, 38.793523292265689 ], [ 0.119268243644547, 38.793523292257575 ], [ 0.119284690637933, 38.793512965657172 ], [ 0.119284690641127, 38.793512965655161 ], [ 0.119300865565486, 38.793502735509144 ], [ 0.119300865571897, 38.793502735505051 ], [ 0.119316917615328, 38.793492432966495 ], [ 0.11931691762366, 38.793492432961095 ], [ 0.119332322159195, 38.793482354924045 ], [ 0.119332322223118, 38.793482354878947 ], [ 0.119373528473343, 38.793451014947998 ], [ 0.120444983164369, 38.792637335943013 ], [ 0.120444983172625, 38.792637335936682 ], [ 0.120723223440544, 38.792421741431276 ], [ 0.12072322344285, 38.792421741429493 ], [ 0.120929420011205, 38.792261063756207 ], [ 0.121270174371982, 38.792003333790852 ], [ 0.121270174386984, 38.792003333779313 ], [ 0.121336979479629, 38.791950921895143 ], [ 0.121355689688205, 38.791938240883098 ], [ 0.121355689688206, 38.791938240883098 ], [ 0.121355689779751, 38.791938240813749 ], [ 0.121405864797916, 38.791895773327248 ], [ 0.121444899259335, 38.791872500504041 ], [ 0.121444899259336, 38.791872500504041 ], [ 0.12144489940456, 38.79187250040102 ], [ 0.121490060626401, 38.791834500127152 ], [ 0.121573002532138, 38.791773224446771 ], [ 0.121778268643011, 38.791651884558419 ], [ 0.12216612224372, 38.791473687813607 ], [ 0.122665689266911, 38.791276171441801 ], [ 0.122665689307846, 38.791276171424798 ], [ 0.123380527301143, 38.790964641474709 ], [ 0.123674875209278, 38.790849458818158 ], [ 0.123702753053141, 38.790841150030062 ], [ 0.123702753054672, 38.790841150029607 ], [ 0.123730582823038, 38.790832819984779 ], [ 0.123758529650065, 38.79082450842283 ], [ 0.123758529651564, 38.790824508422382 ], [ 0.123786361342105, 38.790816196330532 ], [ 0.123814238426043, 38.790807869504285 ], [ 0.123814238429144, 38.790807869503347 ], [ 0.123841855622633, 38.790799548724372 ], [ 0.123841855622634, 38.790799548724372 ], [ 0.123869685720061, 38.790791200620404 ], [ 0.123897562742667, 38.79078287287561 ], [ 0.12392537140417, 38.790774561367144 ], [ 0.123953247297085, 38.790766234541771 ], [ 0.123998175810296, 38.790753279420116 ], [ 0.124043337493642, 38.790740260383991 ], [ 0.124088341496745, 38.790727321224132 ], [ 0.124133269964812, 38.790714366050423 ], [ 0.124178198453841, 38.790701411760175 ], [ 0.124178198461739, 38.790701411757865 ], [ 0.124223279056105, 38.790688119155504 ], [ 0.124268283025376, 38.790675180829702 ], [ 0.124313211421824, 38.790662225589934 ], [ 0.124358376325097, 38.790649282921528 ], [ 0.124358376328998, 38.790649282920413 ], [ 0.124403353077106, 38.790636249780334 ], [ 0.124458518915357, 38.790621286309673 ], [ 0.124458518919039, 38.790621286308664 ], [ 0.12451390969663, 38.790606096975218 ], [ 0.124569312812329, 38.790591032507614 ], [ 0.124569312816163, 38.790591032506576 ], [ 0.124624604988332, 38.790575826842186 ], [ 0.124679846098383, 38.790560875665157 ], [ 0.124735155178066, 38.790545926245912 ], [ 0.1247351551855, 38.790545926243887 ], [ 0.124790449884391, 38.790530648364197 ], [ 0.124845920827419, 38.790515690056942 ], [ 0.124845920833862, 38.790515690055202 ], [ 0.124901241663867, 38.790500484394826 ], [ 0.124956546878461, 38.79048542236545 ], [ 0.124956546895128, 38.790485422360796 ], [ 0.125251023340411, 38.790401226998206 ], [ 0.125420675929113, 38.790352720558303 ], [ 0.125420675962443, 38.790352720548306 ], [ 0.125454812790391, 38.790342009591413 ], [ 0.125489078474353, 38.790331587058951 ], [ 0.125489078482408, 38.790331587056471 ], [ 0.125523361367305, 38.790320926221604 ], [ 0.125557627228276, 38.790310508168446 ], [ 0.125557627239559, 38.790310508164957 ], [ 0.125591787025069, 38.790299796552134 ], [ 0.125625904314119, 38.790289140121502 ], [ 0.125660098436424, 38.790278687924086 ], [ 0.125660098443761, 38.790278687921827 ], [ 0.125694335647871, 38.790268010243018 ], [ 0.125728600305533, 38.79025759217253 ], [ 0.12572860031594, 38.790257592169304 ], [ 0.12576278497878, 38.790246897858445 ], [ 0.125762785029769, 38.790246897841371 ], [ 0.125796047144929, 38.790235006632415 ], [ 0.125796047147148, 38.790235006631619 ], [ 0.125829092186876, 38.790223126630892 ], [ 0.125829092194192, 38.790223126628234 ], [ 0.125862297680426, 38.790210967556305 ], [ 0.125895442376389, 38.79019915603989 ], [ 0.125928752607007, 38.790187286928095 ], [ 0.125928752608133, 38.790187286927704 ], [ 0.125961799559548, 38.790175478007995 ], [ 0.125961799560802, 38.790175478007548 ], [ 0.125994948018951, 38.790163595191267 ], [ 0.125994948027572, 38.790163595188154 ], [ 0.126028102267648, 38.790151450054303 ], [ 0.126061172213863, 38.790139641393552 ], [ 0.126094459352155, 38.790127771952726 ], [ 0.126094459450222, 38.790127771913205 ], [ 0.126177913042712, 38.790090077767225 ], [ 0.12638909849178, 38.79000916128107 ], [ 0.126417562179415, 38.789998601075681 ], [ 0.126446081956045, 38.789988297009927 ], [ 0.126446081968848, 38.789988297005209 ], [ 0.126474378937179, 38.789977741247917 ], [ 0.126502888633841, 38.789967180688365 ], [ 0.126531364528881, 38.789956900299103 ], [ 0.126531364540093, 38.789956900295003 ], [ 0.126559805201305, 38.789946340667967 ], [ 0.126559805202452, 38.789946340667541 ], [ 0.12658826041669, 38.789935745509695 ], [ 0.126616557378065, 38.789925190620373 ], [ 0.126645078203342, 38.789914885578078 ], [ 0.126645078208827, 38.789914885576074 ], [ 0.126673547573974, 38.789904456681015 ], [ 0.126673547668237, 38.789904456642219 ], [ 0.126700448297181, 38.789892110348717 ], [ 0.126727396638991, 38.789879802408905 ], [ 0.126727396645514, 38.789879802405913 ], [ 0.126754472357746, 38.789867248714081 ], [ 0.126781471627133, 38.789854921382172 ], [ 0.126808418163153, 38.789842704461904 ], [ 0.126808418168339, 38.789842704459552 ], [ 0.126835273745685, 38.789830381863339 ], [ 0.126862268812636, 38.789818090660212 ], [ 0.126862268821679, 38.789818090656063 ], [ 0.12688934865789, 38.789805500788937 ], [ 0.126916301687653, 38.789793301689343 ], [ 0.126916301691519, 38.789793301687588 ], [ 0.126943295142109, 38.789780974480152 ], [ 0.127061750933811, 38.789730937061009 ], [ 0.127061750989914, 38.789730937035685 ], [ 0.127128588220069, 38.789698777246556 ], [ 0.127301091019264, 38.78961570528265 ], [ 0.12730109105569, 38.789615705264353 ], [ 0.127605894458028, 38.789456247404381 ], [ 0.12787843163882, 38.789325566947824 ], [ 0.127878431651089, 38.789325566941862 ], [ 0.128069815232479, 38.789231191887765 ], [ 0.128217684446756, 38.78916420255932 ], [ 0.128217684478027, 38.789164202544633 ], [ 0.128323415216809, 38.789112733712855 ], [ 0.128323415221493, 38.789112733710553 ], [ 0.128477055317766, 38.789037139184643 ], [ 0.12847705532681, 38.789037139180159 ], [ 0.128581364136289, 38.788984749692339 ], [ 0.128627974037714, 38.788961729999897 ], [ 0.128627974067878, 38.788961729984486 ], [ 0.128682991311583, 38.788932633763409 ], [ 0.128742765249648, 38.788901235319237 ], [ 0.128794579763893, 38.788874314941644 ], [ 0.128877905177635, 38.788840860965344 ], [ 0.128877905216158, 38.788840860949158 ], [ 0.128997173018985, 38.788788402595259 ], [ 0.12899717304085, 38.788788402585389 ], [ 0.129307424468423, 38.788644843463366 ], [ 0.12949048334474, 38.788568274379806 ], [ 0.129490483391909, 38.788568274358951 ], [ 0.129688851511035, 38.788475649944523 ], [ 0.129688851514203, 38.788475649943038 ], [ 0.129860737868562, 38.788394803346854 ], [ 0.129941692331672, 38.788358907776839 ], [ 0.130052162619424, 38.78833112955629 ], [ 0.1301976646096, 38.78830825860895 ], [ 0.130376618048883, 38.788288774174951 ], [ 0.130576498230584, 38.78827619656424 ], [ 0.130806643293252, 38.788268860865401 ], [ 0.131081710862618, 38.788261039690639 ], [ 0.131342874922034, 38.788254770942011 ], [ 0.131342874937353, 38.78825477094157 ], [ 0.131594857306252, 38.788246090317926 ], [ 0.131786801572664, 38.788241786353545 ], [ 0.131874403147574, 38.788241944338395 ], [ 0.132132394221018, 38.788243416391346 ], [ 0.132132394292716, 38.78824341639001 ], [ 0.132843349392472, 38.788212742876325 ], [ 0.133363053695271, 38.788194880084355 ], [ 0.133363053706705, 38.788194880083928 ], [ 0.133397995863898, 38.788193406218376 ], [ 0.133516632902418, 38.788191829094146 ], [ 0.133677294940657, 38.788198086616383 ], [ 0.13367729496166, 38.788198086617051 ], [ 0.133875152205853, 38.788202958073896 ], [ 0.134375637633601, 38.788226155104297 ], [ 0.134375637665475, 38.788226155105434 ], [ 0.134408649569244, 38.788226966932946 ], [ 0.134408649673313, 38.788226966931816 ], [ 0.13445986167196, 38.78822459557378 ], [ 0.134459861732173, 38.788224595569737 ], [ 0.134678052829136, 38.788205451895692 ], [ 0.134931102910278, 38.788184096103997 ], [ 0.135026087718026, 38.788177414001836 ], [ 0.135334071726741, 38.788163789076712 ], [ 0.135694308053777, 38.788147871601495 ], [ 0.135694308086122, 38.788147871599698 ], [ 0.135771871123069, 38.788142724370658 ], [ 0.136049974722333, 38.788124476881293 ], [ 0.136436262292017, 38.788099113405224 ], [ 0.136463489723211, 38.788097422474316 ], [ 0.136679539339382, 38.788085899951035 ], [ 0.136892662759388, 38.788074819608447 ], [ 0.136892662761736, 38.788074819608326 ], [ 0.137452026142441, 38.788044837224135 ], [ 0.138010772715633, 38.788023395523297 ], [ 0.138010772720127, 38.788023395523119 ], [ 0.138147880638683, 38.788017712792822 ], [ 0.138147880655978, 38.788017712791998 ], [ 0.138684014899244, 38.78798914619275 ], [ 0.138684014921697, 38.787989146191379 ], [ 0.139076411670924, 38.787962187250713 ], [ 0.139226473957073, 38.787952064952961 ], [ 0.139226473963622, 38.787952064952506 ], [ 0.139363725529035, 38.787942187862321 ], [ 0.139363725535328, 38.787942187861859 ], [ 0.139592571883084, 38.787924725897007 ], [ 0.139592571932238, 38.78792472589241 ], [ 0.139730130827327, 38.787909529448847 ], [ 0.139730130830493, 38.787909529448491 ], [ 0.139831203082699, 38.787898139309135 ], [ 0.140024518458642, 38.787876735852095 ], [ 0.14008242094564, 38.787870511008919 ], [ 0.14008242095138, 38.787870511008286 ], [ 0.140160460218337, 38.787861807617041 ], [ 0.140160460223744, 38.787861807616423 ], [ 0.140710320051856, 38.787798395053855 ], [ 0.140710320077131, 38.787798395050707 ], [ 0.140906700946576, 38.787772241134697 ], [ 0.14090670094905, 38.78777224113437 ], [ 0.140988178799786, 38.787761246543759 ], [ 0.140988178803304, 38.787761246543276 ], [ 0.141096173223262, 38.787746403398849 ], [ 0.141555327215628, 38.787683067077516 ], [ 0.141555327248349, 38.787683067072628 ], [ 0.142182393586214, 38.787581831352746 ], [ 0.142571971594455, 38.787522981634552 ], [ 0.142888497074109, 38.787482873401629 ], [ 0.142888497087933, 38.78748287339981 ], [ 0.1430284091989, 38.787463772008465 ], [ 0.143235396899301, 38.787445152722668 ], [ 0.143381827481593, 38.787433496799103 ], [ 0.143480551676301, 38.787431409702521 ], [ 0.143599135087772, 38.787436665903506 ], [ 0.143674573725822, 38.787447142234726 ], [ 0.143674573748928, 38.787447142237752 ], [ 0.143766454588842, 38.787458396440712 ], [ 0.143956626580453, 38.787491537973899 ], [ 0.144200012106623, 38.787553501886876 ], [ 0.144200012140672, 38.787553501895097 ], [ 0.14429125313627, 38.787574308671516 ], [ 0.144291253155835, 38.787574308675836 ], [ 0.144450819793105, 38.787608314254094 ], [ 0.144450819903353, 38.787608314273086 ], [ 0.144646516809712, 38.787634238516411 ], [ 0.144646516846606, 38.78763423852083 ], [ 0.144793774482234, 38.78764991898462 ], [ 0.144793774614916, 38.787649918992649 ], [ 0.144909731561117, 38.787651686158867 ], [ 0.145074938429722, 38.787654278606034 ], [ 0.14507493848898, 38.787654278605757 ], [ 0.145115701932535, 38.787653274114966 ], [ 0.145115701991578, 38.787653274112323 ], [ 0.145351240160402, 38.787637958349286 ], [ 0.145698343422817, 38.787616260410182 ], [ 0.145698343484254, 38.787616260405038 ], [ 0.14602176030186, 38.78758228571963 ], [ 0.146021760361579, 38.787582285712119 ], [ 0.146187667945409, 38.78755784950301 ], [ 0.146214304633323, 38.787553992103945 ], [ 0.146214304665354, 38.787553992098935 ], [ 0.14658140963107, 38.787492343769429 ], [ 0.146581409653184, 38.787492343765528 ], [ 0.146926978365885, 38.787428711836903 ], [ 0.14755999107879, 38.787318853930692 ], [ 0.147750488162945, 38.787288013976365 ], [ 0.147750488170555, 38.787288013975115 ], [ 0.147780954659079, 38.787282913352385 ], [ 0.147882462422702, 38.78726653980231 ], [ 0.148063014420658, 38.787243940240849 ], [ 0.148234733287889, 38.787241262679977 ], [ 0.14823473343053, 38.787241262670797 ], [ 0.148250239313666, 38.787239497728308 ], [ 0.148405673521072, 38.787258421450268 ], [ 0.148712495844298, 38.78732897915161 ], [ 0.148748476304088, 38.787338322798441 ], [ 0.148748476305894, 38.787338322798902 ], [ 0.148919502585446, 38.787382490300715 ], [ 0.14917853354692, 38.787449925178024 ], [ 0.149178533570844, 38.787449925184021 ], [ 0.14948318456733, 38.78752349248748 ], [ 0.149483184581294, 38.787523492490784 ], [ 0.149936532547339, 38.787628057586495 ], [ 0.150101113659825, 38.787666145173425 ], [ 0.150101113709334, 38.787666145183941 ], [ 0.150526169620897, 38.787748575679593 ], [ 0.150526169696451, 38.787748575692149 ], [ 0.150749394922561, 38.78777959699778 ], [ 0.150749395044047, 38.787779597009482 ], [ 0.151050049965999, 38.787795922953279 ], [ 0.151050050038278, 38.787795922955418 ], [ 0.151207972283627, 38.787796711484781 ], [ 0.151207972332472, 38.787796711484205 ], [ 0.151351649780136, 38.787792651155328 ], [ 0.151351649905103, 38.787792651146425 ], [ 0.151479525937571, 38.787778013042612 ], [ 0.151516320440626, 38.787773793737188 ], [ 0.151516320442603, 38.787773793736967 ], [ 0.151641914307255, 38.787759217063972 ], [ 0.151641914454254, 38.787759217039131 ], [ 0.151914623412872, 38.787698293127313 ], [ 0.151914623531714, 38.787698293095161 ], [ 0.152040987103497, 38.787657939263326 ], [ 0.152040987103499, 38.787657939263326 ], [ 0.152040987349681, 38.787657939155459 ], [ 0.152194153725201, 38.787569929618982 ], [ 0.152194153753103, 38.787569929602441 ], [ 0.152569210658216, 38.787340352129412 ], [ 0.152947791022863, 38.787124331060689 ], [ 0.153155488835212, 38.787024328991976 ], [ 0.153221311569842, 38.787007424618984 ], [ 0.153221311600513, 38.787007424610728 ], [ 0.153273812868649, 38.786992645732575 ], [ 0.153431285779128, 38.786978461914096 ], [ 0.153465254862666, 38.786980111823098 ], [ 0.153465254895768, 38.78698011182432 ], [ 0.153469080649154, 38.786980211178061 ], [ 0.153507893240414, 38.786982224826403 ], [ 0.153507893242732, 38.786982224826517 ], [ 0.153660108103295, 38.786989880229278 ], [ 0.154002014368921, 38.787014881215256 ], [ 0.154092709797627, 38.787023221538888 ], [ 0.154379624264511, 38.78704995127611 ], [ 0.154379624500633, 38.787049951278995 ], [ 0.154379624732535, 38.787049951244079 ], [ 0.154379624950442, 38.787049951172854 ], [ 0.154379625145172, 38.78704995106829 ], [ 0.154379625308519, 38.787049950934808 ], [ 0.154379625433597, 38.787049950778041 ], [ 0.154379625515134, 38.787049950604569 ], [ 0.154379625549696, 38.787049950421732 ], [ 0.154379625535826, 38.787049950237218 ], [ 0.154371436338776, 38.78701063222853 ], [ 0.154370304223319, 38.787004667519135 ], [ 0.154370304219236, 38.787004667499161 ], [ 0.154367263872574, 38.786990799640826 ], [ 0.154367263871534, 38.78699079963615 ], [ 0.154365099026067, 38.78698122780466 ], [ 0.154365099021518, 38.786981227785738 ], [ 0.154364012981477, 38.786976959982596 ], [ 0.154362175247933, 38.786968410824677 ], [ 0.154362175244739, 38.786968410810523 ], [ 0.15435910342944, 38.786955395130775 ], [ 0.154339369424618, 38.786867093372635 ], [ 0.154333851083408, 38.786786763101098 ], [ 0.1543313668354, 38.786745263075865 ], [ 0.154331366834608, 38.786745263064269 ], [ 0.154329749888656, 38.786724104749752 ], [ 0.154329754322238, 38.786721595727961 ], [ 0.154329754320881, 38.78672159568297 ], [ 0.154317696644936, 38.786527607829782 ], [ 0.154318058513267, 38.786387691691701 ], [ 0.154318058511577, 38.786387691641067 ], [ 0.154310189956994, 38.786274272722828 ], [ 0.154309533544017, 38.786212887015246 ], [ 0.154309050612581, 38.786169265406691 ], [ 0.154309050592488, 38.78616926524677 ], [ 0.154291071994731, 38.786095050669438 ], [ 0.15429107197911, 38.786095050614428 ], [ 0.154214139006252, 38.78585921877432 ], [ 0.154157146219473, 38.785564451776523 ], [ 0.154125027547242, 38.785394473574762 ], [ 0.154125027546029, 38.785394473568495 ], [ 0.154118627323362, 38.78536217453474 ], [ 0.154118627323364, 38.78536217453474 ], [ 0.154118627256285, 38.785362174341508 ], [ 0.154118627136302, 38.785362174164661 ], [ 0.154118626969343, 38.785362174012938 ], [ 0.154113954089266, 38.785358778083371 ], [ 0.154096124058815, 38.785241439524476 ], [ 0.154086881603501, 38.785164344825176 ], [ 0.154086881571281, 38.785164344682023 ], [ 0.15406521031889, 38.785099324126904 ], [ 0.154065210318891, 38.785099324126904 ], [ 0.154065210283981, 38.785099324040303 ], [ 0.154028004643867, 38.785021029902182 ], [ 0.154028004616048, 38.785021029848927 ], [ 0.153980472322704, 38.784937722957203 ], [ 0.153980472290893, 38.784937722905866 ], [ 0.153935687827813, 38.784870943962389 ], [ 0.153912303166622, 38.784830748187481 ], [ 0.153912303166623, 38.784830748187481 ], [ 0.15391230307009, 38.784830748053317 ], [ 0.153861904650836, 38.784772905135199 ], [ 0.153804640503486, 38.784704747996777 ], [ 0.153804640481907, 38.784704747972008 ], [ 0.153758673250354, 38.784653815703237 ], [ 0.153758673172993, 38.78465381562669 ], [ 0.153718425031382, 38.784618148181792 ], [ 0.153718424924713, 38.784618148098879 ], [ 0.153682115668411, 38.784593395513355 ], [ 0.153682115668409, 38.784593395513355 ], [ 0.153682115426763, 38.784593395386764 ], [ 0.153632256660096, 38.784573910474592 ], [ 0.153588362932033, 38.784551907730759 ], [ 0.153588362910382, 38.784551907720171 ], [ 0.1535263650388, 38.78452232754946 ], [ 0.153526365009854, 38.784522327536116 ], [ 0.15347096936983, 38.784497604900238 ], [ 0.153409747425455, 38.78446262103612 ], [ 0.153355294219831, 38.784428337155568 ], [ 0.15328465328986, 38.784377572076039 ], [ 0.153249507827014, 38.784352319503959 ], [ 0.153206365670559, 38.784312086185928 ], [ 0.153187500573492, 38.784279254659069 ], [ 0.153181896362102, 38.784240848941749 ], [ 0.153197622973325, 38.784175628161933 ], [ 0.153242356014896, 38.784040693527203 ], [ 0.15328959263115, 38.783915452182562 ], [ 0.153289592633561, 38.783915452176082 ], [ 0.153347824007032, 38.783756684229928 ], [ 0.153347824007033, 38.783756684229928 ], [ 0.153347824045707, 38.783756684073218 ], [ 0.153353184496877, 38.783715707222527 ], [ 0.153353184499711, 38.783715707064253 ], [ 0.153353184467086, 38.783715706908026 ], [ 0.15335318440001, 38.783715706758692 ], [ 0.15333861748942, 38.78369058749653 ], [ 0.153338617393074, 38.783690587362251 ], [ 0.153338617268903, 38.783690587242795 ], [ 0.153322781783671, 38.783677769226742 ], [ 0.153426364141308, 38.783678586508486 ], [ 0.153535869662642, 38.783691956004994 ], [ 0.153535869748806, 38.78369195601293 ], [ 0.153679340072479, 38.783700879204282 ], [ 0.153822444069921, 38.783712195823533 ], [ 0.15382244409482, 38.783712195825295 ], [ 0.153920366597071, 38.783718260098894 ], [ 0.153920366861965, 38.783718260091312 ], [ 0.153980999299148, 38.7837109907166 ], [ 0.153980999376332, 38.783710990705231 ], [ 0.154009255846006, 38.783706038286645 ], [ 0.154081297128244, 38.783703559578356 ], [ 0.154147090039163, 38.783707479163759 ], [ 0.154184544112483, 38.783711745446652 ], [ 0.154246124478332, 38.783727017158213 ], [ 0.154304686099831, 38.783742239795721 ], [ 0.154363233895036, 38.783757800606743 ], [ 0.154363233991217, 38.783757800628706 ], [ 0.154425211766903, 38.783769683260786 ], [ 0.154425211766904, 38.783769683260786 ], [ 0.154425211918481, 38.783769683281548 ], [ 0.154478130528192, 38.783774104595537 ], [ 0.154478130702842, 38.783774104599665 ], [ 0.15454810044736, 38.78377159959426 ], [ 0.154548100512699, 38.783771599590473 ], [ 0.154628918323154, 38.783765081714321 ], [ 0.154693818522933, 38.783765854041938 ], [ 0.154723149640597, 38.7837713359717 ], [ 0.154769213712252, 38.783791823758811 ], [ 0.154834375672241, 38.783831718273177 ], [ 0.155045788765403, 38.783987497212777 ], [ 0.155045788765405, 38.783987497212777 ], [ 0.155045788868826, 38.783987497280478 ], [ 0.155207348813819, 38.784081243220442 ], [ 0.155301235443888, 38.784139590318119 ], [ 0.155301235470567, 38.784139590334199 ], [ 0.155316309756743, 38.78414840784383 ], [ 0.155591818118142, 38.784318114198051 ], [ 0.155591818124198, 38.784318114201767 ], [ 0.155608646493668, 38.78432833827484 ], [ 0.155608646502661, 38.784328338280254 ], [ 0.155625518708736, 38.784338381892304 ], [ 0.155625518720907, 38.78433838189946 ], [ 0.155642744729377, 38.784348357388929 ], [ 0.155642744758131, 38.784348357405058 ], [ 0.15566010749855, 38.784357779663829 ], [ 0.155660107539856, 38.78435777968523 ], [ 0.155678126518923, 38.784366684218703 ], [ 0.155678126528823, 38.784366684223542 ], [ 0.15569349631591, 38.784374109962243 ], [ 0.155693496354496, 38.784374109980085 ], [ 0.155709025506414, 38.784380973768961 ], [ 0.155709025559361, 38.784380973790952 ], [ 0.155724969124665, 38.784387186756369 ], [ 0.155724969214405, 38.784387186787669 ], [ 0.155741796090773, 38.784392393923149 ], [ 0.155741796162424, 38.784392393943186 ], [ 0.155868668503825, 38.784424240737486 ], [ 0.155868668597708, 38.784424240757673 ], [ 0.156428747993193, 38.784524884742268 ], [ 0.156985040845644, 38.784678613185314 ], [ 0.157338217425019, 38.784783517904984 ], [ 0.157766935724633, 38.784912412555215 ], [ 0.158246940867159, 38.785088239113392 ], [ 0.158329320823275, 38.78512348132962 ], [ 0.158329320823277, 38.78512348132962 ], [ 0.1583293210213, 38.785123481396312 ], [ 0.158329321231744, 38.785123481432912 ], [ 0.158329321447218, 38.785123481438134 ], [ 0.158329321660156, 38.785123481411802 ], [ 0.158329321863077, 38.785123481354844 ], [ 0.158329322048854, 38.785123481269245 ], [ 0.158329322210963, 38.78512348115801 ], [ 0.158329322343709, 38.78512348102506 ], [ 0.158329322442432, 38.785123480875065 ], [ 0.158329322503663, 38.785123480713288 ], [ 0.158329322503661, 38.785123480713288 ], [ 0.158409044877675, 38.784806143123056 ], [ 0.158469586512101, 38.784580411598249 ], [ 0.158534994670446, 38.78442008232053 ], [ 0.158565652319961, 38.784359492667328 ], [ 0.15856565231996, 38.784359492667328 ], [ 0.158565652386523, 38.784359492477115 ], [ 0.158653931888035, 38.78392467382983 ], [ 0.158716939723245, 38.783631440639866 ], [ 0.158716939723954, 38.783631440636526 ], [ 0.158746584690124, 38.783490232292635 ], [ 0.158796706658292, 38.78333019034995 ], [ 0.158803189365094, 38.783316285704863 ], [ 0.158803189365093, 38.783316285704863 ], [ 0.158803189406681, 38.783316285594047 ], [ 0.159039993177623, 38.782493357581757 ], [ 0.159046206991041, 38.782473888294454 ], [ 0.159184230629286, 38.782123350187838 ], [ 0.159300884669178, 38.78182635785361 ], [ 0.159300884692949, 38.781826357783032 ], [ 0.159324463784542, 38.781742713735895 ], [ 0.159471687645584, 38.781672859821242 ], [ 0.159486078990504, 38.7816667138135 ], [ 0.159500648812537, 38.781662003468973 ], [ 0.159515549448644, 38.781658424663718 ], [ 0.159530832717921, 38.781655925545834 ], [ 0.159545978372523, 38.781654114807914 ], [ 0.159561440183614, 38.78165305133917 ], [ 0.15957712488531, 38.781652239484622 ], [ 0.159592771784006, 38.781652108807648 ], [ 0.159592771787, 38.781652108807613 ], [ 0.15960843916773, 38.78165194604432 ], [ 0.15960843916773, 38.781651946044306 ], [ 0.159624102495778, 38.781651796000567 ], [ 0.159637586299694, 38.781651836468029 ], [ 0.159651228043681, 38.781652169945559 ], [ 0.159664535728262, 38.781653043975275 ], [ 0.159677971014264, 38.781654174902137 ], [ 0.159691168590091, 38.781655682519037 ], [ 0.159704442636618, 38.781657332202073 ], [ 0.159717693224108, 38.781659649162854 ], [ 0.159730853017458, 38.781661968583528 ], [ 0.159743861205853, 38.781664529933138 ], [ 0.15975689821194, 38.781667352656115 ], [ 0.15991780295385, 38.781703972012664 ], [ 0.160110354705176, 38.781751080107753 ], [ 0.160110354804681, 38.781751080128323 ], [ 0.160411025430472, 38.781802087915992 ], [ 0.160411025468818, 38.781802087921974 ], [ 0.160805520995009, 38.78185809864722 ], [ 0.16080552099501, 38.78185809864722 ], [ 0.160805521310966, 38.781858098657487 ], [ 0.16090921472491, 38.78185025354032 ], [ 0.160909214990935, 38.781850253494859 ], [ 0.161355195698068, 38.781729260583148 ], [ 0.161355195713438, 38.781729260578878 ], [ 0.162074219351743, 38.781525205877649 ], [ 0.162508773201015, 38.781401770438059 ], [ 0.162794096801906, 38.781320773222816 ], [ 0.162794096846892, 38.781320773209202 ], [ 0.16320249068309, 38.78118942629267 ], [ 0.163360606113252, 38.781230634212513 ], [ 0.163378618318042, 38.781235609933844 ], [ 0.163396312460813, 38.781240810481414 ], [ 0.163414085476859, 38.78124610258341 ], [ 0.163414085482188, 38.781246102584994 ], [ 0.163431825815707, 38.781251306381428 ], [ 0.163449676796685, 38.781256799960026 ], [ 0.163449676815213, 38.781256799965576 ], [ 0.163467417476141, 38.781261984832113 ], [ 0.163467417516848, 38.781261984843333 ], [ 0.163485445163349, 38.781266658343704 ], [ 0.163503444271403, 38.781271337118646 ], [ 0.163503444340274, 38.781271337134697 ], [ 0.163521691042945, 38.781275108326732 ], [ 0.163521691058871, 38.781275108329929 ], [ 0.163540305357616, 38.781278733526626 ], [ 0.163540305541547, 38.781278733550266 ], [ 0.163567439537278, 38.781280471178675 ], [ 0.163594272038688, 38.78128228813862 ], [ 0.163621348402756, 38.781284284064135 ], [ 0.163621348411061, 38.781284284064718 ], [ 0.163648348643325, 38.781286119890517 ], [ 0.163648348650105, 38.781286119890957 ], [ 0.163675435630427, 38.781287835345296 ], [ 0.163702407917254, 38.78128968993277 ], [ 0.163702407924229, 38.781289689933239 ], [ 0.163729357153525, 38.78129141361169 ], [ 0.163756437496449, 38.78129349948432 ], [ 0.163756437513221, 38.781293499485528 ], [ 0.163783336613828, 38.781295260545384 ], [ 0.163810405028539, 38.78129707646832 ], [ 0.163810405176745, 38.781297076470764 ], [ 0.163839587877737, 38.781296082928989 ], [ 0.163839587892726, 38.781296082928407 ], [ 0.163868734418266, 38.781294792171501 ], [ 0.163897897300256, 38.781293871221969 ], [ 0.163897897302981, 38.781293871221891 ], [ 0.163927172720104, 38.781292892262108 ], [ 0.163927172735691, 38.781292892261497 ], [ 0.163956343638075, 38.781291606227285 ], [ 0.163985290627765, 38.781290618136246 ], [ 0.164014407528188, 38.781289698403704 ], [ 0.16401440753361, 38.781289698403512 ], [ 0.164043680557284, 38.781288665427098 ], [ 0.164043680567676, 38.7812886654267 ], [ 0.164072858254414, 38.781287428727339 ], [ 0.164102039305618, 38.78128639822895 ], [ 0.164102039441835, 38.781286398217745 ], [ 0.164130790348072, 38.781282668649084 ], [ 0.164133016462039, 38.781282387603177 ], [ 0.164164155024663, 38.78127864646649 ], [ 0.164164155037612, 38.78127864646487 ], [ 0.164195229566251, 38.781274628686397 ], [ 0.164226366527411, 38.78127085154189 ], [ 0.164226366537229, 38.781270851540654 ], [ 0.164257585547619, 38.781266847847121 ], [ 0.164288718345218, 38.78126310683372 ], [ 0.164288718357699, 38.781263106832178 ], [ 0.164319844798627, 38.781259092118006 ], [ 0.164350810904204, 38.781255355606127 ], [ 0.164350810920988, 38.781255355603996 ], [ 0.164381955366091, 38.781251227776778 ], [ 0.164413088145623, 38.781247486731061 ], [ 0.164413088162037, 38.781247486728994 ], [ 0.164434605890986, 38.78124465131463 ], [ 0.164456118272635, 38.781241851175253 ], [ 0.16445611827904, 38.781241851174407 ], [ 0.164477717886826, 38.781238941463002 ], [ 0.164477717903691, 38.781238941460636 ], [ 0.164499290058786, 38.781235775742523 ], [ 0.164520802424281, 38.781232975592765 ], [ 0.164520802431162, 38.781232975591848 ], [ 0.164542334205777, 38.781230067707604 ], [ 0.164563846808648, 38.781227272948492 ], [ 0.164585440451243, 38.781224619227991 ], [ 0.164607162398085, 38.781222368318467 ], [ 0.164628807696949, 38.781220361815926 ], [ 0.164648667713451, 38.781218584777172 ], [ 0.16466852907771, 38.78121681220285 ], [ 0.16468818232399, 38.781215044366327 ], [ 0.164708030882196, 38.781213528881139 ], [ 0.164727882971273, 38.781212067349365 ], [ 0.164747747831596, 38.781210920772985 ], [ 0.164767753655091, 38.781210228914738 ], [ 0.164787701480284, 38.781209890865355 ], [ 0.164807614298268, 38.781209828526457 ], [ 0.164827610671505, 38.781210614338974 ], [ 0.164846973516416, 38.781211882172087 ], [ 0.164866157476255, 38.781213425111687 ], [ 0.164885293748755, 38.781215581031098 ], [ 0.164904305267036, 38.781218038518965 ], [ 0.164923191130391, 38.781220751652342 ], [ 0.16494214647963, 38.781224020538716 ], [ 0.164960931837355, 38.781227348985539 ], [ 0.164979639138646, 38.781230864222962 ], [ 0.164998358941701, 38.781234635867222 ], [ 0.165017099782577, 38.781238518647328 ], [ 0.165032305263102, 38.78124170540444 ], [ 0.165032305267102, 38.781241705405279 ], [ 0.165047456432177, 38.7812448350765 ], [ 0.165047456445677, 38.781244835079221 ], [ 0.165062648350963, 38.781247819499704 ], [ 0.165077599929768, 38.781251250958825 ], [ 0.165092557290553, 38.781254683158352 ], [ 0.165107324264519, 38.781258728604286 ], [ 0.165122021107299, 38.781262775946466 ], [ 0.16513644830792, 38.781267622455943 ], [ 0.16515063039656, 38.781272755779185 ], [ 0.165164535172767, 38.781278671351707 ], [ 0.165179447539408, 38.781286419886051 ], [ 0.165192675622652, 38.781295119457099 ], [ 0.165205547477967, 38.781304715160552 ], [ 0.165217794986778, 38.781314662032187 ], [ 0.165217794988977, 38.781314662033971 ], [ 0.165228160088932, 38.781323033864993 ], [ 0.165237854148932, 38.781331716667793 ], [ 0.165247406665842, 38.781340425831615 ], [ 0.165256699096707, 38.78134965554549 ], [ 0.165256699101632, 38.781349655550343 ], [ 0.165265865246863, 38.781358631954298 ], [ 0.16526586525441, 38.781358631961609 ], [ 0.165275095941988, 38.781367480485137 ], [ 0.16528429638319, 38.781376711796803 ], [ 0.165284296397015, 38.781376711810395 ], [ 0.165293600495175, 38.781385684471822 ], [ 0.165293600514804, 38.781385684490239 ], [ 0.165303153861597, 38.781394411662326 ], [ 0.165303153876481, 38.781394411675649 ], [ 0.165313037653561, 38.781403089348878 ], [ 0.165313037669175, 38.781403089362321 ], [ 0.165325398294929, 38.781413510631054 ], [ 0.165325398311713, 38.781413510644903 ], [ 0.165338013581903, 38.781423704294781 ], [ 0.165338013587874, 38.781423704299563 ], [ 0.165350718587671, 38.78143381893873 ], [ 0.165363428375273, 38.781444067676951 ], [ 0.165363428395049, 38.781444067692512 ], [ 0.165376282640331, 38.781453939553892 ], [ 0.165376282644252, 38.781453939556883 ], [ 0.165389210021069, 38.781463773399096 ], [ 0.165389210043467, 38.781463773415702 ], [ 0.165402553798054, 38.781473393271064 ], [ 0.165415845184157, 38.781482974005584 ], [ 0.165415845187106, 38.781482974007709 ], [ 0.165429280912893, 38.781492591366217 ], [ 0.165429280932539, 38.781492591379951 ], [ 0.165442963922267, 38.781501944383535 ], [ 0.165442963982549, 38.781501944422025 ], [ 0.1654602742545, 38.781512249487598 ], [ 0.165477733030425, 38.781522789254971 ], [ 0.165477733039032, 38.781522789260116 ], [ 0.165495135283568, 38.781533091825708 ], [ 0.165512548244431, 38.781543636431898 ], [ 0.16551254825254, 38.781543636436766 ], [ 0.165529757449412, 38.781553867659333 ], [ 0.16554709252984, 38.78156421257853 ], [ 0.165564479969031, 38.781574700214826 ], [ 0.165564479976267, 38.78157470021916 ], [ 0.16558193057732, 38.781585054611647 ], [ 0.165599249051228, 38.781595544111177 ], [ 0.165599249059038, 38.781595544115845 ], [ 0.16561665373236, 38.781605900651975 ], [ 0.165616653732357, 38.781605900651975 ], [ 0.16561665395652, 38.781605900756297 ], [ 0.165642198820039, 38.781614896963326 ], [ 0.165642198828691, 38.781614896966353 ], [ 0.16566776287918, 38.781623702561561 ], [ 0.165693287943319, 38.781632771361267 ], [ 0.165693287958212, 38.781632771366453 ], [ 0.165718826993518, 38.781641505558966 ], [ 0.165744634504713, 38.781650584704977 ], [ 0.165770137839007, 38.781659708130078 ], [ 0.16577013785661, 38.781659708136239 ], [ 0.165795676908335, 38.781668442310504 ], [ 0.165821247984772, 38.781677509833735 ], [ 0.16582124799577, 38.781677509837586 ], [ 0.165846790246142, 38.781686315983571 ], [ 0.165872316945969, 38.781695420733655 ], [ 0.165872317135072, 38.78169542078605 ], [ 0.165902236556895, 38.781701474078218 ], [ 0.165902236558911, 38.781701474078623 ], [ 0.165932271251475, 38.781707505318273 ], [ 0.165962195015382, 38.781713630546129 ], [ 0.16596219502076, 38.781713630547223 ], [ 0.165992229521101, 38.78171965727158 ], [ 0.166022009444021, 38.781725808905918 ], [ 0.1660519183544, 38.781732118290577 ], [ 0.166051918368045, 38.781732118293391 ], [ 0.166081952923609, 38.781738145894089 ], [ 0.166111831130868, 38.781744307452158 ], [ 0.166111831138042, 38.781744307453629 ], [ 0.166141865903034, 38.781750339537638 ], [ 0.166171789659287, 38.781756463810339 ], [ 0.166171789898659, 38.781756463838718 ], [ 0.166222496088842, 38.781758246224904 ], [ 0.16622249609767, 38.781758246225174 ], [ 0.16627292945443, 38.781759715278511 ], [ 0.166323405691518, 38.781761502956094 ], [ 0.166373946108116, 38.781763284366882 ], [ 0.166424655448966, 38.781765137748224 ], [ 0.166424655459772, 38.781765137748579 ], [ 0.166475140789089, 38.78176661070983 ], [ 0.166525611082761, 38.781768393956412 ], [ 0.166525611084143, 38.781768393956455 ], [ 0.166576269466522, 38.781770136044955 ], [ 0.166576269472688, 38.781770136045161 ], [ 0.166626873457819, 38.781771663377839 ], [ 0.166677438905865, 38.781773516047181 ], [ 0.166677438970426, 38.781773516048119 ], [ 0.166920582260415, 38.781771732228329 ], [ 0.167217654514747, 38.781794997484404 ], [ 0.167238410259755, 38.781796942421295 ], [ 0.167259028443353, 38.781798873968881 ], [ 0.16727978572852, 38.781801373790373 ], [ 0.167300169402083, 38.78180401346961 ], [ 0.167320648946673, 38.78180712890444 ], [ 0.167340957549249, 38.781810672382939 ], [ 0.167361089941671, 38.781814499007652 ], [ 0.167381288488215, 38.781818676072248 ], [ 0.167401223150121, 38.781823391803449 ], [ 0.167421211759546, 38.781828677202085 ], [ 0.167443493803408, 38.781837410162588 ], [ 0.167443493820278, 38.781837410169068 ], [ 0.1674657366048, 38.781845774860216 ], [ 0.16748806446552, 38.781854501190317 ], [ 0.167488064468934, 38.781854501191646 ], [ 0.167510394942628, 38.781863156281013 ], [ 0.167510394948672, 38.781863156283343 ], [ 0.167532595599897, 38.781871634714307 ], [ 0.167554831513905, 38.781880363526874 ], [ 0.167554831518184, 38.781880363528543 ], [ 0.167577157055778, 38.781889036755835 ], [ 0.167599485187536, 38.781897768464454 ], [ 0.167599485205887, 38.781897768471474 ], [ 0.167621848687426, 38.781906128955782 ], [ 0.167644178049796, 38.781914892079548 ], [ 0.167657118827688, 38.781925022480593 ], [ 0.167670184429414, 38.781935239687222 ], [ 0.167670184450076, 38.781935239702975 ], [ 0.167683466370007, 38.781945117715068 ], [ 0.167696655339007, 38.781955001851131 ], [ 0.167696655340715, 38.78195500185241 ], [ 0.167709985280365, 38.781964950621692 ], [ 0.167722926196422, 38.781975081108357 ], [ 0.167735774943119, 38.781985209582416 ], [ 0.167748103946251, 38.781995946722155 ], [ 0.167760073455508, 38.782006986403225 ], [ 0.167771384919648, 38.782018137578042 ], [ 0.167786019779472, 38.782038865817647 ], [ 0.167800589092855, 38.782059776074654 ], [ 0.167800589100643, 38.782059776085646 ], [ 0.167815433060646, 38.782080390610894 ], [ 0.167830133132105, 38.782101004529174 ], [ 0.167844707268327, 38.782121919151983 ], [ 0.167844707273004, 38.782121919158641 ], [ 0.167859361344087, 38.782142533426274 ], [ 0.167874063239743, 38.782163187834641 ], [ 0.167874063242162, 38.78216318783803 ], [ 0.167888882903417, 38.782183798504015 ], [ 0.167903475467041, 38.782204712617599 ], [ 0.16790347547141, 38.782204712623809 ], [ 0.167918129574671, 38.782225327722053 ], [ 0.167930949913712, 38.782252379744243 ], [ 0.167930949917145, 38.782252379751398 ], [ 0.167943940628568, 38.782279093887553 ], [ 0.167956687205807, 38.782306142563883 ], [ 0.167956687207887, 38.782306142568252 ], [ 0.16796967173412, 38.782333262262753 ], [ 0.167982395580612, 38.782360316959448 ], [ 0.167982395582299, 38.782360316963 ], [ 0.167995151918563, 38.782387091509278 ], [ 0.168008090847071, 38.782414194421207 ], [ 0.168020975311718, 38.782441262774128 ], [ 0.16802097531322, 38.782441262777255 ], [ 0.168033827154027, 38.782467958150889 ], [ 0.168046688609682, 38.782495027043097 ], [ 0.168050008351633, 38.782510341754474 ], [ 0.168050008353996, 38.782510341765004 ], [ 0.168053561829025, 38.782525632197071 ], [ 0.168057030744813, 38.782541222210618 ], [ 0.168057030746485, 38.782541222217944 ], [ 0.168060581987446, 38.782556436138712 ], [ 0.168064108522454, 38.782571767842398 ], [ 0.168064108522788, 38.782571767843848 ], [ 0.168067662801422, 38.78258707626901 ], [ 0.168070980622923, 38.782602373089006 ], [ 0.168074168055575, 38.782617948211659 ], [ 0.168077009775283, 38.782633149843264 ], [ 0.168079608185462, 38.782648704894427 ], [ 0.168081410650438, 38.782667051727479 ], [ 0.168081410651041, 38.782667051733355 ], [ 0.168083337562702, 38.782685115940794 ], [ 0.168085161874074, 38.78270346220242 ], [ 0.168086966383916, 38.782721881072298 ], [ 0.168088755704086, 38.782739930999341 ], [ 0.168088755704487, 38.782739931003285 ], [ 0.168090677732952, 38.782758274613549 ], [ 0.168092500255899, 38.782776580384457 ], [ 0.168094301582355, 38.782794927271112 ], [ 0.168094301582989, 38.782794927277308 ], [ 0.16809623540097, 38.782812991296701 ], [ 0.168098059721135, 38.782831337557283 ], [ 0.168098059727013, 38.782831337601955 ], [ 0.168145585643125, 38.783121335128541 ], [ 0.168111532598085, 38.783303565532741 ], [ 0.168111532586536, 38.783303565691213 ], [ 0.168112456437661, 38.783326656947345 ], [ 0.168113287725743, 38.78334973719943 ], [ 0.168113981663441, 38.783372834693672 ], [ 0.168113981663694, 38.78337283470087 ], [ 0.168114910468845, 38.783395907806025 ], [ 0.168115826153673, 38.783418814604637 ], [ 0.168116663193947, 38.783441894702918 ], [ 0.168116663194049, 38.783441894705582 ], [ 0.168117588201156, 38.783464985927473 ], [ 0.168118281346749, 38.783488065423875 ], [ 0.168118281346864, 38.78348806542742 ], [ 0.168119092839356, 38.783511218289654 ], [ 0.168119092839494, 38.78351121829332 ], [ 0.168120022448285, 38.783534309393595 ], [ 0.168120022448813, 38.783534309404565 ], [ 0.168121157328666, 38.78355462926136 ], [ 0.168122192900899, 38.783574915778189 ], [ 0.16812219290117, 38.783574915783156 ], [ 0.16812337276985, 38.783595211896099 ], [ 0.168124393047029, 38.783615516844193 ], [ 0.168124393047188, 38.783615516847242 ], [ 0.168125515501711, 38.783636075773217 ], [ 0.168125515501851, 38.783636075775696 ], [ 0.168126696409979, 38.78365639528316 ], [ 0.168127731987187, 38.783676681798688 ], [ 0.168127731987412, 38.783676681802874 ], [ 0.168128888271857, 38.783696965043276 ], [ 0.168129930549315, 38.783717246872996 ], [ 0.168129930549484, 38.783717246876122 ], [ 0.168131066233983, 38.783737584695842 ], [ 0.168130241776921, 38.78375836307869 ], [ 0.168129181653697, 38.783779147890392 ], [ 0.168129181653324, 38.783779147898663 ], [ 0.16812836252917, 38.783800020765597 ], [ 0.168127538867566, 38.783820817179787 ], [ 0.168126616693997, 38.783841598250014 ], [ 0.168126616693854, 38.78384159825341 ], [ 0.168125804664396, 38.78386213760573 ], [ 0.168124962348977, 38.783883006596888 ], [ 0.168124138687156, 38.783903803009274 ], [ 0.168123078602759, 38.783924588720431 ], [ 0.168123078602395, 38.783924588728439 ], [ 0.16812225494023, 38.783945385144207 ], [ 0.168122254947793, 38.783945385278884 ], [ 0.168124809287432, 38.783962126196613 ], [ 0.168124809287835, 38.783962126199221 ], [ 0.168127409227822, 38.783978753265679 ], [ 0.168129829881598, 38.783995750048867 ], [ 0.168132149325633, 38.784012384730978 ], [ 0.168132149327972, 38.784012384746497 ], [ 0.168134841239527, 38.784029009317941 ], [ 0.168137371444495, 38.784045750886392 ], [ 0.168137371445054, 38.784045750890023 ], [ 0.168139971193813, 38.784062373461737 ], [ 0.168139971195569, 38.784062373472437 ], [ 0.168142854772624, 38.784079141489556 ], [ 0.168142854774709, 38.784079141501117 ], [ 0.168145995829977, 38.784095771904653 ], [ 0.168145995830844, 38.784095771909151 ], [ 0.168149253441123, 38.784112435184348 ], [ 0.168149253444725, 38.784112435201628 ], [ 0.168152261929312, 38.784126046783534 ], [ 0.168152261933309, 38.784126046800637 ], [ 0.168155536769122, 38.784139331343482 ], [ 0.168158826353974, 38.784152948808405 ], [ 0.168158826358939, 38.784152948827781 ], [ 0.168162431773719, 38.784166264937291 ], [ 0.168166004007277, 38.784179897251889 ], [ 0.168166004012421, 38.784179897270519 ], [ 0.168169873483728, 38.784193224231402 ], [ 0.168173622402486, 38.784206531941081 ], [ 0.168177342430662, 38.784219862959119 ], [ 0.168177342431087, 38.784219862960626 ], [ 0.168181181023571, 38.78423350606338 ], [ 0.168184807293432, 38.784246799084585 ], [ 0.168190124581532, 38.784266307263259 ], [ 0.168195423464905, 38.784285919541524 ], [ 0.168195423466685, 38.78428591954799 ], [ 0.168200802330735, 38.784305128765524 ], [ 0.168206101419239, 38.784324745539422 ], [ 0.168206101421694, 38.784324745548282 ], [ 0.168211631197648, 38.78434424345258 ], [ 0.16821699767376, 38.784363822361428 ], [ 0.168222296327808, 38.784383403113054 ], [ 0.168222296329389, 38.784383403118809 ], [ 0.16822767085745, 38.78440264398504 ], [ 0.168233066083597, 38.784422222113911 ], [ 0.16823840958189, 38.784441801648526 ], [ 0.168238409636242, 38.784441801789804 ], [ 0.168247585517249, 38.78446007375743 ], [ 0.16825675984774, 38.784478310630455 ], [ 0.168265923547688, 38.784496827060465 ], [ 0.168265923548319, 38.784496827061737 ], [ 0.168274982132894, 38.784515049058811 ], [ 0.168274982134585, 38.784515049062186 ], [ 0.168284156480877, 38.784533285934209 ], [ 0.168293330832133, 38.784551522805259 ], [ 0.168302506183622, 38.784569782167608 ], [ 0.168311668912208, 38.784588276098468 ], [ 0.168311668914245, 38.784588276102554 ], [ 0.168320844077614, 38.784606530966478 ], [ 0.168330018648125, 38.784624772332805 ], [ 0.168330018648123, 38.784624772332805 ], [ 0.168330018754984, 38.784624772494844 ], [ 0.168330018901371, 38.784624772636732 ], [ 0.168347312102382, 38.784638432556754 ], [ 0.16834731210463, 38.784638432558523 ], [ 0.168364727056451, 38.784652112594252 ], [ 0.1683647270584, 38.784652112595779 ], [ 0.168382061511849, 38.784665664186342 ], [ 0.168399469378657, 38.78467933990342 ], [ 0.168416762843603, 38.784693005209292 ], [ 0.168416762846675, 38.7846930052117 ], [ 0.168434176788673, 38.784706661841341 ], [ 0.168451609016078, 38.784720341393246 ], [ 0.168468879508716, 38.784734007314327 ], [ 0.168468879510432, 38.78473400731567 ], [ 0.168486171209781, 38.784747632120933 ], [ 0.168486171213249, 38.784747632123661 ], [ 0.168503582790028, 38.78476123475442 ], [ 0.168503582790026, 38.78476123475442 ], [ 0.168503582932438, 38.784761234848929 ], [ 0.168521056440343, 38.784771039524252 ], [ 0.168538019004934, 38.784781002199473 ], [ 0.168554924168895, 38.784791227688473 ], [ 0.168571999983401, 38.784801537733877 ], [ 0.168571999993073, 38.784801537739668 ], [ 0.168588870620259, 38.784811502912689 ], [ 0.168588870627756, 38.78481150291708 ], [ 0.168606046701039, 38.784821477814674 ], [ 0.168606046731186, 38.784821477831592 ], [ 0.168623411167702, 38.784830898083449 ], [ 0.168623411209516, 38.784830898105099 ], [ 0.168641484279316, 38.784839816254369 ], [ 0.168641484326428, 38.784839816276403 ], [ 0.168660167563231, 38.784848088153588 ], [ 0.168660167620019, 38.784848088177114 ], [ 0.168679518032494, 38.784855571698884 ], [ 0.1686795181634, 38.784855571741865 ], [ 0.168692310611779, 38.784859062231412 ], [ 0.168692310743539, 38.784859062260615 ], [ 0.168705560554286, 38.784861341277058 ], [ 0.168705560580171, 38.784861341281264 ], [ 0.168718945314737, 38.784863392317376 ], [ 0.168718945395566, 38.784863392327445 ], [ 0.168733930551035, 38.784864832374325 ], [ 0.168733930577436, 38.784864832376613 ], [ 0.16874921073432, 38.78486602117647 ], [ 0.168764470786718, 38.784867822203573 ], [ 0.16878285638708, 38.784871066261502 ], [ 0.168800908826747, 38.784875206722461 ], [ 0.168818792661369, 38.784879333747952 ], [ 0.168836828329701, 38.784883640426401 ], [ 0.168836828382423, 38.784883640437933 ], [ 0.168855063918485, 38.784887262434111 ], [ 0.168855063943508, 38.784887262438843 ], [ 0.168867519136538, 38.784889505349888 ], [ 0.168867519168992, 38.784889505355352 ], [ 0.168879884734468, 38.78489143989782 ], [ 0.168879884759431, 38.784891439901486 ], [ 0.168892357408835, 38.78489316793668 ], [ 0.16890496341213, 38.784895204051381 ], [ 0.168904963454706, 38.784895204057619 ], [ 0.168917437716804, 38.784896838357547 ], [ 0.16892991006502, 38.784898585316697 ], [ 0.168929910105225, 38.784898585321748 ], [ 0.168942535530382, 38.784899994800824 ], [ 0.168954990582217, 38.784901741323644 ], [ 0.16895499062482, 38.784901741328959 ], [ 0.168967493747754, 38.784903118090369 ], [ 0.168980040808156, 38.784904863013764 ], [ 0.168980040826016, 38.784904863016145 ], [ 0.169269250154381, 38.784941415996542 ], [ 0.169679849110172, 38.784996423085808 ], [ 0.16967984911017, 38.784996423085808 ], [ 0.169679849251851, 38.784996423097787 ], [ 0.169725931615292, 38.784998067309054 ], [ 0.169772341168241, 38.785000108009591 ], [ 0.169772341180922, 38.785000108010088 ], [ 0.169818421643934, 38.785001735120076 ], [ 0.169864747221789, 38.785003413211683 ], [ 0.169910913767341, 38.78500542442039 ], [ 0.169910913778326, 38.785005424420838 ], [ 0.169957002697878, 38.78500708638019 ], [ 0.170003345016459, 38.785008778376238 ], [ 0.170003345018532, 38.785008778376302 ], [ 0.170049569140883, 38.785010400592533 ], [ 0.170095882135351, 38.785012443785781 ], [ 0.170095882147899, 38.785012443786272 ], [ 0.170142061092512, 38.785014085210307 ], [ 0.17014206113288, 38.785014085211188 ], [ 0.170174057273827, 38.785014342444839 ], [ 0.170206068892728, 38.785014819061438 ], [ 0.170206068907683, 38.785014819061587 ], [ 0.170238014278174, 38.785014969552016 ], [ 0.170270010177235, 38.785015221360602 ], [ 0.170302016087455, 38.785015699006713 ], [ 0.170302016097096, 38.785015699006827 ], [ 0.170334202682679, 38.785015968141366 ], [ 0.170334202684813, 38.78501596814138 ], [ 0.170366201830804, 38.785016189205948 ], [ 0.170366201834384, 38.785016189205976 ], [ 0.170398215934859, 38.785016332380586 ], [ 0.170430154659562, 38.785016852354993 ], [ 0.170430154672973, 38.785016852355163 ], [ 0.170462293418437, 38.785017082212292 ], [ 0.170505999828562, 38.785020952719734 ], [ 0.170505999828562, 38.785020952719726 ], [ 0.170549684391914, 38.785024874259314 ], [ 0.170549684395225, 38.785024874259605 ], [ 0.170593607149272, 38.785028716343561 ], [ 0.170637312830678, 38.785032568810635 ], [ 0.170680995012718, 38.785036436313355 ], [ 0.170680995014563, 38.785036436313518 ], [ 0.170724842254012, 38.785040262380917 ], [ 0.170768530538027, 38.78504424139259 ], [ 0.170768530543761, 38.785044241393095 ], [ 0.170812446807899, 38.785048066453662 ], [ 0.170812446807897, 38.785048066453662 ], [ 0.170856135862724, 38.785051932802951 ], [ 0.170899890342467, 38.785055873926986 ], [ 0.170919185205924, 38.785058854225404 ], [ 0.170938625610547, 38.785061871114621 ], [ 0.170938625612531, 38.785061871114934 ], [ 0.170957990608954, 38.785064848609132 ], [ 0.170977430817267, 38.785067860992882 ], [ 0.170996748923823, 38.785070845159723 ], [ 0.170996748925698, 38.785070845159993 ], [ 0.171016181739892, 38.785073820800022 ], [ 0.17103552289029, 38.785077169183708 ], [ 0.171035522895575, 38.785077169184618 ], [ 0.17105487696399, 38.785080445147337 ], [ 0.171074162007878, 38.78508372207888 ], [ 0.171093336958168, 38.785087241628915 ], [ 0.171093336965007, 38.785087241630144 ], [ 0.171107856492401, 38.785089833617654 ], [ 0.17112251382136, 38.785092444382009 ], [ 0.17112251384367, 38.785092444385803 ], [ 0.171137045741011, 38.785094796400195 ], [ 0.171151680066638, 38.78509740778302 ], [ 0.171166053937444, 38.785099985699745 ], [ 0.171180562814025, 38.785102857229788 ], [ 0.171194821684731, 38.785106086885015 ], [ 0.171208870487496, 38.785109744748134 ], [ 0.171222918961648, 38.785114070158677 ], [ 0.171236546785952, 38.785118902470195 ], [ 0.171247681222266, 38.785123415139239 ], [ 0.171258526209758, 38.785128174409508 ], [ 0.171269176859256, 38.785132938048932 ], [ 0.171279307422914, 38.78513819867301 ], [ 0.171289361948261, 38.78514379469113 ], [ 0.171299215611857, 38.785149688943207 ], [ 0.171308639207515, 38.78515585162755 ], [ 0.171317943367671, 38.785162202225457 ], [ 0.171326862403053, 38.785169211908915 ], [ 0.171335371055921, 38.785176155269461 ], [ 0.171344558278646, 38.785184540504716 ], [ 0.171346768496781, 38.785186624519795 ], [ 0.171357538254647, 38.785197214424876 ], [ 0.17136737143176, 38.785208460378811 ], [ 0.171376782269293, 38.785219681778791 ], [ 0.171385647597985, 38.785231449508373 ], [ 0.171394038403698, 38.785243158062414 ], [ 0.171401951599889, 38.785255230937736 ], [ 0.171410010585646, 38.785267502557204 ], [ 0.171417590973094, 38.785279493488197 ], [ 0.171425165704614, 38.785291850298634 ], [ 0.171435375931644, 38.785312662242319 ], [ 0.17144539275319, 38.785333420916189 ], [ 0.171455492875014, 38.785354474614451 ], [ 0.171465466671187, 38.785375274996973 ], [ 0.171465466673615, 38.785375275001989 ], [ 0.171475599624667, 38.785396030519408 ], [ 0.171485697333049, 38.785416899601074 ], [ 0.171485697333048, 38.785416899601074 ], [ 0.171495717131836, 38.785437698730334 ], [ 0.171505771300548, 38.785458753671499 ], [ 0.171505771302029, 38.785458753674597 ], [ 0.171515814105725, 38.785479552177549 ], [ 0.171515814106881, 38.785479552179915 ], [ 0.171525930583274, 38.785500325215004 ], [ 0.171601078564585, 38.785718095712085 ], [ 0.17160107860991, 38.785718095817209 ], [ 0.171703256701915, 38.785914262400404 ], [ 0.17170325673899, 38.785914262464317 ], [ 0.171721233443248, 38.78594230008666 ], [ 0.171721233443246, 38.78594230008666 ], [ 0.171739139388627, 38.785970299087872 ], [ 0.171756882956824, 38.78599837366685 ], [ 0.171756882960621, 38.78599837367279 ], [ 0.171774909844811, 38.786026373887118 ], [ 0.171792897780436, 38.786054663433724 ], [ 0.17181078533546, 38.786082739499065 ], [ 0.171810785337046, 38.786082739501552 ], [ 0.171828760332775, 38.786110736611683 ], [ 0.171846523773476, 38.786138738565676 ], [ 0.171846523776454, 38.786138738570344 ], [ 0.171864544985485, 38.786166738922773 ], [ 0.171882386859548, 38.786194847744504 ], [ 0.171882386955951, 38.786194847869716 ], [ 0.171913295808763, 38.786228475324997 ], [ 0.171913295811541, 38.786228475328002 ], [ 0.171944312032238, 38.78626192778998 ], [ 0.17197524278565, 38.78629555463106 ], [ 0.171975242786897, 38.78629555463241 ], [ 0.172006120313165, 38.786328992826881 ], [ 0.172036890368891, 38.786362732120431 ], [ 0.172036890372465, 38.786362732124324 ], [ 0.172067914934088, 38.786396369904772 ], [ 0.172098814592514, 38.786429811977357 ], [ 0.172129746445306, 38.786463434241796 ], [ 0.17212974644743, 38.786463434244098 ], [ 0.172160764670888, 38.78649692712888 ], [ 0.172191627604075, 38.786530551246891 ], [ 0.172191627604074, 38.786530551246891 ], [ 0.172191627678827, 38.786530551319984 ], [ 0.172228808440726, 38.786563265043924 ], [ 0.172228808441707, 38.786563265044791 ], [ 0.172266166183234, 38.786596049619433 ], [ 0.172303427563868, 38.78662902237739 ], [ 0.172303427565837, 38.786629022379131 ], [ 0.17234056850533, 38.786661718229333 ], [ 0.172340568507971, 38.786661718231656 ], [ 0.172377986428395, 38.786694429963909 ], [ 0.172415096746482, 38.786727108602598 ], [ 0.172415096747787, 38.786727108603742 ], [ 0.172452376780548, 38.786759824056837 ], [ 0.172489487882929, 38.786792908038329 ], [ 0.172489487890335, 38.786792908044866 ], [ 0.172526905948987, 38.78682561972343 ], [ 0.172564040194641, 38.786858315678799 ], [ 0.17256404027504, 38.786858315742847 ], [ 0.172600761556632, 38.78688478979646 ], [ 0.172637567371435, 38.786911611978759 ], [ 0.172637567376786, 38.786911611982639 ], [ 0.172674357692842, 38.786938084137645 ], [ 0.172711083005588, 38.786964647229659 ], [ 0.172747793428554, 38.786991418817827 ], [ 0.172747793434838, 38.786991418822367 ], [ 0.172784605784913, 38.787017866917978 ], [ 0.172821309188236, 38.787044453093586 ], [ 0.172821309191598, 38.787044453096023 ], [ 0.172858121834525, 38.787070906563919 ], [ 0.172894930235102, 38.787097782642263 ], [ 0.172894930240435, 38.787097782646129 ], [ 0.172931650619312, 38.787124256617233 ], [ 0.172931650619311, 38.787124256617233 ], [ 0.172931650821947, 38.787124256734032 ], [ 0.172969608652261, 38.787141471262217 ], [ 0.172969608660297, 38.787141471265826 ], [ 0.173007650734235, 38.787158405119847 ], [ 0.173045400550151, 38.787175755899156 ], [ 0.173045400563595, 38.787175755905245 ], [ 0.17308337289992, 38.787192673613816 ], [ 0.173121405171873, 38.787209904083348 ], [ 0.173121405177907, 38.787209904086069 ], [ 0.173159403136014, 38.787226879628783 ], [ 0.173197383711435, 38.787244111478806 ], [ 0.173197383714208, 38.787244111480064 ], [ 0.173235171383029, 38.787261145865799 ], [ 0.173235171383028, 38.787261145865799 ], [ 0.173273157336928, 38.787278342411589 ], [ 0.173273157342593, 38.787278342414133 ], [ 0.173311149586958, 38.787295317162538 ], [ 0.17331114958696, 38.787295317162538 ], [ 0.173311149753339, 38.787295317223652 ], [ 0.173848464842192, 38.787453020962261 ], [ 0.173417070672981, 38.788014411735205 ], [ 0.173417070669009, 38.788014411740399 ], [ 0.173375629118325, 38.788069172376019 ], [ 0.173375629110508, 38.788069172386507 ], [ 0.173368362462873, 38.788079076770131 ], [ 0.173360943371163, 38.788088814132358 ], [ 0.173360943363326, 38.788088814142803 ], [ 0.173353624972852, 38.788098719938453 ], [ 0.173353624966032, 38.78809871994779 ], [ 0.173346432078132, 38.788108730435702 ], [ 0.173346432074455, 38.788108730440861 ], [ 0.173339402730248, 38.788118665312673 ], [ 0.173332300213748, 38.788128637307693 ], [ 0.173332300205828, 38.788128637318991 ], [ 0.173325455359582, 38.788138579788438 ], [ 0.173325455348226, 38.788138579805356 ], [ 0.1733187239939, 38.78814887502984 ], [ 0.173312113873867, 38.788158815619632 ], [ 0.173312113867491, 38.788158815629366 ], [ 0.173305474279999, 38.788169103856966 ], [ 0.173305474270463, 38.788169103872079 ], [ 0.173297121340743, 38.788182672790725 ], [ 0.173297121332258, 38.788182672804822 ], [ 0.173288965360092, 38.788196530052296 ], [ 0.173288965354193, 38.788196530062486 ], [ 0.17328106880886, 38.788210397374066 ], [ 0.173281068805818, 38.788210397379451 ], [ 0.173273272022438, 38.78822433404823 ], [ 0.173273272020658, 38.788224334051442 ], [ 0.173265588953375, 38.788238213576555 ], [ 0.17326558894557, 38.788238213591008 ], [ 0.173258263266138, 38.78825210592121 ], [ 0.173250671332817, 38.788266353221751 ], [ 0.173243198196831, 38.788280191002329 ], [ 0.173243198190935, 38.788280191013435 ], [ 0.173235832747475, 38.788294354683565 ], [ 0.173228506857922, 38.788308242512521 ], [ 0.173228506852599, 38.788308242522795 ], [ 0.173220264336209, 38.788324429959999 ], [ 0.173211902108064, 38.788340539572296 ], [ 0.173211902105849, 38.788340539576588 ], [ 0.173203661975361, 38.78835665127751 ], [ 0.173203661971683, 38.788356651284793 ], [ 0.173195586744812, 38.78837284768295 ], [ 0.173187091581401, 38.788389204138568 ], [ 0.173187091577088, 38.788389204146995 ], [ 0.173178966362405, 38.788405311819808 ], [ 0.173170748972031, 38.788421417493893 ], [ 0.173170748971514, 38.788421417494902 ], [ 0.173162511667905, 38.788437619200408 ], [ 0.173154149966047, 38.78845371528076 ], [ 0.173154149961929, 38.788453715288782 ], [ 0.173146002537788, 38.788469841582412 ], [ 0.173146002520232, 38.788469841619531 ], [ 0.173140217735507, 38.788482948837675 ], [ 0.173134278213965, 38.788495785496771 ], [ 0.173134278206662, 38.788495785513035 ], [ 0.173128590690714, 38.788508854053056 ], [ 0.173122683181273, 38.788521893438705 ], [ 0.173122683179105, 38.788521893443537 ], [ 0.173116983128147, 38.788534705581455 ], [ 0.173116983125378, 38.788534705587743 ], [ 0.173111291452454, 38.788547810274522 ], [ 0.173105347053162, 38.788560926334547 ], [ 0.173105347047816, 38.788560926346591 ], [ 0.173099786546814, 38.78857377072535 ], [ 0.173094095664387, 38.788586893412216 ], [ 0.173094095662169, 38.788586893417389 ], [ 0.173088524892615, 38.788599999326635 ], [ 0.173088524888291, 38.788599999337023 ], [ 0.17308048884634, 38.788619699948143 ], [ 0.173080488844845, 38.788619699951838 ], [ 0.173072527878733, 38.788639510229537 ], [ 0.17306454391569, 38.788659321131071 ], [ 0.173056581791499, 38.788679131439864 ], [ 0.17304853367252, 38.78869918281535 ], [ 0.173048533672085, 38.78869918281643 ], [ 0.173040617566875, 38.788718992771912 ], [ 0.173032587601581, 38.788738804920577 ], [ 0.173032587600184, 38.788738804924058 ], [ 0.173024671447122, 38.788758613978437 ], [ 0.173016641473435, 38.788778426126761 ], [ 0.173016641472434, 38.788778426129255 ], [ 0.173008722116324, 38.788798163202273 ], [ 0.173008722106063, 38.788798163229316 ], [ 0.172903774119212, 38.789091580055022 ], [ 0.172903774112449, 38.789091580074796 ], [ 0.17283891433462, 38.789290207017565 ], [ 0.172690676909019, 38.789734525457675 ], [ 0.172640208108046, 38.789875487551448 ], [ 0.172640208095794, 38.789875487588709 ], [ 0.172529352691033, 38.790245264588215 ], [ 0.172392127567976, 38.790649343370511 ], [ 0.172392127560432, 38.790649343393966 ], [ 0.172313876802161, 38.790907534473469 ], [ 0.1723131644583, 38.790908990661336 ], [ 0.172313164429528, 38.790908990727793 ], [ 0.172033989064832, 38.791647435322126 ], [ 0.172033989064834, 38.791647435322126 ], [ 0.172033989022877, 38.791647435491107 ], [ 0.172033989022778, 38.791647435663236 ], [ 0.172033989064545, 38.791647435832253 ], [ 0.172033989146648, 38.791647435991948 ], [ 0.172033989266085, 38.791647436136493 ], [ 0.172033989418492, 38.791647436260611 ], [ 0.172033989598297, 38.791647436359767 ], [ 0.17207749544351, 38.791666843161671 ], [ 0.172072930842603, 38.791678240865949 ], [ 0.172066008138982, 38.79169383380431 ], [ 0.17205874444023, 38.791709161246636 ], [ 0.172050985719253, 38.791724461598584 ], [ 0.172042788627314, 38.791739481085592 ], [ 0.172034464908357, 38.791754396817666 ], [ 0.172025963930487, 38.791769442587416 ], [ 0.172017295442295, 38.791784474892339 ], [ 0.172017295439513, 38.791784474897213 ], [ 0.172008786308572, 38.791799466839777 ], [ 0.172008786307822, 38.791799466841084 ], [ 0.172000348160245, 38.791814398297852 ], [ 0.172000348153728, 38.791814398309612 ], [ 0.171992174884791, 38.791829436045099 ], [ 0.171981255322448, 38.791845750162224 ], [ 0.171981255320266, 38.7918457501655 ], [ 0.171970385712671, 38.791862153041272 ], [ 0.171959482016648, 38.791878462250956 ], [ 0.171959482015351, 38.791878462252896 ], [ 0.171948567247138, 38.791894885273308 ], [ 0.171937692635839, 38.791911175673135 ], [ 0.171926922412636, 38.79192722450594 ], [ 0.171926922410208, 38.791927224509578 ], [ 0.171916023684611, 38.791943646188869 ], [ 0.171905149856154, 38.791959954583639 ], [ 0.171894230274763, 38.791976269624612 ], [ 0.171894230272658, 38.791976269627774 ], [ 0.171883360437464, 38.791992667982299 ], [ 0.171530829567648, 38.792473424675237 ], [ 0.171479601457535, 38.792540315882675 ], [ 0.171479601439615, 38.792540315906919 ], [ 0.171427085708857, 38.792613993189782 ], [ 0.171427085706282, 38.792613993193413 ], [ 0.171417550097718, 38.792627517529553 ], [ 0.171407579323553, 38.792640832957169 ], [ 0.171396838145013, 38.792653777404063 ], [ 0.171384394310114, 38.792665575329856 ], [ 0.17136961256023, 38.792676179173185 ], [ 0.17130582779288, 38.792714001660912 ], [ 0.171305827792881, 38.792714001660912 ], [ 0.171305827703649, 38.792714001725372 ], [ 0.171305827637814, 38.792714001771671 ], [ 0.17116247693624, 38.792836952987962 ], [ 0.171162476932445, 38.792836952991223 ], [ 0.171149828670613, 38.792847908814146 ], [ 0.171149828646932, 38.792847908835313 ], [ 0.171137282650006, 38.79285948347821 ], [ 0.171137282642095, 38.792859483485579 ], [ 0.171125333066344, 38.792870750044038 ], [ 0.171125333027546, 38.79287075008272 ], [ 0.171113918658338, 38.792882793964694 ], [ 0.171113918641281, 38.792882793983189 ], [ 0.171102975342946, 38.792894973710901 ], [ 0.171102975323227, 38.792894973733588 ], [ 0.170992926186969, 38.793025748620096 ], [ 0.170876276774392, 38.79315435681076 ], [ 0.170867134659872, 38.793163519179686 ], [ 0.170856898684674, 38.793171895976172 ], [ 0.170846119210609, 38.793179828108549 ], [ 0.170834645869142, 38.793187428652388 ], [ 0.170821123328959, 38.793195543394624 ], [ 0.170806876176402, 38.793202867043057 ], [ 0.170792477674061, 38.793209789421034 ], [ 0.170777591500832, 38.793216487212483 ], [ 0.170762587966811, 38.793222615238996 ], [ 0.170746684238756, 38.793228691144186 ], [ 0.170730720103879, 38.793234417350511 ], [ 0.17071427470728, 38.793239959330513 ], [ 0.170697715229614, 38.793244616153203 ], [ 0.170680848989489, 38.793249078611147 ], [ 0.170669007058784, 38.793251612774057 ], [ 0.170657035529424, 38.793253820742585 ], [ 0.170645123555504, 38.793255788363254 ], [ 0.170633175874844, 38.793257495700132 ], [ 0.170621050057524, 38.793258820503141 ], [ 0.170621050018338, 38.793258820507965 ], [ 0.170608934392106, 38.79326047925597 ], [ 0.170596975313412, 38.793261930154287 ], [ 0.170584944645376, 38.793263324440389 ], [ 0.170584944609773, 38.793263324444951 ], [ 0.170572808330444, 38.793265036902589 ], [ 0.170572808328898, 38.793265036902817 ], [ 0.170560905996133, 38.793266729492167 ], [ 0.170560905979029, 38.793266729494704 ], [ 0.170405109054262, 38.79329079617505 ], [ 0.170405108995943, 38.793290796185303 ], [ 0.170210653673554, 38.793329142526559 ], [ 0.170091877259544, 38.793162371176578 ], [ 0.170091877121752, 38.793162371023207 ], [ 0.170091876946355, 38.793162370895487 ], [ 0.170091876740961, 38.793162370798967 ], [ 0.17009187651448, 38.793162370737853 ], [ 0.17009187627673, 38.793162370714747 ], [ 0.169962017500599, 38.793160421612924 ], [ 0.169962017444291, 38.793160421613152 ], [ 0.168991649317522, 38.793183034651264 ], [ 0.168672480811835, 38.793189987805221 ], [ 0.168672480699123, 38.793189987812035 ], [ 0.168388084904515, 38.79321821084482 ], [ 0.168370140980661, 38.793219787916087 ], [ 0.168352139400088, 38.793220479195426 ], [ 0.16833432137596, 38.793220611457031 ], [ 0.168316374460492, 38.79322043281136 ], [ 0.168298570327013, 38.793219735891675 ], [ 0.168280623627269, 38.793219042838643 ], [ 0.168262818008796, 38.793217792821011 ], [ 0.168262817991371, 38.793217792819881 ], [ 0.168244878714405, 38.793216748219464 ], [ 0.168244878711155, 38.793216748219287 ], [ 0.168227108538535, 38.793215753078726 ], [ 0.168227108536961, 38.79321575307862 ], [ 0.168209170742452, 38.793214767889815 ], [ 0.168209170719971, 38.793214767888749 ], [ 0.168192284163932, 38.793214100101572 ], [ 0.168175288132329, 38.793213065927091 ], [ 0.168175288126665, 38.793213065926764 ], [ 0.168158417340807, 38.793212104923171 ], [ 0.168158417337413, 38.793212104922986 ], [ 0.168141518296361, 38.793211181619661 ], [ 0.168124618584077, 38.7932102168932 ], [ 0.168107755266942, 38.793208904342997 ], [ 0.168090928645155, 38.793207407016112 ], [ 0.168074071789531, 38.793205851048889 ], [ 0.168074071785899, 38.79320585104854 ], [ 0.168057198353168, 38.793204336070637 ], [ 0.168040460918967, 38.793202227331122 ], [ 0.167709690928952, 38.793160692613988 ], [ 0.167154463306748, 38.793078868335961 ], [ 0.167154463273578, 38.79307886833147 ], [ 0.166475512159921, 38.792994822868515 ], [ 0.166146894777105, 38.792942044605446 ], [ 0.165888349830501, 38.792898656564176 ], [ 0.165888349613222, 38.792898656544367 ], [ 0.165888349395077, 38.792898656557099 ], [ 0.165888349183955, 38.792898656601906 ], [ 0.165888348987488, 38.792898656677188 ], [ 0.165888348812779, 38.792898656780203 ], [ 0.165888348666148, 38.792898656907241 ], [ 0.165888348552894, 38.792898657053705 ], [ 0.165827575624074, 38.792997371183816 ], [ 0.16582757559142, 38.792997371242031 ], [ 0.165768395436781, 38.793113882460808 ], [ 0.165617506198669, 38.793124638918187 ], [ 0.165393178306462, 38.793138566714838 ], [ 0.165062425041439, 38.793155931859637 ], [ 0.165046754166736, 38.793156617993056 ], [ 0.165046754131206, 38.793156617995045 ], [ 0.165031055341532, 38.79315768775281 ], [ 0.16501535146022, 38.793158668460364 ], [ 0.165015351453611, 38.793158668460791 ], [ 0.164999651873461, 38.793159720218078 ], [ 0.164984199279532, 38.793160526546593 ], [ 0.164984199266255, 38.793160526547339 ], [ 0.164968512945101, 38.793161487854157 ], [ 0.164952823910693, 38.793162283472071 ], [ 0.164921253262673, 38.793163139409032 ], [ 0.164905586867714, 38.793163380372796 ], [ 0.164891391885397, 38.793163341811287 ], [ 0.16487738596702, 38.793163257583181 ], [ 0.164863223031404, 38.793162902845282 ], [ 0.164863223028745, 38.793162902845218 ], [ 0.16484899785416, 38.793162572314692 ], [ 0.164834824757386, 38.793161962002088 ], [ 0.164820793181527, 38.793161324427615 ], [ 0.16482079317781, 38.793161324427444 ], [ 0.164806574041442, 38.793160714457983 ], [ 0.16479242431907, 38.793160008014574 ], [ 0.16477845177211, 38.793159117492699 ], [ 0.16477845176719, 38.793159117492387 ], [ 0.164764289714727, 38.793158262735609 ], [ 0.164752022727493, 38.793157415158724 ], [ 0.164740073324691, 38.793156486900614 ], [ 0.164740073312167, 38.793156486899683 ], [ 0.164727800580052, 38.793155639476296 ], [ 0.164715635914905, 38.793154528771417 ], [ 0.164703606773531, 38.793153359436324 ], [ 0.164703606764631, 38.793153359435486 ], [ 0.164691443391228, 38.793152252294412 ], [ 0.164679508616243, 38.793151134450426 ], [ 0.164667249895383, 38.793149953319727 ], [ 0.164655326021242, 38.793148561315206 ], [ 0.16465532599156, 38.793148561312059 ], [ 0.164643067455859, 38.793147384676324 ], [ 0.164628742146952, 38.793145962276668 ], [ 0.164614384465184, 38.793144432648432 ], [ 0.164614384454267, 38.79314443264731 ], [ 0.164600059385168, 38.793143015642791 ], [ 0.164585730448068, 38.793141485231807 ], [ 0.164585730437306, 38.793141485230706 ], [ 0.164571405142489, 38.79314006282511 ], [ 0.164557087863641, 38.793138275348696 ], [ 0.164557087831214, 38.793138275345022 ], [ 0.164542974692557, 38.793136834573971 ], [ 0.164528668873055, 38.793134785533695 ], [ 0.164514360281793, 38.79313270052694 ], [ 0.164514360269396, 38.793132700525192 ], [ 0.164500295906753, 38.793130775559312 ], [ 0.16441197902621, 38.79311671253712 ], [ 0.164411978992332, 38.793116712532132 ], [ 0.164343583160408, 38.793107482236437 ], [ 0.164331909752964, 38.793105767203265 ], [ 0.164331909746664, 38.793105767202356 ], [ 0.1643203777066, 38.79310412491219 ], [ 0.164308952805098, 38.793102146395597 ], [ 0.164308952799523, 38.793102146394638 ], [ 0.164297291036216, 38.793100174294082 ], [ 0.164285841570702, 38.793098161303647 ], [ 0.164285841519086, 38.793098161295539 ], [ 0.164274149317808, 38.79309654136005 ], [ 0.164262625101483, 38.793094529496877 ], [ 0.164262625020727, 38.793094529485138 ], [ 0.164250944166886, 38.793093165986654 ], [ 0.164239362955443, 38.79309145295187 ], [ 0.164239362886312, 38.793091452943337 ], [ 0.164227663416978, 38.793090293540516 ], [ 0.164227663386053, 38.79309029353778 ], [ 0.164206896072753, 38.793088680847688 ], [ 0.16420689605226, 38.793088680846239 ], [ 0.164185927033716, 38.793087348385015 ], [ 0.164185926993386, 38.793087348383011 ], [ 0.164164863728524, 38.793086591425777 ], [ 0.164164863711614, 38.793086591425265 ], [ 0.164144053200975, 38.793086083460345 ], [ 0.164144053183098, 38.793086083460011 ], [ 0.164122987834382, 38.793085825633554 ], [ 0.164122987821569, 38.793085825633469 ], [ 0.164108603518643, 38.793085774990772 ], [ 0.164108603466309, 38.793085774991518 ], [ 0.16409420044527, 38.793086237449252 ], [ 0.164079825872794, 38.793086406351733 ], [ 0.164079825831199, 38.79308640635282 ], [ 0.164065611736387, 38.793086976294994 ], [ 0.164051204145495, 38.793087439772208 ], [ 0.164051204111765, 38.793087439773686 ], [ 0.164036787066013, 38.793088235926312 ], [ 0.164022466154208, 38.793088993436776 ], [ 0.164022466150808, 38.793088993436967 ], [ 0.164008050251918, 38.793089789555026 ], [ 0.164008050227986, 38.793089789556532 ], [ 0.163993878879369, 38.793090805162514 ], [ 0.163979464582941, 38.793091637268084 ], [ 0.163979464581461, 38.793091637268169 ], [ 0.16396665141683, 38.793092389941307 ], [ 0.163966651371727, 38.793092389944661 ], [ 0.163954016293171, 38.793093525163599 ], [ 0.163941198408402, 38.793094665335659 ], [ 0.163928513401253, 38.793095712718774 ], [ 0.163928513390366, 38.793095712719705 ], [ 0.163915931202851, 38.793096846500745 ], [ 0.16390336033379, 38.793097871869293 ], [ 0.163903360321267, 38.793097871870387 ], [ 0.163890519082339, 38.793099030687486 ], [ 0.163890519054712, 38.79309903069025 ], [ 0.16387778153196, 38.793100425422487 ], [ 0.163864985686647, 38.793101178514789 ], [ 0.163864985640986, 38.793101178518185 ], [ 0.163852379510803, 38.793102317445303 ], [ 0.163829635076618, 38.793104019421172 ], [ 0.163806798102586, 38.793105711288561 ], [ 0.163784064168587, 38.793107156222987 ], [ 0.163761104948629, 38.793108296458627 ], [ 0.163738251748829, 38.793109101395856 ], [ 0.163724459657232, 38.793109583285712 ], [ 0.16372445964903, 38.793109583286025 ], [ 0.163710716935848, 38.793110140409908 ], [ 0.16369689669634, 38.793110610447151 ], [ 0.163696896685182, 38.793110610447563 ], [ 0.163682942065478, 38.793111191328499 ], [ 0.163669220127497, 38.793111671310427 ], [ 0.163655391346469, 38.793111843386946 ], [ 0.163641587789924, 38.793111519300474 ], [ 0.16362778294193, 38.793111191644755 ], [ 0.163613913848673, 38.793110036031763 ], [ 0.163600179112596, 38.793108561469658 ], [ 0.163497447622967, 38.793094798309845 ], [ 0.163442618715769, 38.793084181854226 ], [ 0.163272546326532, 38.793047172125114 ], [ 0.163272546299307, 38.793047172119458 ], [ 0.163055565728896, 38.793004403668029 ], [ 0.162924874482004, 38.792973037859404 ], [ 0.162652513896287, 38.792889040881576 ], [ 0.162516689982937, 38.79283648557989 ], [ 0.162370612790766, 38.792766794054934 ], [ 0.162278783247618, 38.792716442928167 ], [ 0.16227878319533, 38.792716442901124 ], [ 0.16192691633712, 38.792545074800117 ], [ 0.161663397318023, 38.79240554053856 ], [ 0.161663397318023, 38.79240554053856 ], [ 0.161663397122079, 38.792405540455221 ], [ 0.161663396909275, 38.792405540403045 ], [ 0.161663396687604, 38.792405540383982 ], [ 0.161663396465399, 38.792405540398747 ], [ 0.161663396251007, 38.792405540446786 ], [ 0.161663396052486, 38.792405540526289 ], [ 0.161663395877296, 38.792405540634277 ], [ 0.161663395732017, 38.79240554076668 ], [ 0.16166339562211, 38.792405540918551 ], [ 0.161634372709284, 38.79245664056873 ], [ 0.161634372698696, 38.792456640587979 ], [ 0.16162936652499, 38.79246603801991 ], [ 0.161629366505048, 38.792466038060027 ], [ 0.16162482148212, 38.792475868032263 ], [ 0.161624821473889, 38.79247586805068 ], [ 0.161620634791455, 38.792485575708952 ], [ 0.161620634779123, 38.792485575739299 ], [ 0.161616787129248, 38.792495661589633 ], [ 0.161616787120987, 38.792495661612364 ], [ 0.161613424881978, 38.792505400994067 ], [ 0.16161342487764, 38.792505401007013 ], [ 0.161610141036296, 38.79251550762222 ], [ 0.161610141035008, 38.792515507626227 ], [ 0.161606956844982, 38.792525498933699 ], [ 0.161606956840868, 38.792525498947029 ], [ 0.161604039832626, 38.792535284826435 ], [ 0.161600996640059, 38.792545366896164 ], [ 0.1615977157178, 38.79255538333679 ], [ 0.161597715715338, 38.792555383344428 ], [ 0.161594696819023, 38.792564947666705 ], [ 0.161594696816268, 38.792564947675636 ], [ 0.16159175501987, 38.792574693687307 ], [ 0.161588898460733, 38.792584180642834 ], [ 0.161585938641511, 38.792594039751833 ], [ 0.161585938638231, 38.792594039763074 ], [ 0.161583265593906, 38.792603485711446 ], [ 0.161580467157647, 38.792613245856828 ], [ 0.161580467152038, 38.792613245877526 ], [ 0.161578014170085, 38.792622852517994 ], [ 0.161575216089276, 38.792632594626632 ], [ 0.161575216084202, 38.79263259464522 ], [ 0.161572756977799, 38.792642088843138 ], [ 0.161569936099824, 38.792651836073915 ], [ 0.161569936097395, 38.792651836082506 ], [ 0.161505548011051, 38.792884866628626 ], [ 0.16150554800686, 38.792884866644485 ], [ 0.161423295589952, 38.793210815646674 ], [ 0.161358560127135, 38.793448895854191 ], [ 0.161312052426389, 38.793579768918214 ], [ 0.161312052426387, 38.793579768918214 ], [ 0.161312052384362, 38.793579769166747 ], [ 0.161312825232316, 38.79365441809157 ], [ 0.161143162849402, 38.793715217593153 ], [ 0.160848080284321, 38.793759921015535 ], [ 0.160848080097824, 38.793759921056797 ], [ 0.160848079922823, 38.793759921121982 ], [ 0.160648850081958, 38.79385097022103 ], [ 0.160648849900523, 38.793850970323689 ], [ 0.160648849747932, 38.793850970451913 ], [ 0.160648849629965, 38.793850970600829 ], [ 0.160648849551087, 38.793850970764808 ], [ 0.160648849514285, 38.793850970937648 ], [ 0.160607434568386, 38.794329300282669 ], [ 0.160521833380647, 38.794515159520387 ], [ 0.160348978664357, 38.794495370096904 ], [ 0.160310191475082, 38.794325116904666 ], [ 0.160422167728272, 38.794028417154749 ], [ 0.160422167769796, 38.794028416988404 ], [ 0.160422167770746, 38.794028416818911 ], [ 0.160422167731087, 38.794028416652282 ], [ 0.160422167652227, 38.794028416494413 ], [ 0.160398835506839, 38.79399219716214 ], [ 0.160398835506838, 38.793992197162147 ], [ 0.160398835385796, 38.793992197012834 ], [ 0.160398835229791, 38.793992196884901 ], [ 0.160398835044846, 38.793992196783307 ], [ 0.160398834838094, 38.793992196711955 ], [ 0.160398834617509, 38.793992196673614 ], [ 0.160398834391606, 38.793992196669755 ], [ 0.160398834169093, 38.793992196700529 ], [ 0.160398833958557, 38.793992196764734 ], [ 0.160398833768119, 38.793992196859925 ], [ 0.160398833605127, 38.793992196982387 ], [ 0.160398833605126, 38.793992196982387 ], [ 0.159681310888627, 38.794648989991366 ], [ 0.1593667075577, 38.794419232535674 ], [ 0.159366707370893, 38.794419232424815 ], [ 0.159366707159248, 38.794419232345881 ], [ 0.159366706931557, 38.794419232302197 ], [ 0.159366706697272, 38.794419232295517 ], [ 0.159366706466122, 38.794419232326149 ], [ 0.159366706247708, 38.794419232392812 ], [ 0.159366706051097, 38.794419232492743 ], [ 0.159070488557446, 38.794605961844042 ], [ 0.158168695893164, 38.794868653322155 ], [ 0.156745141034218, 38.793656224090086 ], [ 0.156878818991339, 38.793235622481646 ], [ 0.156878818991341, 38.793235622481646 ], [ 0.15687881902467, 38.793235622233276 ], [ 0.156842079982494, 38.792402645013723 ], [ 0.156842079942621, 38.792402644807815 ], [ 0.156842079843368, 38.79240264461459 ], [ 0.156435731032, 38.791817945663588 ], [ 0.156435731032001, 38.791817945663588 ], [ 0.156435730898138, 38.791817945510843 ], [ 0.156435730727171, 38.791817945382775 ], [ 0.156435730526333, 38.791817945284784 ], [ 0.156435730304126, 38.791817945221041 ], [ 0.156435730069953, 38.791817945194232 ], [ 0.154453920814875, 38.791752403926161 ], [ 0.15445392058001, 38.791752403937245 ], [ 0.154453920352938, 38.791752403985491 ], [ 0.154453920143156, 38.79175240406888 ], [ 0.154453919959441, 38.791752404183924 ], [ 0.154453919809478, 38.791752404325827 ], [ 0.154453919699542, 38.791752404488633 ], [ 0.153892933744955, 38.792839819137761 ], [ 0.153892933744954, 38.792839819137761 ], [ 0.153892933685447, 38.792839819291295 ], [ 0.153892933661705, 38.792839819450663 ], [ 0.15389293367448, 38.792839819610776 ], [ 0.154089551618661, 38.79384718450919 ], [ 0.154089551685142, 38.793847184702472 ], [ 0.154089551804541, 38.793847184879468 ], [ 0.154089551970957, 38.793847185031453 ], [ 0.154561429309021, 38.794191843575291 ], [ 0.154561429309023, 38.794191843575291 ], [ 0.1545614294882, 38.794191843682505 ], [ 0.15456142969066, 38.794191843760288 ], [ 0.154561429908621, 38.794191843805656 ], [ 0.154561430133706, 38.79419184381689 ], [ 0.1551696235348, 38.794175397144606 ], [ 0.155945606382248, 38.794511825229954 ], [ 0.155971842062632, 38.795106808399836 ], [ 0.155971842087346, 38.795106808556937 ], [ 0.155971842146831, 38.795106808708191 ], [ 0.155971842239247, 38.795106808848992 ], [ 0.156535507602782, 38.795806391786662 ], [ 0.15653550771149, 38.795806391900541 ], [ 0.156535507841745, 38.795806391999612 ], [ 0.157240738158568, 38.79626386288551 ], [ 0.155667796292068, 38.796842541911943 ], [ 0.1548944106955, 38.796565612210316 ], [ 0.15410529763911, 38.795931685255781 ], [ 0.154152481199882, 38.795275147515916 ], [ 0.154152481192179, 38.795275147349798 ], [ 0.154152481145579, 38.795275147187596 ], [ 0.154152481061672, 38.795275147034893 ], [ 0.154152480943317, 38.795275146896842 ], [ 0.154152480794549, 38.795275146778188 ], [ 0.15415248062044, 38.795275146682947 ], [ 0.154152480426923, 38.795275146614379 ], [ 0.153151040540792, 38.795004369995354 ], [ 0.153151040540793, 38.795004369995354 ], [ 0.153151040332171, 38.795004369955528 ], [ 0.153151040117725, 38.795004369946739 ], [ 0.153151039904931, 38.795004369969298 ], [ 0.153151039701199, 38.795004370022411 ], [ 0.15277615610495, 38.795133638337362 ], [ 0.151182237811353, 38.795236270165816 ], [ 0.15118223760266, 38.795236270194593 ], [ 0.151182237404245, 38.795236270252801 ], [ 0.151182237222844, 38.795236270338528 ], [ 0.15118223706461, 38.795236270448825 ], [ 0.150741798532883, 38.795605582047408 ], [ 0.150196522024923, 38.795322459584376 ], [ 0.150175572813688, 38.794846470268183 ], [ 0.150175572780678, 38.794846470082881 ], [ 0.150175572699443, 38.794846469906929 ], [ 0.150175572573489, 38.794846469747903 ], [ 0.150175572408257, 38.794846469612679 ], [ 0.150175572210882, 38.794846469507107 ], [ 0.150175571989885, 38.79484646943574 ], [ 0.149714183472387, 38.794739787029485 ], [ 0.149714183264689, 38.794739786997368 ], [ 0.149714183052983, 38.794739786995564 ], [ 0.149714182844442, 38.794739787024163 ], [ 0.145868349069984, 38.795558367591703 ], [ 0.144109337106141, 38.795367496994004 ], [ 0.14410933688633, 38.795367496986778 ], [ 0.144109336668777, 38.795367497012414 ], [ 0.14410933646144, 38.795367497069996 ], [ 0.144109336271901, 38.795367497157422 ], [ 0.144109336107092, 38.795367497271464 ], [ 0.143742282077667, 38.795675234208304 ], [ 0.143267845702884, 38.795271028828431 ], [ 0.143267845535205, 38.795271028711035 ], [ 0.143267845341533, 38.795271028621407 ], [ 0.143267845129275, 38.795271028563 ], [ 0.14326784490655, 38.795271028538032 ], [ 0.143267844681876, 38.795271028547475 ], [ 0.143267844463848, 38.79527102859096 ], [ 0.143267844260802, 38.795271028666818 ], [ 0.143267844080505, 38.795271028772149 ], [ 0.143267843929853, 38.795271028902931 ], [ 0.143267843814609, 38.795271029054156 ], [ 0.14326784373918, 38.795271029220046 ], [ 0.143134085094916, 38.795691618326643 ], [ 0.142525889728161, 38.795707998804225 ], [ 0.141904633657274, 38.795426879096823 ], [ 0.141904633657276, 38.795426879096823 ], [ 0.141904633462925, 38.795426879026856 ], [ 0.141904633255381, 38.795426878986241 ], [ 0.141904633041823, 38.795426878976436 ], [ 0.14137246284194, 38.795441206290391 ], [ 0.141372462634538, 38.795441206310862 ], [ 0.141372462435289, 38.795441206360344 ], [ 0.141372462250771, 38.795441206437232 ], [ 0.141372462087077, 38.795441206538968 ], [ 0.141372461949612, 38.795441206662218 ], [ 0.140863788696484, 38.79599102531715 ], [ 0.140030125500151, 38.796073031024093 ], [ 0.140030125293409, 38.796073031059798 ], [ 0.140030125098527, 38.796073031124543 ], [ 0.140030124922103, 38.796073031216132 ], [ 0.139733853959822, 38.796259711717468 ], [ 0.13707035334024, 38.796271776648524 ], [ 0.137070353152408, 38.796271776661449 ], [ 0.137070352969801, 38.796271776698234 ], [ 0.137070352797322, 38.79627177675787 ], [ 0.136173688007733, 38.796653295707117 ], [ 0.135518561039175, 38.795598648636563 ], [ 0.135518561039176, 38.795598648636563 ], [ 0.135518560924107, 38.795598648489197 ], [ 0.135518560775204, 38.795598648361732 ], [ 0.135518560597943, 38.795598648258867 ], [ 0.135518560398848, 38.795598648184395 ], [ 0.135518560185241, 38.795598648141016 ], [ 0.135518559964983, 38.795598648130358 ], [ 0.134606258896966, 38.795623158669962 ], [ 0.134606258680402, 38.795623158692017 ], [ 0.134606258473064, 38.795623158745705 ], [ 0.134606258282421, 38.795623158829066 ], [ 0.134606258115345, 38.795623158939129 ], [ 0.134606257977855, 38.795623159071909 ], [ 0.134244371608271, 38.796049867158942 ], [ 0.133864244428657, 38.796060077050718 ], [ 0.133864244190815, 38.796060077076724 ], [ 0.133864243965058, 38.796060077140829 ], [ 0.133190433239435, 38.796316448701312 ], [ 0.133088360258437, 38.795723493831282 ], [ 0.133088360258438, 38.795723493831282 ], [ 0.133088360201305, 38.795723493647778 ], [ 0.133088360096508, 38.795723493477631 ], [ 0.133088359948657, 38.795723493328346 ], [ 0.133088359764262, 38.795723493206481 ], [ 0.133088359551436, 38.7957234931174 ], [ 0.133088359319547, 38.795723493065026 ], [ 0.133088359078798, 38.795723493051675 ], [ 0.132480156383089, 38.795739821286162 ], [ 0.13248015618286, 38.795739821305396 ], [ 0.132480155990001, 38.795739821351688 ], [ 0.132480155810438, 38.795739821423638 ], [ 0.132480155649696, 38.795739821519021 ], [ 0.131520463172946, 38.796420845707694 ], [ 0.130233221945821, 38.796574523052328 ], [ 0.130233221698837, 38.796574523104326 ], [ 0.130233221472635, 38.796574523197734 ], [ 0.130233221278392, 38.796574523327926 ], [ 0.12957239977602, 38.797128374802611 ], [ 0.128827735573994, 38.797505762247077 ], [ 0.128827735358453, 38.79750576238834 ], [ 0.127946613436812, 38.798244221330421 ], [ 0.127414415642449, 38.798258485928741 ], [ 0.127414415508358, 38.798258485938504 ], [ 0.126127129184978, 38.798412119708203 ], [ 0.126127128983917, 38.798412119746956 ], [ 0.126127128794987, 38.798412119813271 ], [ 0.126127128624308, 38.798412119905009 ], [ 0.126127128477408, 38.798412120019229 ], [ 0.125468856802823, 38.799025449967658 ], [ 0.124115912526986, 38.799419098764254 ], [ 0.124115912324307, 38.799419098841689 ], [ 0.124115912144823, 38.799419098948562 ], [ 0.124115911995433, 38.799419099080794 ], [ 0.124115911881875, 38.799419099233276 ], [ 0.123761736360036, 38.800024279069952 ], [ 0.123087849116818, 38.800280596446214 ], [ 0.123087849116816, 38.800280596446214 ], [ 0.123087848919416, 38.800280596541654 ], [ 0.123087848750501, 38.800280596666148 ], [ 0.123087848616941, 38.80028059681463 ], [ 0.123087848524171, 38.800280596981061 ], [ 0.123087848475962, 38.800280597158668 ], [ 0.123087848474275, 38.800280597340254 ], [ 0.123087848519178, 38.80028059751838 ], [ 0.123087848608845, 38.800280597685862 ], [ 0.123493973233357, 38.800865423649377 ], [ 0.122447710131596, 38.801310413474859 ], [ 0.122059762118886, 38.801142085073835 ], [ 0.122059761917708, 38.801142085005267 ], [ 0.122059761703553, 38.801142084967836 ], [ 0.122059761484212, 38.801142084962898 ], [ 0.122059761267659, 38.80114208499063 ], [ 0.122059761061775, 38.801142085050039 ], [ 0.122059760874047, 38.801142085138942 ], [ 0.121094705078236, 38.801704029641058 ], [ 0.120169342527437, 38.801430929681921 ], [ 0.120169342307756, 38.801430929635877 ], [ 0.120169342080797, 38.801430929624551 ], [ 0.120169341855422, 38.801430929648376 ], [ 0.120169341640438, 38.801430929706427 ], [ 0.117846042805994, 38.802267438536497 ], [ 0.117007084129144, 38.802230282121663 ], [ 0.11700708380009, 38.802230282144258 ], [ 0.116251933515565, 38.80236959217801 ], [ 0.116251933515565, 38.80236959217801 ], [ 0.116251933311991, 38.802369592231678 ], [ 0.116251933124717, 38.802369592314022 ], [ 0.115210778575162, 38.802933521467189 ], [ 0.112871837066222, 38.80341293191357 ], [ 0.1117364891992, 38.803562354615813 ], [ 0.110735098278053, 38.803291206134304 ], [ 0.110735098278051, 38.803291206134304 ], [ 0.110735098035244, 38.803291206090876 ], [ 0.110735097786183, 38.803291206089355 ], [ 0.109597160383302, 38.80338110729835 ], [ 0.109597160155169, 38.803381107334893 ], [ 0.109597159941116, 38.803381107406636 ], [ 0.109597159749908, 38.803381107510639 ], [ 0.109227326481295, 38.803629242009357 ], [ 0.108236283102718, 38.803596075183819 ], [ 0.107105690970562, 38.802936331443995 ], [ 0.107064743956516, 38.802912437250846 ], [ 0.107064743733465, 38.80291243714899 ], [ 0.107064743486996, 38.802912437088608 ], [ 0.107064743229526, 38.802912437072784 ], [ 0.105239907684279, 38.802961014287916 ], [ 0.104479375627521, 38.802669119910036 ], [ 0.104380814464131, 38.802501148954512 ], [ 0.10438081446413, 38.802501148954512 ], [ 0.104380814343187, 38.80250114879442 ], [ 0.103765502236012, 38.801850880211262 ], [ 0.103340037572678, 38.801330664672335 ], [ 0.103237867456942, 38.800567629375635 ], [ 0.103482830143014, 38.800110653729313 ], [ 0.103482830143015, 38.800110653729313 ], [ 0.103482830208166, 38.800110653565532 ], [ 0.103482830232441, 38.800110653395059 ], [ 0.103490674305174, 38.799716366073767 ], [ 0.104478873373197, 38.799296244241191 ], [ 0.104478873400208, 38.799296244229332 ], [ 0.104505968939653, 38.799283974362673 ], [ 0.104533294049617, 38.799271954234491 ], [ 0.104533294059424, 38.799271954230122 ], [ 0.104560483136714, 38.799259717897975 ], [ 0.104587686944098, 38.799247688369555 ], [ 0.10458768695306, 38.799247688365547 ], [ 0.104614879967678, 38.799235410473756 ], [ 0.104614879970812, 38.799235410472328 ], [ 0.104641977714375, 38.799223086464401 ], [ 0.104669301128277, 38.799211160943386 ], [ 0.104669301145011, 38.799211160935918 ], [ 0.104696378585649, 38.799198873490262 ], [ 0.104723701043297, 38.799186926360768 ], [ 0.104723701060306, 38.79918692635318 ], [ 0.104750794135832, 38.799174601539825 ], [ 0.104750794210837, 38.799174601502592 ], [ 0.104784775137443, 38.799156261193829 ], [ 0.104819029608833, 38.799138282059886 ], [ 0.104819029620853, 38.799138282053491 ], [ 0.104853027956995, 38.799119945766016 ], [ 0.104887024817773, 38.799101973463074 ], [ 0.104887024823195, 38.799101973460182 ], [ 0.104921168647767, 38.799083700847056 ], [ 0.104921168650866, 38.799083700845408 ], [ 0.104955195642219, 38.799065362865662 ], [ 0.104989307478067, 38.799047388376799 ], [ 0.104989307489166, 38.799047388370887 ], [ 0.105023286321183, 38.799029029131056 ], [ 0.105057398121519, 38.799011054623776 ], [ 0.105057398131195, 38.799011054618624 ], [ 0.105091448054419, 38.798992715987424 ], [ 0.105091448064293, 38.798992715982045 ], [ 0.10510708075922, 38.798984106657244 ], [ 0.105107080769246, 38.798984106651652 ], [ 0.105122891635543, 38.798975199801987 ], [ 0.105138523497578, 38.79896657157898 ], [ 0.105138523509875, 38.798966571572095 ], [ 0.1051542124838, 38.798957667958035 ], [ 0.10515421248971, 38.798957667954653 ], [ 0.105169650413846, 38.79894878903405 ], [ 0.10516965042057, 38.798948789030156 ], [ 0.105188157778338, 38.798937981657225 ], [ 0.105279019979514, 38.798885361330022 ], [ 0.105279019982455, 38.798885361328303 ], [ 0.105318916098259, 38.798862102362918 ], [ 0.105318916104913, 38.798862102359017 ], [ 0.10535863562453, 38.798838594931134 ], [ 0.105398296284939, 38.798815323285872 ], [ 0.105398296287356, 38.798815323284465 ], [ 0.10543815243312, 38.798791808593194 ], [ 0.105477887702805, 38.798768665564211 ], [ 0.105517732137773, 38.798745412411037 ], [ 0.105517732143565, 38.798745412407641 ], [ 0.105557497331215, 38.798721899194128 ], [ 0.105597089476028, 38.79869866984491 ], [ 0.105597089478476, 38.798698669843475 ], [ 0.105636946641662, 38.798675155058596 ], [ 0.105676702063138, 38.798651975392659 ], [ 0.105748252392011, 38.798610603371586 ], [ 0.105748252420169, 38.798610603354774 ], [ 0.105787329511234, 38.798586518294449 ], [ 0.105787329515595, 38.798586518291749 ], [ 0.105844695171969, 38.798550808159192 ], [ 0.105844695175932, 38.798550808156712 ], [ 0.105884420587311, 38.79852585448559 ], [ 0.105924092419964, 38.798501258074459 ], [ 0.105924092426177, 38.798501258070587 ], [ 0.105963770674464, 38.798476306529238 ], [ 0.10600346388623, 38.798451673487293 ], [ 0.10600346388904, 38.798451673485538 ], [ 0.106043238922033, 38.798426831050826 ] ] ] ] } },
{ "type": "Feature", "properties": { "fid": 2, "INE_MUN": "03082", "DISTRITO": 1 }, "geometry": { "type": "MultiPolygon", "coordinates": [ [ [ [ 0.165712009289606, 38.78794537106279 ], [ 0.165699900908449, 38.787948762367236 ], [ 0.165699900894852, 38.787948762371123 ], [ 0.165688167778064, 38.787952179523828 ], [ 0.16567617660296, 38.787954941535752 ], [ 0.165676176576343, 38.787954941542161 ], [ 0.165663984536928, 38.787958002685443 ], [ 0.165651748373406, 38.787960586659118 ], [ 0.165639491068535, 38.7879627973469 ], [ 0.165627204232456, 38.787964756589069 ], [ 0.165614722029066, 38.787966072503004 ], [ 0.165601911068213, 38.787966956808134 ], [ 0.165528454987178, 38.787970481031699 ], [ 0.165036705757519, 38.787988433833618 ], [ 0.164922525454217, 38.787991269936512 ], [ 0.164922525209836, 38.787991269963321 ], [ 0.164922524978377, 38.787991270030297 ], [ 0.164922524770496, 38.787991270134363 ], [ 0.164922524595759, 38.787991270270737 ], [ 0.164604194454724, 38.788299773421087 ], [ 0.16433637918239, 38.788417957115499 ], [ 0.164336379149349, 38.788417957130648 ], [ 0.164225518673582, 38.788470759429082 ], [ 0.164059859578981, 38.788546118989863 ], [ 0.163923186590222, 38.788539123621227 ], [ 0.163899524062403, 38.788523288207436 ], [ 0.163899524062401, 38.788523288207436 ], [ 0.163899523887679, 38.788523288110973 ], [ 0.163899523693165, 38.788523288041503 ], [ 0.163899523485581, 38.788523288001372 ], [ 0.163899523272097, 38.788523287992014 ], [ 0.163899523060085, 38.788523288013749 ], [ 0.163899522856878, 38.788523288065818 ], [ 0.16389952266949, 38.788523288146408 ], [ 0.163899522504398, 38.788523288252755 ], [ 0.163545938562878, 38.788797984337833 ], [ 0.163351528751132, 38.788628810451158 ], [ 0.163351528749351, 38.788628810449623 ], [ 0.163268291158064, 38.788556713485676 ], [ 0.163268291158063, 38.788556713485676 ], [ 0.163268291033122, 38.788556713392559 ], [ 0.163092851189592, 38.788444334589201 ], [ 0.163096522040438, 38.788439380084952 ], [ 0.163096522040435, 38.788439380084952 ], [ 0.163096522134767, 38.788439379922316 ], [ 0.163096522186224, 38.788439379748311 ], [ 0.16309652219278, 38.78843937956978 ], [ 0.163096522154177, 38.788439379393751 ], [ 0.163096522071938, 38.78843937922715 ], [ 0.163096521949296, 38.788439379076529 ], [ 0.163096521791077, 38.788439378947807 ], [ 0.163005756987467, 38.788378890758352 ], [ 0.163005756946589, 38.788378890732361 ], [ 0.162812904241183, 38.788261852314591 ], [ 0.162812904241184, 38.788261852314591 ], [ 0.162812904042097, 38.78826185221746 ], [ 0.162758713249044, 38.788241087789523 ], [ 0.162579230429733, 38.788169513145704 ], [ 0.162579230426333, 38.788169513144354 ], [ 0.162256708546418, 38.78804194827115 ], [ 0.162128229964711, 38.787976040655089 ], [ 0.162128229959219, 38.787976040652289 ], [ 0.161945536919962, 38.787883481493175 ], [ 0.161945536868178, 38.787883481468427 ], [ 0.161628092990224, 38.78774065073263 ], [ 0.161572009480695, 38.787714288539924 ], [ 0.161572009480696, 38.787714288539924 ], [ 0.161572009257428, 38.787714288459 ], [ 0.161572009017279, 38.787714288417085 ], [ 0.161452525211143, 38.787703747173602 ], [ 0.161318394499203, 38.78769031426156 ], [ 0.161318394311116, 38.78769031425486 ], [ 0.161211113656866, 38.787693387786824 ], [ 0.161211113646985, 38.787693387787144 ], [ 0.161193226979925, 38.78769402077701 ], [ 0.161193226925824, 38.787694020779924 ], [ 0.161175345390213, 38.787695316669151 ], [ 0.161175345271849, 38.787695316682623 ], [ 0.161157833144208, 38.787698043058882 ], [ 0.161157833013784, 38.787698043085484 ], [ 0.161140747723064, 38.787702379468953 ], [ 0.161140747646216, 38.787702379490852 ], [ 0.161098669593952, 38.787715713028589 ], [ 0.161049342153834, 38.787721256649888 ], [ 0.161049341950324, 38.787721256687796 ], [ 0.160928130757293, 38.787753192693458 ], [ 0.160802667391098, 38.787779135799262 ], [ 0.160802667391096, 38.787779135799262 ], [ 0.160802667160229, 38.787779135868497 ], [ 0.1608026669536, 38.787779135974759 ], [ 0.160802666780753, 38.787779136113102 ], [ 0.160802666649673, 38.787779136277194 ], [ 0.160742246103106, 38.787876751617922 ], [ 0.160553979209172, 38.787962290987309 ], [ 0.160553979032683, 38.787962291086011 ], [ 0.160553978883003, 38.787962291208878 ], [ 0.160553978765456, 38.787962291351555 ], [ 0.160553978684217, 38.787962291508954 ], [ 0.16055397864218, 38.787962291675512 ], [ 0.160553978640835, 38.787962291845275 ], [ 0.160553978680233, 38.787962292012217 ], [ 0.160553978758972, 38.787962292170413 ], [ 0.160553978874251, 38.787962292314212 ], [ 0.160636645701481, 38.788046567824303 ], [ 0.160553230279148, 38.788108121865363 ], [ 0.16055323027915, 38.788108121865363 ], [ 0.160553230159063, 38.788108121968904 ], [ 0.160553230060911, 38.788108122085745 ], [ 0.160426256420051, 38.788288367231118 ], [ 0.160218690665424, 38.788556126232059 ], [ 0.160052072350274, 38.788765781022661 ], [ 0.159933826965203, 38.788870404457015 ], [ 0.15993382684596, 38.788870404583157 ], [ 0.159669713374306, 38.789207772098976 ], [ 0.159375272297287, 38.789561515134579 ], [ 0.159142117112729, 38.789817402179494 ], [ 0.159142117080519, 38.789817402216777 ], [ 0.159059450472087, 38.789918456701237 ], [ 0.158898435949938, 38.790100306976747 ], [ 0.158898435946848, 38.790100306980257 ], [ 0.158382015499672, 38.790689482491231 ], [ 0.158382015499673, 38.790689482491231 ], [ 0.158382015398369, 38.790689482632601 ], [ 0.158382015331091, 38.790689482785879 ], [ 0.158280872838006, 38.791011918515714 ], [ 0.158280872816226, 38.791011918603978 ], [ 0.15822999165313, 38.791292756164957 ], [ 0.158192222960834, 38.791449219547708 ], [ 0.158094262691565, 38.791634856342164 ], [ 0.158094262658114, 38.79163485641407 ], [ 0.158058383984092, 38.791723541243535 ], [ 0.158058383979191, 38.791723541255955 ], [ 0.158053139116331, 38.791737187200411 ], [ 0.158053139101724, 38.791737187242013 ], [ 0.15804866483497, 38.79175123574921 ], [ 0.15804866482936, 38.791751235767649 ], [ 0.158044613968973, 38.791765201651735 ], [ 0.158044613965309, 38.791765201664809 ], [ 0.158040848550246, 38.791779140908496 ], [ 0.158037079528791, 38.791793102770484 ], [ 0.158034235459471, 38.791803508195265 ], [ 0.158034235454111, 38.791803508216063 ], [ 0.15803172305862, 38.791813891153978 ], [ 0.158029162445081, 38.791824198822667 ], [ 0.158026576465449, 38.791834583753065 ], [ 0.158026576461783, 38.791834583768505 ], [ 0.158024173117039, 38.791845220505884 ], [ 0.158021820246605, 38.791855540573415 ], [ 0.158021820244922, 38.79185554058099 ], [ 0.158019567328803, 38.791865934518938 ], [ 0.158019567326177, 38.791865934531593 ], [ 0.158017524880432, 38.791876246201774 ], [ 0.158017524879414, 38.791876246207018 ], [ 0.158015497376301, 38.791886896199109 ], [ 0.158013459542749, 38.791897338368891 ], [ 0.158013459536327, 38.791897338407317 ], [ 0.158012026443998, 38.791907633593098 ], [ 0.158012026440301, 38.791907633624874 ], [ 0.158011049093145, 38.791918083142946 ], [ 0.158011049091426, 38.791918083165058 ], [ 0.158010403220217, 38.791928505698557 ], [ 0.158010403219438, 38.791928505713756 ], [ 0.158009974589268, 38.791939129570778 ], [ 0.158009559458587, 38.791949563868428 ], [ 0.158008799765926, 38.791959989457652 ], [ 0.158007696931904, 38.791970334226889 ], [ 0.15800577228999, 38.791980732741543 ], [ 0.158002957169811, 38.791991141822621 ], [ 0.157999110023977, 38.792001119387933 ], [ 0.157976614839339, 38.79205128122306 ], [ 0.15797661478455, 38.792051281402024 ], [ 0.157976614777406, 38.792051281585977 ], [ 0.157976614818202, 38.792051281767222 ], [ 0.157976614905237, 38.792051281938193 ], [ 0.157976615034872, 38.792051282091727 ], [ 0.157976615201691, 38.792051282221443 ], [ 0.157976615398727, 38.792051282321886 ], [ 0.15799804880389, 38.792059908466058 ], [ 0.158008031487256, 38.792066097513192 ], [ 0.158014737309165, 38.792073830069178 ], [ 0.158019456639781, 38.792082427248552 ], [ 0.158024042674528, 38.792091289366454 ], [ 0.15802404268287, 38.792091289382135 ], [ 0.158029760128151, 38.792101764944213 ], [ 0.158034024837177, 38.792112865304382 ], [ 0.158036079883725, 38.792124210088993 ], [ 0.158035528932849, 38.792137954134262 ], [ 0.158032719729794, 38.792151754793771 ], [ 0.158028061996536, 38.792164776681538 ], [ 0.158021877949265, 38.792177876711129 ], [ 0.157987868521272, 38.792211232490402 ], [ 0.157987868521275, 38.792211232490395 ], [ 0.157987868412047, 38.792211232618691 ], [ 0.157987868332385, 38.792211232759669 ], [ 0.157987868284625, 38.792211232909224 ], [ 0.157972426389007, 38.792286504912454 ], [ 0.157970031687737, 38.792296920687484 ], [ 0.157967468315501, 38.792307192385529 ], [ 0.157964744945448, 38.792317594532172 ], [ 0.15796184135046, 38.792327695261889 ], [ 0.157961841344773, 38.792327695282829 ], [ 0.157959209778673, 38.792337986853646 ], [ 0.157959209769299, 38.792337986895376 ], [ 0.157957194473472, 38.792348392421275 ], [ 0.157957194469824, 38.792348392441689 ], [ 0.157955503469519, 38.792358712620747 ], [ 0.157955503463173, 38.792358712670307 ], [ 0.157954513486714, 38.792369423781786 ], [ 0.157954513483729, 38.792369423850715 ], [ 0.157954572476559, 38.792379881368028 ], [ 0.157954572479274, 38.792379881425987 ], [ 0.157955516479983, 38.79239059517321 ], [ 0.157955516485029, 38.792390595215743 ], [ 0.157961874339386, 38.79243318757436 ], [ 0.157961874343602, 38.792433187599535 ], [ 0.157967933043443, 38.792465774868298 ], [ 0.157967933050699, 38.792465774902638 ], [ 0.157971413010621, 38.792480477570464 ], [ 0.157971413018968, 38.792480477602474 ], [ 0.157975540537654, 38.792494960056459 ], [ 0.157975540549232, 38.792494960093386 ], [ 0.157980495524739, 38.792509438180282 ], [ 0.157980495533791, 38.792509438205286 ], [ 0.157985902244855, 38.792523588766684 ], [ 0.157985902248019, 38.792523588774827 ], [ 0.157990412030394, 38.792534997925578 ], [ 0.157990412044501, 38.792534997958946 ], [ 0.157995407063214, 38.792546082281419 ], [ 0.157995407066839, 38.792546082289348 ], [ 0.158000564481058, 38.792557194649802 ], [ 0.158000564491561, 38.792557194671559 ], [ 0.158006017204966, 38.792568060310892 ], [ 0.158006017204964, 38.792568060310892 ], [ 0.158011578818997, 38.792579202275483 ], [ 0.158011578819832, 38.792579202277146 ], [ 0.158016980775457, 38.792589961179004 ], [ 0.158022300150079, 38.792601091671671 ], [ 0.158027600494333, 38.792612182144651 ], [ 0.158032828244304, 38.792623297089243 ], [ 0.158037560259763, 38.792634420937148 ], [ 0.158041870938754, 38.792644970628032 ], [ 0.158046055572614, 38.792655429133845 ], [ 0.15805011933008, 38.792666278286852 ], [ 0.158050119332301, 38.7926662782927 ], [ 0.158054164584398, 38.79267681264777 ], [ 0.158058142269081, 38.792687276750556 ], [ 0.158061870572908, 38.792698062897159 ], [ 0.15806534063003, 38.792708892073762 ], [ 0.158068691101631, 38.792719593859822 ], [ 0.158071853894498, 38.792730372783112 ], [ 0.158074616423336, 38.792741185055206 ], [ 0.158078453816636, 38.792757594193041 ], [ 0.158081945323821, 38.792774251413071 ], [ 0.158084771742596, 38.792790705901183 ], [ 0.158086744190777, 38.79280760689722 ], [ 0.158087899346293, 38.79282427325218 ], [ 0.158087991931932, 38.792838644105942 ], [ 0.158087413694896, 38.792853307878943 ], [ 0.158086184861715, 38.792867601879564 ], [ 0.158084363471522, 38.79288187588331 ], [ 0.158082165689053, 38.792896254666559 ], [ 0.158080369847436, 38.792906285775977 ], [ 0.158078141210296, 38.792916161028451 ], [ 0.158075577983715, 38.792925914709009 ], [ 0.158072635097397, 38.792935647142286 ], [ 0.158072635092221, 38.792935647160242 ], [ 0.158069932470365, 38.792945476701995 ], [ 0.158067030885496, 38.792955518826609 ], [ 0.158067030882987, 38.792955518835491 ], [ 0.158064327662358, 38.792965334884848 ], [ 0.158064327656386, 38.792965334908004 ], [ 0.158061979067049, 38.792975100824378 ], [ 0.158061979065053, 38.792975100832905 ], [ 0.158059746088243, 38.792984904160775 ], [ 0.158059746081052, 38.79298490419648 ], [ 0.158057976365063, 38.792995005792328 ], [ 0.158057976357348, 38.792995005850216 ], [ 0.158057192599567, 38.793003557400361 ], [ 0.158057192602439, 38.79300355755521 ], [ 0.158057192639175, 38.793003557707387 ], [ 0.158057192708692, 38.79300355785238 ], [ 0.158467983032446, 38.793677545455296 ], [ 0.158480387095231, 38.793958639900445 ], [ 0.158480387123874, 38.793958640071352 ], [ 0.158480387193618, 38.793958640234884 ], [ 0.158480387301903, 38.793958640385 ], [ 0.158480387444763, 38.793958640516209 ], [ 0.158480387616959, 38.793958640623707 ], [ 0.15848038781218, 38.793958640703565 ], [ 0.158480388023268, 38.793958640752813 ], [ 0.158480388242483, 38.793958640769695 ], [ 0.158480388461791, 38.793958640753566 ], [ 0.158977402939097, 38.793884003263301 ], [ 0.158977402939095, 38.793884003263301 ], [ 0.158977403153128, 38.793884003213911 ], [ 0.158977403350953, 38.793884003133122 ], [ 0.158977403525126, 38.793884003023962 ], [ 0.159143784939538, 38.793757137929333 ], [ 0.159143784939537, 38.793757137929333 ], [ 0.159143785096624, 38.793757137780716 ], [ 0.159143785209657, 38.793757137609305 ], [ 0.159143785273445, 38.793757137423015 ], [ 0.159143785285065, 38.793757137230344 ], [ 0.159107130798965, 38.793280923008645 ], [ 0.159483500745509, 38.79295259248731 ], [ 0.15988842969229, 38.792917154904629 ], [ 0.160209918211884, 38.793116460182944 ], [ 0.160279395798218, 38.793273647336214 ], [ 0.160225027401377, 38.793458660488398 ], [ 0.160225027401379, 38.793458660488398 ], [ 0.160225027374549, 38.7934586606316 ], [ 0.160204588072759, 38.793703936328647 ], [ 0.160204588072761, 38.793703936328647 ], [ 0.160204588078963, 38.793703936497394 ], [ 0.160204588125303, 38.793703936662254 ], [ 0.160204588210157, 38.793703936817458 ], [ 0.160321454735772, 38.793872076243282 ], [ 0.160398833452269, 38.793992197972742 ], [ 0.160422165392563, 38.794028416986649 ], [ 0.160310189191494, 38.794325116598429 ], [ 0.160310189146139, 38.794325116803641 ], [ 0.160310189162235, 38.794325117011496 ], [ 0.160348976544722, 38.794495371051838 ], [ 0.160348976610913, 38.794495371231633 ], [ 0.160348976723155, 38.794495371396813 ], [ 0.160348976876601, 38.794495371540279 ], [ 0.160348977064624, 38.794495371655842 ], [ 0.160348977279107, 38.794495371738492 ], [ 0.160348977510785, 38.794495371784656 ], [ 0.160521833977682, 38.794515161408562 ], [ 0.160521833977681, 38.794515161408562 ], [ 0.160521834202248, 38.794515161416903 ], [ 0.160521834424598, 38.794515161390898 ], [ 0.160521834636239, 38.794515161331546 ], [ 0.160521834829093, 38.794515161241122 ], [ 0.160521834995791, 38.794515161123066 ], [ 0.16052183512997, 38.794515160981895 ], [ 0.160521835226505, 38.794515160823011 ], [ 0.160607436787605, 38.794329300774621 ], [ 0.160607436787603, 38.794329300774621 ], [ 0.160607436853131, 38.794329300530208 ], [ 0.160648851768692, 38.793850971535399 ], [ 0.160848080913926, 38.793759922754248 ], [ 0.161143163421819, 38.793715219340513 ], [ 0.161143163682141, 38.793715219275185 ], [ 0.161312826867721, 38.793654419485961 ], [ 0.161312826867722, 38.793654419485961 ], [ 0.161312827058128, 38.793654419399608 ], [ 0.161312827224041, 38.793654419286462 ], [ 0.161312827359389, 38.793654419150677 ], [ 0.16131282745922, 38.793654418997193 ], [ 0.161312827519882, 38.793654418831636 ], [ 0.161312827539154, 38.793654418660076 ], [ 0.161312054686471, 38.793579769278722 ], [ 0.161358562353373, 38.793448896309926 ], [ 0.161358562370245, 38.793448896256095 ], [ 0.161423297842184, 38.793210816014998 ], [ 0.161423297845579, 38.793210816002045 ], [ 0.161505550262116, 38.792884867001298 ], [ 0.161569938345058, 38.792651836467442 ], [ 0.161572759224689, 38.792642089230931 ], [ 0.161572759230177, 38.792642089210929 ], [ 0.161575218336759, 38.7926325950123 ], [ 0.161578016417926, 38.792622852902426 ], [ 0.161578016423628, 38.792622852881408 ], [ 0.161580469405617, 38.792613246240784 ], [ 0.161583267839162, 38.792603486104881 ], [ 0.161583267839859, 38.792603486102436 ], [ 0.161585940883061, 38.792594040158022 ], [ 0.161588900700411, 38.792584181055254 ], [ 0.161591757259229, 38.792574694100807 ], [ 0.16159469905413, 38.792564948094089 ], [ 0.161597717947842, 38.792555383780055 ], [ 0.161600998871531, 38.79254536733508 ], [ 0.161600998876749, 38.792545367318482 ], [ 0.161604042072451, 38.792535285238351 ], [ 0.161604042073185, 38.792535285235921 ], [ 0.161606959079589, 38.792525499362682 ], [ 0.161610143266789, 38.792515508064085 ], [ 0.161613427105409, 38.792505401457255 ], [ 0.161616789338236, 38.792495662093465 ], [ 0.161620636977986, 38.792485576269684 ], [ 0.161624823649932, 38.792475868635741 ], [ 0.161629368659243, 38.79246603869295 ], [ 0.161634374817155, 38.792456641290656 ], [ 0.161663397166573, 38.792405542632451 ], [ 0.16192691506597, 38.792545076301138 ], [ 0.161926915102803, 38.792545076319847 ], [ 0.162278781952985, 38.792716444416932 ], [ 0.162370611500493, 38.7927667955461 ], [ 0.162370611561793, 38.792766795577464 ], [ 0.162516688828691, 38.792836487138082 ], [ 0.162516688917628, 38.792836487176416 ], [ 0.16265251291973, 38.792889042512435 ], [ 0.162652513007824, 38.792889042543003 ], [ 0.16292487368019, 38.792973039547547 ], [ 0.162924873764677, 38.792973039570668 ], [ 0.163055565082289, 38.793004405396282 ], [ 0.163055565138607, 38.793004405408581 ], [ 0.163272545723827, 38.793047173862924 ], [ 0.163442618115115, 38.793084183592491 ], [ 0.163442618147006, 38.793084183599035 ], [ 0.16349744711117, 38.793094800065703 ], [ 0.163497447193356, 38.793094800079153 ], [ 0.163600178743234, 38.793108563247024 ], [ 0.163600178780994, 38.793108563251579 ], [ 0.163613913553122, 38.793110037817563 ], [ 0.163613913587681, 38.79311003782086 ], [ 0.163627782741752, 38.793111193438918 ], [ 0.163627782828673, 38.793111193443551 ], [ 0.163641587720553, 38.793111521100322 ], [ 0.163655391303814, 38.793111845187411 ], [ 0.163655391356601, 38.793111845187703 ], [ 0.163669220180851, 38.793111673110651 ], [ 0.16366922021393, 38.79311167310987 ], [ 0.163682942173082, 38.793111193127196 ], [ 0.163682942182818, 38.793111193126819 ], [ 0.16369689680209, 38.793110612245911 ], [ 0.16371071704001, 38.793110142208732 ], [ 0.163710717049575, 38.793110142208377 ], [ 0.163724459763056, 38.793109585084473 ], [ 0.163738251851864, 38.793109103194688 ], [ 0.16376110506302, 38.793108298257081 ], [ 0.163761105084153, 38.793108298256186 ], [ 0.163784064324607, 38.793107158019517 ], [ 0.163784064344874, 38.793107158018373 ], [ 0.163806798295728, 38.79310571308288 ], [ 0.163806798311023, 38.793105713081815 ], [ 0.163829635294538, 38.793104021213729 ], [ 0.163852379741211, 38.79310231923693 ], [ 0.163852379763643, 38.793102319235089 ], [ 0.163864985882155, 38.793101180309009 ], [ 0.163877781741325, 38.793100427215904 ], [ 0.163877781814464, 38.793100427209758 ], [ 0.163890519359988, 38.793099032475027 ], [ 0.163903360578347, 38.793097873659761 ], [ 0.163915931447876, 38.793096848291171 ], [ 0.163915931460211, 38.793096848290119 ], [ 0.163928513649072, 38.793095714508958 ], [ 0.163941198655, 38.793094667125942 ], [ 0.163941198664217, 38.79309466712516 ], [ 0.163954016553017, 38.793093526952738 ], [ 0.163954016554307, 38.793093526952617 ], [ 0.163966651611516, 38.79309239173557 ], [ 0.163979464753679, 38.793091639063761 ], [ 0.163993879059293, 38.793090806957672 ], [ 0.163993879079573, 38.793090806956364 ], [ 0.164008050426177, 38.793089791350532 ], [ 0.164022466310789, 38.793088995233276 ], [ 0.164036787222561, 38.793088237722799 ], [ 0.164036787225958, 38.793088237722614 ], [ 0.164051204256747, 38.793087441570812 ], [ 0.164065611836165, 38.793086978093967 ], [ 0.164065611847782, 38.793086978093541 ], [ 0.164079825927881, 38.793086408151964 ], [ 0.164094200494576, 38.793086239249547 ], [ 0.164094200524464, 38.793086239248886 ], [ 0.164108603534481, 38.793085776791507 ], [ 0.164122987804394, 38.793085827434076 ], [ 0.16414405313833, 38.793086085260356 ], [ 0.164164863631843, 38.793086593224857 ], [ 0.164185926867554, 38.793087350181047 ], [ 0.16420689585602, 38.793088682640359 ], [ 0.164227663143139, 38.793090295328412 ], [ 0.164239362562531, 38.79309145472628 ], [ 0.16425094376131, 38.79309316775921 ], [ 0.164250943805247, 38.793093167765015 ], [ 0.164262624640647, 38.793094531261332 ], [ 0.164274148841852, 38.793096543121877 ], [ 0.164274148891776, 38.793096543129685 ], [ 0.164285841092016, 38.793098163065032 ], [ 0.164297290535958, 38.793100176051666 ], [ 0.164297290545141, 38.793100176053244 ], [ 0.164308952311301, 38.793102148154304 ], [ 0.164320377230867, 38.79310412667401 ], [ 0.164320377273461, 38.793104126680738 ], [ 0.164331909331631, 38.79310576897349 ], [ 0.16434358274373, 38.793107484007351 ], [ 0.164343582760493, 38.793107484009703 ], [ 0.164411978584262, 38.79311671430429 ], [ 0.164500295463584, 38.79313077732629 ], [ 0.164500295494769, 38.793130777330909 ], [ 0.164514359866986, 38.793132702298095 ], [ 0.164528668453358, 38.79313478730414 ], [ 0.164528668456834, 38.793134787304638 ], [ 0.164542974307544, 38.793136836349376 ], [ 0.164542974365845, 38.793136836356545 ], [ 0.164557087517637, 38.793138277128918 ], [ 0.164571404798436, 38.793140064605581 ], [ 0.164571404834871, 38.793140064609666 ], [ 0.16458573014238, 38.79314148701652 ], [ 0.164600059079641, 38.793143017427525 ], [ 0.164600059090941, 38.793143017428683 ], [ 0.164614384160337, 38.793144434433223 ], [ 0.164628741841953, 38.793145964061438 ], [ 0.164628741852332, 38.793145964062504 ], [ 0.164643067167018, 38.793147386462742 ], [ 0.164643067171769, 38.793147386463204 ], [ 0.164655325696535, 38.793148563097887 ], [ 0.164667249570305, 38.793149955102365 ], [ 0.164667249599462, 38.793149955105477 ], [ 0.164679508338959, 38.793151136237952 ], [ 0.164679508342824, 38.793151136238322 ], [ 0.164691443119331, 38.793152254082464 ], [ 0.164691443123132, 38.79315225408282 ], [ 0.164703606494933, 38.793153361223744 ], [ 0.164715635635774, 38.793154530558766 ], [ 0.164715635644266, 38.793154530559569 ], [ 0.16472780032959, 38.793155641266303 ], [ 0.164727800361796, 38.793155641268882 ], [ 0.164740073103691, 38.793156488692944 ], [ 0.164752022506221, 38.79315741695104 ], [ 0.16475202251868, 38.793157416951956 ], [ 0.164764289518567, 38.79315826452973 ], [ 0.164764289531282, 38.793158264530554 ], [ 0.164778451587125, 38.793159119287523 ], [ 0.164792424142096, 38.793160009809917 ], [ 0.164792424162233, 38.793160009811061 ], [ 0.164806573901218, 38.793160716255294 ], [ 0.164806573911495, 38.793160716255784 ], [ 0.16482079305142, 38.793161326225402 ], [ 0.164834824627244, 38.793161963799868 ], [ 0.164834824630722, 38.793161963800031 ], [ 0.164848997741974, 38.793162574113254 ], [ 0.164848997771036, 38.793162574114213 ], [ 0.164863222958012, 38.79316290464503 ], [ 0.164877385907353, 38.793163259383277 ], [ 0.164877385935312, 38.793163259383697 ], [ 0.164891391869675, 38.793163343611901 ], [ 0.164891391874522, 38.793163343611916 ], [ 0.164905586873082, 38.793163382173475 ], [ 0.164905586899682, 38.793163382173297 ], [ 0.164921253316469, 38.793163141209213 ], [ 0.164921253333692, 38.793163141208844 ], [ 0.16495282400785, 38.79316228527118 ], [ 0.164952824042411, 38.793162285269844 ], [ 0.164968513101665, 38.793161489650643 ], [ 0.164968513117087, 38.79316148964979 ], [ 0.164984199440045, 38.793160528342874 ], [ 0.164999652037632, 38.79315972201416 ], [ 0.164999652059216, 38.793159722012881 ], [ 0.165015351647704, 38.793158670255046 ], [ 0.165031055529708, 38.793157689547435 ], [ 0.165031055537988, 38.793157689546888 ], [ 0.165046754313086, 38.793156619790132 ], [ 0.165062425176269, 38.793155933657204 ], [ 0.165062425189008, 38.793155933656593 ], [ 0.165393178467693, 38.793138568511075 ], [ 0.165393178481667, 38.793138568510287 ], [ 0.1656175063874, 38.793124640712797 ], [ 0.165617506400776, 38.793124640711895 ], [ 0.165768396349181, 38.793113884203891 ], [ 0.165768396556595, 38.793113884173906 ], [ 0.165768396753529, 38.793113884114803 ], [ 0.165768396933363, 38.793113884028543 ], [ 0.165768397090051, 38.793113883918032 ], [ 0.165768397218328, 38.793113883787008 ], [ 0.16576839731388, 38.793113883639847 ], [ 0.165827577714512, 38.792997371936742 ], [ 0.165888350232905, 38.792898658473305 ], [ 0.166146894299145, 38.792942046366825 ], [ 0.166146894309075, 38.792942046368466 ], [ 0.16647551172314, 38.792994824636523 ], [ 0.166475511774673, 38.79299482464387 ], [ 0.167154462897449, 38.793078870107955 ], [ 0.167709690518366, 38.79316069438579 ], [ 0.167709690548998, 38.793160694389968 ], [ 0.168040460553862, 38.793202229108964 ], [ 0.168057198013218, 38.793204337851641 ], [ 0.168057198064945, 38.793204337857212 ], [ 0.168074071521326, 38.793205852837268 ], [ 0.168090928377663, 38.793207408804555 ], [ 0.168090928382446, 38.793207408804989 ], [ 0.168107755015554, 38.793208906132875 ], [ 0.168107755031669, 38.793208906134225 ], [ 0.168124618371409, 38.793210218686184 ], [ 0.168124618401571, 38.793210218688216 ], [ 0.168141518129609, 38.793211183415579 ], [ 0.168141518133181, 38.793211183415771 ], [ 0.168158417177108, 38.79321210671926 ], [ 0.168175287956604, 38.793213067722498 ], [ 0.168192284001192, 38.793214101897746 ], [ 0.168192284032313, 38.793214101899324 ], [ 0.168209170592459, 38.793214769686649 ], [ 0.168227108375883, 38.793215754874865 ], [ 0.168244878543681, 38.793216750015155 ], [ 0.168262817812116, 38.793217794615082 ], [ 0.168280623444745, 38.793219044633723 ], [ 0.168280623490833, 38.793219044636217 ], [ 0.168298570212845, 38.79321973769013 ], [ 0.168316374366996, 38.79322043461061 ], [ 0.168316374409833, 38.793220434611662 ], [ 0.168334321359237, 38.793220613257674 ], [ 0.168334321384779, 38.793220613257695 ], [ 0.168352139444666, 38.793220480995821 ], [ 0.168352139490137, 38.79322048099479 ], [ 0.1683701411296, 38.793219789713184 ], [ 0.168370141201607, 38.793219789708637 ], [ 0.168388085168925, 38.793218212633569 ], [ 0.168388085185254, 38.793218212632034 ], [ 0.16867248093235, 38.79318998960396 ], [ 0.168991649381551, 38.793183036451225 ], [ 0.168991649383772, 38.793183036451175 ], [ 0.169962017484764, 38.79316042341366 ], [ 0.170091875571649, 38.793162372505144 ], [ 0.170210652093649, 38.793329144006762 ], [ 0.170210652215311, 38.793329144145346 ], [ 0.170210652367776, 38.793329144263801 ], [ 0.170210652545725, 38.793329144357998 ], [ 0.170210652742952, 38.793329144424675 ], [ 0.170210652952581, 38.793329144461474 ], [ 0.1702106531673, 38.793329144467137 ], [ 0.17021065337962, 38.793329144441472 ], [ 0.170405109529267, 38.793290797937068 ], [ 0.170560906416074, 38.793266731262577 ], [ 0.170572808738702, 38.793265038674662 ], [ 0.170572808738704, 38.793265038674676 ], [ 0.170584945000574, 38.793263326219503 ], [ 0.170596975654384, 38.793261931935056 ], [ 0.170596975662094, 38.793261931934147 ], [ 0.170608934755834, 38.793260481034011 ], [ 0.170608934777842, 38.793260481031162 ], [ 0.170621050395242, 38.793258822284351 ], [ 0.170633176216768, 38.793257497480894 ], [ 0.170633176264354, 38.79325749747489 ], [ 0.170645123984189, 38.793255790132427 ], [ 0.170645124015123, 38.79325579012766 ], [ 0.170657036018176, 38.793253822502173 ], [ 0.170657036044487, 38.79325382249759 ], [ 0.170669007606343, 38.793251614523058 ], [ 0.17066900764589, 38.793251614515178 ], [ 0.170680849629134, 38.793249080341013 ], [ 0.170680849694141, 38.793249080325474 ], [ 0.17069771597684, 38.793244617856281 ], [ 0.17069771599743, 38.793244617850661 ], [ 0.170714275518682, 38.793239961015708 ], [ 0.170714275584635, 38.793239960995344 ], [ 0.170730721026146, 38.793234419000214 ], [ 0.170730721050485, 38.793234418991759 ], [ 0.170746685210053, 38.793228692776566 ], [ 0.1707466852354, 38.793228692767173 ], [ 0.170762588990204, 38.793222616851772 ], [ 0.170762589017802, 38.793222616840865 ], [ 0.170777592586196, 38.793216488800311 ], [ 0.170777592627314, 38.793216488782676 ], [ 0.170792478835356, 38.793209790975567 ], [ 0.170792478864142, 38.793209790962173 ], [ 0.170806877395453, 38.793202868570269 ], [ 0.170806877424857, 38.793202868555639 ], [ 0.170821124627291, 38.79319554488157 ], [ 0.170821124695733, 38.793195544843528 ], [ 0.170834647291213, 38.793187430068102 ], [ 0.170834647334461, 38.793187430040838 ], [ 0.170846120720111, 38.793179829467711 ], [ 0.170846120764895, 38.79317982943644 ], [ 0.170856900283062, 38.79317189727162 ], [ 0.170856900326444, 38.793171897237947 ], [ 0.170867136362542, 38.793163520391623 ], [ 0.17086713636254, 38.793163520391623 ], [ 0.170867136437833, 38.793163520323482 ], [ 0.170876278604008, 38.793154357902793 ], [ 0.170876278635389, 38.79315435786981 ], [ 0.170992928074814, 38.793025749649537 ], [ 0.170992928097487, 38.793025749623588 ], [ 0.171102977235112, 38.792894974735468 ], [ 0.171113920514994, 38.792882795028277 ], [ 0.171125334856834, 38.792870751175165 ], [ 0.171137284408503, 38.792859484639429 ], [ 0.171149830389938, 38.792847910010835 ], [ 0.171162478637325, 38.792836954200411 ], [ 0.171305829266401, 38.792714003046306 ], [ 0.171369613992604, 38.79267618058298 ], [ 0.171369614075199, 38.792676180529064 ], [ 0.171384395923761, 38.792665576614951 ], [ 0.171384395923763, 38.792665576614951 ], [ 0.171384396033617, 38.792665576524399 ], [ 0.171396839961262, 38.792653778510669 ], [ 0.171396839961263, 38.792653778510669 ], [ 0.171396840038882, 38.792653778427891 ], [ 0.171407581267546, 38.792640833920565 ], [ 0.171407581295262, 38.792640833885429 ], [ 0.17141755209029, 38.792627518429974 ], [ 0.171417552105, 38.792627518409724 ], [ 0.171427087719286, 38.792613994065462 ], [ 0.171479603440232, 38.792540316796376 ], [ 0.171530831546692, 38.792473425593712 ], [ 0.171530831557722, 38.792473425578969 ], [ 0.171883362445186, 38.791992668861951 ], [ 0.171883362468581, 38.791992668828421 ], [ 0.171894232313943, 38.791976270458548 ], [ 0.171905151895119, 38.791959955417909 ], [ 0.171905151895948, 38.791959955416679 ], [ 0.171916025724405, 38.79194364702191 ], [ 0.171916025725413, 38.791943647020375 ], [ 0.171926924450646, 38.791927225341631 ], [ 0.171937694673657, 38.791911176509103 ], [ 0.17193769467482, 38.791911176507369 ], [ 0.171948569287327, 38.791894886105737 ], [ 0.171948569288291, 38.791894886104288 ], [ 0.171959484056559, 38.791878463083805 ], [ 0.171970387752303, 38.791862153874533 ], [ 0.171970387754231, 38.791862153871634 ], [ 0.171981257361807, 38.79184575099589 ], [ 0.171992176944356, 38.791829436848566 ], [ 0.171992176983914, 38.79182943678321 ], [ 0.172000350267762, 38.791814399020296 ], [ 0.172008788411657, 38.791799467570044 ], [ 0.17201729754068, 38.791784475630855 ], [ 0.17202596602943, 38.791769443324981 ], [ 0.172025966032996, 38.791769443318735 ], [ 0.172034467013499, 38.791754397544302 ], [ 0.172034467015612, 38.791754397540551 ], [ 0.172042790737727, 38.791739481802821 ], [ 0.172042790741423, 38.791739481796121 ], [ 0.172050987840992, 38.791724462295122 ], [ 0.172050987852328, 38.791724462273592 ], [ 0.172058746583566, 38.791709161901402 ], [ 0.172058746592898, 38.79170916188238 ], [ 0.172066010300333, 38.791693834421736 ], [ 0.172066010308403, 38.791693834404157 ], [ 0.172072933021726, 38.791678241443925 ], [ 0.172072933032795, 38.791678241417706 ], [ 0.172077497916222, 38.791666843007974 ], [ 0.172077497916223, 38.791666843007974 ], [ 0.172077497961934, 38.791666842837493 ], [ 0.172077497964838, 38.791666842663311 ], [ 0.17207749792483, 38.791666842491956 ], [ 0.172077497843408, 38.791666842329825 ], [ 0.172077497723617, 38.791666842183027 ], [ 0.172077497569946, 38.791666842057012 ], [ 0.172077497388141, 38.79166684195652 ], [ 0.172033991529781, 38.791647435148747 ], [ 0.172313166623038, 38.790908991272318 ], [ 0.172313878978194, 38.790907535061372 ], [ 0.172313878978195, 38.790907535061372 ], [ 0.172313879023182, 38.790907534947266 ], [ 0.172392129795539, 38.790649343821265 ], [ 0.172529354918928, 38.790245265037953 ], [ 0.172529354927112, 38.790245265012345 ], [ 0.172640210330096, 38.789875488018744 ], [ 0.172690679127165, 38.789734525935863 ], [ 0.172690679132511, 38.789734525920395 ], [ 0.172838916561481, 38.789290207470152 ], [ 0.172838916562977, 38.789290207465626 ], [ 0.172903776338273, 38.789091580530588 ], [ 0.173008724316745, 38.788798163728281 ], [ 0.173016643666777, 38.788778426670412 ], [ 0.173024673640673, 38.788758614521562 ], [ 0.17302467364207, 38.788758614518095 ], [ 0.173032589795133, 38.788738805463701 ], [ 0.173040619760634, 38.788718993314518 ], [ 0.173040619762037, 38.788718993311029 ], [ 0.173048535867851, 38.788699183354055 ], [ 0.173056583986313, 38.788679131979833 ], [ 0.173064546110102, 38.78865932167205 ], [ 0.173072530073158, 38.788639510770487 ], [ 0.173080491038878, 38.788619700493761 ], [ 0.173088527077846, 38.788599999889946 ], [ 0.173094097844089, 38.788586893988487 ], [ 0.173099788725639, 38.788573771303639 ], [ 0.173105349224293, 38.788560926930316 ], [ 0.173111293623363, 38.788547810870782 ], [ 0.173111293628344, 38.788547810859569 ], [ 0.173116985302259, 38.788534706170509 ], [ 0.173122685350839, 38.788521894037956 ], [ 0.173128592861502, 38.788508854649585 ], [ 0.173128592866209, 38.788508854638998 ], [ 0.173134280380899, 38.788495786101869 ], [ 0.173140219901592, 38.7884829494446 ], [ 0.173140219907291, 38.788482949431987 ], [ 0.173146004686589, 38.788469842226135 ], [ 0.173154152099494, 38.788453715954745 ], [ 0.173162513800996, 38.78843761987509 ], [ 0.173162513804198, 38.788437619868866 ], [ 0.173170751109175, 38.788421418160688 ], [ 0.173178968499702, 38.78840531248629 ], [ 0.173178968501362, 38.788405312483007 ], [ 0.173187093714927, 38.788389204812397 ], [ 0.173195588879168, 38.788372848355209 ], [ 0.173195588885147, 38.788372848343464 ], [ 0.173203664113053, 38.788356651943218 ], [ 0.173211904240712, 38.788340540247837 ], [ 0.173220266469193, 38.788324430634887 ], [ 0.173220266472054, 38.788324430629316 ], [ 0.173228508987289, 38.788308243194386 ], [ 0.173235834875319, 38.788294355368315 ], [ 0.173235834877506, 38.788294355364144 ], [ 0.17324320031904, 38.788280191697723 ], [ 0.173250673453069, 38.788266353920775 ], [ 0.173250673455197, 38.788266353916804 ], [ 0.173258265390364, 38.788252106612802 ], [ 0.173258265391998, 38.788252106609718 ], [ 0.173265591068454, 38.788238214285151 ], [ 0.17327327413056, 38.788224334769374 ], [ 0.173281070911923, 38.788210398104198 ], [ 0.173288967452615, 38.788196530800789 ], [ 0.173297123417775, 38.788182673565196 ], [ 0.173305476338444, 38.788169104661264 ], [ 0.17331211591802, 38.788158816445929 ], [ 0.173318726036601, 38.788148875858312 ], [ 0.17331872604023, 38.788148875852805 ], [ 0.173325457390667, 38.788138580634289 ], [ 0.173332302227358, 38.788128638178733 ], [ 0.173339404740334, 38.78811866618868 ], [ 0.173339404741905, 38.788118666186449 ], [ 0.173346434085301, 38.788108731315774 ], [ 0.17335362696808, 38.788098720835002 ], [ 0.173360945351066, 38.788088815049505 ], [ 0.173368364443691, 38.788079077686078 ], [ 0.173368364453255, 38.788079077673274 ], [ 0.173375631101782, 38.788069173288434 ], [ 0.173417072646454, 38.788014412660765 ], [ 0.173848467526195, 38.787453020963163 ], [ 0.173848467622327, 38.78745302080501 ], [ 0.173848467677519, 38.787453020635297 ], [ 0.173848467689682, 38.787453020460418 ], [ 0.173848467658357, 38.787453020287003 ], [ 0.173848467584731, 38.787453020121625 ], [ 0.173848467471586, 38.787453019970521 ], [ 0.173848467323208, 38.787453019839425 ], [ 0.173848467145209, 38.787453019733299 ], [ 0.173848466944325, 38.787453019656148 ], [ 0.1733111506475, 38.787295315562986 ], [ 0.173273158486019, 38.787278340851614 ], [ 0.173235172534947, 38.787261144307095 ], [ 0.173235172533118, 38.787261144306285 ], [ 0.173197384865243, 38.787244109920962 ], [ 0.173159404287362, 38.787226878069823 ], [ 0.173159404280708, 38.787226878066832 ], [ 0.173121406321545, 38.787209902523642 ], [ 0.173083374048415, 38.787192672053585 ], [ 0.173083374041203, 38.787192672050345 ], [ 0.173045401708287, 38.787175754343281 ], [ 0.173007651892416, 38.787158403563993 ], [ 0.173007651878593, 38.78715840355774 ], [ 0.172969609802122, 38.787141469702604 ], [ 0.172931652084925, 38.787124255225713 ], [ 0.172894931802262, 38.787097781323972 ], [ 0.172858123400458, 38.787070905244732 ], [ 0.172858123393739, 38.787070905239858 ], [ 0.172821310749106, 38.787044451770733 ], [ 0.172784607346439, 38.787017865595594 ], [ 0.172784607342994, 38.787017865593121 ], [ 0.172747794994244, 38.786991417498463 ], [ 0.172711084573036, 38.786964645911581 ], [ 0.172711084569577, 38.78696464590908 ], [ 0.172674359252143, 38.786938082813663 ], [ 0.172674359249951, 38.786938082812078 ], [ 0.172637568935788, 38.786911610658443 ], [ 0.172600763122173, 38.786884788477018 ], [ 0.172600763117643, 38.786884788473728 ], [ 0.172564041876009, 38.786858314448907 ], [ 0.172526907666685, 38.786825618525526 ], [ 0.172526907663971, 38.786825618523153 ], [ 0.17248948960781, 38.786792906846777 ], [ 0.172452378506037, 38.786759822865811 ], [ 0.17245237850008, 38.786759822860539 ], [ 0.172415098465328, 38.786727107405717 ], [ 0.172377988146637, 38.786694428766488 ], [ 0.172377988143882, 38.786694428764065 ], [ 0.172340570222914, 38.78666171703135 ], [ 0.172303429285337, 38.786629021182826 ], [ 0.172266167904093, 38.786596048424329 ], [ 0.172266167900942, 38.786596048421551 ], [ 0.172228810159131, 38.786563263846659 ], [ 0.172191629437563, 38.786530550158197 ], [ 0.172160766537854, 38.786496926076687 ], [ 0.172160766535002, 38.786496926073582 ], [ 0.172129748311412, 38.786463433188651 ], [ 0.172098816459443, 38.786429810925114 ], [ 0.172098816458059, 38.786429810923607 ], [ 0.172067916799214, 38.786396368850582 ], [ 0.172036892239753, 38.786362731072465 ], [ 0.172006122183752, 38.786328991778625 ], [ 0.172006122179792, 38.786328991774297 ], [ 0.171975244652412, 38.786295553578633 ], [ 0.171944313897953, 38.786261926736408 ], [ 0.171944313895407, 38.786261926733644 ], [ 0.17191329767456, 38.786228474271518 ], [ 0.171882388878236, 38.786194846877692 ], [ 0.171864547044416, 38.786166738119356 ], [ 0.17186454704156, 38.786166738114893 ], [ 0.171846525832632, 38.786138737762613 ], [ 0.171828762392138, 38.786110735808947 ], [ 0.17182876238967, 38.786110735805082 ], [ 0.171810787393222, 38.786082738693842 ], [ 0.171792899839685, 38.786054662630818 ], [ 0.171774911902884, 38.786026373082372 ], [ 0.171774911900317, 38.78602637307835 ], [ 0.171756885017009, 38.785998372865407 ], [ 0.171739141449712, 38.78597029828785 ], [ 0.171739141447297, 38.785970298284063 ], [ 0.171721235500531, 38.785942299280677 ], [ 0.171721235500001, 38.785942299279846 ], [ 0.171703258815364, 38.785914261688127 ], [ 0.171601080767089, 38.785718095188891 ], [ 0.171525932789229, 38.785500324701836 ], [ 0.171525932753585, 38.785500324615924 ], [ 0.171515816257432, 38.78547955154027 ], [ 0.171505773454711, 38.785458753039336 ], [ 0.171495719285994, 38.785437698098157 ], [ 0.171495719284825, 38.78543769809572 ], [ 0.17148569948571, 38.785416898965778 ], [ 0.17148569948512, 38.785416898964563 ], [ 0.171475601775643, 38.785396029880644 ], [ 0.171475601774427, 38.785396029878136 ], [ 0.171465468823883, 38.785375274361762 ], [ 0.171455495028854, 38.78535447398162 ], [ 0.171445394906311, 38.785333420281873 ], [ 0.171445394905532, 38.785333420280253 ], [ 0.171435378082626, 38.785312661603577 ], [ 0.171435378080372, 38.78531266159893 ], [ 0.171425167835664, 38.78529184961922 ], [ 0.171425167798917, 38.785291849552486 ], [ 0.171417593044409, 38.785279492704568 ], [ 0.171417593038299, 38.785279492694755 ], [ 0.171410012643689, 38.785267501752429 ], [ 0.171410012635758, 38.785267501740115 ], [ 0.171401953646618, 38.785255230115489 ], [ 0.171394040440872, 38.785243157225594 ], [ 0.171394040420653, 38.785243157196106 ], [ 0.17138564959841, 38.785231448618994 ], [ 0.171385649586024, 38.78523144860214 ], [ 0.17137678423699, 38.78521968084555 ], [ 0.171376784207758, 38.785219680808808 ], [ 0.171367373348886, 38.785208459383384 ], [ 0.17136737333653, 38.785208459368953 ], [ 0.171357540129772, 38.785197213381103 ], [ 0.171357540080484, 38.785197213328878 ], [ 0.171346770289401, 38.785186623391155 ], [ 0.171346770274503, 38.785186623376816 ], [ 0.17134456004298, 38.78518453934911 ], [ 0.17134456003108, 38.785184539338069 ], [ 0.171335372781415, 38.785176154078222 ], [ 0.171335372738388, 38.785176154041103 ], [ 0.171326864055942, 38.785169210656406 ], [ 0.171326864040832, 38.785169210644305 ], [ 0.171317944969222, 38.785162200932376 ], [ 0.171317944910196, 38.78516220088914 ], [ 0.171308640710672, 38.78515585026436 ], [ 0.171308640692187, 38.785155850252018 ], [ 0.171299217067695, 38.785149687548831 ], [ 0.171299217028639, 38.785149687524388 ], [ 0.171289363329473, 38.785143793251031 ], [ 0.171289363297597, 38.785143793232635 ], [ 0.17127930874103, 38.785138197197142 ], [ 0.171279308710355, 38.785138197180643 ], [ 0.17126917809922, 38.785132936531909 ], [ 0.171269178033997, 38.785132936500432 ], [ 0.171258527347116, 38.785128172844317 ], [ 0.171258527338961, 38.785128172840707 ], [ 0.171247682330728, 38.785123413561315 ], [ 0.1712476822971, 38.785123413547133 ], [ 0.171236547817045, 38.785118900860361 ], [ 0.1712365477628, 38.78511890083977 ], [ 0.171222919884361, 38.785114068509046 ], [ 0.17122291983076, 38.785114068491296 ], [ 0.171208871301001, 38.785109743063643 ], [ 0.171208871243004, 38.78510974304718 ], [ 0.171194822389374, 38.78510608517081 ], [ 0.171194822346044, 38.785106085160251 ], [ 0.171180563434816, 38.785102855495857 ], [ 0.171180563397048, 38.785102855487843 ], [ 0.171166054488835, 38.785099983951547 ], [ 0.171166054463763, 38.785099983946814 ], [ 0.171151680580481, 38.785097406027852 ], [ 0.171151680579249, 38.785097406027631 ], [ 0.171137046241033, 38.785094794642568 ], [ 0.171137046218283, 38.785094794638688 ], [ 0.171122514320832, 38.785092442624268 ], [ 0.171107857003441, 38.785089831861988 ], [ 0.171093337479525, 38.785087239875104 ], [ 0.171074162523707, 38.785083720324053 ], [ 0.171074162505118, 38.785083720320763 ], [ 0.171054877451171, 38.785080443387521 ], [ 0.171035523384435, 38.785077167425079 ], [ 0.171016182223106, 38.785073819039503 ], [ 0.171016182195532, 38.785073819034992 ], [ 0.170996749369283, 38.785070843393143 ], [ 0.170996749369283, 38.785070843393143 ], [ 0.170977431263393, 38.785067859226402 ], [ 0.170957991055051, 38.785064846842658 ], [ 0.170957991053386, 38.78506484684241 ], [ 0.170938626056782, 38.785061869348162 ], [ 0.170919185652351, 38.785058852458988 ], [ 0.170899890742585, 38.785055872153407 ], [ 0.170899890651385, 38.78505587214228 ], [ 0.170856136123472, 38.785051931013903 ], [ 0.170856136121197, 38.78505193101369 ], [ 0.170812447066372, 38.785048064664402 ], [ 0.170812447064354, 38.785048064664238 ], [ 0.17076853080203, 38.785044239603828 ], [ 0.170724842517877, 38.785040260592133 ], [ 0.170724842512373, 38.785040260591643 ], [ 0.170680995271309, 38.785036434524116 ], [ 0.170637313088704, 38.785032567021332 ], [ 0.170593607405762, 38.785028714554137 ], [ 0.170549684651256, 38.785024872470139 ], [ 0.170506000088957, 38.785020950930637 ], [ 0.170506000087207, 38.78502095093048 ], [ 0.170462293617912, 38.785017080417809 ], [ 0.170462293499098, 38.785017080412146 ], [ 0.170430154700822, 38.785016850554626 ], [ 0.170398215973753, 38.785016330580163 ], [ 0.170398215956404, 38.785016330579985 ], [ 0.170366201849371, 38.785016187405347 ], [ 0.170334202705348, 38.785015966340794 ], [ 0.170302016125958, 38.785015697206298 ], [ 0.170270010215464, 38.785015219560179 ], [ 0.1702700102051, 38.785015219560059 ], [ 0.170238014300331, 38.785014967751444 ], [ 0.170238014295689, 38.785014967751422 ], [ 0.170206068928902, 38.785014817261008 ], [ 0.170174057311726, 38.785014340644416 ], [ 0.170174057301662, 38.785014340644302 ], [ 0.170142061176546, 38.785014083410779 ], [ 0.170095882258732, 38.78501244198771 ], [ 0.170049569263847, 38.785010398794441 ], [ 0.170049569250638, 38.785010398793915 ], [ 0.170003345123659, 38.785008776577527 ], [ 0.169957002804801, 38.785007084581487 ], [ 0.16991091388934, 38.785005422622262 ], [ 0.169864747344127, 38.78500341141357 ], [ 0.169864747333381, 38.78500341141315 ], [ 0.169818421750029, 38.785001733321323 ], [ 0.169818421748689, 38.785001733321288 ], [ 0.169772341290896, 38.785000106211491 ], [ 0.169725931738177, 38.784998065510955 ], [ 0.169725931726037, 38.784998065510464 ], [ 0.169679849427874, 38.784996421301543 ], [ 0.169269250536707, 38.784941414220917 ], [ 0.169269250536708, 38.784941414220917 ], [ 0.169269250294756, 38.784941414208788 ], [ 0.169269250054932, 38.78494141423662 ], [ 0.169269249827889, 38.784941414303198 ], [ 0.169269249623714, 38.784941414405523 ], [ 0.169269249451473, 38.784941414539063 ], [ 0.169030091763648, 38.785170768425246 ], [ 0.168958902915602, 38.785230376266064 ], [ 0.168786206869432, 38.785340819681537 ], [ 0.168517196224136, 38.785501791557053 ], [ 0.168517196198754, 38.785501791572692 ], [ 0.168302082519243, 38.785638169394417 ], [ 0.16826297877824, 38.785660023591674 ], [ 0.168262978774504, 38.785660023593778 ], [ 0.168249914281829, 38.785667386915257 ], [ 0.168249914268625, 38.785667386922803 ], [ 0.168236976109564, 38.785674899962217 ], [ 0.168236976082664, 38.785674899978325 ], [ 0.168224220758759, 38.785682772906767 ], [ 0.168224220753195, 38.785682772910221 ], [ 0.168211693755012, 38.785690603606135 ], [ 0.168211693751674, 38.785690603608224 ], [ 0.168199174930299, 38.785698489033955 ], [ 0.168199174925712, 38.785698489036861 ], [ 0.16818679401552, 38.785706369817767 ], [ 0.168186794010289, 38.785706369821114 ], [ 0.168174260524297, 38.785714443922529 ], [ 0.168161880407527, 38.785722342695614 ], [ 0.168161880388607, 38.785722342707949 ], [ 0.168149583603809, 38.785730537396979 ], [ 0.168136963042, 38.78573833457942 ], [ 0.168136963026543, 38.785738334589141 ], [ 0.168122065630532, 38.785747869179566 ], [ 0.168106986190333, 38.785757061873632 ], [ 0.168106986179157, 38.785757061880531 ], [ 0.168091872141599, 38.785766513165335 ], [ 0.168076887843713, 38.78577577534783 ], [ 0.168076887838033, 38.785775775351375 ], [ 0.168061796742774, 38.785785225110196 ], [ 0.168061796737575, 38.785785225113464 ], [ 0.16804680118864, 38.785794727230609 ], [ 0.168046801184917, 38.785794727232989 ], [ 0.16803190315639, 38.785804248322734 ], [ 0.168031903142295, 38.785804248331893 ], [ 0.168017130438478, 38.785814000242688 ], [ 0.168002463125568, 38.785823533083409 ], [ 0.168002463096831, 38.785823533102729 ], [ 0.167988036166257, 38.785833555799712 ], [ 0.167988036159845, 38.785833555804196 ], [ 0.167976445144787, 38.7858417304328 ], [ 0.167976445140226, 38.785841730436033 ], [ 0.167964930445987, 38.785849939024494 ], [ 0.167953336042354, 38.785858037165703 ], [ 0.167953336016802, 38.785858037184106 ], [ 0.167941924885067, 38.785866505113269 ], [ 0.167930714033731, 38.785874687436412 ], [ 0.167930714010016, 38.785874687454218 ], [ 0.167919430300217, 38.785883407773248 ], [ 0.167919430298659, 38.785883407774449 ], [ 0.167908491853879, 38.785891893505898 ], [ 0.167908491846114, 38.78589189351198 ], [ 0.167897449198353, 38.785900625304933 ], [ 0.167897449185983, 38.785900625314852 ], [ 0.167886729265813, 38.785909367267621 ], [ 0.167886729247757, 38.785909367282699 ], [ 0.167876126700816, 38.785918420453136 ], [ 0.167876126680308, 38.785918420471141 ], [ 0.167867283197268, 38.785926389907239 ], [ 0.167867283189935, 38.785926389913904 ], [ 0.167858678733575, 38.785934298811078 ], [ 0.167858678718799, 38.785934298824955 ], [ 0.167850331162513, 38.78594229083744 ], [ 0.167850331151555, 38.785942290848105 ], [ 0.16784195571233, 38.785950562886313 ], [ 0.167841955702332, 38.785950562896318 ], [ 0.167833899007151, 38.785958755114926 ], [ 0.167825735248647, 38.785966998885051 ], [ 0.167825735239898, 38.78596699889399 ], [ 0.167817728120437, 38.785975296968509 ], [ 0.167809657330899, 38.78598356072991 ], [ 0.167801369872594, 38.785991740284842 ], [ 0.167801369862274, 38.785991740295181 ], [ 0.167793225139903, 38.786000024080032 ], [ 0.167526556447467, 38.786260468197938 ], [ 0.167526556431947, 38.786260468213435 ], [ 0.167109090190169, 38.786686976562926 ], [ 0.167109090188898, 38.786686976564233 ], [ 0.166709435826984, 38.787096825185365 ], [ 0.166438745393987, 38.787368389129632 ], [ 0.166438745385162, 38.787368389138585 ], [ 0.166062079228297, 38.787756224498445 ], [ 0.165965170217655, 38.787833874318046 ], [ 0.165936237506508, 38.78784917732915 ], [ 0.165936237491115, 38.787849177337442 ], [ 0.16592673588431, 38.787854380787053 ], [ 0.165917199758376, 38.787859454546144 ], [ 0.165917199747255, 38.787859454552127 ], [ 0.165907417444562, 38.787864791737626 ], [ 0.165907417442144, 38.787864791738947 ], [ 0.165897933079399, 38.787869994716772 ], [ 0.165888236041878, 38.787875073736124 ], [ 0.165888236032593, 38.787875073741041 ], [ 0.165878611125565, 38.787880221969196 ], [ 0.165868902707276, 38.787885043640124 ], [ 0.165858904467603, 38.787889819125638 ], [ 0.165858904457013, 38.787889819130747 ], [ 0.165849052122418, 38.787894640202296 ], [ 0.165838953354228, 38.787899198593266 ], [ 0.165827830647297, 38.78790405411565 ], [ 0.1658166046345, 38.787908786319662 ], [ 0.165816604630619, 38.78790878632131 ], [ 0.165805340974191, 38.78791357809898 ], [ 0.165793984508583, 38.787918093116907 ], [ 0.165782459719001, 38.787922316317797 ], [ 0.165782459693755, 38.787922316327354 ], [ 0.165770964819095, 38.787926799063293 ], [ 0.165759307931262, 38.787930768192417 ], [ 0.16574765023779, 38.787934719327247 ], [ 0.165735766710248, 38.787938379299 ], [ 0.165723786649252, 38.787942042788494 ], [ 0.165712009289606, 38.78794537106279 ] ] ] ] } },
{ "type": "Feature", "properties": { "fid": 3, "INE_MUN": "03082", "DISTRITO": 2 }, "geometry": { "type": "MultiPolygon", "coordinates": [ [ [ [ 0.164130789977145, 38.781282666872187 ], [ 0.164130789974557, 38.781282666872315 ], [ 0.164102039133408, 38.781286396432535 ], [ 0.164072858144965, 38.781287426928706 ], [ 0.164072858134611, 38.781287426929104 ], [ 0.164043680447852, 38.781288663628473 ], [ 0.164014407432502, 38.781289696604603 ], [ 0.163985290531283, 38.781290616337166 ], [ 0.163985290527549, 38.781290616337294 ], [ 0.163956343530685, 38.781291604428567 ], [ 0.163956343516115, 38.781291604429136 ], [ 0.163927172614381, 38.781292890463341 ], [ 0.163897897204792, 38.781293869422875 ], [ 0.163868734316214, 38.781294790372598 ], [ 0.163868734297608, 38.781294790373295 ], [ 0.163839587770638, 38.781296081130264 ], [ 0.163810405151011, 38.781297074669276 ], [ 0.163783336809992, 38.781295258751271 ], [ 0.163783336807641, 38.781295258751115 ], [ 0.16375643771306, 38.781293497691657 ], [ 0.163729357369091, 38.781291411818941 ], [ 0.163729357350124, 38.781291411817598 ], [ 0.163702408114558, 38.781289688138742 ], [ 0.163675435827196, 38.781287833551232 ], [ 0.163675435819304, 38.781287833550707 ], [ 0.163648348838934, 38.781286118096368 ], [ 0.163621348614238, 38.781284282271088 ], [ 0.163594272250776, 38.781282286345615 ], [ 0.163594272242066, 38.781282286344997 ], [ 0.163567439731147, 38.781280469384427 ], [ 0.1635674397258, 38.781280469384065 ], [ 0.163540305822303, 38.781278731761567 ], [ 0.163521691622592, 38.781275106584147 ], [ 0.163503444962266, 38.781271335400874 ], [ 0.16348544588751, 38.781266656634585 ], [ 0.16346741826058, 38.781261983139281 ], [ 0.163449677629388, 38.781256798281447 ], [ 0.163431826648853, 38.781251304702991 ], [ 0.163431826631617, 38.781251304697818 ], [ 0.163414086291972, 38.781246100899573 ], [ 0.163396313276736, 38.781240808797826 ], [ 0.163396313272107, 38.781240808796454 ], [ 0.163378619115755, 38.781235608244884 ], [ 0.163378619094211, 38.781235608238738 ], [ 0.163360606869358, 38.781230632511864 ], [ 0.163360606849928, 38.781230632506656 ], [ 0.163202491004479, 38.781189424478583 ], [ 0.163202490805711, 38.781189424441749 ], [ 0.163202490601751, 38.781189424433002 ], [ 0.163202490399033, 38.781189424452641 ], [ 0.163202490203951, 38.781189424500042 ], [ 0.162794095995073, 38.781320771536407 ], [ 0.162508772416466, 38.78140176874534 ], [ 0.162074218567292, 38.781525204184923 ], [ 0.161355194937102, 38.781729258883836 ], [ 0.160909214367092, 38.781850251758321 ], [ 0.160805521248556, 38.781858096853163 ], [ 0.160411025898541, 38.781802086152915 ], [ 0.16011035534226, 38.781751078377042 ], [ 0.159917803628878, 38.781703970291247 ], [ 0.159917803606868, 38.781703970286046 ], [ 0.159756898846999, 38.781667350925396 ], [ 0.159756898832517, 38.781667350922184 ], [ 0.159743861806088, 38.78166452819481 ], [ 0.159743861780038, 38.781664528189424 ], [ 0.159730853564829, 38.781661966834527 ], [ 0.159730853536895, 38.781661966829304 ], [ 0.159717693728204, 38.781659647405945 ], [ 0.159717693726302, 38.781659647405604 ], [ 0.159704443103166, 38.781657330438584 ], [ 0.159704443032762, 38.781657330428075 ], [ 0.159691168944302, 38.781655680739817 ], [ 0.159691168930041, 38.781655680738126 ], [ 0.159677971324916, 38.781654173117879 ], [ 0.159677971281795, 38.781654173113608 ], [ 0.1596645359608, 38.781653042183805 ], [ 0.159664535933989, 38.781653042181787 ], [ 0.159651228205932, 38.781652168149222 ], [ 0.15965122814566, 38.781652168146508 ], [ 0.159637586355805, 38.781651834667876 ], [ 0.159637586324308, 38.781651834667421 ], [ 0.15962410249561, 38.781651794199895 ], [ 0.159624102477123, 38.781651794199952 ], [ 0.159608439138389, 38.781651944243798 ], [ 0.159608439137199, 38.781651944243805 ], [ 0.159592771759252, 38.781652107007083 ], [ 0.159577124829012, 38.78165223768432 ], [ 0.159577124765384, 38.781652237686224 ], [ 0.159561440019368, 38.781653049543067 ], [ 0.159561439994579, 38.781653049544559 ], [ 0.159545978134527, 38.781654113016678 ], [ 0.159545978061538, 38.781654113023549 ], [ 0.159530832339661, 38.781655923769513 ], [ 0.159530832278117, 38.78165592377821 ], [ 0.159515548926544, 38.781658422909551 ], [ 0.159515548824344, 38.781658422930136 ], [ 0.159500648085969, 38.781662001759962 ], [ 0.159500647984279, 38.781662001788526 ], [ 0.159486078054922, 38.781666712167748 ], [ 0.159486078054921, 38.781666712167748 ], [ 0.159486077943115, 38.781666712209542 ], [ 0.159471686520745, 38.781672858250374 ], [ 0.159471686475403, 38.781672858270795 ], [ 0.159324462171107, 38.781742712395761 ], [ 0.159324462171108, 38.781742712395761 ], [ 0.159324461985743, 38.781742712505157 ], [ 0.159324461832214, 38.78174271264146 ], [ 0.159324461716778, 38.781742712799108 ], [ 0.159324461644135, 38.781742712971699 ], [ 0.159300882456534, 38.781826357359392 ], [ 0.159184228430587, 38.782123349658086 ], [ 0.159046204783396, 38.782473887787404 ], [ 0.15904620476667, 38.782473887834378 ], [ 0.159039990942442, 38.782493357155538 ], [ 0.159039990936259, 38.782493357175902 ], [ 0.158803187178607, 38.783316285141915 ], [ 0.158796704475538, 38.783330189779001 ], [ 0.158796704475539, 38.783330189779001 ], [ 0.158796704438912, 38.783330189873283 ], [ 0.158746582445103, 38.783490231897837 ], [ 0.15874658242725, 38.783490231966205 ], [ 0.15871693745424, 38.783631440342653 ], [ 0.158653929618463, 38.783924673535218 ], [ 0.158653929616786, 38.78392467354324 ], [ 0.158565650134344, 38.784359492096534 ], [ 0.158534992517099, 38.784420081685944 ], [ 0.158534992490789, 38.784420081743612 ], [ 0.15846958430264, 38.78458041109436 ], [ 0.15846958427267, 38.784580411183256 ], [ 0.158409042624648, 38.784806142758733 ], [ 0.158409042621723, 38.784806142770002 ], [ 0.158329320549161, 38.785123479160255 ], [ 0.158246941939015, 38.785088237519851 ], [ 0.158246941874902, 38.785088237494428 ], [ 0.15776693666288, 38.784912410910792 ], [ 0.157766936587761, 38.784912410885774 ], [ 0.157338218246916, 38.784783516223143 ], [ 0.157338218242575, 38.784783516221857 ], [ 0.156985041649526, 38.784678611498094 ], [ 0.156985041624347, 38.784678611490897 ], [ 0.156428748697332, 38.784524883027245 ], [ 0.156428748697333, 38.784524883027245 ], [ 0.156428748571756, 38.784524882998717 ], [ 0.155868669159944, 38.784424239011173 ], [ 0.15574179690125, 38.784392392237649 ], [ 0.155724970105992, 38.784387185127272 ], [ 0.155709026611634, 38.78438097218951 ], [ 0.155693497505153, 38.784374108420721 ], [ 0.155678127742537, 38.78436668269385 ], [ 0.155660108788966, 38.784357778172954 ], [ 0.155642746083516, 38.784348355933162 ], [ 0.155625520095324, 38.784338380455431 ], [ 0.1556086478996, 38.784328336849541 ], [ 0.155591819537897, 38.784318112781179 ], [ 0.155316311168211, 38.784148406421863 ], [ 0.155316311145422, 38.784148406408164 ], [ 0.155301236861348, 38.784139588899762 ], [ 0.155207350229577, 38.784081241801026 ], [ 0.155207350199345, 38.784081241782879 ], [ 0.155045790293202, 38.783987495865468 ], [ 0.154834377210911, 38.783831716933868 ], [ 0.154834377131144, 38.783831716880265 ], [ 0.154769215062891, 38.783791822299619 ], [ 0.154769215062893, 38.783791822299619 ], [ 0.154769214922485, 38.783791822225986 ], [ 0.154723150635078, 38.783771334342937 ], [ 0.154723150635076, 38.783771334342937 ], [ 0.154723150333939, 38.783771334249998 ], [ 0.154693818934096, 38.7837658522675 ], [ 0.154693818934097, 38.7837658522675 ], [ 0.154693818684422, 38.783765852242972 ], [ 0.154628918290286, 38.783765079913046 ], [ 0.154628918154899, 38.783765079917686 ], [ 0.154548100309382, 38.783771597796651 ], [ 0.154478130685291, 38.78377410279775 ], [ 0.154425212239367, 38.783769681497439 ], [ 0.154363234587232, 38.78375779888907 ], [ 0.154304686836595, 38.783742238089879 ], [ 0.154304686829287, 38.78374223808796 ], [ 0.154246125195881, 38.783727015447361 ], [ 0.154246125180772, 38.783727015443525 ], [ 0.154184544718158, 38.783711743707961 ], [ 0.154184544718159, 38.783711743707961 ], [ 0.154184544536374, 38.783711743675298 ], [ 0.154147090331358, 38.783707477377398 ], [ 0.154147090253002, 38.783707477370605 ], [ 0.154081297234069, 38.783703557778779 ], [ 0.154081297096252, 38.783703557777045 ], [ 0.154009255643377, 38.783706036491203 ], [ 0.154009255442542, 38.783706036512093 ], [ 0.153980998912053, 38.783710988941344 ], [ 0.153920366645525, 38.783718258295579 ], [ 0.153822444288432, 38.783712194030983 ], [ 0.153679340291141, 38.783700877411739 ], [ 0.153679340266626, 38.783700877410006 ], [ 0.153535869974221, 38.783691954220593 ], [ 0.153426364413459, 38.783678584719276 ], [ 0.153426364413461, 38.783678584719276 ], [ 0.153426364247772, 38.783678584708547 ], [ 0.153322779056116, 38.783677767404441 ], [ 0.153322778832128, 38.783677767419881 ], [ 0.153322778616255, 38.783677767469136 ], [ 0.153322778416748, 38.783677767550316 ], [ 0.153322778241228, 38.783677767660315 ], [ 0.153322778096403, 38.783677767794934 ], [ 0.153322777987808, 38.783677767949051 ], [ 0.15332277791959, 38.783677768116753 ], [ 0.15332277789436, 38.783677768291632 ], [ 0.153322777913077, 38.78367776846703 ], [ 0.153322777975028, 38.783677768636203 ], [ 0.153322778077847, 38.783677768792721 ], [ 0.153322778217604, 38.783677768930595 ], [ 0.153338615476779, 38.783690588382562 ], [ 0.153353182176595, 38.783715707281281 ], [ 0.153347821767529, 38.78375668381009 ], [ 0.153289590423499, 38.783915451675966 ], [ 0.153242353803036, 38.784040693031749 ], [ 0.153242353792839, 38.784040693060525 ], [ 0.15319762073676, 38.784175627739018 ], [ 0.153197620719841, 38.784175627798184 ], [ 0.153181894069157, 38.784240848741646 ], [ 0.153181894049965, 38.784240848875847 ], [ 0.153181894056632, 38.784240849010786 ], [ 0.153187498308088, 38.78427925500268 ], [ 0.153187498341774, 38.784279255139062 ], [ 0.153187498401873, 38.784279255269794 ], [ 0.15320636363783, 38.784312087038373 ], [ 0.153206363637828, 38.784312087038373 ], [ 0.153206363805815, 38.784312087247898 ], [ 0.153249506112949, 38.784352320706432 ], [ 0.153249506112946, 38.784352320706432 ], [ 0.153249506216149, 38.784352320790887 ], [ 0.153284651734002, 38.784377573402487 ], [ 0.15335529269158, 38.784428338501847 ], [ 0.15335529274856, 38.784428338540188 ], [ 0.153409746004594, 38.784462622452466 ], [ 0.153409746047308, 38.784462622478109 ], [ 0.153470968065495, 38.784497606384413 ], [ 0.153470968065498, 38.784497606384413 ], [ 0.153470968173988, 38.784497606439366 ], [ 0.15352636385551, 38.784522329093761 ], [ 0.153588361702066, 38.784551909252528 ], [ 0.153632255471008, 38.784573912016846 ], [ 0.15363225547101, 38.784573912016846 ], [ 0.153632255577532, 38.784573912064182 ], [ 0.153682114267932, 38.784593396946555 ], [ 0.153718423356919, 38.784618149418009 ], [ 0.153758671407327, 38.784653816782075 ], [ 0.15380463859176, 38.784704748998649 ], [ 0.153861902733783, 38.78477290613074 ], [ 0.153861902744546, 38.78477290614331 ], [ 0.153912301113774, 38.784830749004009 ], [ 0.153935685747449, 38.784870944731615 ], [ 0.153935685775813, 38.784870944776969 ], [ 0.153980470236941, 38.784937723717533 ], [ 0.154028002500393, 38.785021030556877 ], [ 0.154065208107439, 38.785099324625413 ], [ 0.154086879321652, 38.785164345065994 ], [ 0.154096121769595, 38.78524143970381 ], [ 0.154096121772615, 38.785241439726036 ], [ 0.15411395185465, 38.785358778624442 ], [ 0.154113951896089, 38.785358778779354 ], [ 0.154113951971546, 38.785358778926195 ], [ 0.154113952078688, 38.785358779060424 ], [ 0.15411395221421, 38.785358779177898 ], [ 0.154118625111158, 38.785362175119722 ], [ 0.154125025271947, 38.78539447384123 ], [ 0.15415714394388, 38.785564452041449 ], [ 0.154157143944451, 38.785564452044433 ], [ 0.154214136740107, 38.785859219088195 ], [ 0.154214136762914, 38.78585921917621 ], [ 0.154291069741067, 38.786095051032575 ], [ 0.154309048312914, 38.786169265502949 ], [ 0.154309531243454, 38.786212887030594 ], [ 0.154310187656647, 38.786274272758554 ], [ 0.154310187658299, 38.786274272799822 ], [ 0.154318056212554, 38.786387691713394 ], [ 0.154317694344224, 38.786527607848939 ], [ 0.154317694345581, 38.786527607894513 ], [ 0.154329752021537, 38.78672159574797 ], [ 0.154329747587947, 38.786724104774784 ], [ 0.154329747589998, 38.786724104829787 ], [ 0.154331364537608, 38.786745263165997 ], [ 0.154333848785452, 38.786786763188523 ], [ 0.15433384878585, 38.786786763194712 ], [ 0.154339367130961, 38.786867093523071 ], [ 0.154339367146505, 38.786867093629866 ], [ 0.154359101164105, 38.786955395445183 ], [ 0.154359101166039, 38.786955395453596 ], [ 0.154362172980664, 38.786968411130502 ], [ 0.154364010715543, 38.786976960294631 ], [ 0.154364010721759, 38.786976960321105 ], [ 0.154365096762755, 38.786981228127992 ], [ 0.154367261605573, 38.786990799947773 ], [ 0.154370301949518, 38.787004667793724 ], [ 0.154371434064272, 38.787010632499438 ], [ 0.154371434066771, 38.787010632511979 ], [ 0.154379623019308, 38.787049949346724 ], [ 0.154092710067829, 38.787023219750679 ], [ 0.154092710066094, 38.787023219750516 ], [ 0.154002014624033, 38.787014879425655 ], [ 0.154002014596803, 38.787014879423424 ], [ 0.15366010830052, 38.7869898784352 ], [ 0.153660108267277, 38.786989878433154 ], [ 0.153507893390269, 38.786982223029554 ], [ 0.153469080782409, 38.78698020938036 ], [ 0.153469080744472, 38.786980209378889 ], [ 0.153465254988845, 38.786980110025077 ], [ 0.153431285820024, 38.786978460111939 ], [ 0.153431285617257, 38.786978460116117 ], [ 0.153273812473231, 38.786992643955635 ], [ 0.15327381221543, 38.786992644002865 ], [ 0.15322131083715, 38.787007422912019 ], [ 0.15315548798919, 38.787024327314107 ], [ 0.153155487745094, 38.787024327402719 ], [ 0.152947789778918, 38.787124329545499 ], [ 0.152947789703975, 38.787124329584827 ], [ 0.152569209287177, 38.787340350683301 ], [ 0.152569209256182, 38.787340350701633 ], [ 0.152194152349374, 38.787569928175692 ], [ 0.152040986102716, 38.78765793763813 ], [ 0.151914622720868, 38.787698291409313 ], [ 0.151641913895268, 38.787759215291423 ], [ 0.15151632010512, 38.78777379195575 ], [ 0.151516320105122, 38.787773791955757 ], [ 0.151479525604329, 38.787778011260933 ], [ 0.151351649634351, 38.787792649357591 ], [ 0.151207972273985, 38.787796709684009 ], [ 0.151050050089086, 38.787795921154959 ], [ 0.150749395264435, 38.787779595216449 ], [ 0.150526170136745, 38.787748573924489 ], [ 0.150101114287471, 38.787666143440923 ], [ 0.149936533198696, 38.787628055859493 ], [ 0.149483185238495, 38.787523490765125 ], [ 0.149178534261277, 38.787449923466312 ], [ 0.148919503308977, 38.78738248859139 ], [ 0.148919503306352, 38.787382488590701 ], [ 0.148748477026804, 38.787338321088903 ], [ 0.148748477026802, 38.787338321088903 ], [ 0.148712496549916, 38.787328977437646 ], [ 0.148712496511938, 38.787328977428345 ], [ 0.148405674096998, 38.787258419705907 ], [ 0.148405673949526, 38.787258419680093 ], [ 0.148250239496226, 38.787239495928205 ], [ 0.148250239325104, 38.787239495917518 ], [ 0.148250239153855, 38.787239495926869 ], [ 0.148234733170344, 38.787241260880776 ], [ 0.148063014294964, 38.787243938441776 ], [ 0.148063014136214, 38.787243938452896 ], [ 0.147882462034019, 38.787266538027403 ], [ 0.147882461983478, 38.787266538034643 ], [ 0.147780954190539, 38.787282911589443 ], [ 0.147780954182115, 38.787282911590822 ], [ 0.147750487693294, 38.787288012213594 ], [ 0.147559990604922, 38.787318852168603 ], [ 0.147559990588902, 38.787318852171296 ], [ 0.146926977860491, 38.787428710080206 ], [ 0.146926977846066, 38.787428710082779 ], [ 0.146581409137368, 38.787492342010665 ], [ 0.146214304198676, 38.787553990335653 ], [ 0.146187667524997, 38.78755784773265 ], [ 0.146187667521544, 38.787557847733154 ], [ 0.1460217599657, 38.787582283938136 ], [ 0.145698343208885, 38.787616258617142 ], [ 0.145351239975168, 38.787637956554455 ], [ 0.145351239971507, 38.787637956554683 ], [ 0.145115701830632, 38.787653272315907 ], [ 0.14507493844614, 38.787654276805242 ], [ 0.14490973160657, 38.787651684358536 ], [ 0.144793774726368, 38.787649917193342 ], [ 0.144646517175163, 38.787634236738548 ], [ 0.144450820343106, 38.787608312505057 ], [ 0.144291253770162, 38.787574306940492 ], [ 0.144200012801157, 38.787553500170155 ], [ 0.143956627239896, 38.787491536248233 ], [ 0.143956627134069, 38.787491536225595 ], [ 0.143766455053072, 38.787458394676833 ], [ 0.143766454980917, 38.787458394666139 ], [ 0.143674574116242, 38.787447140460138 ], [ 0.143599135422221, 38.787436664121145 ], [ 0.143599135422223, 38.787436664121145 ], [ 0.143599135286292, 38.787436664108746 ], [ 0.143480551758366, 38.787431407902602 ], [ 0.143480551662259, 38.787431407901487 ], [ 0.143381827376594, 38.787433494999974 ], [ 0.143381827291258, 38.787433495004258 ], [ 0.143235396659752, 38.787445150931745 ], [ 0.143235396644797, 38.787445150933031 ], [ 0.143028408902789, 38.787463770222587 ], [ 0.143028408836459, 38.787463770230069 ], [ 0.142888496699049, 38.787482871625031 ], [ 0.142571971209383, 38.787522979859226 ], [ 0.142571971175223, 38.787522979863958 ], [ 0.142182393143046, 38.787581829585761 ], [ 0.142182393128648, 38.787581829588014 ], [ 0.141555326799619, 38.787683065306481 ], [ 0.141096172824628, 38.787746401625405 ], [ 0.140988178407723, 38.78776124476942 ], [ 0.140906700560627, 38.787772239359526 ], [ 0.140710319703698, 38.787798393273881 ], [ 0.140160459891571, 38.787861805834602 ], [ 0.140082420628598, 38.787870509225399 ], [ 0.14002451814335, 38.787876734068405 ], [ 0.140024518138761, 38.787876734068902 ], [ 0.139831202757624, 38.787898137526518 ], [ 0.139831202754805, 38.787898137526824 ], [ 0.139730130504359, 38.787909527665981 ], [ 0.139592571635119, 38.787924724106709 ], [ 0.139363725316335, 38.787942186069344 ], [ 0.139226473755456, 38.787952063159196 ], [ 0.139076411472908, 38.787962185456706 ], [ 0.139076411471088, 38.787962185456834 ], [ 0.138684014731587, 38.787989144396846 ], [ 0.138147880508914, 38.788017710994978 ], [ 0.138010772600758, 38.788023393724849 ], [ 0.137452026018786, 38.788044835426007 ], [ 0.137452025996515, 38.788044835427044 ], [ 0.136892662604544, 38.788074817811847 ], [ 0.1366795391857, 38.788085898154378 ], [ 0.136679539183738, 38.788085898154485 ], [ 0.136463489560374, 38.788097420678135 ], [ 0.136463489547584, 38.788097420678874 ], [ 0.136436262107817, 38.788099111610308 ], [ 0.136436262102641, 38.788099111610642 ], [ 0.13604997453006, 38.788124475086896 ], [ 0.135771870929776, 38.788142722576339 ], [ 0.135694307908085, 38.788147869804376 ], [ 0.135334071596978, 38.78816378727889 ], [ 0.135026087569119, 38.78817741220486 ], [ 0.135026087531052, 38.788177412207041 ], [ 0.134931102694431, 38.788184094311227 ], [ 0.134931102674086, 38.788184094312811 ], [ 0.13467805257982, 38.7882054501056 ], [ 0.13467805257499, 38.78820545010602 ], [ 0.134459861505906, 38.78822459377762 ], [ 0.134408649589508, 38.788226965131855 ], [ 0.134375637753573, 38.788226153306013 ], [ 0.133875152326158, 38.788202956275619 ], [ 0.133875152294319, 38.788202956274496 ], [ 0.133677295044951, 38.788198084817509 ], [ 0.133516632978528, 38.788191827294185 ], [ 0.133516632901814, 38.788191827293204 ], [ 0.133397995803486, 38.788193404418223 ], [ 0.133397995761114, 38.788193404419395 ], [ 0.133363053587978, 38.788194878285623 ], [ 0.132843349284854, 38.788212741077579 ], [ 0.132843349271998, 38.788212741078084 ], [ 0.132132394201821, 38.788243414590504 ], [ 0.131874403161295, 38.788241942537731 ], [ 0.131874403155557, 38.788241942537709 ], [ 0.131786801560194, 38.788241784552824 ], [ 0.131786801524597, 38.788241784553193 ], [ 0.131594857231272, 38.788246088518186 ], [ 0.131594857213628, 38.788246088518683 ], [ 0.131342874843531, 38.788254769142355 ], [ 0.131081710787833, 38.788261037890912 ], [ 0.131081710781327, 38.788261037891075 ], [ 0.130806643207183, 38.788268859065973 ], [ 0.130806643202133, 38.788268859066115 ], [ 0.130576498114179, 38.788276194765764 ], [ 0.130576498068794, 38.78827619476791 ], [ 0.130376617831332, 38.788288772382138 ], [ 0.130376617765014, 38.78828877238783 ], [ 0.130197664258408, 38.78830825682914 ], [ 0.1301976641904, 38.788308256838178 ], [ 0.130052162102786, 38.788331127800831 ], [ 0.130052161977419, 38.788331127826368 ], [ 0.12994169151549, 38.788358906090721 ], [ 0.129941691300319, 38.788358906164561 ], [ 0.129860736721485, 38.788394801785877 ], [ 0.129860736695973, 38.78839480179753 ], [ 0.129688850331028, 38.788475648398695 ], [ 0.129490482236431, 38.788568272801655 ], [ 0.129307423362176, 38.788644841884341 ], [ 0.129307423318938, 38.788644841903384 ], [ 0.128997171880796, 38.788788401030295 ], [ 0.128877904107927, 38.788840859371035 ], [ 0.128794578656328, 38.788874313362506 ], [ 0.128794578656327, 38.788874313362506 ], [ 0.128794578545158, 38.788874313413487 ], [ 0.128742763974008, 38.78890123382066 ], [ 0.128742763969159, 38.788901233823196 ], [ 0.128682990029024, 38.788932632268434 ], [ 0.128682990026031, 38.788932632270019 ], [ 0.128627972794779, 38.788961728484502 ], [ 0.128581362904587, 38.788984748171401 ], [ 0.128581362897195, 38.788984748175075 ], [ 0.128477054087934, 38.789037137662788 ], [ 0.128323414000424, 38.789112732184385 ], [ 0.128217683278359, 38.78916420100802 ], [ 0.128069814061204, 38.789231190337773 ], [ 0.128069814024264, 38.789231190355238 ], [ 0.127878430430736, 38.789325565415325 ], [ 0.127605893236645, 38.789456245878242 ], [ 0.127605893198324, 38.789456245897433 ], [ 0.127301089794947, 38.789615703757967 ], [ 0.127128587014698, 38.78969877571275 ], [ 0.127061749812537, 38.789730935488414 ], [ 0.126943294032575, 38.789780972902598 ], [ 0.126943293999195, 38.789780972917264 ], [ 0.126916300533635, 38.789793300131535 ], [ 0.126889347500085, 38.789805499232834 ], [ 0.126889347488465, 38.78980549923817 ], [ 0.126862267651098, 38.789818089105836 ], [ 0.126835272585715, 38.789830380308238 ], [ 0.12683527258237, 38.789830380309766 ], [ 0.126808417006709, 38.789842702905204 ], [ 0.126781470471513, 38.789854919825082 ], [ 0.12678147046847, 38.789854919826467 ], [ 0.126754471195065, 38.789867247160224 ], [ 0.126754471188405, 38.789867247163279 ], [ 0.126727395476106, 38.789879800855132 ], [ 0.126700447137527, 38.789892108793481 ], [ 0.126700447135413, 38.78989210879444 ], [ 0.126673546550389, 38.789904455067777 ], [ 0.126645077235669, 38.78991488394437 ], [ 0.126616556407137, 38.789925188987851 ], [ 0.126616556394387, 38.789925188992534 ], [ 0.126588259427519, 38.789935743883909 ], [ 0.126559804213996, 38.789946339041478 ], [ 0.126531363559935, 38.789956898665856 ], [ 0.126502887664955, 38.789967179055104 ], [ 0.126502887654681, 38.789967179058863 ], [ 0.126474377952896, 38.789977739620312 ], [ 0.126474377950063, 38.789977739621364 ], [ 0.126446080985709, 38.789988295377178 ], [ 0.126417561209694, 38.789998599442725 ], [ 0.126417561199087, 38.789998599446612 ], [ 0.126389097499604, 38.7900091596564 ], [ 0.126389097486548, 38.790009159661324 ], [ 0.126177911995849, 38.790090076163416 ], [ 0.126177911926649, 38.79009007619225 ], [ 0.126094458347987, 38.790127770331992 ], [ 0.126061171259376, 38.790139639755118 ], [ 0.126028101307901, 38.790151448417745 ], [ 0.126028101297741, 38.790151448421419 ], [ 0.125994947056691, 38.790163593555626 ], [ 0.125961798603935, 38.790175476369967 ], [ 0.125961798603934, 38.790175476369967 ], [ 0.125928751652519, 38.790187285289655 ], [ 0.125928751652521, 38.790187285289655 ], [ 0.125895441422981, 38.790199154401051 ], [ 0.125862296721159, 38.79021096591957 ], [ 0.125862296710361, 38.790210965923464 ], [ 0.125829091222688, 38.790223124995926 ], [ 0.125796046186734, 38.790235004995303 ], [ 0.125796046186735, 38.790235004995303 ], [ 0.125762784099058, 38.790246896194439 ], [ 0.125728599467744, 38.790257590495429 ], [ 0.125694334810401, 38.790268008565825 ], [ 0.125694334801131, 38.790268008568681 ], [ 0.125660097596259, 38.790278686247731 ], [ 0.125625903473612, 38.790289138445239 ], [ 0.125625903465716, 38.79028913844769 ], [ 0.125591786170788, 38.790299794880141 ], [ 0.125591786169346, 38.790299794880603 ], [ 0.125557626389215, 38.790310506491743 ], [ 0.125523360530246, 38.790320924544297 ], [ 0.125523360522033, 38.790320924546833 ], [ 0.125489077637368, 38.790331585381615 ], [ 0.125454811951398, 38.790342007914688 ], [ 0.125454811940046, 38.790342007918206 ], [ 0.125420675122687, 38.790352718871766 ], [ 0.125251022550899, 38.790401225306852 ], [ 0.124956546114388, 38.790485420666904 ], [ 0.124901240907251, 38.79050048269427 ], [ 0.124901240904134, 38.790500482695123 ], [ 0.124845920073843, 38.790515688355569 ], [ 0.124790449130647, 38.790530646662866 ], [ 0.124790449122432, 38.790530646665111 ], [ 0.124735154424058, 38.790545924544645 ], [ 0.124679845346851, 38.79056087396323 ], [ 0.124624604233596, 38.790575825141111 ], [ 0.124624604228207, 38.790575825142589 ], [ 0.124569312053459, 38.790591030807676 ], [ 0.124513908939792, 38.790606095274732 ], [ 0.124513908936927, 38.7906060952755 ], [ 0.124458518160155, 38.790621284608726 ], [ 0.124403352312199, 38.790636248082031 ], [ 0.124403352289478, 38.790636248088404 ], [ 0.124358375533342, 38.790649281230806 ], [ 0.124313210630727, 38.790662223899012 ], [ 0.124313210628551, 38.790662223899631 ], [ 0.124268282230975, 38.790675179139747 ], [ 0.124223278258165, 38.790688117466566 ], [ 0.124223278249245, 38.790688117469159 ], [ 0.124178197655343, 38.790701410071385 ], [ 0.124133269169392, 38.790714364360745 ], [ 0.124088340702322, 38.790727319534163 ], [ 0.124043336699309, 38.790740258694008 ], [ 0.123998175014944, 38.790753277730424 ], [ 0.123953246495798, 38.790766232853784 ], [ 0.123953246483296, 38.790766232857457 ], [ 0.123925370583521, 38.79077455968487 ], [ 0.123897561921993, 38.790782871193336 ], [ 0.123869684898212, 38.790791198938486 ], [ 0.123869684896731, 38.790791198938926 ], [ 0.123841854799181, 38.79079954704293 ], [ 0.123841854797599, 38.790799547043406 ], [ 0.123814237604175, 38.790807867822366 ], [ 0.12378636052174, 38.790816194648173 ], [ 0.12375852883125, 38.790824506740009 ], [ 0.123758528831251, 38.790824506740009 ], [ 0.123730582003426, 38.790832818302199 ], [ 0.12373058200113, 38.790832818302889 ], [ 0.123702752232764, 38.79084114834771 ], [ 0.123702752232766, 38.79084114834771 ], [ 0.12367487433672, 38.790849457151353 ], [ 0.123674874336718, 38.790849457151353 ], [ 0.123674874231656, 38.790849457187477 ], [ 0.123380526249345, 38.790964639873039 ], [ 0.123380526204138, 38.79096463989174 ], [ 0.122665688208697, 38.791276169842753 ], [ 0.122166121173739, 38.791473686219199 ], [ 0.12216612111006, 38.791473686246377 ], [ 0.121778267420542, 38.791651883032003 ], [ 0.121778267420544, 38.791651883032003 ], [ 0.121778267309578, 38.791651883090005 ], [ 0.121573001094966, 38.791773223039684 ], [ 0.121573001094967, 38.791773223039684 ], [ 0.121573000998639, 38.791773223103405 ], [ 0.121490059019831, 38.791834498837758 ], [ 0.121490058967153, 38.791834498879297 ], [ 0.121444897786766, 38.791872499118298 ], [ 0.121405863323995, 38.791895771942301 ], [ 0.121405863323994, 38.791895771942301 ], [ 0.121405863176479, 38.791895772047248 ], [ 0.121355688133703, 38.791938239554575 ], [ 0.121336977941585, 38.791950920555472 ], [ 0.121336977880233, 38.791950920600208 ], [ 0.121270172765313, 38.792003332501849 ], [ 0.120929418405894, 38.792261062466174 ], [ 0.120929418393648, 38.792261062475582 ], [ 0.120723221820136, 38.792421740152861 ], [ 0.120444981557648, 38.792637334654067 ], [ 0.11937352687037, 38.793451013656181 ], [ 0.11933232065037, 38.79348235356413 ], [ 0.119316916152083, 38.793492431576809 ], [ 0.119300864116526, 38.793502734110319 ], [ 0.119284689196954, 38.793512964253289 ], [ 0.119268242211102, 38.793523290848974 ], [ 0.119251775562416, 38.793533325182999 ], [ 0.119251775548453, 38.793533325191632 ], [ 0.11923532378815, 38.79354367443068 ], [ 0.119218783278396, 38.79355359902263 ], [ 0.119218783274982, 38.793553599024676 ], [ 0.119202151820042, 38.793563655776858 ], [ 0.119202151818206, 38.793563655777966 ], [ 0.119185778952893, 38.793573597512058 ], [ 0.119169147488534, 38.793583654259869 ], [ 0.11916914748456, 38.793583654262292 ], [ 0.119152709444548, 38.793593684186142 ], [ 0.119130414387199, 38.793604135462814 ], [ 0.119107933535629, 38.793614551183694 ], [ 0.11908550221389, 38.793624651171584 ], [ 0.119085502201529, 38.793624651177218 ], [ 0.119063021327661, 38.793635066894048 ], [ 0.119063021325867, 38.793635066894893 ], [ 0.119040587418488, 38.793645503874579 ], [ 0.119040587417037, 38.793645503875254 ], [ 0.119018200125243, 38.793655954018249 ], [ 0.118995668281673, 38.793666389098938 ], [ 0.118973384424884, 38.793676466207913 ], [ 0.118973384413196, 38.79367646621327 ], [ 0.118950876527162, 38.793686923170071 ], [ 0.118928442481892, 38.793697356505646 ], [ 0.118882806476844, 38.793713683462229 ], [ 0.118882806471287, 38.793713683464233 ], [ 0.118837021626937, 38.793730294570288 ], [ 0.11879131834124, 38.793746664747474 ], [ 0.118791318335777, 38.793746664749449 ], [ 0.118745528444607, 38.793763293071336 ], [ 0.118699987126818, 38.793779550780492 ], [ 0.118699987125445, 38.793779550780982 ], [ 0.118654306532662, 38.793795914894289 ], [ 0.118654306527512, 38.793795914896151 ], [ 0.118608521767256, 38.793812530416389 ], [ 0.118562862599941, 38.793828858786419 ], [ 0.118562862595604, 38.79382885878799 ], [ 0.118517069452625, 38.793845415038469 ], [ 0.118471392211676, 38.793861725837722 ], [ 0.118456320651961, 38.793867038231006 ], [ 0.118456320640698, 38.793867038235049 ], [ 0.118441169546464, 38.793872532925519 ], [ 0.118426195718457, 38.793877842703182 ], [ 0.118426195712816, 38.7938778427052 ], [ 0.118411015487338, 38.79388330303594 ], [ 0.118395948522669, 38.79388861529705 ], [ 0.118380738782109, 38.793893926866367 ], [ 0.118365593328746, 38.793899128607634 ], [ 0.118350296780554, 38.793904059614441 ], [ 0.118334828218031, 38.793908847471521 ], [ 0.118319330141432, 38.7939134865696 ], [ 0.11825225154879, 38.793932639164019 ], [ 0.118252251477236, 38.7939326391866 ], [ 0.118107361270557, 38.79398285677658 ], [ 0.117977382929228, 38.794025792296843 ], [ 0.117937825233138, 38.794038308903474 ], [ 0.117898106138383, 38.794050846926289 ], [ 0.117898106137055, 38.794050846926709 ], [ 0.117858554741311, 38.79406337685402 ], [ 0.117818906539406, 38.794075930974536 ], [ 0.117779424297967, 38.794088463533029 ], [ 0.117779424297968, 38.794088463533029 ], [ 0.117739635412877, 38.794100986249099 ], [ 0.117739635410476, 38.794100986249845 ], [ 0.117700083916891, 38.794113515225781 ], [ 0.117660344495948, 38.794126090647588 ], [ 0.117620816166192, 38.794138623482489 ], [ 0.11762081616619, 38.794138623482489 ], [ 0.117581166345768, 38.794151142432206 ], [ 0.117581166338395, 38.794151142434565 ], [ 0.117504770484646, 38.794175745998714 ], [ 0.117455601859699, 38.794190932552567 ], [ 0.11741504831601, 38.794202790909615 ], [ 0.117415048310553, 38.794202790911235 ], [ 0.117374627657313, 38.794214793452007 ], [ 0.11733398621161, 38.794226748722913 ], [ 0.117293416114932, 38.794238624599075 ], [ 0.11729341611055, 38.794238624600361 ], [ 0.117252988722014, 38.79425060565864 ], [ 0.117212491339734, 38.794262592175016 ], [ 0.117171826839199, 38.794274548005951 ], [ 0.117171826837501, 38.794274548006442 ], [ 0.117131261389431, 38.794286531808567 ], [ 0.117131261389432, 38.794286531808567 ], [ 0.117090853213888, 38.794298426714462 ], [ 0.117050188473788, 38.794310378005527 ], [ 0.117050188439567, 38.794310378016064 ], [ 0.117009738858502, 38.794323435219916 ], [ 0.116977260647197, 38.794331626536959 ], [ 0.116977260587255, 38.794331626553536 ], [ 0.116951150805888, 38.79433948207194 ], [ 0.116925183510482, 38.794347278824212 ], [ 0.116899080598638, 38.794354763884471 ], [ 0.11689908058064, 38.794354763889757 ], [ 0.116873113723041, 38.794362597557317 ], [ 0.11684723802024, 38.794370409867021 ], [ 0.116821226142463, 38.794378267246103 ], [ 0.116795133600497, 38.794385990739706 ], [ 0.116769178864256, 38.794393548391199 ], [ 0.116769178855051, 38.794393548393913 ], [ 0.116743072420978, 38.794401349724176 ], [ 0.116717095830713, 38.794409092624626 ], [ 0.116575775650158, 38.794448141224947 ], [ 0.116575775648577, 38.794448141225388 ], [ 0.116430384426262, 38.794488501010534 ], [ 0.116378561610517, 38.794502465212929 ], [ 0.116326915672611, 38.794516024681926 ], [ 0.116326915663695, 38.794516024684285 ], [ 0.11627513882758, 38.794529988516892 ], [ 0.116223458715622, 38.794543953347208 ], [ 0.116171670360161, 38.79455754808054 ], [ 0.116171670351927, 38.794557548082736 ], [ 0.116119897827698, 38.794571480201263 ], [ 0.116119897826425, 38.794571480201611 ], [ 0.116068217451453, 38.794585440467046 ], [ 0.116068217451451, 38.794585440467046 ], [ 0.116016415160922, 38.794599350812057 ], [ 0.11596474189767, 38.794612946886836 ], [ 0.115964741889461, 38.794612946889011 ], [ 0.115912970617366, 38.794626909511919 ], [ 0.115778268488178, 38.794662149972339 ], [ 0.115778268477552, 38.794662149975167 ], [ 0.115559459904377, 38.794721256958148 ], [ 0.115482527651875, 38.794741612373521 ], [ 0.115482527638946, 38.794741612377003 ], [ 0.115439571288154, 38.794753425176147 ], [ 0.115439571283814, 38.794753425177348 ], [ 0.115396854590987, 38.794765322553843 ], [ 0.115353925912455, 38.794777242688454 ], [ 0.115353925910368, 38.794777242689037 ], [ 0.115311210762192, 38.794789176026768 ], [ 0.115268357223408, 38.794800707646843 ], [ 0.115268357213128, 38.794800707649642 ], [ 0.115225382495249, 38.794812628966291 ], [ 0.11522538249388, 38.794812628966675 ], [ 0.11518266572535, 38.794824526267568 ], [ 0.115139691763226, 38.794836465549885 ], [ 0.115139691763225, 38.794836465549885 ], [ 0.115096971827821, 38.794848290833933 ], [ 0.115053997048273, 38.794860212089922 ], [ 0.115053997006792, 38.794860212102137 ], [ 0.115019761634837, 38.794870887554033 ], [ 0.11498548646464, 38.794881283884401 ], [ 0.11498548645143, 38.794881283888479 ], [ 0.114951442348131, 38.794891990251578 ], [ 0.1149171679419, 38.794902404558975 ], [ 0.114917167930279, 38.794902404562556 ], [ 0.114883027214548, 38.794913113485556 ], [ 0.11484872511561, 38.79492384381922 ], [ 0.114814470537266, 38.794934185497539 ], [ 0.11481447051993, 38.794934185502896 ], [ 0.114780406700178, 38.794944968917022 ], [ 0.114746178234165, 38.794955381948839 ], [ 0.114746178224987, 38.794955381951667 ], [ 0.114711897542841, 38.794966076542067 ], [ 0.114711897518748, 38.794966076549834 ], [ 0.114447267437383, 38.795054119563069 ], [ 0.114353235873743, 38.795084692351956 ], [ 0.114333665288582, 38.795090989087463 ], [ 0.1143336652736, 38.79509098909238 ], [ 0.114314145313719, 38.795097523207623 ], [ 0.114294900593775, 38.795103901330755 ], [ 0.114294900592374, 38.795103901331217 ], [ 0.114275288090238, 38.795110425296528 ], [ 0.11427528808732, 38.795110425297501 ], [ 0.114255796861892, 38.795116958636541 ], [ 0.114255796854045, 38.795116958639191 ], [ 0.114236560941144, 38.795123539215901 ], [ 0.11421716075196, 38.79513007462085 ], [ 0.114197726598348, 38.795136332558016 ], [ 0.114197726579762, 38.795136332564162 ], [ 0.114178305899513, 38.795142900042819 ], [ 0.114158854913423, 38.795149432288092 ], [ 0.114111058449193, 38.795164306977412 ], [ 0.114111058444643, 38.795164306978833 ], [ 0.114063593528821, 38.795179261994811 ], [ 0.114015795442717, 38.79519410065712 ], [ 0.114015795440838, 38.79519410065771 ], [ 0.11396813802822, 38.79520897158406 ], [ 0.113968138028221, 38.79520897158406 ], [ 0.11392043165025, 38.795223802356489 ], [ 0.113920431647746, 38.79522380235727 ], [ 0.113872871564081, 38.795238688666132 ], [ 0.113825074960071, 38.7952535632473 ], [ 0.113777368518318, 38.79526839396388 ], [ 0.113777368516307, 38.795268393964506 ], [ 0.113729801835479, 38.795283262374518 ], [ 0.113682149265275, 38.795298115037887 ], [ 0.113662773374848, 38.795304127197404 ], [ 0.113662773370066, 38.795304127198875 ], [ 0.113643655234005, 38.795310136984767 ], [ 0.113643655232455, 38.79531013698525 ], [ 0.113624562024435, 38.795316164120401 ], [ 0.113605398100156, 38.795322153499569 ], [ 0.113605398096471, 38.795322153500727 ], [ 0.113586304891034, 38.795328180626889 ], [ 0.113566963821816, 38.795333935087733 ], [ 0.113547738775897, 38.795339578346315 ], [ 0.113528201034492, 38.795345046160705 ], [ 0.11350859937537, 38.795350235499924 ], [ 0.113488756184431, 38.795354769134377 ], [ 0.113390255521789, 38.795376842541991 ], [ 0.113390255520394, 38.795376842542296 ], [ 0.113334017606103, 38.795389505171073 ], [ 0.113298839693014, 38.795396497240084 ], [ 0.113263824472398, 38.795403260643994 ], [ 0.113263824464364, 38.795403260645571 ], [ 0.113228645952827, 38.795410266226405 ], [ 0.113228645950972, 38.795410266226774 ], [ 0.11319361333576, 38.795417291328064 ], [ 0.113158452759938, 38.795424021640464 ], [ 0.113158452748657, 38.795424021642674 ], [ 0.113123276383124, 38.795431050557582 ], [ 0.113088240787515, 38.79543803426747 ], [ 0.113088240784909, 38.795438034267981 ], [ 0.113053049513907, 38.795445117611017 ], [ 0.113018192047392, 38.795451803763193 ], [ 0.113018192035457, 38.795451803765523 ], [ 0.11298299417765, 38.795458868344703 ], [ 0.112781736458259, 38.79549722786399 ], [ 0.112728199590639, 38.795505462430185 ], [ 0.11272819957286, 38.795505462433042 ], [ 0.112684059439312, 38.795512819414228 ], [ 0.112684059431409, 38.795512819415563 ], [ 0.112639740603088, 38.795520461317572 ], [ 0.112595855665793, 38.795527757407818 ], [ 0.112595855656733, 38.79552775740936 ], [ 0.112551543339381, 38.79553541712216 ], [ 0.112507403170123, 38.795542774037102 ], [ 0.112507403168969, 38.795542774037294 ], [ 0.112463263440556, 38.795550167860668 ], [ 0.112463263432651, 38.795550167862011 ], [ 0.112419083278184, 38.795557823099855 ], [ 0.112375036569703, 38.795565106303748 ], [ 0.112375036558833, 38.795565106305581 ], [ 0.11233088037292, 38.795572757267756 ], [ 0.112286601021644, 38.79558011781041 ], [ 0.112286601009732, 38.795580117812456 ], [ 0.112234306693618, 38.795589264952383 ], [ 0.112234306693616, 38.795589264952383 ], [ 0.112181941152977, 38.795598336492304 ], [ 0.112129666126998, 38.795607239833984 ], [ 0.112129666123721, 38.795607239834538 ], [ 0.112077229667699, 38.795616296101805 ], [ 0.112077229663876, 38.795616296102466 ], [ 0.112025057717188, 38.795625452499614 ], [ 0.111972765062382, 38.795634612992188 ], [ 0.111920398340119, 38.795643685347329 ], [ 0.111867978689349, 38.795652573509173 ], [ 0.111867978684864, 38.795652573509926 ], [ 0.111815709247788, 38.795661607190567 ], [ 0.111815709244349, 38.795661607191164 ], [ 0.111763324395643, 38.795670792566497 ], [ 0.111674732734086, 38.795683280803978 ], [ 0.111674732714531, 38.795683280806863 ], [ 0.11147629680522, 38.79571403512977 ], [ 0.111476296782939, 38.795714035133422 ], [ 0.111438505533572, 38.795720502622636 ], [ 0.111400651600659, 38.795726587995773 ], [ 0.1114006515897, 38.795726587997578 ], [ 0.111362856364554, 38.795732964580381 ], [ 0.111324916465047, 38.795739323385362 ], [ 0.111287275227065, 38.795745403053616 ], [ 0.111287275214967, 38.795745403055619 ], [ 0.111249391150579, 38.795751854941031 ], [ 0.111211618893541, 38.795758230862795 ], [ 0.111173679160527, 38.795764594118729 ], [ 0.111135938811946, 38.795770671875303 ], [ 0.111135938799925, 38.795770671877285 ], [ 0.111098008124352, 38.795777111442852 ], [ 0.111098008052527, 38.795777111456943 ], [ 0.110993713446784, 38.79580040480792 ], [ 0.110993713412435, 38.795800404816049 ], [ 0.110867872922055, 38.795831863046587 ], [ 0.110867872836095, 38.795831863071058 ], [ 0.110827881592023, 38.795844680732849 ], [ 0.11078751364234, 38.795857545354806 ], [ 0.110787513632655, 38.795857545357933 ], [ 0.110747534672219, 38.795870619414131 ], [ 0.110707398496916, 38.795883387743842 ], [ 0.110707398495831, 38.79588338774419 ], [ 0.110667269578432, 38.795896191002036 ], [ 0.110667269578431, 38.795896191002036 ], [ 0.110627063227656, 38.795908961175748 ], [ 0.110627063225496, 38.795908961176444 ], [ 0.110586929309903, 38.79592178255826 ], [ 0.110586929300841, 38.795921782561187 ], [ 0.110546786119626, 38.795934920383552 ], [ 0.110506582444581, 38.795947726478502 ], [ 0.110466446134789, 38.795960493830222 ], [ 0.110466446064026, 38.795960493854942 ], [ 0.109757103954474, 38.796231003162568 ], [ 0.109757103913947, 38.796231003178811 ], [ 0.109726175552419, 38.796244006952506 ], [ 0.109050803415661, 38.796499548877556 ], [ 0.108773437651741, 38.79660355762303 ], [ 0.10838629894622, 38.79674859412178 ], [ 0.10838629894267, 38.796748594123109 ], [ 0.107844440994799, 38.79695337870502 ], [ 0.107844440989644, 38.796953378706974 ], [ 0.10774579039687, 38.796991136605342 ], [ 0.107745790316048, 38.796991136639477 ], [ 0.107710064485916, 38.797007695459719 ], [ 0.107710064465837, 38.797007695469247 ], [ 0.107695747505654, 38.797014644019967 ], [ 0.107695747471405, 38.797014644037262 ], [ 0.107681779678016, 38.797021971570317 ], [ 0.107681779662814, 38.797021971578417 ], [ 0.107667986947393, 38.797029460209174 ], [ 0.107654250063163, 38.797036803211327 ], [ 0.1076542500606, 38.797036803212691 ], [ 0.107640358619511, 38.797044271948188 ], [ 0.107640358478548, 38.797044272037567 ], [ 0.107622778092553, 38.797057343349856 ], [ 0.107622778089997, 38.79705734335176 ], [ 0.107605308123665, 38.797070412622929 ], [ 0.107605308116881, 38.797070412628045 ], [ 0.107587734683837, 38.797083776534002 ], [ 0.107570294004676, 38.797096857628517 ], [ 0.107552587150307, 38.797109933195472 ], [ 0.107552587145195, 38.797109933199266 ], [ 0.107535055435951, 38.797123039238102 ], [ 0.107517585202622, 38.797136103098381 ], [ 0.10751758519629, 38.797136103103156 ], [ 0.107500033163029, 38.797149430391642 ], [ 0.10748257125315, 38.797162553479339 ], [ 0.107464869294979, 38.797175609984038 ], [ 0.107464869276511, 38.797175609997957 ], [ 0.107443267132269, 38.797192270241162 ], [ 0.107222948313573, 38.797361958845947 ], [ 0.107222948253785, 38.797361958895628 ], [ 0.107200960748551, 38.797381674326658 ], [ 0.107200960745852, 38.797381674329088 ], [ 0.107179088864802, 38.797401428119031 ], [ 0.107179088862403, 38.797401428121212 ], [ 0.107157112675784, 38.797421404497449 ], [ 0.10713524073436, 38.797441157377641 ], [ 0.10711325322289, 38.797460873691158 ], [ 0.107113253222889, 38.797460873691158 ], [ 0.10709119492855, 38.797480577473074 ], [ 0.107091194924399, 38.797480577476797 ], [ 0.107069329686861, 38.79750032656554 ], [ 0.107069329684584, 38.797500326567601 ], [ 0.107047347688247, 38.79752030307813 ], [ 0.107025458438684, 38.797540056398908 ], [ 0.107003494057467, 38.79755977658327 ], [ 0.10700349405747, 38.79755977658327 ], [ 0.107003493969936, 38.797559776672564 ], [ 0.106927733930343, 38.797647972113282 ], [ 0.106819592704784, 38.797773970784917 ], [ 0.106819592698253, 38.797773970792619 ], [ 0.106807761846299, 38.79778806551721 ], [ 0.106807761827028, 38.797788065540978 ], [ 0.106796320423725, 38.797802671509267 ], [ 0.106796320417955, 38.797802671516706 ], [ 0.10678527900439, 38.79781707765396 ], [ 0.106785278995786, 38.797817077665371 ], [ 0.106774453550214, 38.797831685256334 ], [ 0.106774453540625, 38.797831685269522 ], [ 0.106763787667357, 38.797846653463573 ], [ 0.106752965385169, 38.797861333933817 ], [ 0.106742145486382, 38.79787593686217 ], [ 0.106731052509536, 38.79789034886182 ], [ 0.106719660289148, 38.797904894942512 ], [ 0.106707825423244, 38.797919030285009 ], [ 0.106695766343071, 38.797932801342938 ], [ 0.10669576633946, 38.797932801347095 ], [ 0.106683642873064, 38.797946812852963 ], [ 0.106671321655341, 38.79796064494009 ], [ 0.106671321652935, 38.797960644942791 ], [ 0.106659164039617, 38.797974400598974 ], [ 0.106646506985184, 38.797987895677814 ], [ 0.10663381170084, 38.798001332312701 ], [ 0.106620572137802, 38.798014562714691 ], [ 0.106607162510423, 38.798027721069218 ], [ 0.106593507400144, 38.798040634602792 ], [ 0.106579319765026, 38.798053241596136 ], [ 0.106542073347545, 38.798085823032501 ], [ 0.106525043687519, 38.79809976238036 ], [ 0.106525043685897, 38.798099762381689 ], [ 0.106516462801667, 38.798106814894162 ], [ 0.106508010525621, 38.798113647765668 ], [ 0.106499205771362, 38.798120449479356 ], [ 0.106499205744973, 38.798120449500423 ], [ 0.106490538123625, 38.798127598909275 ], [ 0.106481971480596, 38.79813444923613 ], [ 0.106473189130158, 38.798141236840181 ], [ 0.106473189123989, 38.798141236844998 ], [ 0.106464477908383, 38.798148072109157 ], [ 0.10646447789816, 38.798148072117286 ], [ 0.106455708421824, 38.798155129643646 ], [ 0.106446976750511, 38.798162024005272 ], [ 0.10643831730592, 38.798168857865996 ], [ 0.106418691556518, 38.798182132954771 ], [ 0.106418691551026, 38.798182132958502 ], [ 0.106398881801822, 38.798195704845725 ], [ 0.106379258117076, 38.798209028541379 ], [ 0.106379258108097, 38.798209028547532 ], [ 0.106359691010091, 38.79822259487112 ], [ 0.106340067925187, 38.798235959080714 ], [ 0.106320276704097, 38.798249269206458 ], [ 0.106320276692495, 38.798249269214359 ], [ 0.106300640539392, 38.798262836465241 ], [ 0.106281105549475, 38.798276109135628 ], [ 0.106281105547787, 38.798276109136779 ], [ 0.106261204902695, 38.798289683421395 ], [ 0.10624167317503, 38.798303004635713 ], [ 0.106202005687138, 38.798327695618951 ], [ 0.106202005684597, 38.798327695620529 ], [ 0.106162299387292, 38.798352554297637 ], [ 0.10612263293625, 38.798377244336947 ], [ 0.106122632932749, 38.798377244339129 ], [ 0.106082956891636, 38.79840213821943 ], [ 0.106043237490717, 38.798426829640853 ], [ 0.106043237488655, 38.798426829642139 ], [ 0.10600346245595, 38.798451672076666 ], [ 0.105963769242416, 38.798476305119706 ], [ 0.105963769236618, 38.798476305123344 ], [ 0.105924090988137, 38.798501256664807 ], [ 0.105884419155357, 38.798525853076001 ], [ 0.105884419149627, 38.798525853079582 ], [ 0.105844693737816, 38.798550806750981 ], [ 0.105787328085135, 38.79858651688123 ], [ 0.105748251010151, 38.798610601931642 ], [ 0.105676700693512, 38.798651973945638 ], [ 0.105676700689829, 38.798651973947777 ], [ 0.105636945264324, 38.798675153616081 ], [ 0.105636945259111, 38.798675153619143 ], [ 0.105597088094749, 38.798698668404704 ], [ 0.105557495948085, 38.798721897755009 ], [ 0.105557495944646, 38.798721897757048 ], [ 0.105517730759011, 38.798745410969339 ], [ 0.105477886328015, 38.798768664120182 ], [ 0.105438151056301, 38.798791807150344 ], [ 0.105438151050602, 38.798791807153677 ], [ 0.105398294902057, 38.798815321846604 ], [ 0.105398294902059, 38.798815321846604 ], [ 0.105358634241007, 38.798838593492235 ], [ 0.10535863423721, 38.798838593494473 ], [ 0.105318914719487, 38.798862100921241 ], [ 0.105279018610576, 38.798885359882604 ], [ 0.105188156408027, 38.798937980210603 ], [ 0.105188156404357, 38.798937980212735 ], [ 0.10516964904762, 38.798948787585061 ], [ 0.105154211130254, 38.798957666501778 ], [ 0.10513852216484, 38.798966570110998 ], [ 0.105122890304888, 38.798975198332869 ], [ 0.105122890295856, 38.798975198337914 ], [ 0.10510707942994, 38.798984105187358 ], [ 0.105091446745141, 38.798992714506575 ], [ 0.105057396831606, 38.79901105313256 ], [ 0.105023285030572, 38.799029027640209 ], [ 0.105023285019474, 38.799029027646135 ], [ 0.104989306187456, 38.799047386885952 ], [ 0.104955194351909, 38.799065361374652 ], [ 0.104955194341949, 38.799065361379959 ], [ 0.104921167346226, 38.799083699362065 ], [ 0.104887023527521, 38.799101971972036 ], [ 0.104853026664976, 38.799119944275908 ], [ 0.104853026656124, 38.79911994428064 ], [ 0.104819028320851, 38.799138280567647 ], [ 0.104784773849386, 38.799156259701633 ], [ 0.10478477383704, 38.799156259708205 ], [ 0.104750792940947, 38.799174600000505 ], [ 0.104723699912127, 38.799186924792615 ], [ 0.104696377455078, 38.799198871921853 ], [ 0.104696377439131, 38.799198871928958 ], [ 0.104669299999122, 38.799211159374337 ], [ 0.104641976584739, 38.79922308489558 ], [ 0.104641976567042, 38.799223084903439 ], [ 0.104614878817662, 38.799235408914029 ], [ 0.1045876858076, 38.79924768680376 ], [ 0.104560482001708, 38.799259716331541 ], [ 0.104560481994144, 38.799259716334916 ], [ 0.104533292917136, 38.799271952666921 ], [ 0.104505967805745, 38.799283972795749 ], [ 0.104505967793271, 38.799283972801312 ], [ 0.104478872261273, 38.799296242664589 ], [ 0.103490672615944, 38.799716364742594 ], [ 0.103490672615946, 38.799716364742594 ], [ 0.103490672415937, 38.799716364850461 ], [ 0.103490672249322, 38.799716364988775 ], [ 0.10349067212353, 38.799716365151383 ], [ 0.103490672044166, 38.799716365331051 ], [ 0.103490672014768, 38.799716365519728 ], [ 0.103482827935016, 38.800110653193137 ], [ 0.10323786522088, 38.800567628891777 ], [ 0.103237865220879, 38.800567628891777 ], [ 0.103237865161608, 38.800567629034802 ], [ 0.10323786513358, 38.80056762918354 ], [ 0.103237865137577, 38.800567629333877 ], [ 0.103340035312391, 38.801330665071973 ], [ 0.103340035370789, 38.801330665275742 ], [ 0.103340035487601, 38.801330665463482 ], [ 0.103765500318889, 38.801850881207777 ], [ 0.103765500363302, 38.801850881258218 ], [ 0.104380812422654, 38.802501149790857 ], [ 0.104479373707201, 38.802669120952871 ], [ 0.104479373707203, 38.802669120952871 ], [ 0.104479373842868, 38.802669121128162 ], [ 0.10447937402568, 38.802669121274924 ], [ 0.104479374246167, 38.802669121385527 ], [ 0.105239906929168, 38.802961016003771 ], [ 0.10523990692917, 38.802961016003771 ], [ 0.105239907194873, 38.802961016075798 ], [ 0.105239907474969, 38.802961016095246 ], [ 0.107064742904377, 38.802912438883197 ], [ 0.107105689594838, 38.802936332887505 ], [ 0.108236282011333, 38.803596076793255 ], [ 0.108236282011331, 38.803596076793255 ], [ 0.108236282207606, 38.803596076885547 ], [ 0.10823628242335, 38.803596076945603 ], [ 0.108236282650018, 38.803596076971033 ], [ 0.109227326836493, 38.803629243823607 ], [ 0.109227327052077, 38.80362924381496 ], [ 0.109227327261804, 38.803629243774957 ], [ 0.109227327458293, 38.803629243705011 ], [ 0.109227327634623, 38.803629243607567 ], [ 0.109597160973724, 38.803381109061569 ], [ 0.110735097765088, 38.803291207900898 ], [ 0.111736488724174, 38.803562356392661 ], [ 0.111736488724176, 38.803562356392661 ], [ 0.111736488909691, 38.803562356429701 ], [ 0.111736489100486, 38.803562356442157 ], [ 0.111736489291282, 38.803562356429701 ], [ 0.112871837498812, 38.803412933682644 ], [ 0.112871837599505, 38.803412933665726 ], [ 0.115210779354674, 38.802933523168868 ], [ 0.115210779354673, 38.802933523168868 ], [ 0.115210779543627, 38.802933523115982 ], [ 0.115210779717964, 38.802933523038206 ], [ 0.116251934255485, 38.802369593891584 ], [ 0.117007084165707, 38.802230283926882 ], [ 0.117846042961835, 38.802267440346981 ], [ 0.117846043241154, 38.80226744033267 ], [ 0.11784604350779, 38.802267440265993 ], [ 0.12016934216541, 38.801430931499596 ], [ 0.121094704854577, 38.801704031499554 ], [ 0.12109470507664, 38.801704031545889 ], [ 0.121094705306043, 38.801704031556781 ], [ 0.121094705533633, 38.80170403153177 ], [ 0.12109470575033, 38.80170403147185 ], [ 0.121094705947486, 38.801704031379437 ], [ 0.122059761652232, 38.801142086930355 ], [ 0.122447709568114, 38.801310415289365 ], [ 0.122447709780053, 38.801310415360632 ], [ 0.122447710005901, 38.801310415397396 ], [ 0.122447710236577, 38.801310415398142 ], [ 0.122447710462813, 38.801310415362884 ], [ 0.122447710675513, 38.801310415293017 ], [ 0.123493975343089, 38.800865424801557 ], [ 0.12349397552974, 38.800865424702494 ], [ 0.123493975688107, 38.800865424576827 ], [ 0.123493975812102, 38.800865424429396 ], [ 0.123493975896963, 38.800865424265879 ], [ 0.123493975939428, 38.800865424092549 ], [ 0.123493975937864, 38.800865423916051 ], [ 0.123493975892335, 38.800865423743204 ], [ 0.123493975804588, 38.800865423580625 ], [ 0.12308785120559, 38.800280597653867 ], [ 0.123761737737236, 38.80002428054825 ], [ 0.123761737737238, 38.80002428054825 ], [ 0.123761737907135, 38.800024280468833 ], [ 0.12376173805712, 38.800024280367772 ], [ 0.123761738182761, 38.800024280248124 ], [ 0.123761738280338, 38.800024280113384 ], [ 0.1241159137756, 38.799419100322119 ], [ 0.12546885788948, 38.799025451572611 ], [ 0.125468858068211, 38.799025451506417 ], [ 0.12546885822982, 38.799025451417279 ], [ 0.125468858369532, 38.799025451307777 ], [ 0.126127129960578, 38.798412121437167 ], [ 0.127414415788597, 38.798258487726578 ], [ 0.12794661399188, 38.798244223117301 ], [ 0.127946614215454, 38.798244223093988 ], [ 0.12794661442892, 38.798244223036995 ], [ 0.12794661462408, 38.798244222948519 ], [ 0.127946614793426, 38.798244222831933 ], [ 0.128827736943649, 38.797505763698268 ], [ 0.129572401145677, 38.797128376253802 ], [ 0.129572401361213, 38.797128376112532 ], [ 0.130233222687669, 38.796574524785292 ], [ 0.131520463862574, 38.796420847446882 ], [ 0.13152046407972, 38.796420847403688 ], [ 0.131520464282051, 38.796420847328378 ], [ 0.131520464461892, 38.796420847223814 ], [ 0.132480156883166, 38.795739823074491 ], [ 0.133088358117067, 38.79572349487924 ], [ 0.133190431171446, 38.796316450175617 ], [ 0.133190431171444, 38.796316450175617 ], [ 0.133190431220586, 38.796316450341067 ], [ 0.133190431308562, 38.796316450496356 ], [ 0.13319043143224, 38.796316450635956 ], [ 0.133190431587219, 38.796316450754873 ], [ 0.133190431767983, 38.796316450848913 ], [ 0.133190431968099, 38.796316450914688 ], [ 0.133190432180442, 38.796316450949888 ], [ 0.133190432397455, 38.79631645095327 ], [ 0.133190432611414, 38.796316450924664 ], [ 0.133190432814701, 38.796316450865127 ], [ 0.133864244751587, 38.796060078843794 ], [ 0.13424437227892, 38.796049868942667 ], [ 0.134244372495483, 38.796049868920619 ], [ 0.134244372702824, 38.796049868866945 ], [ 0.134244372893467, 38.796049868783577 ], [ 0.134244373060544, 38.796049868673506 ], [ 0.134244373198036, 38.79604986854072 ], [ 0.134606259567618, 38.795623160453701 ], [ 0.135518559296656, 38.795598649950072 ], [ 0.136173686464721, 38.796653297341834 ], [ 0.136173686464719, 38.796653297341834 ], [ 0.136173686586703, 38.796653297496306 ], [ 0.136173686745815, 38.796653297628495 ], [ 0.136173686935586, 38.796653297733002 ], [ 0.136173687148295, 38.796653297805584 ], [ 0.136173687375291, 38.796653297843292 ], [ 0.136173687607336, 38.796653297844578 ], [ 0.136173687834991, 38.796653297809399 ], [ 0.136173688048997, 38.796653297739191 ], [ 0.137070353642542, 38.796271778447867 ], [ 0.139733854375031, 38.796259713516278 ], [ 0.13973385463045, 38.796259713492638 ], [ 0.139733854872771, 38.796259713425158 ], [ 0.139733855089883, 38.796259713317241 ], [ 0.140030126110948, 38.796073032778871 ], [ 0.140863789478977, 38.795991027055038 ], [ 0.140863789708099, 38.795991027013528 ], [ 0.140863789921649, 38.795991026936434 ], [ 0.140863790110708, 38.795991026826975 ], [ 0.140863790267372, 38.79599102668972 ], [ 0.141372463483393, 38.795441208074877 ], [ 0.141904632791154, 38.79542688078493 ], [ 0.142525888862052, 38.795708000492326 ], [ 0.14252588886205, 38.795708000492326 ], [ 0.142525889056403, 38.7957080005623 ], [ 0.142525889263947, 38.7957080006029 ], [ 0.142525889477507, 38.795708000612713 ], [ 0.143134086041335, 38.795691620102872 ], [ 0.143134086251756, 38.795691620081897 ], [ 0.143134086453678, 38.795691620031057 ], [ 0.143134086640236, 38.795691619952052 ], [ 0.143134086805091, 38.795691619847588 ], [ 0.143134086942637, 38.795691619721218 ], [ 0.143134087048198, 38.795691619577241 ], [ 0.143134087118187, 38.795691619420523 ], [ 0.143267845455391, 38.79527103127942 ], [ 0.143742281223602, 38.795675236142515 ], [ 0.143742281400668, 38.79567523626524 ], [ 0.143742281606063, 38.795675236357035 ], [ 0.143742281831107, 38.79567523641402 ], [ 0.143742282066284, 38.795675236433787 ], [ 0.143742282301657, 38.795675236415491 ], [ 0.143742282527274, 38.795675236359926 ], [ 0.143742282733603, 38.795675236269417 ], [ 0.143742282911915, 38.795675236147808 ], [ 0.144109337381643, 38.795367498841806 ], [ 0.145868348986952, 38.795558369400581 ], [ 0.145868349218399, 38.795558369407289 ], [ 0.145868349446869, 38.795558369377559 ], [ 0.149714183133422, 38.79473978882875 ], [ 0.150175570542667, 38.794846470978747 ], [ 0.150196519745722, 38.795322460109439 ], [ 0.150196519773921, 38.795322460278918 ], [ 0.150196519842537, 38.79532246044117 ], [ 0.150196519949097, 38.795322460590349 ], [ 0.15019652008976, 38.795322460721088 ], [ 0.150196520259457, 38.795322460828672 ], [ 0.150741798072907, 38.79560558396954 ], [ 0.150741798072909, 38.79560558396954 ], [ 0.150741798276908, 38.795605584053739 ], [ 0.150741798498272, 38.795605584104422 ], [ 0.150741798728104, 38.795605584119521 ], [ 0.150741798957166, 38.795605584098453 ], [ 0.150741799176253, 38.795605584042029 ], [ 0.15074179937656, 38.795605583952558 ], [ 0.150741799550036, 38.795605583833613 ], [ 0.150741799550035, 38.795605583833613 ], [ 0.151182238443281, 38.795236271931898 ], [ 0.152776156486296, 38.795133640119573 ], [ 0.152776156674974, 38.795133640094932 ], [ 0.152776156855829, 38.795133640046174 ], [ 0.153151040215971, 38.795004371812645 ], [ 0.154152478853751, 38.795275148094142 ], [ 0.154105295313374, 38.795931685549895 ], [ 0.15410529532464, 38.795931685735844 ], [ 0.154105295384524, 38.795931685915974 ], [ 0.154105295490465, 38.795931686082646 ], [ 0.154105295637938, 38.795931686228691 ], [ 0.154894409197268, 38.796565613587276 ], [ 0.154894409197267, 38.796565613587276 ], [ 0.1548944093587, 38.796565613695016 ], [ 0.154894409542671, 38.796565613777723 ], [ 0.155667795819919, 38.796842543723088 ], [ 0.155667796056549, 38.796842543784564 ], [ 0.155667796304548, 38.796842543804701 ], [ 0.155667796552269, 38.79684254378256 ], [ 0.155667796788073, 38.79684254371918 ], [ 0.157240740777032, 38.796263863911889 ], [ 0.157240740777033, 38.796263863911889 ], [ 0.157240740975047, 38.796263863819021 ], [ 0.157240741145378, 38.796263863697071 ], [ 0.15724074128117, 38.796263863550969 ], [ 0.157240741376953, 38.796263863386592 ], [ 0.157240741428869, 38.796263863210548 ], [ 0.157240741434831, 38.796263863029949 ], [ 0.157240741394597, 38.796263862852051 ], [ 0.157240741309788, 38.796263862684022 ], [ 0.157240741183817, 38.796263862532626 ], [ 0.157240741021757, 38.796263862403947 ], [ 0.157240741021759, 38.796263862403947 ], [ 0.156535509451323, 38.795806390704861 ], [ 0.155971844351468, 38.795106808094474 ], [ 0.155945608659325, 38.794511824658379 ], [ 0.155945608626878, 38.794511824474924 ], [ 0.155945608547147, 38.794511824300528 ], [ 0.155945608423505, 38.794511824142589 ], [ 0.155945608261187, 38.794511824007827 ], [ 0.155945608067059, 38.794511823901878 ], [ 0.155169624371072, 38.79417539544864 ], [ 0.155169624181734, 38.794175395383206 ], [ 0.155169623980481, 38.794175395345377 ], [ 0.155169623773826, 38.794175395336403 ], [ 0.154561430530542, 38.794191842004416 ], [ 0.154089553832864, 38.7938471839283 ], [ 0.153892935996597, 38.792839819582952 ], [ 0.15445392152903, 38.791752405752078 ], [ 0.156435729322022, 38.791817946971769 ], [ 0.15684207769239, 38.792402645288249 ], [ 0.156878816719613, 38.793235622169384 ], [ 0.156745138652016, 38.793656224125364 ], [ 0.156745138652014, 38.793656224125364 ], [ 0.156745138619238, 38.793656224300939 ], [ 0.156745138631088, 38.793656224478106 ], [ 0.156745138687106, 38.793656224650036 ], [ 0.156745138785117, 38.793656224810015 ], [ 0.15674513892131, 38.793656224951853 ], [ 0.158168694722332, 38.794868654986296 ], [ 0.158168694722335, 38.794868654986296 ], [ 0.158168694891385, 38.794868655104452 ], [ 0.158168695086752, 38.794868655194371 ], [ 0.158168695300854, 38.794868655252571 ], [ 0.158168695525382, 38.794868655276794 ], [ 0.158168695751621, 38.794868655266107 ], [ 0.158168695970789, 38.794868655220895 ], [ 0.159070489535081, 38.79460596348062 ], [ 0.159070489535083, 38.79460596348062 ], [ 0.159070489702603, 38.794605963419414 ], [ 0.159070489855433, 38.794605963337993 ], [ 0.159366706717387, 38.794419234384918 ], [ 0.159681310197304, 38.794648991949408 ], [ 0.159681310381806, 38.794648992059187 ], [ 0.159681310590669, 38.794648992137766 ], [ 0.15968131081542, 38.79464899218199 ], [ 0.159681311046942, 38.794648992190091 ], [ 0.159681311275836, 38.794648992161704 ], [ 0.159681311492815, 38.794648992097969 ], [ 0.159681311689075, 38.79464899200152 ], [ 0.159681311856653, 38.794648991876258 ], [ 0.160398835353989, 38.793992198152523 ], [ 0.160398835353988, 38.793992198152523 ], [ 0.160398835482679, 38.793992198008262 ], [ 0.160398835573066, 38.793992197847182 ], [ 0.160398835621702, 38.793992197675422 ], [ 0.160398835626724, 38.793992197499527 ], [ 0.160398835587945, 38.793992197326233 ], [ 0.160398835506847, 38.793992197162154 ], [ 0.160321456782325, 38.793872075420239 ], [ 0.160321456765644, 38.793872075395335 ], [ 0.160204590390426, 38.793703936185885 ], [ 0.160225029664509, 38.793458660821237 ], [ 0.160279398114568, 38.793273647487922 ], [ 0.160279398114566, 38.793273647487922 ], [ 0.160279398142929, 38.793273647321861 ], [ 0.160279398131481, 38.793273647154557 ], [ 0.160279398080623, 38.7932736469918 ], [ 0.160209920276589, 38.793116459346017 ], [ 0.160209920276587, 38.793116459346017 ], [ 0.16020992018641, 38.793116459191168 ], [ 0.160209920060622, 38.793116459052385 ], [ 0.160209919903713, 38.793116458934605 ], [ 0.159888430749611, 38.792917153262934 ], [ 0.159888430749612, 38.792917153262934 ], [ 0.159888430561006, 38.792917153167849 ], [ 0.159888430352405, 38.792917153103218 ], [ 0.159888430131743, 38.792917153071507 ], [ 0.159888429907411, 38.792917153073908 ], [ 0.159483500054102, 38.792952590735929 ], [ 0.159483499849218, 38.792952590768842 ], [ 0.159483499655331, 38.792952590830218 ], [ 0.159483499478851, 38.792952590918055 ], [ 0.159483499325613, 38.792952591029469 ], [ 0.15910712876538, 38.793280922086154 ], [ 0.159107128765379, 38.793280922086154 ], [ 0.159107128631082, 38.793280922229606 ], [ 0.159107128535437, 38.79328092239092 ], [ 0.159107128482171, 38.793280922563802 ], [ 0.159107128473365, 38.793280922741509 ], [ 0.159143782956677, 38.793757136927226 ], [ 0.158977402166609, 38.793884001545784 ], [ 0.158480389348356, 38.793958638786911 ], [ 0.158467985323689, 38.793677545205803 ], [ 0.158467985291456, 38.793677545023044 ], [ 0.158467985212299, 38.793677544849267 ], [ 0.158057194916279, 38.793003557291883 ], [ 0.158057978649649, 38.792995006008098 ], [ 0.158059748357453, 38.792984904458962 ], [ 0.158061981329209, 38.792975101153289 ], [ 0.158064329914754, 38.792965335252674 ], [ 0.158067033131039, 38.792955519219106 ], [ 0.158069934715878, 38.792945477094577 ], [ 0.158069934718466, 38.792945477085411 ], [ 0.158072637339092, 38.792935647548127 ], [ 0.158075580226641, 38.792925915110764 ], [ 0.158075580233976, 38.792925915084801 ], [ 0.15807814346723, 38.792916161378848 ], [ 0.15807814347328, 38.792916161354064 ], [ 0.158080372116786, 38.792906286073389 ], [ 0.158080372123192, 38.79290628604172 ], [ 0.158082167969265, 38.792896254907404 ], [ 0.158082167972249, 38.792896254889421 ], [ 0.158084365757422, 38.792881876088487 ], [ 0.158084365759873, 38.792881876071007 ], [ 0.158086187153034, 38.792867602043984 ], [ 0.158086187156132, 38.792867602014958 ], [ 0.158087415991966, 38.792853307983492 ], [ 0.158087415994014, 38.792853307950821 ], [ 0.158087994232329, 38.792838644145348 ], [ 0.158087994232861, 38.792838644113033 ], [ 0.158087901646975, 38.792824273220958 ], [ 0.158087901645301, 38.792824273176741 ], [ 0.158086746487106, 38.792807606783128 ], [ 0.158086746484026, 38.792807606750003 ], [ 0.158084774031683, 38.792790705718311 ], [ 0.158084774026196, 38.79279070568024 ], [ 0.158081947601939, 38.792774251160225 ], [ 0.158081947597023, 38.792774251134432 ], [ 0.158078456085434, 38.792757593893405 ], [ 0.158078456081811, 38.792757593877056 ], [ 0.158074618684919, 38.792741184723866 ], [ 0.158074618681384, 38.792741184709428 ], [ 0.158071856147477, 38.792730372417481 ], [ 0.158071856140624, 38.792730372392505 ], [ 0.158068693342269, 38.792719593450506 ], [ 0.158068693338402, 38.792719593437766 ], [ 0.158065342863909, 38.792708891642476 ], [ 0.158065342862407, 38.792708891637723 ], [ 0.158061872802087, 38.79269806245113 ], [ 0.158061872796725, 38.792698062435051 ], [ 0.158058144486355, 38.792687276269511 ], [ 0.15805814447851, 38.792687276247889 ], [ 0.158054166789388, 38.792676812133422 ], [ 0.15805416678847, 38.792676812131027 ], [ 0.158050121536968, 38.792666277777506 ], [ 0.158046057777599, 38.792655428619426 ], [ 0.158046057771489, 38.792655428603652 ], [ 0.158041873133356, 38.79264497008716 ], [ 0.158041873131261, 38.792644970081973 ], [ 0.158037562449226, 38.792634420383642 ], [ 0.158037562444988, 38.792634420373481 ], [ 0.158032830421664, 38.792623296507081 ], [ 0.15803283040975, 38.792623296480471 ], [ 0.158027602652433, 38.792612181520269 ], [ 0.158027602650345, 38.792612181515871 ], [ 0.158022302305124, 38.792601091040851 ], [ 0.158016982927184, 38.792589960541243 ], [ 0.158016982920388, 38.79258996052738 ], [ 0.158011580961995, 38.792579201620015 ], [ 0.15800601934809, 38.792568059655679 ], [ 0.158006019347329, 38.792568059654165 ], [ 0.158000566638613, 38.792557194024177 ], [ 0.157995409231334, 38.792546081678665 ], [ 0.157990414221826, 38.792534997376627 ], [ 0.157985904447664, 38.792523588246652 ], [ 0.15798049774295, 38.792509437701867 ], [ 0.157975542778037, 38.792494959645936 ], [ 0.157971415269171, 38.792480477226391 ], [ 0.157967935317111, 38.792465774591797 ], [ 0.1579618766228, 38.792433187352785 ], [ 0.157955518773495, 38.792390595028024 ], [ 0.157954574777213, 38.792379881331051 ], [ 0.15795451578474, 38.792369423877275 ], [ 0.15795550575572, 38.792358712825063 ], [ 0.1579571967503, 38.79234839268095 ], [ 0.157959212040098, 38.792337987186187 ], [ 0.157961843598193, 38.792327695646662 ], [ 0.157964747192612, 38.792317594918956 ], [ 0.157964747197251, 38.792317594902059 ], [ 0.157967470570538, 38.792307192743039 ], [ 0.157967470572619, 38.792307192734889 ], [ 0.157970033947568, 38.792296921026001 ], [ 0.15797003395072, 38.792296921012856 ], [ 0.15797242865539, 38.792286505223025 ], [ 0.157972428659026, 38.792286505206299 ], [ 0.15798787050841, 38.792211233428446 ], [ 0.158021879863359, 38.792177877720825 ], [ 0.158021879863355, 38.792177877720825 ], [ 0.158021879966073, 38.792177877601688 ], [ 0.158021880043262, 38.792177877471282 ], [ 0.158028064170931, 38.792164777271367 ], [ 0.158028064199634, 38.792164777202068 ], [ 0.158032721963299, 38.792151755229277 ], [ 0.158032721963301, 38.792151755229277 ], [ 0.158032721991561, 38.792151755128216 ], [ 0.158035531216503, 38.792137954361166 ], [ 0.158035531230262, 38.792137954247764 ], [ 0.158036082186537, 38.792124210067783 ], [ 0.158036082175715, 38.792124209913183 ], [ 0.158034027102996, 38.792112864984091 ], [ 0.158034027065662, 38.792112864851227 ], [ 0.158029762313038, 38.792101764377584 ], [ 0.158029762269291, 38.792101764283167 ], [ 0.158024044803054, 38.792091288682677 ], [ 0.158019458767836, 38.792082426563887 ], [ 0.158019458758549, 38.792082426546465 ], [ 0.158014739379786, 38.792073829279381 ], [ 0.158014739379784, 38.792073829279381 ], [ 0.158014739274668, 38.792073829129166 ], [ 0.158008033291882, 38.792066096387657 ], [ 0.158008033291883, 38.792066096387657 ], [ 0.158008033182872, 38.792066096280514 ], [ 0.158008033054353, 38.792066096187547 ], [ 0.157998050144412, 38.792059906999945 ], [ 0.157998050144415, 38.792059906999945 ], [ 0.157998049956171, 38.79205990690501 ], [ 0.157976617342246, 38.79205128107926 ], [ 0.157999112203437, 38.792001119965377 ], [ 0.157999112219298, 38.792001119927328 ], [ 0.158002959386589, 38.791991142306372 ], [ 0.158002959410707, 38.791991142232703 ], [ 0.158005774548665, 38.791980733085879 ], [ 0.158005774561717, 38.791980733028517 ], [ 0.158007699213967, 38.791970334458028 ], [ 0.158007699221866, 38.791970334403821 ], [ 0.158008802060044, 38.791959989595576 ], [ 0.158008802062162, 38.791959989571978 ], [ 0.158009561756526, 38.791949563959371 ], [ 0.158009561757835, 38.791949563936122 ], [ 0.158009976888965, 38.791939129627217 ], [ 0.158010405518816, 38.791928505778138 ], [ 0.158011051388863, 38.791918083263369 ], [ 0.158012028733499, 38.791907633772254 ], [ 0.158013461820941, 38.791897338621581 ], [ 0.158015499651117, 38.791886896469101 ], [ 0.158015499651744, 38.791886896465847 ], [ 0.158017527154629, 38.791876246474956 ], [ 0.158019569598607, 38.791865934813686 ], [ 0.158021822512519, 38.791855540885919 ], [ 0.158024175382184, 38.791845220821756 ], [ 0.158024175382496, 38.791845220820377 ], [ 0.158026578725696, 38.791834584089834 ], [ 0.158029164703518, 38.791824199166705 ], [ 0.158031725317631, 38.791813891495714 ], [ 0.158031725318686, 38.791813891491408 ], [ 0.158034237712228, 38.79180350856155 ], [ 0.158037081779032, 38.791793103145977 ], [ 0.158037081779636, 38.791793103143753 ], [ 0.158040850801345, 38.79177914128082 ], [ 0.158044616214595, 38.791765202043855 ], [ 0.15804866707042, 38.791751236175507 ], [ 0.15805314132758, 38.791737187698416 ], [ 0.158058386180088, 38.79172354178089 ], [ 0.158094264836838, 38.791634856994115 ], [ 0.158192225132578, 38.791449220149481 ], [ 0.158192225132576, 38.791449220149481 ], [ 0.158192225199693, 38.791449219972939 ], [ 0.158229993918843, 38.791292756478931 ], [ 0.158229993927444, 38.791292756438203 ], [ 0.158280875086163, 38.791011918901319 ], [ 0.158382017515543, 38.790689483374535 ], [ 0.158898437842705, 38.790100308000483 ], [ 0.159059452375171, 38.789918457713298 ], [ 0.159059452398459, 38.78991845768595 ], [ 0.159142119002707, 38.789817403206591 ], [ 0.159375274184572, 38.789561516164639 ], [ 0.159375274211842, 38.78956151613334 ], [ 0.159669715310822, 38.789207773071332 ], [ 0.159669715327827, 38.789207773050265 ], [ 0.159933828755167, 38.788870405591041 ], [ 0.160052074137651, 38.788765782158983 ], [ 0.160052074252827, 38.788765782037991 ], [ 0.160218692622383, 38.788556127178929 ], [ 0.160218692629064, 38.788556127170416 ], [ 0.160426258399396, 38.788288368149203 ], [ 0.160426258423284, 38.788288368116895 ], [ 0.16055323198862, 38.788108123078729 ], [ 0.160636648036045, 38.788046568576384 ], [ 0.160636648036043, 38.788046568576384 ], [ 0.160636648193145, 38.78804656843328 ], [ 0.160636648308696, 38.788046568267703 ], [ 0.160636648377619, 38.788046568086926 ], [ 0.160636648396892, 38.78804656789886 ], [ 0.160636648365664, 38.788046567711788 ], [ 0.160636648285311, 38.788046567533904 ], [ 0.160636648159359, 38.788046567373044 ], [ 0.16055398149624, 38.787962292030265 ], [ 0.160742247562502, 38.787876753036926 ], [ 0.160742247746828, 38.787876752932867 ], [ 0.160742247901413, 38.787876752802468 ], [ 0.160742248020226, 38.787876752650824 ], [ 0.160802668489774, 38.787779137434526 ], [ 0.160928131381922, 38.787753194426742 ], [ 0.160928131455094, 38.787753194409561 ], [ 0.161049342584795, 38.787721258420589 ], [ 0.161098670059458, 38.787715714795397 ], [ 0.161098670327653, 38.787715714738745 ], [ 0.161140748471663, 38.78770238117194 ], [ 0.161157833659287, 38.78769804481464 ], [ 0.161175345661958, 38.787695318457828 ], [ 0.16119322711093, 38.787694022574875 ], [ 0.161211113745739, 38.787693389586138 ], [ 0.161318394300876, 38.787690316057045 ], [ 0.161452524927787, 38.787703748960574 ], [ 0.161452524944937, 38.787703748962173 ], [ 0.161572008510799, 38.787714290184482 ], [ 0.161628091815343, 38.787740652280839 ], [ 0.161628091834284, 38.787740652289543 ], [ 0.161945535695304, 38.787883483017723 ], [ 0.1621282287057, 38.787976042162214 ], [ 0.162256707339298, 38.788041949804914 ], [ 0.162256707339299, 38.788041949804914 ], [ 0.162256707451048, 38.788041949855469 ], [ 0.162579229387098, 38.788169514750848 ], [ 0.162758712212551, 38.788241089397125 ], [ 0.162758712228975, 38.788241089403549 ], [ 0.162812902924561, 38.788261853794147 ], [ 0.163005755515927, 38.788378892142688 ], [ 0.163096519568551, 38.788439379831679 ], [ 0.163092848708092, 38.788444334348902 ], [ 0.163092848708094, 38.788444334348902 ], [ 0.163092848612738, 38.788444334513905 ], [ 0.163092848561507, 38.788444334690517 ], [ 0.163092848556469, 38.788444334871571 ], [ 0.163092848597826, 38.788444335049732 ], [ 0.16309284868391, 38.788444335217854 ], [ 0.163092848811237, 38.788444335369071 ], [ 0.163092848974652, 38.788444335497275 ], [ 0.163268289509009, 38.788556714743144 ], [ 0.16335152704104, 38.788628811655755 ], [ 0.16354593766035, 38.788797986245157 ], [ 0.163545937660352, 38.788797986245157 ], [ 0.163545937832545, 38.788797986367484 ], [ 0.163545938032654, 38.788797986460217 ], [ 0.163545938252501, 38.78879798651954 ], [ 0.163545938483104, 38.788797986543074 ], [ 0.163545938715038, 38.788797986529794 ], [ 0.163545938938822, 38.78879798648029 ], [ 0.163545939145312, 38.788797986396567 ], [ 0.163545939326073, 38.788797986282077 ], [ 0.163899523372892, 38.788523290115187 ], [ 0.163923185385804, 38.7885391251844 ], [ 0.163923185385807, 38.7885391251844 ], [ 0.163923185588579, 38.78853912529307 ], [ 0.163923185816215, 38.788539125365538 ], [ 0.163923186058326, 38.788539125398529 ], [ 0.164059859778782, 38.78854612080459 ], [ 0.164059860005219, 38.788546120798685 ], [ 0.164059860225784, 38.78854612075817 ], [ 0.164059860431923, 38.788546120684579 ], [ 0.16422551983963, 38.788470760981369 ], [ 0.164225519859582, 38.788470760972075 ], [ 0.164336380328886, 38.788417958676717 ], [ 0.164604195776387, 38.78829977490502 ], [ 0.164604195776385, 38.78829977490502 ], [ 0.164604195954605, 38.788299774807975 ], [ 0.164604196106348, 38.788299774686429 ], [ 0.164922526054303, 38.787991271723186 ], [ 0.165036705838521, 38.787988435633167 ], [ 0.165036705855628, 38.787988435632634 ], [ 0.165528455102961, 38.787970482830076 ], [ 0.165528455119742, 38.787970482829373 ], [ 0.165601911224226, 38.787966958604684 ], [ 0.165601911254906, 38.787966958602887 ], [ 0.165614722257701, 38.787966074294872 ], [ 0.165614722310199, 38.787966074290296 ], [ 0.165627204577811, 38.787964758369583 ], [ 0.1656272046539, 38.787964758359514 ], [ 0.165639491542103, 38.787962799109039 ], [ 0.165639491570767, 38.787962799104164 ], [ 0.165651748910763, 38.787960588410044 ], [ 0.165651748952113, 38.787960588401958 ], [ 0.165663985162276, 38.787958004418421 ], [ 0.165663985214002, 38.787958004406491 ], [ 0.165676177265664, 38.787954943260132 ], [ 0.165688168466247, 38.787952181242332 ], [ 0.165688168542657, 38.787952181222423 ], [ 0.165699901690436, 38.787948764060687 ], [ 0.165712010067865, 38.787945372757292 ], [ 0.165712010070952, 38.787945372756425 ], [ 0.165723787444304, 38.787942044478264 ], [ 0.16572378747227, 38.787942044470036 ], [ 0.165735767550119, 38.78793838097539 ], [ 0.165735767552713, 38.787938380974587 ], [ 0.16574765109818, 38.787934720997313 ], [ 0.165747651134078, 38.78793472098571 ], [ 0.165759308847302, 38.787930769844195 ], [ 0.165759308849079, 38.787930769843577 ], [ 0.16577096576428, 38.787926800705151 ], [ 0.165770965818394, 38.787926800685412 ], [ 0.165782460706982, 38.787922317944009 ], [ 0.165793985500884, 38.787918094741542 ], [ 0.165793985534089, 38.787918094728859 ], [ 0.16580534203042, 38.787913579698717 ], [ 0.165805342058802, 38.787913579687043 ], [ 0.165816605728085, 38.787908787903902 ], [ 0.165827831745823, 38.787904055697808 ], [ 0.165827831760691, 38.787904055691442 ], [ 0.16583895448217, 38.787899200162684 ], [ 0.165838954496523, 38.787899200156311 ], [ 0.165849053289564, 38.787894641754136 ], [ 0.165849053324692, 38.787894641737623 ], [ 0.16585890567139, 38.787889820660148 ], [ 0.165868903914206, 38.787885045173155 ], [ 0.165868903931309, 38.787885045164813 ], [ 0.165878612374788, 38.78788022348138 ], [ 0.16587861240751, 38.787880223464512 ], [ 0.165888237325941, 38.787875075230239 ], [ 0.16589793436937, 38.787869996207803 ], [ 0.165897934389847, 38.787869996196818 ], [ 0.165907418761223, 38.787864793214261 ], [ 0.16591720105753, 38.787859456032258 ], [ 0.165926737183994, 38.787854382272897 ], [ 0.165926737196769, 38.787854382265991 ], [ 0.165936238802317, 38.787849178817062 ], [ 0.165965171602856, 38.787833875758686 ], [ 0.165965171781663, 38.78783387564183 ], [ 0.166062080923917, 38.78775622571677 ], [ 0.166062081016807, 38.787756225632492 ], [ 0.166438747212531, 38.787368390232608 ], [ 0.166709437644621, 38.787096826289257 ], [ 0.166709437652082, 38.787096826281697 ], [ 0.167109092017175, 38.786686977657276 ], [ 0.16752655825051, 38.786260469316396 ], [ 0.167793226942205, 38.786000025199215 ], [ 0.167793226956196, 38.78600002518526 ], [ 0.167801371680383, 38.785991741398576 ], [ 0.167809659139863, 38.785983561842485 ], [ 0.167809659152445, 38.785983561829831 ], [ 0.167817729949872, 38.785975298060343 ], [ 0.167817729953917, 38.785975298056179 ], [ 0.16782573707128, 38.785966999983842 ], [ 0.167833900826758, 38.785958756216786 ], [ 0.167833900829115, 38.785958756214399 ], [ 0.167841957520379, 38.785950563999783 ], [ 0.167850332949374, 38.785942291971679 ], [ 0.167858680492518, 38.785934299971757 ], [ 0.16786728493825, 38.785926391084345 ], [ 0.167876128407121, 38.785918421661023 ], [ 0.16788673093466, 38.785909368507134 ], [ 0.167897450839994, 38.785900626566466 ], [ 0.167908493477255, 38.78589189478182 ], [ 0.167919431916654, 38.785883409054556 ], [ 0.167930715614789, 38.785874688744535 ], [ 0.16794192645729, 38.785866506427851 ], [ 0.167941926464233, 38.785866506422728 ], [ 0.16795333758711, 38.785858038500152 ], [ 0.167964931982464, 38.785849940364699 ], [ 0.167964931991152, 38.785849940358574 ], [ 0.167976446686811, 38.785841731769111 ], [ 0.167988037696808, 38.785833557144088 ], [ 0.16800246460985, 38.785823534459269 ], [ 0.168017131911246, 38.785814001626036 ], [ 0.168017131918003, 38.785814001621603 ], [ 0.168031904618364, 38.785804249713088 ], [ 0.168046802638552, 38.78579472862868 ], [ 0.168061798183175, 38.785785226514257 ], [ 0.16807688927225, 38.785775776759287 ], [ 0.1680918735704, 38.785766514576636 ], [ 0.168091873575485, 38.785766514573474 ], [ 0.168106987609816, 38.785757063290689 ], [ 0.168122067054986, 38.785747870593589 ], [ 0.168122067076314, 38.785747870580273 ], [ 0.168136964475027, 38.785738335988114 ], [ 0.168149585046037, 38.785730538799989 ], [ 0.168149585079049, 38.7857305387788 ], [ 0.168161881870749, 38.785722344085187 ], [ 0.16817426197971, 38.785714445317076 ], [ 0.168174261983916, 38.785714445314376 ], [ 0.168186795470005, 38.785706371212896 ], [ 0.168199176374103, 38.785698490435877 ], [ 0.168211695193868, 38.785690605011162 ], [ 0.168224222186096, 38.785682774318971 ], [ 0.168236977493882, 38.785674901400469 ], [ 0.168249915632676, 38.785667388372843 ], [ 0.168262980118449, 38.785660025055243 ], [ 0.168302083884582, 38.785638170843939 ], [ 0.168302083940154, 38.785638170810842 ], [ 0.168517197634123, 38.785501792979943 ], [ 0.168786208281368, 38.785340821103269 ], [ 0.168786208310547, 38.785340821085207 ], [ 0.168958904431073, 38.785230377622185 ], [ 0.168958904431076, 38.785230377622185 ], [ 0.16895890454358, 38.785230377539811 ], [ 0.169030093470716, 38.785170769632764 ], [ 0.169030093521549, 38.785170769587232 ], [ 0.169269251233803, 38.784941415677615 ], [ 0.169269251233803, 38.784941415677615 ], [ 0.169269251355386, 38.784941415535265 ], [ 0.169269251440336, 38.784941415377467 ], [ 0.169269251485583, 38.784941415209936 ], [ 0.169269251489489, 38.784941415038745 ], [ 0.169269251451912, 38.784941414870048 ], [ 0.169269251374212, 38.784941414709984 ], [ 0.1692692512592, 38.784941414564322 ], [ 0.169269251111033, 38.78494141443835 ], [ 0.169269250935075, 38.7849414143366 ], [ 0.169269250737686, 38.784941414262761 ], [ 0.169269250526009, 38.784941414219517 ], [ 0.168980041201899, 38.784904861239674 ], [ 0.168967494129783, 38.784903116314631 ], [ 0.168967494088801, 38.784903116309529 ], [ 0.168954990966744, 38.784901739548218 ], [ 0.16894253591606, 38.784899993025554 ], [ 0.16894253587563, 38.784899993020481 ], [ 0.168929910450227, 38.784898583541384 ], [ 0.168917438115518, 38.784896836584139 ], [ 0.16891743810279, 38.784896836582412 ], [ 0.168904963855797, 38.784895202284453 ], [ 0.168892357857942, 38.784893166170626 ], [ 0.16889235782596, 38.784893166165823 ], [ 0.168879885173199, 38.784891438130174 ], [ 0.168867519636091, 38.784889503592154 ], [ 0.168855064471723, 38.784887260686283 ], [ 0.168836828974848, 38.78488363869787 ], [ 0.16881879332681, 38.784879332024261 ], [ 0.168818793316453, 38.784879332021831 ], [ 0.168800909477319, 38.784875204995295 ], [ 0.168800909475488, 38.784875204994869 ], [ 0.168782856999126, 38.784871064525497 ], [ 0.168782856928619, 38.784871064511215 ], [ 0.168764471252196, 38.784867820439864 ], [ 0.168764471170745, 38.784867820427884 ], [ 0.168749211048596, 38.784866019392553 ], [ 0.16874921099086, 38.784866019386904 ], [ 0.168733930818197, 38.784864830585818 ], [ 0.168718945716569, 38.784863390544125 ], [ 0.168705561035335, 38.784861339516169 ], [ 0.168692311304317, 38.78485906051344 ], [ 0.168679518987869, 38.784855570059875 ], [ 0.168660168667972, 38.784848086573923 ], [ 0.168641485482999, 38.784839814719689 ], [ 0.168623412457651, 38.784830896592347 ], [ 0.168606048056945, 38.784821476359923 ], [ 0.168588872002788, 38.784811501473435 ], [ 0.168572001383588, 38.784801536305118 ], [ 0.168554925575255, 38.784791226263451 ], [ 0.168538020405351, 38.784781000770849 ], [ 0.168538020392371, 38.784781000763125 ], [ 0.168521057811268, 38.784771038078198 ], [ 0.168521057791071, 38.784771038066609 ], [ 0.168503584348986, 38.784761233428206 ], [ 0.168486172840821, 38.784747630851044 ], [ 0.168468881143628, 38.784734006047479 ], [ 0.168451610649739, 38.784720340125418 ], [ 0.168451610646365, 38.784720340122753 ], [ 0.16843417841728, 38.78470666056954 ], [ 0.168416764476854, 38.784693003941136 ], [ 0.168399471011423, 38.784679338634888 ], [ 0.168399471009059, 38.784679338633019 ], [ 0.168382063140837, 38.784665662914833 ], [ 0.16838206313885, 38.78466566291327 ], [ 0.168364728684192, 38.784652111321762 ], [ 0.168347313736018, 38.784638431288911 ], [ 0.168330020702119, 38.78462477150088 ], [ 0.168320846218391, 38.784606530307094 ], [ 0.168311671056144, 38.784588275445394 ], [ 0.168302508327635, 38.784569781514698 ], [ 0.168302508325631, 38.78456978151069 ], [ 0.168293332972908, 38.784551522145883 ], [ 0.168284158621489, 38.784533285274499 ], [ 0.168274984276181, 38.784515048404444 ], [ 0.168265925692388, 38.78449682640894 ], [ 0.168256761991871, 38.784478309977779 ], [ 0.16825676198955, 38.784478309973125 ], [ 0.168247587658113, 38.784460073098217 ], [ 0.168238411811951, 38.784441801199975 ], [ 0.168233068333294, 38.784422221737323 ], [ 0.168233068332814, 38.784422221735582 ], [ 0.168227673105929, 38.784402643604025 ], [ 0.168227673105244, 38.78440264360156 ], [ 0.168222298577663, 38.784383402737042 ], [ 0.168216999924021, 38.784363821986936 ], [ 0.168216999923393, 38.78436382198462 ], [ 0.168211633446208, 38.784344243071835 ], [ 0.168211633444465, 38.784344243065597 ], [ 0.168206103668882, 38.784324745162614 ], [ 0.168200804580695, 38.784305128389903 ], [ 0.168200804578904, 38.784305128383394 ], [ 0.168195425714835, 38.784285919165796 ], [ 0.168190126832142, 38.784266306890053 ], [ 0.168190126831715, 38.784266306888469 ], [ 0.168184809543325, 38.784246798708736 ], [ 0.168181183272701, 38.784233505684725 ], [ 0.16818118327114, 38.78423350567909 ], [ 0.168177344678059, 38.78421986257424 ], [ 0.168173624649809, 38.784206531555938 ], [ 0.168173624649319, 38.784206531554183 ], [ 0.168169875729537, 38.784193223840859 ], [ 0.16816987572792, 38.78419322383521 ], [ 0.168166006258493, 38.784179896880808 ], [ 0.168162434026651, 38.784166264572761 ], [ 0.168162434025117, 38.784166264566998 ], [ 0.168158828612151, 38.784152948464218 ], [ 0.168155539029298, 38.784139331007559 ], [ 0.168155539028491, 38.784139331004248 ], [ 0.168152264194314, 38.784126046468039 ], [ 0.168149255713523, 38.784112434903321 ], [ 0.168145998105399, 38.784095771639166 ], [ 0.168142857051632, 38.784079141243588 ], [ 0.168139973476473, 38.784062373237482 ], [ 0.168137373728853, 38.784045750673066 ], [ 0.168134843523597, 38.784029009102724 ], [ 0.168134843522434, 38.784029009095292 ], [ 0.16813215161154, 38.784012384527912 ], [ 0.168129832168441, 38.783995749852522 ], [ 0.168129832168149, 38.783995749850455 ], [ 0.168127411513545, 38.783978753061476 ], [ 0.168127411512106, 38.783978753051848 ], [ 0.168124811571591, 38.783962125982015 ], [ 0.168122257242355, 38.783945385132448 ], [ 0.168123080901688, 38.783924588788231 ], [ 0.168124140986084, 38.783903803077095 ], [ 0.168124140986447, 38.783903803069073 ], [ 0.168124964648405, 38.783883006653205 ], [ 0.168125806963825, 38.783862137662027 ], [ 0.168126618993238, 38.783841598310801 ], [ 0.168127541166807, 38.78382081724056 ], [ 0.168127541166948, 38.783820817237213 ], [ 0.168128364828626, 38.783800020821147 ], [ 0.168129183952627, 38.783779147958107 ], [ 0.168130244075844, 38.783758363146518 ], [ 0.168130244076205, 38.783758363138553 ], [ 0.168131068534758, 38.783737584718104 ], [ 0.168131068534214, 38.783737584650858 ], [ 0.168129932847927, 38.783717246799121 ], [ 0.168128890570442, 38.78369696496889 ], [ 0.168128890570228, 38.783696964964925 ], [ 0.168127734285787, 38.7836766817246 ], [ 0.16812669870856, 38.783656395208752 ], [ 0.16812669870829, 38.783656395203778 ], [ 0.168125517800106, 38.783636075695362 ], [ 0.168124395345713, 38.783615516771746 ], [ 0.16812337506848, 38.783595211822572 ], [ 0.168123375068179, 38.783595211817037 ], [ 0.168122195199478, 38.78357491570376 ], [ 0.168121159627285, 38.783554629187762 ], [ 0.168121159627105, 38.783554629184387 ], [ 0.168120024747465, 38.783534309331415 ], [ 0.16811909513897, 38.78351121823848 ], [ 0.168118283646603, 38.783488065379814 ], [ 0.168117590500954, 38.783464985881601 ], [ 0.168117590500707, 38.783464985874538 ], [ 0.168116665493517, 38.783441894650558 ], [ 0.168115828453239, 38.783418814552242 ], [ 0.16811582845314, 38.783418814549641 ], [ 0.16811491276825, 38.783395907749508 ], [ 0.168113983963234, 38.783372834647757 ], [ 0.168113290025583, 38.783349737155092 ], [ 0.168113290025443, 38.783349737150878 ], [ 0.168112458737221, 38.783326656894921 ], [ 0.168112458737114, 38.783326656892093 ], [ 0.168111534889132, 38.783303565714498 ], [ 0.168145587942285, 38.78312133526687 ], [ 0.168145587945046, 38.78312133502201 ], [ 0.168098062012491, 38.782831337395145 ], [ 0.168096237694292, 38.782812991154358 ], [ 0.168096237693744, 38.782812991149036 ], [ 0.168094303875797, 38.78279492712997 ], [ 0.168092502549586, 38.782776580245816 ], [ 0.168092502549491, 38.782776580244843 ], [ 0.168090680026328, 38.782758274471774 ], [ 0.168090680025957, 38.782758274468137 ], [ 0.168088757997499, 38.782739930857936 ], [ 0.168086968677673, 38.782721880934361 ], [ 0.168085164167753, 38.782703462063708 ], [ 0.168085164167654, 38.782703462062692 ], [ 0.168083339856044, 38.782685115798685 ], [ 0.168083339855524, 38.782685115793633 ], [ 0.168081412943902, 38.782667051586579 ], [ 0.168079610476857, 38.782648704732459 ], [ 0.168079610470535, 38.782648704684775 ], [ 0.168077012055236, 38.782633149602958 ], [ 0.168077012052825, 38.782633149589344 ], [ 0.168074170330731, 38.782617947944978 ], [ 0.168074170328371, 38.78261794793292 ], [ 0.168070982893623, 38.782602372800028 ], [ 0.168070982891875, 38.78260237279175 ], [ 0.16806766506836, 38.782587075962439 ], [ 0.16806766506605, 38.782587075952165 ], [ 0.168064110786358, 38.782571767522448 ], [ 0.16806058425124, 38.782556435818279 ], [ 0.168060584250711, 38.782556435815984 ], [ 0.168057033010366, 38.782541221897873 ], [ 0.168053564094659, 38.78252563188471 ], [ 0.168053564093145, 38.782525631878052 ], [ 0.168050010618586, 38.782510341447995 ], [ 0.168046690859635, 38.782495026658189 ], [ 0.1680466908037, 38.782495026494978 ], [ 0.168033829309515, 38.782467957521682 ], [ 0.168033829307774, 38.782467957518044 ], [ 0.168020977466746, 38.782441262143948 ], [ 0.168008093002641, 38.782414193792185 ], [ 0.167995154073799, 38.78238709087956 ], [ 0.167982397738791, 38.782360316335918 ], [ 0.167969673891788, 38.782333261638144 ], [ 0.167969673889451, 38.782333261633212 ], [ 0.167956689363224, 38.782306141938733 ], [ 0.167943942784961, 38.782279093260229 ], [ 0.167943942780796, 38.782279093251539 ], [ 0.167930952068917, 38.782252379114453 ], [ 0.167918131700992, 38.782225327031313 ], [ 0.167918131700994, 38.782225327031313 ], [ 0.16791813162769, 38.782225326906691 ], [ 0.167903477484072, 38.782204711751682 ], [ 0.167888884919004, 38.782183797636016 ], [ 0.167888884911893, 38.782183797625983 ], [ 0.167874065248134, 38.78216318695651 ], [ 0.167859363354036, 38.782142532550331 ], [ 0.167844709285661, 38.782121918286492 ], [ 0.167830135149062, 38.782101003663129 ], [ 0.167830135143635, 38.782101003655448 ], [ 0.167815435067922, 38.782080389731192 ], [ 0.167815435065589, 38.78208038972793 ], [ 0.167800591108565, 38.782059775206832 ], [ 0.167786021797581, 38.782038864953272 ], [ 0.167786021794491, 38.782038864948859 ], [ 0.167771386886799, 38.782018136641462 ], [ 0.1677713868868, 38.782018136641462 ], [ 0.167771386780887, 38.782018136517109 ], [ 0.167760075245396, 38.782006985271941 ], [ 0.167760075221565, 38.782006985249218 ], [ 0.16774810568966, 38.781995945547244 ], [ 0.167748105668152, 38.781995945527981 ], [ 0.167735776635005, 38.781985208362102 ], [ 0.167735776595732, 38.781985208329566 ], [ 0.167722927827989, 38.781975079838922 ], [ 0.167722927825167, 38.781975079836705 ], [ 0.167709986897356, 38.781964949340839 ], [ 0.167709986877729, 38.781964949325832 ], [ 0.167696656928678, 38.781955000549544 ], [ 0.167683467959392, 38.781945116413254 ], [ 0.167683467956215, 38.781945116410881 ], [ 0.16767018604512, 38.78193523840536 ], [ 0.16765712045405, 38.781925021207073 ], [ 0.167644179545052, 38.781914890703405 ], [ 0.167644179545053, 38.781914890703405 ], [ 0.167644179404761, 38.781914890609904 ], [ 0.167644179247199, 38.781914890535155 ], [ 0.167621849708455, 38.781906127342175 ], [ 0.167621849688646, 38.78190612733458 ], [ 0.167599486206499, 38.781897766850051 ], [ 0.167577158082024, 38.781889035144268 ], [ 0.167577158079311, 38.781889035143216 ], [ 0.167554832543178, 38.781880361916485 ], [ 0.167532596625411, 38.781871633102448 ], [ 0.167532596614138, 38.781871633098092 ], [ 0.167510395960031, 38.781863154666027 ], [ 0.167488065489985, 38.781854499578074 ], [ 0.167465737624619, 38.78184577324614 ], [ 0.167465737608904, 38.781845773240114 ], [ 0.167443494825319, 38.781837408549315 ], [ 0.167421212718238, 38.781828675564043 ], [ 0.167421212718237, 38.781828675564043 ], [ 0.167421212571377, 38.781828675516124 ], [ 0.167401223868826, 38.781823390092853 ], [ 0.167401223833454, 38.781823390084 ], [ 0.167381289134276, 38.781818674343981 ], [ 0.167381289095329, 38.781818674335348 ], [ 0.167361090518574, 38.781814497264506 ], [ 0.167361090496185, 38.781814497260072 ], [ 0.167340958081151, 38.781810670631053 ], [ 0.167340958059983, 38.781810670627195 ], [ 0.167320649431978, 38.781807127144255 ], [ 0.167320649401159, 38.781807127139231 ], [ 0.167300169825277, 38.781804011699634 ], [ 0.167300169793583, 38.781804011695179 ], [ 0.167279786097276, 38.781801372012985 ], [ 0.167279786084443, 38.781801372011394 ], [ 0.167259028774188, 38.781798872186869 ], [ 0.167259028735962, 38.781798872182776 ], [ 0.167238410533174, 38.781796940633392 ], [ 0.167217654777394, 38.781794995695506 ], [ 0.167217654755181, 38.781794995693588 ], [ 0.16692058242691, 38.781771730431721 ], [ 0.16692058230161, 38.781771730427288 ], [ 0.166677438981238, 38.781773514247298 ], [ 0.166626873561008, 38.781771661578972 ], [ 0.166626873551546, 38.781771661578652 ], [ 0.166576269563731, 38.78177013424591 ], [ 0.166525611186499, 38.781768392157574 ], [ 0.166475140888138, 38.781766608910836 ], [ 0.166475140879112, 38.781766608910537 ], [ 0.166424655551155, 38.781765135949314 ], [ 0.16637394621542, 38.781763282568178 ], [ 0.166373946213511, 38.781763282568107 ], [ 0.166323405795253, 38.781761501157249 ], [ 0.166272929554131, 38.781759713479538 ], [ 0.166272929544915, 38.781759713479239 ], [ 0.166222496188122, 38.781758244425916 ], [ 0.16617179012347, 38.781756462044143 ], [ 0.166141866481913, 38.781750337794904 ], [ 0.166141866476812, 38.781750337793881 ], [ 0.166111831712173, 38.781744305709935 ], [ 0.166081953505447, 38.78173814415198 ], [ 0.166081953498073, 38.781738144150481 ], [ 0.166051918946087, 38.781732116550494 ], [ 0.166022010038577, 38.781725807166438 ], [ 0.166022010032765, 38.781725807165223 ], [ 0.16599223010491, 38.781719655529862 ], [ 0.165992230097036, 38.781719655528256 ], [ 0.165962195595355, 38.781713628803622 ], [ 0.165932271830723, 38.781707503575625 ], [ 0.165932271825544, 38.781707503574573 ], [ 0.165902237131272, 38.781701472334582 ], [ 0.165872317808261, 38.781695419062416 ], [ 0.165846791193367, 38.781686314342629 ], [ 0.165846791180067, 38.781686314337954 ], [ 0.165821248928513, 38.781677508191557 ], [ 0.165795677850738, 38.781668440667865 ], [ 0.165795677836608, 38.781668440662941 ], [ 0.165770138786419, 38.781659706489194 ], [ 0.165744635457429, 38.781650583065982 ], [ 0.165744635450842, 38.781650583063644 ], [ 0.165718827931137, 38.781641503914642 ], [ 0.165718827920122, 38.781641503910826 ], [ 0.165693288886726, 38.781632769718975 ], [ 0.165667763823621, 38.781623700919624 ], [ 0.165667763811502, 38.781623700915389 ], [ 0.165642199758728, 38.781614895319393 ], [ 0.165616655020113, 38.781605899156339 ], [ 0.165599250455325, 38.781595542684805 ], [ 0.165581931980666, 38.781585053184827 ], [ 0.165581931971602, 38.781585053179391 ], [ 0.165564481369858, 38.7815746987865 ], [ 0.165547093931728, 38.781564211150851 ], [ 0.165547093927018, 38.781564211148023 ], [ 0.165529758844038, 38.781553866227291 ], [ 0.165529758842378, 38.781553866226311 ], [ 0.165512549648207, 38.781543635005335 ], [ 0.165495136686008, 38.781533090398341 ], [ 0.165495136676041, 38.781533090392372 ], [ 0.165477734431185, 38.781522787826596 ], [ 0.165460275656588, 38.781512248060011 ], [ 0.165460275650427, 38.78151224805633 ], [ 0.16544296540609, 38.781501943007186 ], [ 0.165429282455779, 38.781492590030552 ], [ 0.165415846741082, 38.781482972679981 ], [ 0.165402555356498, 38.781473391946534 ], [ 0.165389211613164, 38.781463772099279 ], [ 0.165376284249311, 38.781453938266921 ], [ 0.165363430016372, 38.781444066415027 ], [ 0.165350720236146, 38.78143381768276 ], [ 0.165350720231006, 38.781433817678646 ], [ 0.165338015231326, 38.781423703039557 ], [ 0.165325399972634, 38.781413509398995 ], [ 0.165313039362898, 38.781403088143747 ], [ 0.165303155601135, 38.781394410483969 ], [ 0.165293602271739, 38.781385683327784 ], [ 0.165284298190081, 38.781376710682288 ], [ 0.165275097747815, 38.781367479369557 ], [ 0.165275097731853, 38.781367479353889 ], [ 0.165265867040134, 38.781358630826396 ], [ 0.165256700901082, 38.781349654428482 ], [ 0.165247408457795, 38.781340424702293 ], [ 0.165247408427095, 38.781340424673076 ], [ 0.165237855890815, 38.781331715491604 ], [ 0.165237855884204, 38.781331715485614 ], [ 0.165228161801724, 38.781323032662677 ], [ 0.165228161761611, 38.781323032628563 ], [ 0.165217796642931, 38.781314660782414 ], [ 0.165205549117271, 38.7813047138971 ], [ 0.165205549082344, 38.781304713869922 ], [ 0.165192677183323, 38.781295118133883 ], [ 0.165192677129975, 38.781295118096516 ], [ 0.165179448969572, 38.781286418474735 ], [ 0.165179448969573, 38.781286418474735 ], [ 0.165179448865796, 38.781286418413949 ], [ 0.1651645364028, 38.781278669829533 ], [ 0.165164536315933, 38.781278669788605 ], [ 0.165150631462375, 38.781272754183178 ], [ 0.165150631395867, 38.781272754157023 ], [ 0.165136449259005, 38.781267620816315 ], [ 0.165136449229861, 38.781267620806162 ], [ 0.165122021979088, 38.781262774279831 ], [ 0.165122021907198, 38.781262774257897 ], [ 0.165107325026241, 38.781258726905186 ], [ 0.165107325024468, 38.78125872690471 ], [ 0.165092558022683, 38.781254681451145 ], [ 0.165092557966292, 38.781254681436963 ], [ 0.165077600576985, 38.781251249230905 ], [ 0.165062648976587, 38.781247817766818 ], [ 0.16506264893295, 38.781247817757524 ], [ 0.16504745701231, 38.781244833334036 ], [ 0.165032305856452, 38.781241703664705 ], [ 0.165017100376676, 38.781238516907742 ], [ 0.165017100373499, 38.781238516907088 ], [ 0.164998359525765, 38.781234634125568 ], [ 0.164998359518173, 38.781234634124019 ], [ 0.16497963970289, 38.78123086247728 ], [ 0.164979639684663, 38.781230862473734 ], [ 0.164960932367647, 38.781227347233354 ], [ 0.164960932353091, 38.781227347230704 ], [ 0.164942146983479, 38.781224018781785 ], [ 0.164942146977017, 38.781224018780655 ], [ 0.16492319160554, 38.781220749890437 ], [ 0.164923191565696, 38.781220749884127 ], [ 0.164904305672382, 38.781218036746452 ], [ 0.164904305652157, 38.781218036743695 ], [ 0.164885294111592, 38.781215579252958 ], [ 0.164885294088045, 38.781215579250102 ], [ 0.16486615778093, 38.781213423326783 ], [ 0.164866157734633, 38.781213423322313 ], [ 0.164846973740519, 38.781211880379963 ], [ 0.164846973718831, 38.781211880378379 ], [ 0.164827610844184, 38.781210612543319 ], [ 0.164827610805974, 38.781210612541315 ], [ 0.164807614382568, 38.781209826726837 ], [ 0.164807614320293, 38.781209826725693 ], [ 0.164787701461114, 38.781209889064733 ], [ 0.164787701440816, 38.781209889064939 ], [ 0.164767753592427, 38.781210227114705 ], [ 0.164767753566555, 38.781210227115366 ], [ 0.164747747712871, 38.781210918974672 ], [ 0.164747747679052, 38.781210918976228 ], [ 0.164727882790916, 38.781212065554207 ], [ 0.164727882767793, 38.781212065555735 ], [ 0.16470803066296, 38.781213527088667 ], [ 0.164708030659, 38.781213527088958 ], [ 0.164688182091282, 38.781215042574878 ], [ 0.164688182071631, 38.781215042576534 ], [ 0.164668528816084, 38.781216810413873 ], [ 0.164648667452507, 38.781218582988132 ], [ 0.164628807434963, 38.781220360026978 ], [ 0.164628807430323, 38.781220360027405 ], [ 0.164607162119836, 38.781222366531011 ], [ 0.164607162104155, 38.781222366532553 ], [ 0.164585440135227, 38.781224617444373 ], [ 0.164585440107777, 38.781224617447471 ], [ 0.164563846447533, 38.781227271170145 ], [ 0.164563846437609, 38.781227271171396 ], [ 0.164542333825642, 38.781230065931709 ], [ 0.164542333818403, 38.781230065932654 ], [ 0.164520802044275, 38.781232973816834 ], [ 0.164499289669857, 38.781235773967751 ], [ 0.164499289646587, 38.781235773970977 ], [ 0.164477717487922, 38.781238939689608 ], [ 0.164456117893163, 38.781241849399265 ], [ 0.164434605512213, 38.781244649538536 ], [ 0.164434605509946, 38.781244649538827 ], [ 0.164413087788039, 38.781247484952267 ], [ 0.164381955008306, 38.78125122599802 ], [ 0.164381954990812, 38.781251226000229 ], [ 0.164350810545286, 38.781255353827511 ], [ 0.164319844442162, 38.781259090339091 ], [ 0.164319844430392, 38.781259090340555 ], [ 0.164288717989919, 38.781263105054656 ], [ 0.16425758519238, 38.781266846068043 ], [ 0.164257585180937, 38.781266846069457 ], [ 0.164226366169805, 38.781270849763104 ], [ 0.164195229208003, 38.781274626907702 ], [ 0.164195229196702, 38.781274626909109 ], [ 0.164164154668557, 38.781278644687532 ], [ 0.16413301610862, 38.7812823858239 ], [ 0.164133016099971, 38.781282385824966 ], [ 0.164130789979459, 38.781282666871697 ], [ 0.164130789977145, 38.781282666872187 ] ] ] ] } }
]
}
