{
"type": "FeatureCollection",
"name": "torrevieja_distritos_4326",
"crs": { "type": "name", "properties": { "name": "urn:ogc:def:crs:OGC:1.3:CRS84" } },
"features": [
{ "type": "Feature", "properties": { "fid": 1, "INE_MUN": "03133", "DISTRITO": 1 }, "geometry": { "type": "MultiPolygon", "coordinates": [ [ [ [ -0.692043976230036, 37.975021329235133 ], [ -0.691742547318839, 37.975336681471148 ], [ -0.6916877127391, 37.975394046658998 ], [ -0.691687712739098, 37.975394046658998 ], [ -0.691626782071104, 37.975458095540411 ], [ -0.691003893728152, 37.976112869684698 ], [ -0.690370461891218, 37.976778417757842 ], [ -0.690141831308807, 37.977044089009787 ], [ -0.690076478706226, 37.977135616108285 ], [ -0.69007647867718, 37.977135616146711 ], [ -0.690069812489277, 37.977143955643001 ], [ -0.690067691558191, 37.977146608302427 ], [ -0.690067691449112, 37.977146608417399 ], [ -0.690067691318312, 37.977146608517153 ], [ -0.689876535538592, 37.977270725138759 ], [ -0.689728327499731, 37.977369385253859 ], [ -0.689728181270174, 37.977370419203965 ], [ -0.689728181225553, 37.977370419372129 ], [ -0.689728181141397, 37.977370419530551 ], [ -0.689728181020771, 37.977370419673427 ], [ -0.689728180868062, 37.977370419795562 ], [ -0.68972742525787, 37.977370918582189 ], [ -0.689727425255366, 37.977370918583837 ], [ -0.689593778697973, 37.977458628017644 ], [ -0.68959377869797, 37.977458628017644 ], [ -0.689593778513483, 37.977458628116317 ], [ -0.689593778308255, 37.977458628184664 ], [ -0.689392662664673, 37.977507927018287 ], [ -0.689182253181949, 37.977559498364165 ], [ -0.689182253181948, 37.977559498364165 ], [ -0.68918225303716, 37.977559498391585 ], [ -0.689126507285881, 37.977567044349179 ], [ -0.689107843453802, 37.977569570067203 ], [ -0.688960662490035, 37.977589384132436 ], [ -0.688710212460625, 37.977623095922752 ], [ -0.688710212457782, 37.977623095923136 ], [ -0.688378578048573, 37.977667050660237 ], [ -0.688378578043577, 37.977667050660891 ], [ -0.688357654712747, 37.977669748099089 ], [ -0.688123697452471, 37.977699907229514 ], [ -0.688123697240873, 37.977699907240932 ], [ -0.688123697030267, 37.97769990722108 ], [ -0.688123696827975, 37.97769990717066 ], [ -0.688123696641018, 37.977699907091377 ], [ -0.688123696475889, 37.977699906986025 ], [ -0.688122124062613, 37.977698695924666 ], [ -0.688111919589119, 37.977700228901661 ], [ -0.688028309421641, 37.977712791665745 ], [ -0.688028309390322, 37.977712791670086 ], [ -0.687360723899111, 37.977797877435407 ], [ -0.686968321435296, 37.9778481075152 ], [ -0.686445162862485, 37.977914767697946 ], [ -0.686445162862484, 37.977914767697946 ], [ -0.685473931040486, 37.978039726660725 ], [ -0.685475498492313, 37.978040269998942 ], [ -0.685475498688667, 37.978040270086275 ], [ -0.685475498859452, 37.978040270202492 ], [ -0.685475498997979, 37.978040270343051 ], [ -0.685475499098824, 37.978040270502468 ], [ -0.685749061949302, 37.978606706111719 ], [ -0.685749061954179, 37.978606706121994 ], [ -0.685941644706776, 37.979020518789909 ], [ -0.685941644708833, 37.979020518794371 ], [ -0.686172694985145, 37.979525155418337 ], [ -0.686173110554513, 37.979526060203838 ], [ -0.686499760434884, 37.980234473001744 ], [ -0.686667818360354, 37.980593739582027 ], [ -0.686667818387784, 37.980593739648477 ], [ -0.686674334367997, 37.980611881117682 ], [ -0.686674334389658, 37.980611881188864 ], [ -0.686680009372732, 37.980634543202143 ], [ -0.686685178251075, 37.98065265815174 ], [ -0.686685178258873, 37.980652658181398 ], [ -0.686689539476362, 37.980670752744196 ], [ -0.68668953948392, 37.980670752779304 ], [ -0.686693831960878, 37.980693392105046 ], [ -0.686693831963956, 37.98069339212244 ], [ -0.686696803982661, 37.98071145934933 ], [ -0.686696803989, 37.980711459398286 ], [ -0.68669894154867, 37.980734020275492 ], [ -0.686701123884299, 37.980756605463156 ], [ -0.686701123885065, 37.980756605471605 ], [ -0.686702651949431, 37.980774648790813 ], [ -0.686702651951134, 37.980774648816379 ], [ -0.686703530213917, 37.980792683854879 ], [ -0.686703530214409, 37.980792683911957 ], [ -0.686701550277529, 37.980855722870132 ], [ -0.686701550269877, 37.980855722954388 ], [ -0.686698844730348, 37.980873682947838 ], [ -0.686696737455852, 37.980896191817749 ], [ -0.686696737445972, 37.980896191886899 ], [ -0.686693282115667, 37.980914137145589 ], [ -0.686689031286607, 37.980936567810083 ], [ -0.686689031282864, 37.980936567828536 ], [ -0.686603227420139, 37.981333095684235 ], [ -0.686603227420134, 37.981333095684249 ], [ -0.686584178822581, 37.981421125436228 ], [ -0.686584178815367, 37.981421125466447 ], [ -0.68658406881017, 37.981421546824848 ], [ -0.686584068807421, 37.981421546835087 ], [ -0.686568082790866, 37.981479380994394 ], [ -0.686567800063727, 37.981488381969129 ], [ -0.686567800052837, 37.981488382073053 ], [ -0.686555751432388, 37.981555729350291 ], [ -0.686555751430971, 37.981555729357979 ], [ -0.686491777720153, 37.98189237517542 ], [ -0.686491777719782, 37.981892375177353 ], [ -0.68646882465808, 37.982011402041451 ], [ -0.68644587729093, 37.982130281221089 ], [ -0.686445641011249, 37.982131641750478 ], [ -0.686445641008821, 37.982131641763722 ], [ -0.686418588574759, 37.982271927192038 ], [ -0.686396566686938, 37.982386128876286 ], [ -0.686313308391092, 37.982817043395698 ], [ -0.686302240781043, 37.982875398806563 ], [ -0.686302240780868, 37.982875398807501 ], [ -0.686168499884625, 37.983575631802232 ], [ -0.686168499884027, 37.983575631805323 ], [ -0.686137047456955, 37.983736522774464 ], [ -0.686126933157825, 37.983788261128829 ], [ -0.686118625460223, 37.983830693200183 ], [ -0.686118487350383, 37.983831465413679 ], [ -0.686111800199492, 37.983885405921839 ], [ -0.686108240389213, 37.983930364395604 ], [ -0.686109394255262, 37.983961944011426 ], [ -0.686112551407098, 37.983998032596432 ], [ -0.686133048658187, 37.984138100332729 ], [ -0.686144262928159, 37.984187891224281 ], [ -0.686158227058341, 37.984242237296534 ], [ -0.686285127346862, 37.98461870743904 ], [ -0.686285127347747, 37.98461870744169 ], [ -0.686561486674482, 37.98544867234088 ], [ -0.68656148670533, 37.985448672472636 ], [ -0.686635690936104, 37.985986283767787 ], [ -0.686698722380368, 37.986176758571624 ], [ -0.686698722380367, 37.986176758571624 ], [ -0.686736431521417, 37.986290148672076 ], [ -0.687009754627871, 37.987102021454461 ], [ -0.687277457648124, 37.987891273233522 ], [ -0.687277457649577, 37.98789127323785 ], [ -0.687456882574086, 37.988430954009011 ], [ -0.68773213334355, 37.989251887624498 ], [ -0.688156933541864, 37.990521778022213 ], [ -0.688156933544921, 37.990521778031543 ], [ -0.688720047322035, 37.992281043663226 ], [ -0.688850422744905, 37.992662080342924 ], [ -0.688850422753103, 37.992662080368333 ], [ -0.689486219901972, 37.994760639428385 ], [ -0.68949392680825, 37.994776663943711 ], [ -0.689493926808849, 37.994776663944961 ], [ -0.689627818012016, 37.995056302762947 ], [ -0.689627818044105, 37.995056302840375 ], [ -0.689872203847772, 37.995750468096297 ], [ -0.689872203851503, 37.995750468107133 ], [ -0.690103218031423, 37.996439828477804 ], [ -0.690103218032206, 37.996439828480142 ], [ -0.690415910008514, 37.997383146835233 ], [ -0.690415910009012, 37.997383146836754 ], [ -0.690692051784381, 37.998222104027889 ], [ -0.690801192911537, 37.998550874960486 ], [ -0.690802083011228, 37.998553537207805 ], [ -0.690802083011735, 37.998553537209325 ], [ -0.690887779525672, 37.998811668903784 ], [ -0.691001441279046, 37.999105322912591 ], [ -0.691001441279051, 37.999105322912598 ], [ -0.692879805646365, 38.003957913687486 ], [ -0.693209312008373, 38.004809048226171 ], [ -0.693209312022598, 38.004809048266182 ], [ -0.693697351138814, 38.006314426442884 ], [ -0.694101893971735, 38.007556921623696 ], [ -0.69410189397202, 38.007556921624577 ], [ -0.694462095374805, 38.00866783040081 ], [ -0.695529432995879, 38.010792849421122 ], [ -0.695672935527043, 38.010984895268784 ], [ -0.695672935545099, 38.010984895293859 ], [ -0.695809162229589, 38.011181303941875 ], [ -0.695809162239225, 38.011181303956086 ], [ -0.695927439962586, 38.011359310435779 ], [ -0.696046423934977, 38.011537367589519 ], [ -0.696046423938302, 38.011537367594542 ], [ -0.696160579753553, 38.011710828939698 ], [ -0.696282992405867, 38.011893453211513 ], [ -0.69628299240858, 38.011893453215578 ], [ -0.69664865736511, 38.012445771180538 ], [ -0.69664865744594, 38.012445771336665 ], [ -0.696648657488547, 38.012445771502023 ], [ -0.696648657491437, 38.012445771670741 ], [ -0.696644542691973, 38.012486253356428 ], [ -0.696752716645031, 38.012646048479738 ], [ -0.696868463445625, 38.012815034778299 ], [ -0.69686846346188, 38.012815034802934 ], [ -0.696996000415943, 38.013015776471683 ], [ -0.696996000431961, 38.013015776497944 ], [ -0.69933042605079, 38.01700683542532 ], [ -0.703391804143762, 38.01543023331179 ], [ -0.704087401961863, 38.015160184630687 ], [ -0.704088820481805, 38.015159622115334 ], [ -0.704088820707302, 38.015159622048436 ], [ -0.704088820945537, 38.015159622020583 ], [ -0.70408882118585, 38.015159622032982 ], [ -0.704088821417495, 38.015159622085086 ], [ -0.704088821630107, 38.015159622174551 ], [ -0.704088821814179, 38.015159622297418 ], [ -0.708904596038172, 38.019135473708182 ], [ -0.708904596038171, 38.019135473708182 ], [ -0.708904596183215, 38.019135473856025 ], [ -0.708904596286523, 38.019135474024374 ], [ -0.708904596343629, 38.019135474205989 ], [ -0.708904596352074, 38.019135474392989 ], [ -0.70851066486569, 38.023687671712402 ], [ -0.709525418019784, 38.024510936245186 ], [ -0.709525418019783, 38.024510936245186 ], [ -0.709525418116294, 38.024510936334451 ], [ -0.710051125848693, 38.025066812125083 ], [ -0.715056549105182, 38.030358688625739 ], [ -0.715056549105183, 38.030358688625739 ], [ -0.715056549216127, 38.030358688769226 ], [ -0.715056549291412, 38.030358688926533 ], [ -0.718626529035921, 38.040624479506427 ], [ -0.718628501217652, 38.040620444646237 ], [ -0.71862850121765, 38.040620444646237 ], [ -0.71862850132292, 38.040620444482698 ], [ -0.718628501467911, 38.040620444339432 ], [ -0.718628501646603, 38.04062044422237 ], [ -0.718628501851584, 38.04062044413638 ], [ -0.718628502074345, 38.040620444085015 ], [ -0.718628502305646, 38.040620444070427 ], [ -0.718628502535885, 38.0406204440932 ], [ -0.71862850275551, 38.040620444152417 ], [ -0.719327187320974, 38.040874238754881 ], [ -0.719327187390124, 38.040874238782294 ], [ -0.719333535640377, 38.040876971613308 ], [ -0.719333535640378, 38.040876971613308 ], [ -0.719333535833361, 38.040876971718035 ], [ -0.719333535995206, 38.040876971851752 ], [ -0.719333536119078, 38.040876972008796 ], [ -0.719333536199747, 38.040876972182566 ], [ -0.719333536233807, 38.040876972365687 ], [ -0.719333536219821, 38.04087697255045 ], [ -0.719333536158379, 38.040876972729073 ], [ -0.719332195332128, 38.04087971852006 ], [ -0.719332195237534, 38.04087971867034 ], [ -0.71933219510932, 38.040879718804149 ], [ -0.718852215122305, 38.041293931672719 ], [ -0.712715987300959, 38.046617277307824 ], [ -0.712715987300962, 38.046617277307824 ], [ -0.712715987146743, 38.046617277419152 ], [ -0.712715986969425, 38.046617277506328 ], [ -0.712715986774963, 38.046617277566462 ], [ -0.71271598656989, 38.046617277597498 ], [ -0.712528960390284, 38.046631725529679 ], [ -0.711505206989471, 38.046710805982549 ], [ -0.698151540341064, 38.047765495297185 ], [ -0.696369350053286, 38.047910780092273 ], [ -0.696369350049694, 38.047910780092565 ], [ -0.69326215222782, 38.048156145129035 ], [ -0.693262152008123, 38.048156145129532 ], [ -0.692273097326995, 38.048082682108266 ], [ -0.692273097322196, 38.048082682107903 ], [ -0.690408853693034, 38.047937894637357 ], [ -0.687577779530009, 38.047738025434924 ], [ -0.687577779399392, 38.047738025419626 ], [ -0.687453102439418, 38.047717522464559 ], [ -0.68717296525821, 38.047688095840712 ], [ -0.685658593264277, 38.047529008558634 ], [ -0.68565859326143, 38.047529008558335 ], [ -0.680502784075806, 38.046976766232412 ], [ -0.678060941351284, 38.046721281352923 ], [ -0.673745366952203, 38.04626643972906 ], [ -0.673745366725883, 38.046266439686242 ], [ -0.673745366515289, 38.046266439607948 ], [ -0.673745366329209, 38.046266439497437 ], [ -0.673745366175412, 38.046266439359322 ], [ -0.673745366060313, 38.046266439199385 ], [ -0.671740020012469, 38.042667361845133 ], [ -0.67174002001247, 38.042667361845133 ], [ -0.667782510706363, 38.035605356094507 ], [ -0.66698442176786, 38.034193024193939 ], [ -0.666984286240485, 38.034192814585694 ], [ -0.659006371788203, 38.031963268267283 ], [ -0.658404548192617, 38.031795046942463 ], [ -0.658404548192616, 38.031795046942463 ], [ -0.658404547981366, 38.031795046863287 ], [ -0.658404547795004, 38.031795046751654 ], [ -0.658404547641382, 38.031795046612295 ], [ -0.658404547526973, 38.031795046451052 ], [ -0.658041855021815, 38.031132492023943 ], [ -0.656162885408735, 38.027699852327743 ], [ -0.656162885408734, 38.027699852327743 ], [ -0.656162885331827, 38.027699852124179 ], [ -0.656036529203084, 38.027125130951511 ], [ -0.656036529189399, 38.027125130864178 ], [ -0.655964447202743, 38.026360757582992 ], [ -0.655964447207912, 38.026360757407268 ], [ -0.655964447256115, 38.026360757235686 ], [ -0.661152744223839, 38.013822816922008 ], [ -0.66115274422384, 38.013822816922008 ], [ -0.661152744341162, 38.013822816723867 ], [ -0.661206469665814, 38.013754995495631 ], [ -0.661206469684426, 38.013754995472894 ], [ -0.661245688708398, 38.013708643630295 ], [ -0.6612663893785, 38.013684104868872 ], [ -0.66126638942241, 38.013684104820371 ], [ -0.661365019339782, 38.013582464716094 ], [ -0.66136501935655, 38.01358246469924 ], [ -0.661401040874589, 38.013547119257964 ], [ -0.661448116819281, 38.01349849160745 ], [ -0.661448116844007, 38.013498491582823 ], [ -0.66150321834667, 38.01344551356042 ], [ -0.661503218360123, 38.013445513547722 ], [ -0.661522252754679, 38.013427883705582 ], [ -0.661608238834543, 38.013344000400217 ], [ -0.661608238851826, 38.013344000383761 ], [ -0.661688902951014, 38.013269021271682 ], [ -0.661939205816224, 38.013030698087171 ], [ -0.662072129581593, 38.012902697413949 ], [ -0.662072129588424, 38.012902697407434 ], [ -0.662160910222372, 38.012818824200963 ], [ -0.662160910224537, 38.012818824198916 ], [ -0.662278338237499, 38.012708550660463 ], [ -0.662278338242541, 38.012708550655773 ], [ -0.662316453098016, 38.01267325105384 ], [ -0.662458048776454, 38.012540908769772 ], [ -0.662458048804396, 38.012540908744612 ], [ -0.662539313753256, 38.012470441997714 ], [ -0.662562782081231, 38.012448386530352 ], [ -0.662562782109916, 38.012448386504417 ], [ -0.662805830069446, 38.012236944839429 ], [ -0.662849822945667, 38.012197293369105 ], [ -0.662942892677959, 38.012113512941383 ], [ -0.662942892681671, 38.012113512938079 ], [ -0.663002231764856, 38.012060623844647 ], [ -0.663002231774699, 38.012060623835971 ], [ -0.663073238940718, 38.011998959266791 ], [ -0.663073238961151, 38.011998959249496 ], [ -0.663126604279763, 38.011954993001154 ], [ -0.663126604307255, 38.011954992979277 ], [ -0.663160887044067, 38.011928618935919 ], [ -0.663160887061616, 38.011928618922703 ], [ -0.66319657430426, 38.011902309739597 ], [ -0.663196574334921, 38.01190230971779 ], [ -0.663254084319151, 38.011862890793559 ], [ -0.663254084330014, 38.011862890786198 ], [ -0.663299890878371, 38.011832281741896 ], [ -0.663319525956026, 38.011819164548974 ], [ -0.663319525969873, 38.011819164539872 ], [ -0.663387109653197, 38.011775444807071 ], [ -0.663387109727367, 38.011775444762954 ], [ -0.6634428937998, 38.011744997979697 ], [ -0.663442893823856, 38.011744997966922 ], [ -0.663484867815976, 38.011723314698884 ], [ -0.663501514563572, 38.011714670628074 ], [ -0.663501514628145, 38.011714670596916 ], [ -0.663578795433867, 38.011680118540383 ], [ -0.66357879547439, 38.01168011852311 ], [ -0.663642265204697, 38.011654361494962 ], [ -0.663642265280766, 38.011654361466846 ], [ -0.663680363246508, 38.01164161124197 ], [ -0.663735155547457, 38.011620151164223 ], [ -0.663735155641126, 38.011620151131609 ], [ -0.663886851458103, 38.011573634488371 ], [ -0.663909185308331, 38.011565045744497 ], [ -0.663909185331918, 38.011565045735679 ], [ -0.664038782806665, 38.011518079735268 ], [ -0.664091433940825, 38.011496576929339 ], [ -0.664091433940827, 38.011496576929339 ], [ -0.664091434117163, 38.011496576871565 ], [ -0.664107938381563, 38.011492412912787 ], [ -0.66420186553189, 38.011449203730649 ], [ -0.664238847903428, 38.011427424619271 ], [ -0.664238847937069, 38.0114274246002 ], [ -0.664278676918798, 38.011405702955201 ], [ -0.664320938315333, 38.0113749870467 ], [ -0.664320938397216, 38.011374986992564 ], [ -0.664357227495945, 38.011353194083874 ], [ -0.664382834416737, 38.011331189801453 ], [ -0.664417264996047, 38.011300313715573 ], [ -0.664443764823427, 38.011273825213991 ], [ -0.66447474137859, 38.011238379475444 ], [ -0.66449779420027, 38.011207316921045 ], [ -0.66449779420828, 38.011207316910408 ], [ -0.664521593658008, 38.011176234037087 ], [ -0.664545489214432, 38.011140687221207 ], [ -0.664567428814765, 38.011100560840212 ], [ -0.664567428823068, 38.011100560825398 ], [ -0.664593005641244, 38.011056000314682 ], [ -0.66459613671455, 38.011047060552492 ], [ -0.664596136714551, 38.011047060552492 ], [ -0.664596136756469, 38.011047060454899 ], [ -0.664614392543916, 38.011011397929629 ], [ -0.664635248359639, 38.010959987977024 ], [ -0.664635248359641, 38.010959987977024 ], [ -0.664650663842388, 38.010921986505117 ], [ -0.664656237812901, 38.010904079680031 ], [ -0.664656237825544, 38.010904079642856 ], [ -0.66466945215711, 38.010868289888492 ], [ -0.664701183537156, 38.010765316668177 ], [ -0.664711603847093, 38.010729461465509 ], [ -0.664711603847961, 38.010729461462553 ], [ -0.664757865256171, 38.010572706955216 ], [ -0.664760246380202, 38.010563711678792 ], [ -0.664760246387803, 38.010563711652097 ], [ -0.664813516596556, 38.010389083257564 ], [ -0.664813516597403, 38.010389083254807 ], [ -0.664906305310241, 38.010089050005071 ], [ -0.664938035981559, 38.009986040617534 ], [ -0.664938035992571, 38.009986040584515 ], [ -0.664965358559157, 38.009909994838708 ], [ -0.664967789559715, 38.00990104111608 ], [ -0.664967789585014, 38.009901041039456 ], [ -0.665002674964286, 38.009811664961553 ], [ -0.665046062373264, 38.009699853532069 ], [ -0.665046062378906, 38.009699853517958 ], [ -0.665084632069109, 38.009605986502031 ], [ -0.665084632073167, 38.009605986492325 ], [ -0.665128477068326, 38.009503254649665 ], [ -0.665128477079893, 38.009503254623866 ], [ -0.665162046166116, 38.009431837514867 ], [ -0.665162046169581, 38.009431837507599 ], [ -0.665198649029399, 38.009355976024551 ], [ -0.66519864904668, 38.0093559759908 ], [ -0.665210740289192, 38.009333666914586 ], [ -0.665242623880032, 38.009271214750996 ], [ -0.665242623909354, 38.009271214698451 ], [ -0.665269644867909, 38.009226691658604 ], [ -0.665289993955691, 38.00919107507741 ], [ -0.665342784586954, 38.009097490459666 ], [ -0.665381389670418, 38.00902617422053 ], [ -0.665381389705925, 38.009026174161036 ], [ -0.665407572731882, 38.008986158885982 ], [ -0.665407572731884, 38.008986158885982 ], [ -0.665407572904469, 38.008986158690753 ], [ -0.66541778304219, 38.008977364025583 ], [ -0.665450540250309, 38.008932951351021 ], [ -0.665450540252829, 38.008932951347632 ], [ -0.665516709293794, 38.008844133394291 ], [ -0.665516709309781, 38.008844133373493 ], [ -0.665650153281661, 38.008675598861508 ], [ -0.665776225096587, 38.008511608032762 ], [ -0.666080036033166, 38.008116442674613 ], [ -0.666086706640597, 38.008107568580911 ], [ -0.666086706684491, 38.008107568526988 ], [ -0.666172364874717, 38.008010136024133 ], [ -0.666172364880664, 38.00801013601744 ], [ -0.666299321139182, 38.007868491565524 ], [ -0.666363602028054, 38.007793179248672 ], [ -0.666463488521859, 38.007673519391538 ], [ -0.666552420728988, 38.007562630508474 ], [ -0.666629685380802, 38.007460525511561 ], [ -0.666687319838651, 38.007371578002584 ], [ -0.666736975490206, 38.007286968574931 ], [ -0.666756630153161, 38.007251301904937 ], [ -0.666781835029519, 38.007197732296142 ], [ -0.666813410068068, 38.007121770469155 ], [ -0.666832036027349, 38.007072570360741 ], [ -0.666850109147025, 38.007018895195962 ], [ -0.66688127253648, 38.00691137294303 ], [ -0.666897352975829, 38.006830602506724 ], [ -0.666912069672904, 38.006727254786753 ], [ -0.666923709351357, 38.006605832840982 ], [ -0.666923709352452, 38.006605832830388 ], [ -0.666954613919498, 38.006327118516744 ], [ -0.666980584363439, 38.006048271098365 ], [ -0.666980584365143, 38.006048271082093 ], [ -0.666992181577022, 38.00594847481927 ], [ -0.667002035631166, 38.005863966373425 ], [ -0.66700203563404, 38.005863966351669 ], [ -0.667019274200656, 38.005747192567732 ], [ -0.667019274204186, 38.00574719254611 ], [ -0.667040940341135, 38.0056259704673 ], [ -0.667040940343308, 38.005625970455682 ], [ -0.667067269357244, 38.005491332428214 ], [ -0.667067269371427, 38.005491332368912 ], [ -0.66708250343251, 38.005437563823619 ], [ -0.667082503432511, 38.005437563823619 ], [ -0.667082503465466, 38.005437563730872 ], [ -0.667101691631657, 38.005392881129801 ], [ -0.667101691637974, 38.005392881115483 ], [ -0.667192774124575, 38.005191947060979 ], [ -0.667192774137862, 38.005191947033119 ], [ -0.66723076665195, 38.005116116903594 ], [ -0.667230766661798, 38.005116116884579 ], [ -0.667261758209114, 38.005058156416752 ], [ -0.667261758227591, 38.005058156384024 ], [ -0.667378338836009, 38.004862233759567 ], [ -0.667668295631108, 38.004358864138375 ], [ -0.667668295644584, 38.004358864115815 ], [ -0.667676553661549, 38.004345520391595 ], [ -0.667894529881199, 38.003980387994787 ], [ -0.668094595008382, 38.003641918598483 ], [ -0.67068400421778, 37.99918779496813 ], [ -0.670684004221699, 37.999187794961465 ], [ -0.670762489184653, 37.999055633795059 ], [ -0.670748690602748, 37.999050173955318 ], [ -0.670748690602746, 37.999050173955318 ], [ -0.670748690382341, 37.999050173841141 ], [ -0.670748690201001, 37.99905017368993 ], [ -0.670741668693969, 37.999042761705525 ], [ -0.67074166869397, 37.999042761705525 ], [ -0.670741668569408, 37.999042761539549 ], [ -0.670741668492391, 37.999042761356392 ], [ -0.670741668466453, 37.999042761164461 ], [ -0.67074166849279, 37.99904276097255 ], [ -0.670741668570189, 37.999042760789486 ], [ -0.672988147090287, 37.995168622712157 ], [ -0.675193862647346, 37.991364318800265 ], [ -0.675193862647344, 37.991364318800265 ], [ -0.675193862768854, 37.99136431863802 ], [ -0.675193862930388, 37.991364318499365 ], [ -0.675193863124865, 37.991364318390346 ], [ -0.675266138124344, 37.991332219999173 ], [ -0.675225085843823, 37.991310464413871 ], [ -0.675200552539574, 37.9912974637069 ], [ -0.675200552539571, 37.9912974637069 ], [ -0.675200552361503, 37.991297463590172 ], [ -0.675200552216917, 37.991297463447374 ], [ -0.675200552111777, 37.99129746328439 ], [ -0.675200552050422, 37.991297463107962 ], [ -0.675200552035386, 37.991297462925367 ], [ -0.675200552067286, 37.991297462744129 ], [ -0.675200552144808, 37.991297462571723 ], [ -0.678864928541265, 37.985194537860025 ], [ -0.678841813859133, 37.985199171327231 ], [ -0.678841813630384, 37.985199171353912 ], [ -0.678841813399543, 37.985199171343467 ], [ -0.678841813176137, 37.985199171296301 ], [ -0.678841812969385, 37.98519917121434 ], [ -0.67884181278782, 37.985199171101044 ], [ -0.678841812638936, 37.985199170961032 ], [ -0.678841812528875, 37.985199170800087 ], [ -0.678841812462182, 37.985199170624853 ], [ -0.678841812441605, 37.985199170442584 ], [ -0.678841812467999, 37.985199170260778 ], [ -0.678841812540271, 37.985199170086958 ], [ -0.678852903770391, 37.985179494345367 ], [ -0.678852903776454, 37.985179494334794 ], [ -0.679110136998784, 37.984738523837976 ], [ -0.679176002806959, 37.984613669506999 ], [ -0.679238567967124, 37.984479742460579 ], [ -0.6792961373381, 37.98434573478869 ], [ -0.679342528346755, 37.984206964810241 ], [ -0.679379636092796, 37.984090548346465 ], [ -0.679431506764678, 37.983888826705019 ], [ -0.679460842140772, 37.983749702003117 ], [ -0.679465496090276, 37.983668702888835 ], [ -0.679470331588182, 37.983583206266175 ], [ -0.679473037901864, 37.983385018770605 ], [ -0.679464206082981, 37.983236133128727 ], [ -0.67946328634846, 37.98322900973286 ], [ -0.679463286348248, 37.983229009731204 ], [ -0.679463044707628, 37.983227103625779 ], [ -0.679460222310271, 37.98320893107342 ], [ -0.679410400356625, 37.982888159311678 ], [ -0.679345217896426, 37.982567435735668 ], [ -0.679345217896418, 37.982567435735561 ], [ -0.679345217896378, 37.982567435735433 ], [ -0.679345124279193, 37.98256697432042 ], [ -0.679345124278202, 37.982566974315461 ], [ -0.679321228725915, 37.982444847120107 ], [ -0.679197327701579, 37.98181611591172 ], [ -0.679117217119887, 37.98142255255916 ], [ -0.679117217116894, 37.981422552543577 ], [ -0.679100855906514, 37.981332131878872 ], [ -0.679054735353938, 37.981101422523352 ], [ -0.678892175519233, 37.980345807185522 ], [ -0.678892175517693, 37.980345807178196 ], [ -0.678776046212833, 37.97977768897794 ], [ -0.678775661810691, 37.979775798063905 ], [ -0.678773015648769, 37.979762914883509 ], [ -0.678698531959796, 37.979400302844816 ], [ -0.678698531959442, 37.979400302843082 ], [ -0.678603085160656, 37.978929849836497 ], [ -0.67860308516014, 37.978929849833946 ], [ -0.678522007283197, 37.978522724077123 ], [ -0.67842742453194, 37.978047891433249 ], [ -0.678427424531437, 37.978047891426066 ], [ -0.67842742452922, 37.978047891418825 ], [ -0.6784274051916, 37.978047782962847 ], [ -0.678427384302829, 37.978047724035591 ], [ -0.678427384275276, 37.978047723936861 ], [ -0.6783688214368, 37.977762751373959 ], [ -0.678368821436047, 37.977762751370271 ], [ -0.678303648589045, 37.977437062142059 ], [ -0.678303648580444, 37.977437062088882 ], [ -0.678302532768069, 37.977428037971102 ], [ -0.678174778158525, 37.976808272046334 ], [ -0.678149204005871, 37.97669511803312 ], [ -0.678149203997174, 37.976695117988108 ], [ -0.67812597099212, 37.976550489302582 ], [ -0.678054706335394, 37.976193122655864 ], [ -0.678054706333307, 37.976193122644979 ], [ -0.678048061619521, 37.976156932512716 ], [ -0.677984450248974, 37.975871855537747 ], [ -0.677978079156994, 37.97584919740882 ], [ -0.677978079149573, 37.975849197380271 ], [ -0.67786683971299, 37.975382897653112 ], [ -0.677866839703423, 37.975382897606274 ], [ -0.677771403140111, 37.974822347170772 ], [ -0.6776816146283, 37.974379611517023 ], [ -0.677681614628301, 37.974379611517023 ], [ -0.677681614628201, 37.974379611515701 ], [ -0.677681614627777, 37.974379611514408 ], [ -0.677681614627776, 37.974379611514408 ], [ -0.677681496704119, 37.974379018957762 ], [ -0.677550917994959, 37.973736646058491 ], [ -0.67755091799496, 37.973736646058491 ], [ -0.677550917980657, 37.973736645900807 ], [ -0.677550918001388, 37.973736645743593 ], [ -0.677550918056518, 37.973736645591664 ], [ -0.680038502701078, 37.968622370497329 ], [ -0.680038502701076, 37.968622370497329 ], [ -0.680038502792495, 37.96862237035068 ], [ -0.680038502915901, 37.968622370219521 ], [ -0.680038503067225, 37.9686223701082 ], [ -0.687001912595887, 37.964362185772472 ], [ -0.687001912595885, 37.964362185772472 ], [ -0.687001912795677, 37.964362185674503 ], [ -0.687001913016626, 37.964362185611115 ], [ -0.687001913249308, 37.964362185585031 ], [ -0.687001913483799, 37.964362185597331 ], [ -0.687001913710095, 37.964362185647516 ], [ -0.687001913918544, 37.964362185733428 ], [ -0.68744981922452, 37.96459625951551 ], [ -0.687449819393324, 37.964596259623335 ], [ -0.687449819533215, 37.964596259754565 ], [ -0.687449819639117, 37.964596259904418 ], [ -0.687449819707177, 37.964596260067452 ], [ -0.687449819734924, 37.964596260237762 ], [ -0.687449819721348, 37.964596260409145 ], [ -0.687449819666945, 37.964596260575362 ], [ -0.687449819573689, 37.964596260730403 ], [ -0.68744981944497, 37.964596260868603 ], [ -0.687449819285467, 37.964596260984962 ], [ -0.687449819285469, 37.964596260984962 ], [ -0.680477352633846, 37.968784247091051 ], [ -0.679384475415445, 37.971587669366713 ], [ -0.680173348441813, 37.972427771902176 ], [ -0.680173348441814, 37.972427771902176 ], [ -0.680173348555274, 37.972427772051155 ], [ -0.680173348630444, 37.972427772214637 ], [ -0.68017334866452, 37.972427772386489 ], [ -0.680173348656234, 37.972427772560337 ], [ -0.680173348605893, 37.972427772729652 ], [ -0.680173348515377, 37.972427772888175 ], [ -0.680173348388058, 37.972427773029963 ], [ -0.680173348228683, 37.972427773149725 ], [ -0.679714047292261, 37.97271154434079 ], [ -0.679714047292264, 37.97271154434079 ], [ -0.679714047107733, 37.972711544433714 ], [ -0.679714046904158, 37.972711544496953 ], [ -0.67971404668906, 37.97271154452821 ], [ -0.67971404647038, 37.972711544526319 ], [ -0.679714046256195, 37.972711544491347 ], [ -0.679714046054417, 37.972711544424605 ], [ -0.679714045872495, 37.972711544328511 ], [ -0.67971404571715, 37.972711544206668 ], [ -0.679665699678896, 37.972665525408196 ], [ -0.679665699562555, 37.9726655252746 ], [ -0.679665699478378, 37.972665525126637 ], [ -0.679659744214144, 37.972651895339567 ], [ -0.679643944357975, 37.972656088679678 ], [ -0.679602685246881, 37.972700338817454 ], [ -0.67960268524688, 37.972700338817454 ], [ -0.679602685128903, 37.972700338925023 ], [ -0.67955747262034, 37.97273550909992 ], [ -0.679539147508032, 37.972753155156177 ], [ -0.67953318170329, 37.972762043800053 ], [ -0.679531288873885, 37.972775518383528 ], [ -0.679533304180785, 37.972802609216849 ], [ -0.681265808089998, 37.974562452809863 ], [ -0.681265808089999, 37.974562452809863 ], [ -0.681265808209771, 37.974562452959979 ], [ -0.681265808290016, 37.974562453125792 ], [ -0.68126580832762, 37.974562453300827 ], [ -0.681307218677761, 37.975031837976509 ], [ -0.681323441510673, 37.97521687255135 ], [ -0.681460401875224, 37.97520608587174 ], [ -0.681525526031382, 37.975193821939783 ], [ -0.681525526031383, 37.975193821939783 ], [ -0.681525526247176, 37.975193821916129 ], [ -0.681525526464711, 37.975193821925437 ], [ -0.68152552667602, 37.975193821967387 ], [ -0.681525526873356, 37.975193822040445 ], [ -0.68152552704949, 37.975193822141946 ], [ -0.681525527197966, 37.975193822268139 ], [ -0.681525527313342, 37.975193822414418 ], [ -0.681525527391393, 37.97519382257542 ], [ -0.681525527429255, 37.97519382274524 ], [ -0.681536339860911, 37.975302183142183 ], [ -0.681579000253734, 37.97530302440758 ], [ -0.681571731554036, 37.975194734960581 ], [ -0.681571731566805, 37.975194734770056 ], [ -0.681571731629977, 37.975194734585941 ], [ -0.681571731740716, 37.975194734416476 ], [ -0.681571731894057, 37.975194734269287 ], [ -0.681571732083119, 37.975194734150953 ], [ -0.681580400478717, 37.975190404031061 ], [ -0.68158040067772, 37.975190403952048 ], [ -0.681580400892351, 37.975190403905202 ], [ -0.681580401114395, 37.975190403892334 ], [ -0.681591072448795, 37.975190614328909 ], [ -0.681591072635363, 37.975190614344832 ], [ -0.681591072816085, 37.975190614384822 ], [ -0.681640413969629, 37.975205095906901 ], [ -0.681660357121045, 37.975205489170918 ], [ -0.681660357331106, 37.975205489190621 ], [ -0.681660357532932, 37.975205489240757 ], [ -0.681660357719547, 37.97520548931962 ], [ -0.681660357884505, 37.975205489424432 ], [ -0.681660358022105, 37.975205489551612 ], [ -0.681660358127595, 37.975205489696734 ], [ -0.681660358197329, 37.975205489854822 ], [ -0.681660358228894, 37.975205490020407 ], [ -0.68166133139372, 37.975219056528303 ], [ -0.681716920891858, 37.975215648206081 ], [ -0.681719330613279, 37.975139074925288 ], [ -0.681703418238632, 37.974877437212143 ], [ -0.68168436246334, 37.97487256057159 ], [ -0.681684362463339, 37.97487256057159 ], [ -0.681684362254618, 37.974872560499193 ], [ -0.681684362068303, 37.974872560395333 ], [ -0.681684361911865, 37.974872560264167 ], [ -0.681684361791576, 37.97487256011096 ], [ -0.681684361712261, 37.974872559941851 ], [ -0.681684361677097, 37.974872559763632 ], [ -0.681680932009156, 37.974822921902749 ], [ -0.681680932020519, 37.974822921717468 ], [ -0.681680932079587, 37.974822921537942 ], [ -0.681680932183855, 37.974822921371803 ], [ -0.6816809323289, 37.974822921226114 ], [ -0.681680932508574, 37.97482292110702 ], [ -0.681680932715256, 37.97482292101958 ], [ -0.681680932940182, 37.974822920967497 ], [ -0.681680933173814, 37.974822920953009 ], [ -0.681700829681102, 37.974823313289079 ], [ -0.681683435306902, 37.974539137750348 ], [ -0.681680051234991, 37.974489500717858 ], [ -0.68166863588667, 37.974489275619462 ], [ -0.681668635676059, 37.974489275599659 ], [ -0.681668635473744, 37.97448927554926 ], [ -0.681668635286757, 37.97448927547002 ], [ -0.681668635121593, 37.974489275364704 ], [ -0.681668634983988, 37.974489275236941 ], [ -0.681668634878723, 37.97448927509118 ], [ -0.681668634809452, 37.974489274932495 ], [ -0.681668634778583, 37.974489274766398 ], [ -0.68166382104571, 37.974417095298293 ], [ -0.681663821056211, 37.974417095119861 ], [ -0.681663821110978, 37.974417094946574 ], [ -0.681663821207856, 37.974417094785274 ], [ -0.681663821343039, 37.974417094642256 ], [ -0.681663821511209, 37.974417094523169 ], [ -0.681663821705756, 37.974417094432688 ], [ -0.681663821919032, 37.974417094374374 ], [ -0.681663822142652, 37.974417094350514 ], [ -0.681759258516381, 37.974414471557211 ], [ -0.681759258736486, 37.974414471568068 ], [ -0.681759258949809, 37.974414471612349 ], [ -0.681759259148337, 37.97441447168837 ], [ -0.681759259324615, 37.974414471793267 ], [ -0.681759259472023, 37.974414471923104 ], [ -0.681759259585027, 37.974414472073022 ], [ -0.68175925965938, 37.974414472237385 ], [ -0.681759259692292, 37.974414472409997 ], [ -0.68176407465654, 37.974486651899667 ], [ -0.681764074656542, 37.974486651899667 ], [ -0.681764074647381, 37.974486652070652 ], [ -0.681764074597539, 37.974486652237175 ], [ -0.68176407450881, 37.974486652393239 ], [ -0.6817640743844, 37.974486652533194 ], [ -0.681764074228796, 37.974486652652011 ], [ -0.681764074047616, 37.974486652745377 ], [ -0.681764073847397, 37.974486652809937 ], [ -0.681764073635368, 37.974486652843375 ], [ -0.681719154789202, 37.974490272575579 ], [ -0.681740069317015, 37.974819585979446 ], [ -0.68175994321175, 37.974819978760685 ], [ -0.681759943422147, 37.974819978780459 ], [ -0.681759943624266, 37.974819978830759 ], [ -0.6817599438111, 37.974819978909856 ], [ -0.681759943976176, 37.974819979014988 ], [ -0.68175994411377, 37.974819979142524 ], [ -0.681759944219114, 37.97481997928805 ], [ -0.681759944288556, 37.974819979446501 ], [ -0.681759944319688, 37.974819979612391 ], [ -0.68176242127471, 37.974856086493617 ], [ -0.681763395656421, 37.974869617896516 ], [ -0.681763395645625, 37.974869618081676 ], [ -0.681763395587179, 37.97486961826116 ], [ -0.681763395483562, 37.974869618427391 ], [ -0.681763395339159, 37.974869618573308 ], [ -0.681763395160084, 37.974869618692743 ], [ -0.681763394953919, 37.97486961878063 ], [ -0.681763394729393, 37.97486961883326 ], [ -0.681763394496012, 37.974869618848409 ], [ -0.681763394263657, 37.974869618825409 ], [ -0.681763394263656, 37.974869618825409 ], [ -0.681735835319436, 37.974864570084797 ], [ -0.681755635808887, 37.975139789689223 ], [ -0.681783501216546, 37.975135833784613 ], [ -0.681783501430961, 37.97513583377053 ], [ -0.681783501644895, 37.975135833788649 ], [ -0.681783501850697, 37.975135833838301 ], [ -0.681783502041015, 37.975135833917733 ], [ -0.681783502209042, 37.975135834024108 ], [ -0.681783502348776, 37.975135834153619 ], [ -0.681783502455219, 37.975135834301611 ], [ -0.681783502524571, 37.975135834462847 ], [ -0.681783502554348, 37.975135834631509 ], [ -0.68178577066538, 37.975176443650668 ], [ -0.681823864073004, 37.975231269850163 ], [ -0.681858161904572, 37.975227423672386 ], [ -0.681857285290965, 37.975209375926795 ], [ -0.681857285303571, 37.975209375754112 ], [ -0.681857285357636, 37.975209375586523 ], [ -0.681857285451169, 37.975209375430204 ], [ -0.68185728558072, 37.97520937529093 ], [ -0.681857285741514, 37.975209375173797 ], [ -0.681857285927621, 37.975209375083161 ], [ -0.681857286132183, 37.975209375022345 ], [ -0.681857286347655, 37.975209374993618 ], [ -0.682272816807614, 37.975186051131644 ], [ -0.682258012421313, 37.97504609575634 ], [ -0.682258012423381, 37.97504609558851 ], [ -0.68225801246474, 37.975046095423892 ], [ -0.68225801254396, 37.975046095268226 ], [ -0.682258012658285, 37.975046095126878 ], [ -0.682258012803751, 37.975046095004771 ], [ -0.682258012975306, 37.975046094906133 ], [ -0.682258013166996, 37.975046094834411 ], [ -0.682258013372168, 37.97504609479207 ], [ -0.682258013583698, 37.975046094780609 ], [ -0.682284338065966, 37.975046613739842 ], [ -0.682284338301826, 37.975046613764171 ], [ -0.682284338526143, 37.975046613826777 ], [ -0.682284338729121, 37.975046613924931 ], [ -0.682284338901892, 37.975046614054335 ], [ -0.682284339036909, 37.975046614209347 ], [ -0.682284339128275, 37.975046614383174 ], [ -0.682284339171997, 37.975046614568242 ], [ -0.682299003089643, 37.97519107277644 ], [ -0.68253050607848, 37.975182149502331 ], [ -0.682526062082511, 37.97500631326438 ], [ -0.68252606208248, 37.975006313263123 ], [ -0.682516631374741, 37.974605162576545 ], [ -0.682462627715361, 37.974604098056233 ], [ -0.68246262750021, 37.974604098035648 ], [ -0.682462627293889, 37.974604097983161 ], [ -0.682462627103879, 37.974604097900652 ], [ -0.682462626937072, 37.974604097791129 ], [ -0.682462626799517, 37.974604097658563 ], [ -0.682462626696204, 37.974604097507765 ], [ -0.682462626630878, 37.974604097344205 ], [ -0.68246262660591, 37.974604097173795 ], [ -0.682461022281683, 37.974540964192158 ], [ -0.682461022281681, 37.974540964192158 ], [ -0.682461022299289, 37.974540964015169 ], [ -0.682461022360404, 37.974540963844355 ], [ -0.682461022462651, 37.974540963686358 ], [ -0.682461022602061, 37.97454096354727 ], [ -0.682461022773219, 37.974540963432545 ], [ -0.682461022969475, 37.974540963346627 ], [ -0.682461023183211, 37.974540963292846 ], [ -0.68246102340612, 37.97454096327327 ], [ -0.682616198284608, 37.974539522756018 ], [ -0.682616198507337, 37.974539522771344 ], [ -0.682616198721987, 37.974539522820827 ], [ -0.682616198920269, 37.974539522902589 ], [ -0.682616199094536, 37.974539523013448 ], [ -0.682616199238057, 37.974539523149133 ], [ -0.682616199345295, 37.974539523304429 ], [ -0.68261619941211, 37.974539523473311 ], [ -0.682616199435927, 37.974539523649277 ], [ -0.682616911536898, 37.974607140104759 ], [ -0.68261691151599, 37.974607140284306 ], [ -0.682616911450324, 37.974607140456982 ], [ -0.682616911342528, 37.974607140615831 ], [ -0.682616911196925, 37.974607140754514 ], [ -0.682616911019349, 37.974607140867455 ], [ -0.682616910816912, 37.974607140950141 ], [ -0.682616910597726, 37.974607140999247 ], [ -0.682616910370576, 37.974607141012825 ], [ -0.68255289085898, 37.974605878210824 ], [ -0.682557492054666, 37.974957366049829 ], [ -0.68282753943302, 37.974944679278373 ], [ -0.682826706384839, 37.974926650484697 ], [ -0.682826706398658, 37.974926650308035 ], [ -0.682826706455846, 37.974926650136929 ], [ -0.682826706554198, 37.974926649977967 ], [ -0.682826706689915, 37.974926649837315 ], [ -0.682826706857759, 37.974926649720366 ], [ -0.682826707051249, 37.974926649631655 ], [ -0.682826707262916, 37.974926649574613 ], [ -0.682826707484589, 37.974926649551421 ], [ -0.68292493735526, 37.974924085381602 ], [ -0.682924937572796, 37.974924085392459 ], [ -0.682924937783727, 37.974924085435951 ], [ -0.682924937980316, 37.974924085510466 ], [ -0.682924938155351, 37.974924085613289 ], [ -0.682924938302412, 37.974924085740639 ], [ -0.682924938416103, 37.974924085887849 ], [ -0.682924938492252, 37.974924086049512 ], [ -0.682924938528068, 37.974924086219708 ], [ -0.682926516873767, 37.97494212516029 ], [ -0.683126193783707, 37.97492805354873 ], [ -0.683094834858628, 37.97458949191811 ], [ -0.683040689795316, 37.974592924942257 ], [ -0.683040689568091, 37.974592924938655 ], [ -0.683040689346306, 37.974592924899376 ], [ -0.683040689138804, 37.974592924825977 ], [ -0.683040688953862, 37.974592924721414 ], [ -0.683040688798856, 37.974592924589857 ], [ -0.68304068867997, 37.974592924436514 ], [ -0.683040688601941, 37.974592924267562 ], [ -0.683040688567887, 37.974592924089684 ], [ -0.683037816036489, 37.974547838845922 ], [ -0.683037816046542, 37.974547838672805 ], [ -0.683037816098284, 37.974547838504428 ], [ -0.683037816189798, 37.974547838346993 ], [ -0.683037816317699, 37.974547838206355 ], [ -0.683037816477253, 37.974547838087702 ], [ -0.683037816662558, 37.974547837995438 ], [ -0.683037816866751, 37.974547837932967 ], [ -0.683037817082282, 37.974547837902577 ], [ -0.683092012200699, 37.974544404964327 ], [ -0.683026679695467, 37.97393034051867 ], [ -0.68302667969343, 37.973930340496139 ], [ -0.683024662071034, 37.973903280848099 ], [ -0.683024662081477, 37.973903280662299 ], [ -0.6830246621399, 37.973903280482148 ], [ -0.683024662243811, 37.973903280315334 ], [ -0.683024662388783, 37.973903280168976 ], [ -0.683024662568635, 37.973903280049292 ], [ -0.6830246627757, 37.973903279961405 ], [ -0.683024663001152, 37.973903279909059 ], [ -0.683024663235383, 37.973903279894458 ], [ -0.683035333187535, 37.97390349017023 ], [ -0.683034944998157, 37.97389448228887 ], [ -0.682243661892895, 37.973941954444271 ], [ -0.682192361414828, 37.973945443255488 ], [ -0.682089649913715, 37.973952424038757 ], [ -0.682089649687535, 37.973952424036256 ], [ -0.682089649466443, 37.973952423998426 ], [ -0.682089649259178, 37.973952423926676 ], [ -0.682089649073929, 37.973952423823938 ], [ -0.682089648918011, 37.973952423694207 ], [ -0.682089648797589, 37.973952423542634 ], [ -0.682089648717419, 37.973952423375195 ], [ -0.682089648680668, 37.973952423198519 ], [ -0.682087103990188, 37.973920816042146 ], [ -0.682087103997649, 37.973920815867082 ], [ -0.682087104047767, 37.973920815696481 ], [ -0.682087104138646, 37.973920815536772 ], [ -0.682087104266849, 37.97392081539401 ], [ -0.682087104427531, 37.973920815273587 ], [ -0.682087104614617, 37.973920815180044 ], [ -0.68208710482103, 37.973920815116941 ], [ -0.682087105038971, 37.97392081508665 ], [ -0.684946251165473, 37.973747415722364 ], [ -0.684946251390298, 37.973747415726358 ], [ -0.684946251609738, 37.973747415765281 ], [ -0.684946251815225, 37.9737474158376 ], [ -0.684946251998735, 37.973747415940501 ], [ -0.684946252153102, 37.973747416069955 ], [ -0.684946252272297, 37.97374741622091 ], [ -0.684946252351665, 37.973747416387454 ], [ -0.684946252388108, 37.973747416563121 ], [ -0.684948800576508, 37.973778987698175 ], [ -0.684948800569052, 37.973778987873416 ], [ -0.684948800518848, 37.973778988044202 ], [ -0.684948800427801, 37.973778988204046 ], [ -0.68494880029936, 37.973778988346908 ], [ -0.684948800138391, 37.973778988467359 ], [ -0.684948799950991, 37.973778988560845 ], [ -0.684948799744265, 37.973778988623842 ], [ -0.684948799526041, 37.973778988653919 ], [ -0.683069872569595, 37.973890664859113 ], [ -0.68312612151112, 37.974545077854131 ], [ -0.683178196155068, 37.974541598588246 ], [ -0.6831781963818, 37.974541598591045 ], [ -0.68317819660333, 37.974541598629365 ], [ -0.683178196810864, 37.974541598701705 ], [ -0.683178196996159, 37.974541598805175 ], [ -0.683178197151858, 37.97454159893568 ], [ -0.683178197271781, 37.974541599088035 ], [ -0.683178197351166, 37.974541599256163 ], [ -0.68317819738686, 37.974541599433437 ], [ -0.683181188688677, 37.97458218685523 ], [ -0.683181188680397, 37.974582187028112 ], [ -0.683181188630529, 37.974582187196518 ], [ -0.683181188540912, 37.974582187354301 ], [ -0.683181188414847, 37.974582187495599 ], [ -0.683181188256987, 37.974582187615226 ], [ -0.683181188073151, 37.974582187708769 ], [ -0.68318118787012, 37.974582187772754 ], [ -0.68318118765538, 37.974582187804856 ], [ -0.683132003903669, 37.974585718632859 ], [ -0.683161611176001, 37.974933253238675 ], [ -0.683287847910176, 37.974922234290275 ], [ -0.683282465401621, 37.974868057788996 ], [ -0.683282465405942, 37.974868057612916 ], [ -0.683282465453461, 37.974868057440858 ], [ -0.68328246554236, 37.974868057279416 ], [ -0.683282465669246, 37.974868057134735 ], [ -0.683282465829262, 37.974868057012387 ], [ -0.683282466016299, 37.974868056917003 ], [ -0.683282466223202, 37.974868056852259 ], [ -0.683282466442067, 37.974868056820604 ], [ -0.683387966445627, 37.974861129955229 ], [ -0.683387966670308, 37.9748611299581 ], [ -0.683387966889896, 37.974861129995858 ], [ -0.683387967095829, 37.97486113006704 ], [ -0.683387967280081, 37.974861130168861 ], [ -0.683387967435464, 37.974861130297356 ], [ -0.683387967555923, 37.974861130447522 ], [ -0.68338796763676, 37.974861130613476 ], [ -0.683387967674822, 37.974861130788781 ], [ -0.683393259974894, 37.974919771413205 ], [ -0.683679659902852, 37.974907408486978 ], [ -0.683665971417078, 37.974753963044201 ], [ -0.683665971423523, 37.974753962865982 ], [ -0.683665971474181, 37.974753962692269 ], [ -0.683665971567066, 37.974753962529846 ], [ -0.68366597169854, 37.974753962385101 ], [ -0.683665971863456, 37.974753962263662 ], [ -0.683665972055351, 37.974753962170318 ], [ -0.683665972266708, 37.974753962108743 ], [ -0.683665972489253, 37.974753962081294 ], [ -0.684091287089373, 37.974735290339098 ], [ -0.684091287309976, 37.974735290346395 ], [ -0.684091287524647, 37.974735290387272 ], [ -0.684091287725305, 37.974735290460195 ], [ -0.684091287904398, 37.974735290562414 ], [ -0.684091288055182, 37.974735290690106 ], [ -0.684091288171982, 37.974735290838417 ], [ -0.684091288250404, 37.974735291001799 ], [ -0.684091288287493, 37.974735291174085 ], [ -0.684100288554618, 37.974834608969879 ], [ -0.684100288554616, 37.974834608969879 ], [ -0.684100288549989, 37.974834609137886 ], [ -0.684100288506018, 37.974834609302306 ], [ -0.684100288424232, 37.974834609457396 ], [ -0.684100288307479, 37.97483460959775 ], [ -0.684100288159822, 37.974834609718499 ], [ -0.684100287986399, 37.974834609815453 ], [ -0.684100287793249, 37.974834609885214 ], [ -0.684100287587091, 37.974834609925352 ], [ -0.684067432038464, 37.974838481805463 ], [ -0.684067432038463, 37.974838481805463 ], [ -0.684067431826637, 37.974838481814608 ], [ -0.684067431616349, 37.974838481792467 ], [ -0.684067431414906, 37.974838481739816 ], [ -0.684067431229308, 37.974838481658473 ], [ -0.684067431066006, 37.974838481551281 ], [ -0.684067430930671, 37.974838481421969 ], [ -0.68406743082801, 37.974838481275015 ], [ -0.684067430761587, 37.974838481115547 ], [ -0.684067430733713, 37.974838480949067 ], [ -0.684066991850456, 37.974829447659928 ], [ -0.684062569790948, 37.97476628261137 ], [ -0.683701381049807, 37.974781677702353 ], [ -0.683711624886867, 37.974908038999097 ], [ -0.684075099185392, 37.974888183365586 ], [ -0.684073111945743, 37.974861089176251 ], [ -0.684073111945742, 37.974861089176251 ], [ -0.68407311195309, 37.974861089009352 ], [ -0.684073111999228, 37.974861088846389 ], [ -0.68407311208257, 37.97486108869299 ], [ -0.684073112200254, 37.974861088554384 ], [ -0.684073112348235, 37.974861088435347 ], [ -0.684073112521427, 37.974861088339999 ], [ -0.684073112713878, 37.974861088271588 ], [ -0.684073112918975, 37.974861088232466 ], [ -0.684106660749794, 37.974857248009961 ], [ -0.684106660749795, 37.974857248009961 ], [ -0.684106660982927, 37.974857248002408 ], [ -0.684106661213107, 37.974857248032642 ], [ -0.684106661430657, 37.974857248099411 ], [ -0.684106661626432, 37.974857248199903 ], [ -0.684106661792202, 37.974857248329876 ], [ -0.684106661920998, 37.974857248483886 ], [ -0.684106662007407, 37.974857248655461 ], [ -0.684106662047795, 37.974857248837374 ], [ -0.684111954865225, 37.974915930878964 ], [ -0.684111954859011, 37.974915931056834 ], [ -0.684111954808749, 37.974915931230264 ], [ -0.684111954716398, 37.974915931392495 ], [ -0.684111954585562, 37.974915931537204 ], [ -0.684111954421348, 37.974915931658721 ], [ -0.684111954230161, 37.974915931752314 ], [ -0.684111954019464, 37.974915931814337 ], [ -0.684111953797475, 37.974915931842361 ], [ -0.683165676812562, 37.974960355081159 ], [ -0.683172421638292, 37.975041578278613 ], [ -0.683180258952771, 37.975131862080389 ], [ -0.683619931289311, 37.975108973130844 ], [ -0.683619931512116, 37.975108973136564 ], [ -0.683619931729237, 37.975108973176553 ], [ -0.683619931932344, 37.975108973249284 ], [ -0.683619932113643, 37.975108973351958 ], [ -0.683619932266176, 37.975108973480651 ], [ -0.683619932384091, 37.975108973630405 ], [ -0.683619932462865, 37.975108973795479 ], [ -0.683619932499473, 37.97510897396954 ], [ -0.683632915057467, 37.975262424222677 ], [ -0.683639713124508, 37.975271582348107 ], [ -0.683657375656441, 37.975276436699914 ], [ -0.683699725729252, 37.975286273167171 ], [ -0.683716085305035, 37.975286595479361 ], [ -0.683716085541001, 37.975286595503711 ], [ -0.68371608576541, 37.975286595566374 ], [ -0.683716085968452, 37.975286595664599 ], [ -0.683723771454089, 37.975291252577385 ], [ -0.683738590239118, 37.975296046450033 ], [ -0.683738590297547, 37.975296046470469 ], [ -0.683751213404281, 37.975300800730572 ], [ -0.683751213404283, 37.975300800730572 ], [ -0.683751213563469, 37.975300800803552 ], [ -0.683751213705716, 37.975300800895894 ], [ -0.683793605700942, 37.975333193668064 ], [ -0.684206161134775, 37.975291755077642 ], [ -0.684393971386698, 37.975133273163031 ], [ -0.684462238752899, 37.97502197055573 ], [ -0.684462238752901, 37.97502197055573 ], [ -0.684462238870008, 37.975021970404711 ], [ -0.684462239022198, 37.975021970274746 ], [ -0.684462239203581, 37.975021970170893 ], [ -0.684462239407139, 37.97502197009716 ], [ -0.684462239624996, 37.975021970056382 ], [ -0.68446223984872, 37.975021970050157 ], [ -0.684462240069654, 37.975021970078707 ], [ -0.68446224027925, 37.975021970140958 ], [ -0.684462240469399, 37.975021970234479 ], [ -0.684477565198102, 37.975031278002895 ], [ -0.684506293619976, 37.974977774516425 ], [ -0.684485093725998, 37.974972851678061 ], [ -0.684485093725997, 37.974972851678061 ], [ -0.684485093526311, 37.97497285161495 ], [ -0.68448509334519, 37.974972851523205 ], [ -0.684485093189098, 37.974972851406143 ], [ -0.68448509306361, 37.974972851267921 ], [ -0.684485092973207, 37.974972851113499 ], [ -0.684485092921112, 37.974972850948376 ], [ -0.684485092909188, 37.974972850778421 ], [ -0.68448509293786, 37.974972850609731 ], [ -0.684485093006106, 37.974972850448324 ], [ -0.684565017042433, 37.974830255375714 ], [ -0.684565017042432, 37.974830255375714 ], [ -0.684565017149881, 37.974830255224994 ], [ -0.684565017291757, 37.974830255093323 ], [ -0.684565017462821, 37.974830254985555 ], [ -0.684565017656764, 37.974830254905683 ], [ -0.684565017866424, 37.974830254856634 ], [ -0.684565018084066, 37.974830254840228 ], [ -0.684565018301655, 37.974830254857054 ], [ -0.684565018511162, 37.974830254906522 ], [ -0.684654476596723, 37.974859036583197 ], [ -0.684654476596722, 37.974859036583197 ], [ -0.684654476797906, 37.974859036667368 ], [ -0.684654476973916, 37.974859036781531 ], [ -0.68465447711771, 37.974859036921139 ], [ -0.684654477223542, 37.974859037080613 ], [ -0.684654477287179, 37.974859037253538 ], [ -0.684654477306078, 37.974859037433049 ], [ -0.684654477279483, 37.974859037611942 ], [ -0.684654477208456, 37.974859037783077 ], [ -0.684654477208457, 37.974859037783077 ], [ -0.684574554445782, 37.975001632942885 ], [ -0.68457455444578, 37.975001632942885 ], [ -0.684574554330901, 37.975001633101918 ], [ -0.68457455417775, 37.975001633239266 ], [ -0.684574553992663, 37.975001633349251 ], [ -0.684574553783293, 37.975001633427318 ], [ -0.684574553558303, 37.975001633470242 ], [ -0.684574553326994, 37.975001633476246 ], [ -0.684574553098935, 37.975001633445075 ], [ -0.684574552883557, 37.975001633378049 ], [ -0.684551395206648, 37.974992171087578 ], [ -0.684521226420629, 37.975045646495595 ], [ -0.684551557056796, 37.975055251051188 ], [ -0.684551557056797, 37.975055251051188 ], [ -0.68455155724148, 37.975055251125774 ], [ -0.684551557406004, 37.975055251225648 ], [ -0.684551557544908, 37.975055251347484 ], [ -0.684551557653582, 37.975055251487248 ], [ -0.684551557728419, 37.975055251640299 ], [ -0.684551557766933, 37.975055251801564 ], [ -0.68456906924536, 37.975199765334487 ], [ -0.685135487473882, 37.975422710275339 ], [ -0.685364135961927, 37.975346121053022 ], [ -0.685379397081474, 37.975337379015002 ], [ -0.685407679022802, 37.975297391235927 ], [ -0.685395005001359, 37.975292659068373 ], [ -0.685395004810839, 37.975292658978297 ], [ -0.685395004646024, 37.975292658860674 ], [ -0.685395004513182, 37.975292658719958 ], [ -0.685395004417361, 37.975292658561528 ], [ -0.685395004362208, 37.975292658391375 ], [ -0.68539500434982, 37.975292658215984 ], [ -0.685395004380666, 37.975292658042029 ], [ -0.685395004453574, 37.975292657876118 ], [ -0.685395004565771, 37.975292657724559 ], [ -0.685395004565773, 37.975292657724559 ], [ -0.685403114553159, 37.975283810775721 ], [ -0.685410480482787, 37.975274913149349 ], [ -0.685417196819293, 37.975266038762449 ], [ -0.68542386195771, 37.975257163368902 ], [ -0.685429827400469, 37.975248274240279 ], [ -0.685434421256728, 37.975239380619101 ], [ -0.685434421278488, 37.975239380579687 ], [ -0.685439670563763, 37.97523045931483 ], [ -0.685443492050283, 37.975221510001283 ], [ -0.685446762195879, 37.97520804421972 ], [ -0.685446762216672, 37.975208044149426 ], [ -0.685449889039511, 37.97519910363647 ], [ -0.685451542726471, 37.975190129617694 ], [ -0.685451542727887, 37.97519012961024 ], [ -0.685453293119226, 37.975181157478168 ], [ -0.685454416914544, 37.975167671966474 ], [ -0.685454983647104, 37.97514963389105 ], [ -0.685453867119713, 37.975140605334822 ], [ -0.685452153567296, 37.975127063908026 ], [ -0.685452153567285, 37.975127063728529 ], [ -0.685452153612232, 37.975127063552598 ], [ -0.685452153700353, 37.975127063387205 ], [ -0.685452153828148, 37.975127063238943 ], [ -0.685452153990543, 37.975127063113661 ], [ -0.685452154181092, 37.975127063016366 ], [ -0.685452154392227, 37.975127062950897 ], [ -0.685563908623718, 37.975102243095002 ], [ -0.685563908845451, 37.975102243064065 ], [ -0.685563909070537, 37.975102243068278 ], [ -0.685563909290166, 37.975102243107507 ], [ -0.685563909495743, 37.975102243180196 ], [ -0.685563909679222, 37.975102243283487 ], [ -0.685563909833419, 37.975102243413346 ], [ -0.685563909952299, 37.975102243564706 ], [ -0.685563910031209, 37.975102243731627 ], [ -0.685591232388271, 37.975183872812948 ], [ -0.685591232423902, 37.975183872986086 ], [ -0.685591232416463, 37.975183873161427 ], [ -0.685591232366236, 37.975183873332291 ], [ -0.685591232275127, 37.975183873492213 ], [ -0.68559123214659, 37.975183873635125 ], [ -0.685591231985502, 37.97518387375559 ], [ -0.685591231797968, 37.975183873849069 ], [ -0.685580419280104, 37.975188161989379 ], [ -0.685569465260232, 37.975196952872743 ], [ -0.68556946513319, 37.975196952960587 ], [ -0.685569464991135, 37.975196953032629 ], [ -0.685559397335752, 37.975201260409833 ], [ -0.685559397333346, 37.975201260410849 ], [ -0.685549284499541, 37.975205562308489 ], [ -0.685539774186284, 37.975214381587172 ], [ -0.685539774185271, 37.975214381588124 ], [ -0.685530218795937, 37.975223218132264 ], [ -0.685530218795934, 37.975223218132264 ], [ -0.685530218676361, 37.975223218227455 ], [ -0.685530218540242, 37.975223218307534 ], [ -0.685521544310796, 37.975227566521454 ], [ -0.685514179638269, 37.975236428004258 ], [ -0.685514179608613, 37.975236428038208 ], [ -0.685506069654372, 37.975245274979365 ], [ -0.685499404538916, 37.975254150361792 ], [ -0.685499404536922, 37.975254150364442 ], [ -0.685492688212944, 37.975263024754149 ], [ -0.685486722920329, 37.975271909379614 ], [ -0.68548219662211, 37.975280826857947 ], [ -0.685477652103286, 37.975289780066866 ], [ -0.685477652102261, 37.975289780068877 ], [ -0.685473103615712, 37.975298679084972 ], [ -0.685469952209331, 37.97530764159378 ], [ -0.685467411986455, 37.975321100124283 ], [ -0.685467411933344, 37.975321100292604 ], [ -0.685467411840453, 37.975321100449747 ], [ -0.685467411711228, 37.975321100589881 ], [ -0.685467411550461, 37.975321100707824 ], [ -0.685467411364118, 37.97532110079915 ], [ -0.685467411159109, 37.975321100860526 ], [ -0.68546741094304, 37.975321100889659 ], [ -0.685467410723925, 37.975321100885459 ], [ -0.685467410509892, 37.97532110084807 ], [ -0.68546741030888, 37.975321100778913 ], [ -0.685467410128342, 37.975321100680546 ], [ -0.685453478680627, 37.975311824098689 ], [ -0.685425039859199, 37.975356310038059 ], [ -0.685434123648631, 37.975361007531937 ], [ -0.685434123648632, 37.975361007531937 ], [ -0.685434123813314, 37.975361007635478 ], [ -0.685434123951116, 37.975361007761229 ], [ -0.685434124057334, 37.975361007904908 ], [ -0.685434124128338, 37.975361008061597 ], [ -0.685434124161707, 37.975361008225967 ], [ -0.685434124156297, 37.975361008392369 ], [ -0.685434124112295, 37.975361008555161 ], [ -0.685434124031203, 37.975361008708759 ], [ -0.685425173084344, 37.975374344378004 ], [ -0.685484790948085, 37.975560251041038 ], [ -0.685645628793175, 37.975626495067132 ], [ -0.685645628793173, 37.975626495067132 ], [ -0.685645628974683, 37.975626495160242 ], [ -0.685645629130663, 37.975626495278824 ], [ -0.685645629255482, 37.975626495418652 ], [ -0.685645629344631, 37.97562649557463 ], [ -0.685645629394889, 37.975626495741139 ], [ -0.685645629404443, 37.975626495912174 ], [ -0.685645629372946, 37.975626496081546 ], [ -0.685645629301538, 37.975626496243152 ], [ -0.685622313628877, 37.975666564050144 ], [ -0.685764978707761, 37.975723443863338 ], [ -0.685776170807763, 37.975705651730294 ], [ -0.685776170807762, 37.975705651730294 ], [ -0.685776170930874, 37.975705651576035 ], [ -0.68577617109073, 37.975705651444564 ], [ -0.685776171280771, 37.975705651341315 ], [ -0.685776171493199, 37.975705651270481 ], [ -0.685776171719301, 37.975705651234989 ], [ -0.6857761719498, 37.975705651236289 ], [ -0.68577617217524, 37.975705651274332 ], [ -0.685776172386372, 37.975705651347546 ], [ -0.685828821620217, 37.975729202018172 ], [ -0.685828821620218, 37.975729202018172 ], [ -0.685828821802665, 37.975729202119645 ], [ -0.685828821956614, 37.975729202247337 ], [ -0.685828822076153, 37.975729202396316 ], [ -0.685828822156696, 37.975729202560913 ], [ -0.68582882219515, 37.975729202734762 ], [ -0.685828822190037, 37.975729202911225 ], [ -0.685828822141556, 37.975729203083517 ], [ -0.685828822051567, 37.975729203244995 ], [ -0.685816139626666, 37.975747002155302 ], [ -0.68586307731258, 37.975770458841254 ], [ -0.685901073083739, 37.975784700867834 ], [ -0.68594613230827, 37.975799095431491 ], [ -0.685993517235627, 37.97580907075119 ], [ -0.685993517414579, 37.975809070801859 ], [ -0.68599351758038, 37.9758090708754 ], [ -0.686028509700756, 37.975827790836185 ], [ -0.686042577918867, 37.97583256874605 ], [ -0.686060190610157, 37.975837399317186 ], [ -0.686084935808022, 37.97584239188204 ], [ -0.686134703575665, 37.975843371380748 ], [ -0.686241508414972, 37.975840967809887 ], [ -0.6862415084756, 37.975840967809809 ], [ -0.686289183070307, 37.975841906048835 ], [ -0.686289183261795, 37.975841906065504 ], [ -0.686289183446986, 37.975841906107505 ], [ -0.686337081647247, 37.975856342853923 ], [ -0.68637049517499, 37.975857001310288 ], [ -0.68640464838903, 37.975857673412236 ], [ -0.686506469633821, 37.975855189551197 ], [ -0.686506469697158, 37.975855189551048 ], [ -0.686544866503645, 37.975855945117587 ], [ -0.686544866597635, 37.975855945122532 ], [ -0.686612998128633, 37.975861773319991 ], [ -0.686612998202818, 37.975861773328305 ], [ -0.686688763481552, 37.975872284283959 ], [ -0.686736432310191, 37.975873223129334 ], [ -0.686792588303326, 37.975874328044434 ], [ -0.686838253894786, 37.975870725476163 ], [ -0.686838253896766, 37.975870725476014 ], [ -0.686930944849494, 37.975863542522511 ], [ -0.686993111700248, 37.975855758979478 ], [ -0.687060357355028, 37.975843574254043 ], [ -0.687060357363355, 37.975843574252558 ], [ -0.68712975317931, 37.975831432690931 ], [ -0.687263134046197, 37.975798012036485 ], [ -0.687263134129666, 37.975798012018302 ], [ -0.687328981989461, 37.975785781630741 ], [ -0.687354151200659, 37.975777270160975 ], [ -0.68738887059844, 37.975759903859313 ], [ -0.687441726415238, 37.975729422601482 ], [ -0.687441726415238, 37.975729422601482 ], [ -0.687501897637662, 37.975694548084562 ], [ -0.687501897637659, 37.975694548084562 ], [ -0.68750189773796, 37.975694548032628 ], [ -0.687530053762419, 37.975681589641468 ], [ -0.687530053762422, 37.975681589641468 ], [ -0.687530053909456, 37.975681589584582 ], [ -0.687556662263356, 37.975673110820459 ], [ -0.687556662309989, 37.97567311080654 ], [ -0.687586814675866, 37.975664697237164 ], [ -0.687586814675867, 37.975664697237164 ], [ -0.687586814821038, 37.97566469720504 ], [ -0.687611120509423, 37.975660669696197 ], [ -0.687611120573987, 37.975660669687031 ], [ -0.68767610232271, 37.975652963661695 ], [ -0.687741069425667, 37.975645177124825 ], [ -0.687774810919953, 37.975636838623402 ], [ -0.687774811026021, 37.975636838601567 ], [ -0.687823416527374, 37.975628787891957 ], [ -0.687869223231896, 37.975620682138334 ], [ -0.687934611550303, 37.97559947180774 ], [ -0.687997344807584, 37.975573631542446 ], [ -0.688069445828996, 37.975543510417715 ], [ -0.68806944589501, 37.975543510392264 ], [ -0.688117634332607, 37.975526426833149 ], [ -0.6881922777389, 37.975415282671229 ], [ -0.688192277738898, 37.975415282671229 ], [ -0.688192277853956, 37.975415282532481 ], [ -0.688192277999218, 37.975415282412804 ], [ -0.688192278169751, 37.975415282316234 ], [ -0.688192278359771, 37.975415282246082 ], [ -0.688192278562824, 37.975415282204708 ], [ -0.688192278772019, 37.975415282193531 ], [ -0.688212876277504, 37.975415687212482 ], [ -0.688234360581709, 37.975411590632248 ], [ -0.688257407234882, 37.975403055256713 ], [ -0.688325383357639, 37.975368333808532 ], [ -0.68832538335764, 37.975368333808532 ], [ -0.688325383507439, 37.975368333744044 ], [ -0.688361360225705, 37.975355510900876 ], [ -0.688361360225704, 37.975355510900876 ], [ -0.688361360360638, 37.975355510860716 ], [ -0.68839575548262, 37.975347198524204 ], [ -0.688395755584631, 37.975347198503577 ], [ -0.688445107098677, 37.975339126165231 ], [ -0.688495298290533, 37.975326605299031 ], [ -0.688495298413562, 37.975326605274205 ], [ -0.688521025738096, 37.975322610956205 ], [ -0.688601651366934, 37.975292675168134 ], [ -0.688601651453261, 37.975292675139457 ], [ -0.688644761883583, 37.975279974435011 ], [ -0.688644761944472, 37.975279974418626 ], [ -0.688712893191239, 37.975263305073156 ], [ -0.68871289329426, 37.975263305052081 ], [ -0.688785827864119, 37.975251226652517 ], [ -0.688785827877814, 37.975251226650308 ], [ -0.688811526771822, 37.975247230804207 ], [ -0.688849675477407, 37.975234473080455 ], [ -0.68889571992765, 37.975217328902325 ], [ -0.688895719928939, 37.975217328901842 ], [ -0.688941814374322, 37.97520022175199 ], [ -0.689001096997232, 37.97516986612537 ], [ -0.689001097007618, 37.975169866120112 ], [ -0.689061826761391, 37.975139502828661 ], [ -0.689061826839525, 37.975139502792949 ], [ -0.689092819609083, 37.975126604284753 ], [ -0.689092819609084, 37.975126604284753 ], [ -0.689092819805491, 37.975126604220748 ], [ -0.689110014786447, 37.975122436630642 ], [ -0.689110014786446, 37.975122436630642 ], [ -0.689110014907243, 37.975122436606981 ], [ -0.689136487274301, 37.975118455906077 ], [ -0.689154522250737, 37.975109822767763 ], [ -0.689189941166776, 37.975092451646226 ], [ -0.689224946750935, 37.975066119831958 ], [ -0.689224946750938, 37.975066119831958 ], [ -0.68922494684594, 37.975066119767959 ], [ -0.689261160531564, 37.975044317193067 ], [ -0.689261160612633, 37.975044317148523 ], [ -0.689287216909095, 37.975031285535572 ], [ -0.68930240832909, 37.97502257753824 ], [ -0.68931849170419, 37.975009386029718 ], [ -0.689344919171385, 37.974982885590677 ], [ -0.689387855820085, 37.974929657221601 ], [ -0.689387855919643, 37.974929657116064 ], [ -0.689412049990052, 37.974907582222244 ], [ -0.689412049990053, 37.974907582222244 ], [ -0.689412050182192, 37.974907582082949 ], [ -0.689427241656309, 37.974898874013938 ], [ -0.689455536985193, 37.974881416833277 ], [ -0.689455536985194, 37.974881416833277 ], [ -0.68945553712931, 37.974881416757562 ], [ -0.689475017626496, 37.974872792963495 ], [ -0.689475017766896, 37.974872792910951 ], [ -0.689488668684864, 37.974868560119795 ], [ -0.689488668684866, 37.974868560119795 ], [ -0.689488668914928, 37.974868560069723 ], [ -0.68951868533102, 37.974864645291589 ], [ -0.689518685544271, 37.974864645279879 ], [ -0.689548555077534, 37.974865232277971 ], [ -0.68954855522521, 37.974865232288536 ], [ -0.689591793377322, 37.974870587565796 ], [ -0.689591793402216, 37.974870587569107 ], [ -0.689628609552487, 37.974875812124687 ], [ -0.689628609774778, 37.974875812175149 ], [ -0.689658896620994, 37.974885413961132 ], [ -0.689685081171345, 37.974890429563388 ], [ -0.689685081446163, 37.974890429647054 ], [ -0.689718071350056, 37.974904590129398 ], [ -0.689718071350057, 37.974904590129398 ], [ -0.689718071490336, 37.974904590200595 ], [ -0.689749518446618, 37.974923257298286 ], [ -0.689760189412252, 37.974923467885901 ], [ -0.689760189672817, 37.974923467915154 ], [ -0.689760189917931, 37.974923467990983 ], [ -0.689771413952306, 37.97492818951541 ], [ -0.689791311328139, 37.974928580498236 ], [ -0.689804967714977, 37.974924347848123 ], [ -0.68980496775011, 37.974924347837749 ], [ -0.689835121845127, 37.974915897672261 ], [ -0.68983512189172, 37.974915897660097 ], [ -0.689852316605973, 37.974911730002027 ], [ -0.689882756161318, 37.974894314963358 ], [ -0.689936655963606, 37.974854810407969 ], [ -0.689936655977737, 37.974854810397787 ], [ -0.689961384453321, 37.974837287504961 ], [ -0.689961384702339, 37.974837287370832 ], [ -0.689983009640763, 37.974828705626408 ], [ -0.689983009692059, 37.974828705607315 ], [ -0.690019684658573, 37.974815918562101 ], [ -0.690031338859659, 37.97480714104811 ], [ -0.690050402935224, 37.974789466328829 ], [ -0.690050402935222, 37.974789466328829 ], [ -0.690050403089485, 37.974789466210517 ], [ -0.690050403269082, 37.974789466117251 ], [ -0.690050403467616, 37.974789466052364 ], [ -0.690067603646079, 37.974785298517624 ], [ -0.690075712680664, 37.974776455955038 ], [ -0.690075712708366, 37.974776455926083 ], [ -0.690084521731737, 37.974767622403562 ], [ -0.690105266220865, 37.974741010105241 ], [ -0.690105266266999, 37.974741010050622 ], [ -0.690113376786426, 37.974732126715949 ], [ -0.690113376786424, 37.974732126715949 ], [ -0.690113376903771, 37.974732126606867 ], [ -0.690113377041476, 37.974732126513899 ], [ -0.690128574104645, 37.974723418452562 ], [ -0.690128574104647, 37.974723418452562 ], [ -0.690128574216715, 37.974723418395932 ], [ -0.690148055594562, 37.974714799011352 ], [ -0.690148055610823, 37.97471479900431 ], [ -0.690168281160508, 37.974706189731329 ], [ -0.69016828116051, 37.974706189731329 ], [ -0.690168281403147, 37.974706189654981 ], [ -0.690206914349017, 37.974697942033835 ], [ -0.690219871173721, 37.974693691079409 ], [ -0.690274216473242, 37.974663201790996 ], [ -0.690295231373713, 37.974650107015869 ], [ -0.690331218090067, 37.974614792018954 ], [ -0.690331218150801, 37.974614791964065 ], [ -0.690352382275952, 37.97459715841336 ], [ -0.69035238231732, 37.974597158380632 ], [ -0.690375734173428, 37.974579603848198 ], [ -0.690375734173429, 37.974579603848198 ], [ -0.690375734323647, 37.974579603753014 ], [ -0.690400293114571, 37.974566578510249 ], [ -0.690430027235104, 37.974549149356783 ], [ -0.690430027235107, 37.974549149356783 ], [ -0.690430027485689, 37.974549149245611 ], [ -0.690456642082384, 37.974540629385864 ], [ -0.690456642093207, 37.974540629382446 ], [ -0.690483904024273, 37.974532158277356 ], [ -0.690483904024271, 37.974532158277356 ], [ -0.690483904242382, 37.974532158228769 ], [ -0.690483904468333, 37.974532158215347 ], [ -0.690518085337935, 37.974532829656638 ], [ -0.690528129380855, 37.974528526050385 ], [ -0.6905419211981, 37.974519790421006 ], [ -0.690563135259265, 37.974502193901337 ], [ -0.690563135263538, 37.97450219389782 ], [ -0.690579212633784, 37.97448900207749 ], [ -0.690629653309875, 37.974422373332509 ], [ -0.690629653375609, 37.974422373255074 ], [ -0.690684099599407, 37.974364906309596 ], [ -0.690684099637411, 37.974364906271653 ], [ -0.690721481015175, 37.974329577912712 ], [ -0.690721481063673, 37.974329577869739 ], [ -0.690785059220926, 37.974276755265393 ], [ -0.690785059220927, 37.974276755265393 ], [ -0.690785059354695, 37.974276755170514 ], [ -0.690785059505654, 37.974276755093484 ], [ -0.690795172255751, 37.974272448147801 ], [ -0.690795172255749, 37.974272448147794 ], [ -0.690795172436098, 37.974272448086218 ], [ -0.690795172627135, 37.974272448050108 ], [ -0.69079517282317, 37.974272448040537 ], [ -0.690829985198656, 37.974273131793097 ], [ -0.690867122842145, 37.974269360153002 ], [ -0.69089215015564, 37.974265350641893 ], [ -0.690892150174678, 37.974265350638966 ], [ -0.690919316400615, 37.974261378630089 ], [ -0.690952311926329, 37.974253020041324 ], [ -0.690952312036427, 37.974253020018175 ], [ -0.69100021661018, 37.974244954221724 ], [ -0.691030368931267, 37.974236504670721 ], [ -0.691054978585949, 37.974223480343809 ], [ -0.691062878412732, 37.974219134425468 ], [ -0.691062878412729, 37.974219134425468 ], [ -0.691062878622554, 37.974219134334312 ], [ -0.691062878851826, 37.974219134279906 ], [ -0.691062879090403, 37.974219134264651 ], [ -0.6910743179744, 37.974219358911618 ], [ -0.691084384794393, 37.974215051217641 ], [ -0.691096037523944, 37.974206273653309 ], [ -0.691104429742884, 37.974188429885388 ], [ -0.691104429804342, 37.974188429777122 ], [ -0.691110394522585, 37.97417954027464 ], [ -0.691110394637641, 37.9741795401358 ], [ -0.691110394782936, 37.974179540016031 ], [ -0.691110394953536, 37.974179539919398 ], [ -0.691119814828213, 37.974175183293632 ], [ -0.691119814846928, 37.974175183285148 ], [ -0.691158774792905, 37.97415793968861 ], [ -0.691174106922677, 37.974144728676045 ], [ -0.691174106924743, 37.974144728674268 ], [ -0.691184359892924, 37.974135941536794 ], [ -0.691192706015681, 37.974118078806839 ], [ -0.691192706016319, 37.974118078805475 ], [ -0.691201104096539, 37.974100193593955 ], [ -0.691205535111293, 37.974073260787272 ], [ -0.691205535126137, 37.974073260718178 ], [ -0.691207916195684, 37.974064300835671 ], [ -0.691207916195682, 37.974064300835671 ], [ -0.691207916247302, 37.974064300697442 ], [ -0.691207916326107, 37.974064300567498 ], [ -0.69122428240481, 37.974042071665323 ], [ -0.691232115504252, 37.974019693228158 ], [ -0.691232115569005, 37.974019693088941 ], [ -0.691237334526698, 37.974010806956855 ], [ -0.691237334526696, 37.974010806956855 ], [ -0.691237334612945, 37.974010806835516 ], [ -0.691237334721781, 37.974010806726156 ], [ -0.691247565063162, 37.974002019004125 ], [ -0.691247565102405, 37.974002018972051 ], [ -0.691292803112188, 37.973966831191397 ], [ -0.691309580001534, 37.973953648522006 ], [ -0.691318535361436, 37.973940316835169 ], [ -0.69134282497717, 37.973891223581184 ], [ -0.691351498102424, 37.973864378525242 ], [ -0.691351498134324, 37.973864378443054 ], [ -0.691357610716527, 37.973850950212153 ], [ -0.691357610716528, 37.973850950212153 ], [ -0.691357610810661, 37.973850950054924 ], [ -0.691364320634217, 37.973842075169543 ], [ -0.691364320642016, 37.973842075159382 ], [ -0.691374669153243, 37.973828788677885 ], [ -0.691374669253995, 37.973828788568007 ], [ -0.691374669374462, 37.97382878847138 ], [ -0.691400120847454, 37.97381123891099 ], [ -0.691400120847452, 37.97381123891099 ], [ -0.691400120950303, 37.97381123884788 ], [ -0.691416057570556, 37.973802567670873 ], [ -0.691431300914561, 37.973793824306227 ], [ -0.691431301085797, 37.973793824225119 ], [ -0.691475949333338, 37.973776687633475 ], [ -0.691475949622742, 37.973776687558271 ], [ -0.691503070183878, 37.973772714506815 ], [ -0.691570358797473, 37.97376052800707 ], [ -0.691625537040373, 37.973748103699364 ], [ -0.691757608913394, 37.973710133980454 ], [ -0.691790744947795, 37.973697276888743 ], [ -0.691811811194416, 37.973684160322151 ], [ -0.691823465674857, 37.973675364525569 ], [ -0.691852058805799, 37.973648910562943 ], [ -0.691872920489362, 37.973617799212093 ], [ -0.69187292048936, 37.973617799212093 ], [ -0.691872920572185, 37.97361779910679 ], [ -0.691881030753954, 37.973608915637648 ], [ -0.691881030753953, 37.973608915637648 ], [ -0.691881030831966, 37.973608915561329 ], [ -0.691921255392403, 37.973573678665907 ], [ -0.691921255392405, 37.973573678665907 ], [ -0.691921255610675, 37.973573678517617 ], [ -0.691937891211311, 37.973565002963063 ], [ -0.691962501313406, 37.97355195585299 ], [ -0.691962501313407, 37.97355195585299 ], [ -0.691962501426142, 37.973551955800396 ], [ -0.691994193264622, 37.973539052209617 ], [ -0.691994193474776, 37.973539052143998 ], [ -0.692068010712113, 37.973522487961631 ], [ -0.692078122885716, 37.973518185512773 ], [ -0.692089075850061, 37.973509394027118 ], [ -0.692097139222721, 37.973500545820819 ], [ -0.692114623058731, 37.973464826518082 ], [ -0.692114623104553, 37.973464826436675 ], [ -0.692128843248174, 37.973442591219353 ], [ -0.692128843339308, 37.973442591100579 ], [ -0.692128843452433, 37.973442590994324 ], [ -0.69215075081248, 37.973424971715296 ], [ -0.692165382917444, 37.973411751243439 ], [ -0.692165383147265, 37.973411751084861 ], [ -0.692182024516206, 37.9734030711004 ], [ -0.692198660192889, 37.973394391001868 ], [ -0.692198660192886, 37.973394391001868 ], [ -0.69219866045763, 37.973394390899834 ], [ -0.692214461038313, 37.973390200003116 ], [ -0.692236085229855, 37.973381617848496 ], [ -0.692236085229856, 37.973381617848496 ], [ -0.692236085513861, 37.973381617770904 ], [ -0.692261084062649, 37.973377607390809 ], [ -0.692261084079049, 37.973377607388279 ], [ -0.692314699035498, 37.973369653118318 ], [ -0.692314699273338, 37.973369653103191 ], [ -0.692386507506449, 37.973371062542853 ], [ -0.692402303219551, 37.973366831099973 ], [ -0.692411111627201, 37.973357997555375 ], [ -0.692419926858125, 37.973349168505763 ], [ -0.692440111322666, 37.973318043746971 ], [ -0.692440111468521, 37.97331804357443 ], [ -0.692449596975548, 37.97330922310254 ], [ -0.692449596975549, 37.97330922310254 ], [ -0.692449597116308, 37.973309222992626 ], [ -0.692523025373095, 37.973261093808986 ], [ -0.692523025373093, 37.973261093808986 ], [ -0.692523025509043, 37.97326109373244 ], [ -0.692559096468536, 37.973243788379165 ], [ -0.692559096496799, 37.973243788366048 ], [ -0.692587990054844, 37.973230811669929 ], [ -0.692587990054842, 37.973230811669929 ], [ -0.692587990290411, 37.973230811590362 ], [ -0.692623129717385, 37.973222494579396 ], [ -0.692623129747028, 37.973222494572731 ], [ -0.692661761743823, 37.973214246093406 ], [ -0.692661761743821, 37.973214246093406 ], [ -0.692661761860287, 37.973214246073653 ], [ -0.692692516608802, 37.973210348598883 ], [ -0.692710551300236, 37.973201695976705 ], [ -0.692710551380078, 37.973201695941775 ], [ -0.692732175337682, 37.973193114630661 ], [ -0.692743128181632, 37.973184323075557 ], [ -0.692751937761701, 37.973175453373948 ], [ -0.692769842279257, 37.973148788479456 ], [ -0.692769842279259, 37.973148788479456 ], [ -0.692769842340498, 37.973148788398738 ], [ -0.692803820487294, 37.97310888698906 ], [ -0.692803820537862, 37.973108886934256 ], [ -0.692821443158065, 37.973091223973555 ], [ -0.692821443158067, 37.973091223973555 ], [ -0.692821443253739, 37.973091223889163 ], [ -0.692844043204558, 37.973073654093241 ], [ -0.692844043217582, 37.973073654083279 ], [ -0.692861524952205, 37.973060489421307 ], [ -0.692861525032423, 37.973060489366318 ], [ -0.692882591611364, 37.973047354497801 ], [ -0.692882591857109, 37.973047354380967 ], [ -0.692907054195367, 37.973038832281702 ], [ -0.692927934226955, 37.973030235378403 ], [ -0.692927934232618, 37.973030235376072 ], [ -0.692959670740678, 37.973017346813101 ], [ -0.692959670740678, 37.973017346813101 ], [ -0.692959671000287, 37.973017346737585 ], [ -0.693025473998719, 37.973005130258677 ], [ -0.693035585986562, 37.973000827749139 ], [ -0.693045095044222, 37.972991971852622 ], [ -0.693060059913072, 37.972969751215935 ], [ -0.693060059967372, 37.972969751143651 ], [ -0.693100707444866, 37.972920978367448 ], [ -0.693100707523978, 37.972920978283561 ], [ -0.693124147857529, 37.972898923851183 ], [ -0.693124147864035, 37.972898923845115 ], [ -0.693143214740126, 37.972881302688663 ], [ -0.693143214740124, 37.972881302688663 ], [ -0.693143214881016, 37.97288130257926 ], [ -0.693196948498007, 37.972846276223805 ], [ -0.69319694858566, 37.972846276172056 ], [ -0.69322952535019, 37.972828906554739 ], [ -0.693229525350192, 37.972828906554739 ], [ -0.693229525549696, 37.972828906469886 ], [ -0.69325539407761, 37.972820407368097 ], [ -0.693255394112535, 37.972820407357148 ], [ -0.693312106466442, 37.9728034887764 ], [ -0.693326649027535, 37.972794749521952 ], [ -0.693346269169789, 37.972781626881783 ], [ -0.693354473319942, 37.972768275791942 ], [ -0.693354473325413, 37.972768275783167 ], [ -0.693365707879392, 37.972750487408419 ], [ -0.69336570787939, 37.972750487408419 ], [ -0.693365707974909, 37.972750487283626 ], [ -0.693373817880977, 37.972741603701351 ], [ -0.69337381789802, 37.972741603683168 ], [ -0.693412088849573, 37.972701826859236 ], [ -0.693412088898923, 37.972701826811431 ], [ -0.693426720656907, 37.972688606149418 ], [ -0.693426720903426, 37.972688605982277 ], [ -0.693444057023885, 37.972679903414701 ], [ -0.693474489320521, 37.972662487167341 ], [ -0.693474489384535, 37.972662487133249 ], [ -0.693544585777819, 37.972627840198633 ], [ -0.693561222369969, 37.972619119381918 ], [ -0.693569167827942, 37.972614756232112 ], [ -0.693578697886241, 37.972605954717082 ], [ -0.693588347781289, 37.972592636437007 ], [ -0.693610400185566, 37.972547999906453 ], [ -0.693614507313765, 37.972530071818049 ], [ -0.693618621598174, 37.97248958886906 ], [ -0.693618621627253, 37.972489588726759 ], [ -0.693624168058734, 37.972471683335186 ], [ -0.693624168108833, 37.972471683212319 ], [ -0.69363554350809, 37.972449391996228 ], [ -0.693635543571586, 37.972449391891736 ], [ -0.69364817739201, 37.97243162649913 ], [ -0.69366426648277, 37.972395884057072 ], [ -0.693664266482771, 37.972395884057072 ], [ -0.693664266549772, 37.972395883936798 ], [ -0.693682165012223, 37.972369215098581 ], [ -0.693682165012224, 37.972369215098581 ], [ -0.693682165114225, 37.972369214972964 ], [ -0.693707891617717, 37.972342663643019 ], [ -0.693707891719771, 37.972342663551309 ], [ -0.693724672917285, 37.972329503035787 ], [ -0.693724672932871, 37.972329503023794 ], [ -0.693736325915248, 37.972320706937879 ], [ -0.693736326113645, 37.972320706818053 ], [ -0.693736326340266, 37.972320706735346 ], [ -0.693752120346472, 37.972316533523696 ], [ -0.693783113870649, 37.972303575295626 ], [ -0.693799196402083, 37.97229036512632 ], [ -0.693799196515162, 37.972290365045126 ], [ -0.693834006493907, 37.972268551522056 ], [ -0.693858756052219, 37.972251023705567 ], [ -0.69385875606226, 37.972251023698547 ], [ -0.693903126703588, 37.972220337064641 ], [ -0.693912075654368, 37.972207005094702 ], [ -0.693917482127291, 37.972193603502582 ], [ -0.693931380090544, 37.972157813555164 ], [ -0.693934228775556, 37.972135355219791 ], [ -0.693931350853025, 37.972090229574214 ], [ -0.693921260059774, 37.972004421205604 ], [ -0.693921260056454, 37.972004421169537 ], [ -0.693914949250225, 37.971909679372772 ], [ -0.693914949253273, 37.971909679244177 ], [ -0.693915976135095, 37.971900692737492 ], [ -0.693915976171502, 37.97190069257892 ], [ -0.693930013766591, 37.971860440279279 ], [ -0.693940555385771, 37.971820083457509 ], [ -0.693940373563731, 37.971802071256967 ], [ -0.69393129873171, 37.97175232298882 ], [ -0.693925577826809, 37.971729655913997 ], [ -0.693917755635607, 37.971706987277436 ], [ -0.693909815247515, 37.971688822814251 ], [ -0.693893580190964, 37.971661448458413 ], [ -0.693841088116371, 37.97158833417015 ], [ -0.693778060562626, 37.971510506753205 ], [ -0.693767648696354, 37.971501300525382 ], [ -0.693729140726366, 37.97148253193707 ], [ -0.693729140649611, 37.971482531896164 ], [ -0.693696994126108, 37.971463851971471 ], [ -0.693696994066683, 37.971463851934473 ], [ -0.693683066938111, 37.97145457209011 ], [ -0.693683066938109, 37.97145457209011 ], [ -0.693683066737226, 37.971454571915899 ], [ -0.693650804534664, 37.971417916098986 ], [ -0.693585746199165, 37.971358062896847 ], [ -0.69358574617193, 37.971358062870813 ], [ -0.693553327244555, 37.971325869844087 ], [ -0.69355332720546, 37.971325869802897 ], [ -0.693434446613909, 37.97119287504956 ], [ -0.69340738185401, 37.971169829765103 ], [ -0.693367876912567, 37.971137496776514 ], [ -0.693367876912569, 37.971137496776514 ], [ -0.693367876736486, 37.971137496588725 ], [ -0.693345376969351, 37.971105534280909 ], [ -0.69332590284631, 37.971091644594622 ], [ -0.693325902846311, 37.971091644594622 ], [ -0.693325902715977, 37.971091644484673 ], [ -0.69332590261063, 37.971091644359063 ], [ -0.693325902533224, 37.97109164422131 ], [ -0.693313911113667, 37.971064353053968 ], [ -0.693279793484671, 37.971018655027471 ], [ -0.69327979348467, 37.971018655027471 ], [ -0.693279793394168, 37.971018654875444 ], [ -0.693279793340918, 37.971018654712744 ], [ -0.693274252180412, 37.970991490008011 ], [ -0.693274252167889, 37.970991489918198 ], [ -0.693273230036267, 37.97097796216088 ], [ -0.69327158355754, 37.970964417012588 ], [ -0.693257723689378, 37.970950637586739 ], [ -0.693242539426068, 37.970936795924928 ], [ -0.693242539426066, 37.970936795924928 ], [ -0.693242539316243, 37.970936795806566 ], [ -0.693242539232178, 37.97093679567562 ], [ -0.693237832609091, 37.970927696684043 ], [ -0.693237832601685, 37.970927696669357 ], [ -0.693231128166594, 37.970914057538415 ], [ -0.69320769260426, 37.970891083470832 ], [ -0.693207692479829, 37.970891083320247 ], [ -0.693207692395687, 37.970891083153084 ], [ -0.693204393136526, 37.970881971222603 ], [ -0.693204393119447, 37.970881971169355 ], [ -0.693200594723671, 37.970868407159081 ], [ -0.693171550027432, 37.970840803996353 ], [ -0.693171550027436, 37.970840803996353 ], [ -0.693171549911558, 37.970840803863659 ], [ -0.693171549827434, 37.970840803716733 ], [ -0.693167542849523, 37.970831718449709 ], [ -0.693167542826078, 37.97083171838996 ], [ -0.693159721510822, 37.97080903266685 ], [ -0.693145378577444, 37.970790719139629 ], [ -0.693145378478911, 37.970790718980858 ], [ -0.693145378421474, 37.970790718809901 ], [ -0.693141653267735, 37.97077263242312 ], [ -0.693141653267734, 37.97077263242312 ], [ -0.693141653257255, 37.970772632199449 ], [ -0.693144644224567, 37.970745634978314 ], [ -0.693141805055857, 37.970723064987276 ], [ -0.693141805053806, 37.970723064826913 ], [ -0.693141805087707, 37.970723064668796 ], [ -0.693141805156485, 37.970723064517955 ], [ -0.693141805257961, 37.970723064379158 ], [ -0.693153621068857, 37.970709788492343 ], [ -0.693153621068858, 37.970709788492343 ], [ -0.693153621208615, 37.970709788363187 ], [ -0.693153621376543, 37.970709788257132 ], [ -0.693153621566659, 37.970709788177935 ], [ -0.693153621772188, 37.970709788128445 ], [ -0.693153621985803, 37.970709788110412 ], [ -0.693153622199891, 37.970709788124495 ], [ -0.693153622406827, 37.970709788170169 ], [ -0.69315362259923, 37.970709788245806 ], [ -0.693153622770245, 37.970709788348728 ], [ -0.694921202071115, 37.97199915666252 ], [ -0.694923706233534, 37.972000980955684 ], [ -0.694923706391165, 37.972000981097409 ], [ -0.694923706508007, 37.972000981262042 ], [ -0.694923706578929, 37.972000981442335 ], [ -0.694923706600812, 37.972000981630366 ], [ -0.694923706572699, 37.972000981817885 ], [ -0.69492370649582, 37.972000981996644 ], [ -0.694923706373555, 37.972000982158789 ], [ -0.694843625092709, 37.972085568637347 ], [ -0.694665275981842, 37.972273949839945 ], [ -0.694665275977885, 37.972273949844109 ], [ -0.694332953818279, 37.972620769570305 ], [ -0.694099125479521, 37.972867874282727 ], [ -0.694099125477376, 37.972867874284994 ], [ -0.693942898272021, 37.973031895809861 ], [ -0.693414203772056, 37.973586947397827 ], [ -0.692729271260838, 37.974306110676253 ], [ -0.692729271258812, 37.97430611067837 ], [ -0.692402448909607, 37.974647161778833 ], [ -0.692285457216976, 37.974769277863878 ], [ -0.692096384022643, 37.974966627686499 ], [ -0.692043976230037, 37.975021329235133 ], [ -0.692043976230036, 37.975021329235133 ] ] ] ] } },
{ "type": "Feature", "properties": { "fid": 2, "INE_MUN": "03133", "DISTRITO": 3 }, "geometry": { "type": "MultiPolygon", "coordinates": [ [ [ [ -0.674823729459346, 37.974800073825179 ], [ -0.674840640554536, 37.974804914676433 ], [ -0.674852056440487, 37.974805140449789 ], [ -0.674861424681177, 37.974800820299642 ], [ -0.674861424681178, 37.974800820299642 ], [ -0.674861424947215, 37.974800820210561 ], [ -0.674880070728355, 37.974796687958083 ], [ -0.674903232850862, 37.974783633948469 ], [ -0.674903232850859, 37.974783633948469 ], [ -0.674903233030364, 37.974783633865719 ], [ -0.674903233225879, 37.974783633810169 ], [ -0.674923272793604, 37.97477952997005 ], [ -0.674923272793606, 37.97477952997005 ], [ -0.674923273013281, 37.974779529942829 ], [ -0.674923273235454, 37.974779529949934 ], [ -0.67492327345164, 37.97477952999111 ], [ -0.674940934679429, 37.974784380321083 ], [ -0.674940934845696, 37.974784380378878 ], [ -0.67494093499823, 37.974784380456882 ], [ -0.674948619873865, 37.974789037939672 ], [ -0.674961242312854, 37.974793788579653 ], [ -0.674961242384425, 37.974793788609112 ], [ -0.674971771253713, 37.974798502283392 ], [ -0.674987430676373, 37.9747988119639 ], [ -0.675008914953836, 37.974794732228062 ], [ -0.675020427700565, 37.974790458886773 ], [ -0.675020427935639, 37.974790458823222 ], [ -0.675020428182533, 37.974790458801571 ], [ -0.675020428429486, 37.974790458822817 ], [ -0.675049409359482, 37.97479553299037 ], [ -0.675049409521136, 37.974795533028818 ], [ -0.67504940967383, 37.974795533085768 ], [ -0.675080996913514, 37.974809670702321 ], [ -0.675100894086746, 37.974810064169674 ], [ -0.675118834674133, 37.974805913424987 ], [ -0.67511883474517, 37.974805913410492 ], [ -0.675141718481604, 37.974801864874713 ], [ -0.675141718481603, 37.974801864874713 ], [ -0.675141718758325, 37.974801864853333 ], [ -0.675157372900158, 37.97480217530785 ], [ -0.675157373160648, 37.974802175337103 ], [ -0.675157373405691, 37.974802175412925 ], [ -0.675168601201137, 37.974806898490996 ], [ -0.675168601227122, 37.974806898502266 ], [ -0.675189659636354, 37.974816321532643 ], [ -0.675189659636352, 37.974816321532643 ], [ -0.675189659810201, 37.97481632162836 ], [ -0.675224454816399, 37.97483956084141 ], [ -0.675246211581345, 37.974848997595082 ], [ -0.675263867899105, 37.97485385221966 ], [ -0.67530226936056, 37.974854612448638 ], [ -0.675327149955653, 37.974855104416143 ], [ -0.675327150183815, 37.974855104439065 ], [ -0.675327150401496, 37.97485510449782 ], [ -0.67532715059981, 37.974855104590034 ], [ -0.675343220552337, 37.974864424450622 ], [ -0.675343220612299, 37.974864424487897 ], [ -0.675364135658566, 37.974878350097704 ], [ -0.675384590781035, 37.974883256456309 ], [ -0.675384590813577, 37.974883256464537 ], [ -0.675421307953474, 37.974893025094531 ], [ -0.675452433207286, 37.974898146958473 ], [ -0.675452433207285, 37.974898146958473 ], [ -0.675452433390569, 37.974898147001632 ], [ -0.675467945646527, 37.9749029547636 ], [ -0.675467945838848, 37.974902954840552 ], [ -0.675467946009392, 37.974902954944824 ], [ -0.675480432198616, 37.974912208418857 ], [ -0.675501348720548, 37.974926129628756 ], [ -0.675501348729259, 37.974926129634611 ], [ -0.675535489820085, 37.974949319840043 ], [ -0.67553548992877, 37.974949319924498 ], [ -0.675556263259594, 37.974967779893326 ], [ -0.675568049652968, 37.974977019401862 ], [ -0.675582116676087, 37.974981799348448 ], [ -0.67562480015054, 37.974982643230788 ], [ -0.675655652666718, 37.974974252063291 ], [ -0.675677978723957, 37.974965686883309 ], [ -0.675713405712631, 37.974948338020802 ], [ -0.675713405807856, 37.974948337979015 ], [ -0.675757307170101, 37.974931193585306 ], [ -0.675773950517859, 37.974922516098282 ], [ -0.675788585517776, 37.97490929800064 ], [ -0.675791713565297, 37.974900353457031 ], [ -0.675795030245835, 37.974886875343259 ], [ -0.675795030323031, 37.97488687514943 ], [ -0.675802538290959, 37.974873511397547 ], [ -0.675802538290961, 37.974873511397547 ], [ -0.675802538411502, 37.974873511232595 ], [ -0.675802538573179, 37.974873511091417 ], [ -0.67581493847911, 37.974864754113689 ], [ -0.675814938479111, 37.974864754113689 ], [ -0.675814938620745, 37.974864754028417 ], [ -0.675814938777441, 37.974864753961675 ], [ -0.675827151289685, 37.974860489868576 ], [ -0.675842344165955, 37.974851783666793 ], [ -0.675856143408271, 37.974843050801482 ], [ -0.675871524708406, 37.974829811365453 ], [ -0.675874652674116, 37.974820867013442 ], [ -0.675872092602985, 37.974811810165257 ], [ -0.675864550731973, 37.974802654592196 ], [ -0.675864550731971, 37.974802654592196 ], [ -0.675864550649547, 37.974802654473478 ], [ -0.675864550590541, 37.974802654346327 ], [ -0.675861296328982, 37.974793587002615 ], [ -0.675861296328981, 37.974793587002615 ], [ -0.675861296287856, 37.974793586812353 ], [ -0.675861296298886, 37.974793586619505 ], [ -0.675861296361565, 37.974793586432959 ], [ -0.675861296473013, 37.974793586261249 ], [ -0.675868662363549, 37.974784725257031 ], [ -0.67586866236355, 37.974784725257031 ], [ -0.675868662554674, 37.974784725081385 ], [ -0.675893412489055, 37.974767165988318 ], [ -0.67590436743343, 37.974758376135938 ], [ -0.675908337027656, 37.974744947218184 ], [ -0.675910065793527, 37.97473597489045 ], [ -0.67590933080739, 37.974713446152485 ], [ -0.675909330818962, 37.974713445999015 ], [ -0.675909330863337, 37.974713445849311 ], [ -0.675909330939218, 37.974713445707799 ], [ -0.675915298634122, 37.974704521016264 ], [ -0.675915298634124, 37.974704521016264 ], [ -0.675915298733006, 37.974704520893525 ], [ -0.675915298855571, 37.974704520785004 ], [ -0.675926953696107, 37.974695744560698 ], [ -0.675926953838216, 37.974695744469734 ], [ -0.675926953996892, 37.974695744397927 ], [ -0.675938466926252, 37.974691466422691 ], [ -0.675938466926254, 37.974691466422691 ], [ -0.675938467121997, 37.974691466366608 ], [ -0.675938467327374, 37.974691466339699 ], [ -0.675938467535508, 37.974691466342833 ], [ -0.675938467739438, 37.974691466375923 ], [ -0.675958968036208, 37.974696377085657 ], [ -0.675969780471821, 37.974692085607437 ], [ -0.675975194176262, 37.974678703502256 ], [ -0.675973618185833, 37.97466064126516 ], [ -0.675973618201319, 37.974660641042654 ], [ -0.675977725213906, 37.974642677455471 ], [ -0.675977725277813, 37.974642677279931 ], [ -0.67597772538514, 37.974642677118233 ], [ -0.675985143578178, 37.974633817140024 ], [ -0.675985143776422, 37.974633816960399 ], [ -0.676004067834177, 37.974620679899559 ], [ -0.67601614840095, 37.974598404598268 ], [ -0.676016148400948, 37.974598404598268 ], [ -0.676016148502443, 37.974598404450802 ], [ -0.676016148636749, 37.974598404320808 ], [ -0.676027103585952, 37.974589618808075 ], [ -0.676035170319773, 37.974580731154333 ], [ -0.676035170493252, 37.974580731002945 ], [ -0.676035170705379, 37.974580730886409 ], [ -0.676045284153016, 37.974576429742356 ], [ -0.676045284359269, 37.974576429674357 ], [ -0.676045284578333, 37.974576429639555 ], [ -0.676045284801765, 37.97457642963932 ], [ -0.676045285020949, 37.974576429673625 ], [ -0.676065785503984, 37.974581335877552 ], [ -0.676080140669911, 37.974577118761935 ], [ -0.67609109563556, 37.974568328832369 ], [ -0.676091095809718, 37.974568328718007 ], [ -0.676091096009021, 37.974568328633161 ], [ -0.676104002366075, 37.974564083591062 ], [ -0.676104002594051, 37.974564083537381 ], [ -0.676104002831143, 37.974564083522381 ], [ -0.676133172301159, 37.974564660093307 ], [ -0.676133172442008, 37.974564660103042 ], [ -0.676178513892508, 37.974570058268931 ], [ -0.676191329047943, 37.974570311569224 ], [ -0.676209552895593, 37.974557164530786 ], [ -0.67621268083969, 37.974548220075391 ], [ -0.676215768913135, 37.974516724247131 ], [ -0.676215768971395, 37.974516724024319 ], [ -0.676219642193087, 37.974507793962736 ], [ -0.676219642193086, 37.974507793962736 ], [ -0.676219642246221, 37.974507793860965 ], [ -0.676227849611353, 37.974494448409082 ], [ -0.676227849755307, 37.974494448231468 ], [ -0.676227849947508, 37.974494448085238 ], [ -0.676242394358309, 37.974485728941644 ], [ -0.676242394358311, 37.974485728941644 ], [ -0.67624239462336, 37.974485728823161 ], [ -0.676282615193715, 37.974473016230071 ], [ -0.676289280986173, 37.974464142706829 ], [ -0.676290311159718, 37.974455120750527 ], [ -0.676285197614545, 37.974437005682823 ], [ -0.676285197614546, 37.974437005682823 ], [ -0.676285197589174, 37.974437005540004 ], [ -0.676284178569892, 37.97442347772575 ], [ -0.676284178597721, 37.974423477467163 ], [ -0.676288142497036, 37.974410048139248 ], [ -0.676288142601564, 37.974410047919569 ], [ -0.676297146441419, 37.974396713698944 ], [ -0.676297146441421, 37.974396713698944 ], [ -0.676297146547428, 37.97439671356986 ], [ -0.676297146679653, 37.974396713456947 ], [ -0.676297146834233, 37.974396713363518 ], [ -0.67630581655966, 37.974392347617155 ], [ -0.676305816559662, 37.974392347617155 ], [ -0.676305816774118, 37.974392347532806 ], [ -0.676320168049069, 37.974388126518967 ], [ -0.676320168049067, 37.974388126518967 ], [ -0.676320168258065, 37.974388126474857 ], [ -0.676320168473833, 37.974388126462841 ], [ -0.676357124889722, 37.974388856882115 ], [ -0.676371474467997, 37.974384639571561 ], [ -0.67638243050386, 37.974375849638371 ], [ -0.676398515978845, 37.974362660824795 ], [ -0.676419123137857, 37.974340553856337 ], [ -0.676419123137856, 37.974340553856337 ], [ -0.676419123215414, 37.974340553781843 ], [ -0.676429379763444, 37.974331713825826 ], [ -0.676429379872466, 37.974331713743545 ], [ -0.676488950525896, 37.974292363552429 ], [ -0.676556775150218, 37.974239629127851 ], [ -0.676556775202408, 37.974239629089723 ], [ -0.67661425355653, 37.974200202334103 ], [ -0.676642687630661, 37.974178249986942 ], [ -0.676668283278526, 37.974156241523204 ], [ -0.676688749609168, 37.974138596693798 ], [ -0.676703384552004, 37.974125378231463 ], [ -0.676703384735239, 37.974125378098563 ], [ -0.676703384950551, 37.974125378000295 ], [ -0.67671564273721, 37.974121120072716 ], [ -0.676715642780874, 37.974121120058399 ], [ -0.676729299476126, 37.974116902388893 ], [ -0.676729299476128, 37.974116902388893 ], [ -0.676729299693282, 37.974116902340825 ], [ -0.676729299918148, 37.974116902327573 ], [ -0.676756279250876, 37.974117435462261 ], [ -0.676756279436684, 37.974117435478085 ], [ -0.676790294738493, 37.974122596081699 ], [ -0.676790294812192, 37.974122596094901 ], [ -0.67681433368056, 37.974127572167944 ], [ -0.676814333742693, 37.974127572182304 ], [ -0.676833395244424, 37.974132449860328 ], [ -0.676844759906645, 37.974132674426478 ], [ -0.676855572615699, 37.97412838714741 ], [ -0.676864940616864, 37.974124071287065 ], [ -0.676875195801448, 37.974115268311408 ], [ -0.676875195983164, 37.974115268185379 ], [ -0.676875196194397, 37.974115268092547 ], [ -0.676875196425626, 37.974115268037117 ], [ -0.67687519666643, 37.974115268021542 ], [ -0.676901482035733, 37.974115787410348 ], [ -0.676901482225373, 37.974115787426761 ], [ -0.676901482408888, 37.974115787468008 ], [ -0.676917693512783, 37.974120626818895 ], [ -0.676929807393518, 37.974120866180868 ], [ -0.676935028813191, 37.974111945358644 ], [ -0.676939186725303, 37.974094018896118 ], [ -0.676939186807374, 37.974094018688163 ], [ -0.676939186950109, 37.974094018501894 ], [ -0.676947998589079, 37.974085149948799 ], [ -0.676947998769113, 37.974085149804523 ], [ -0.676947998985353, 37.974085149695796 ], [ -0.676947999226843, 37.974085149628095 ], [ -0.676970183115166, 37.974081083298515 ], [ -0.676970183115165, 37.974081083298515 ], [ -0.676970183400286, 37.974081083275578 ], [ -0.677026336572686, 37.97408219278779 ], [ -0.677026336761843, 37.974082192804119 ], [ -0.677026336944916, 37.974082192845167 ], [ -0.677042548628565, 37.974087019625017 ], [ -0.677042548628566, 37.974087019625017 ], [ -0.677042548884407, 37.974087019732345 ], [ -0.677059317279581, 37.974096393709772 ], [ -0.677059317497109, 37.974096393868685 ], [ -0.677078691694445, 37.974114785253434 ], [ -0.677103293042616, 37.97412429584157 ], [ -0.677131575441961, 37.97412934302595 ], [ -0.677170112303085, 37.974125616896053 ], [ -0.677170112469457, 37.974125616889701 ], [ -0.677181483270416, 37.974125841544534 ], [ -0.677181483530329, 37.974125841573631 ], [ -0.677181483774904, 37.974125841649112 ], [ -0.677192712006859, 37.974130551927438 ], [ -0.677192712006857, 37.974130551927438 ], [ -0.6771927122279, 37.974130552048635 ], [ -0.677205943841759, 37.974139815579015 ], [ -0.677205943841761, 37.974139815579015 ], [ -0.677205943989909, 37.974139815704618 ], [ -0.677205944105232, 37.974139815850208 ], [ -0.677217492416767, 37.974158057157133 ], [ -0.677227127068427, 37.974167289495192 ], [ -0.67723580042027, 37.97416296023453 ], [ -0.677235800486708, 37.974162960203806 ], [ -0.677256028411717, 37.974154317174481 ], [ -0.67725602859252, 37.974154317112571 ], [ -0.677256028784107, 37.974154317076255 ], [ -0.677256028980731, 37.974154317066642 ], [ -0.677273781556844, 37.974154668695022 ], [ -0.677287579915553, 37.97414593514025 ], [ -0.677288557601951, 37.974136948463723 ], [ -0.67728315847367, 37.974127853546747 ], [ -0.677272072156212, 37.974118609983343 ], [ -0.677272072023127, 37.974118609848858 ], [ -0.677272071924513, 37.974118609696895 ], [ -0.677272071863913, 37.97411860953293 ], [ -0.677272071843509, 37.974118609362847 ], [ -0.677272071864034, 37.974118609192786 ], [ -0.677272071864033, 37.974118609192786 ], [ -0.677275341599904, 37.97410516611432 ], [ -0.677275341599906, 37.97410516611432 ], [ -0.677275341667856, 37.974105165936386 ], [ -0.677275341780493, 37.974105165773288 ], [ -0.677275341933021, 37.974105165631954 ], [ -0.677286996340621, 37.974096389398575 ], [ -0.677293805202419, 37.974082980378228 ], [ -0.677293805202421, 37.974082980378228 ], [ -0.677293805290267, 37.974082980240595 ], [ -0.677293805406474, 37.974082980116862 ], [ -0.677293805547636, 37.974082980010621 ], [ -0.677307604595663, 37.974074246006367 ], [ -0.677307604772421, 37.974074245914423 ], [ -0.677307604967626, 37.974074245849941 ], [ -0.67730760517453, 37.974074245815181 ], [ -0.677307605385988, 37.974074245811323 ], [ -0.677307605594696, 37.974074245838509 ], [ -0.67730760579344, 37.974074245895807 ], [ -0.677320279579905, 37.974078997335972 ], [ -0.677320279579906, 37.974078997335972 ], [ -0.677320279681171, 37.974078997379017 ], [ -0.67733010920636, 37.97408369713262 ], [ -0.677330109206362, 37.97408369713262 ], [ -0.67733010938131, 37.974083697235578 ], [ -0.677330109528251, 37.974083697363056 ], [ -0.677343192366536, 37.974097499546055 ], [ -0.677343192366534, 37.974097499546055 ], [ -0.677343192503056, 37.974097499733318 ], [ -0.677350548419969, 37.974111152731325 ], [ -0.67735054848376, 37.974111152888099 ], [ -0.677353107659564, 37.974120210967051 ], [ -0.677353107686244, 37.974120211130838 ], [ -0.6773531076747, 37.974120211295748 ], [ -0.677351424018055, 37.97412920267584 ], [ -0.677351423988719, 37.974129202785214 ], [ -0.677346715706797, 37.974142599424148 ], [ -0.677346715588375, 37.974142599643379 ], [ -0.677340044156143, 37.974151474125186 ], [ -0.677343303692025, 37.974160543867598 ], [ -0.67735909816995, 37.974156355240105 ], [ -0.677385393015538, 37.974134360637407 ], [ -0.677396489793001, 37.974121067804752 ], [ -0.677404042664376, 37.974107709497709 ], [ -0.677409741705511, 37.974085271927045 ], [ -0.677409990816937, 37.974053756018719 ], [ -0.677409990829542, 37.974053755890544 ], [ -0.677413396805742, 37.97403580993651 ], [ -0.677413396856597, 37.97403580977366 ], [ -0.677413396944713, 37.974035809621107 ], [ -0.677423101176819, 37.974022457616115 ], [ -0.67744767177786, 37.973986916540383 ], [ -0.677453643717613, 37.973978027988302 ], [ -0.677458353620056, 37.973964577458105 ], [ -0.677460924778055, 37.97395112068326 ], [ -0.67746135049208, 37.973937617067428 ], [ -0.677455632159399, 37.973914989904188 ], [ -0.677455632139118, 37.973914989778535 ], [ -0.677454659547995, 37.973901426843476 ], [ -0.677454659558836, 37.973901426658358 ], [ -0.677458071203473, 37.973883480814379 ], [ -0.677458071203475, 37.973883480814379 ], [ -0.67745807126663, 37.973883480625105 ], [ -0.677458071379946, 37.9738834804511 ], [ -0.677465482492607, 37.973874620235264 ], [ -0.677465482492608, 37.973874620235264 ], [ -0.677465482615306, 37.973874620113072 ], [ -0.677465482762808, 37.973874620009482 ], [ -0.677465482930685, 37.973874619927614 ], [ -0.677487063021669, 37.973866039775714 ], [ -0.677550918058515, 37.973736645587586 ], [ -0.677550918058516, 37.973736645587586 ], [ -0.677550918162367, 37.973736645426861 ], [ -0.67755091830462, 37.97373664528574 ], [ -0.677550918479558, 37.973736645169929 ], [ -0.677550918680156, 37.973736645084045 ], [ -0.677550918898361, 37.973736645031543 ], [ -0.677550919125407, 37.973736645014547 ], [ -0.677550919352175, 37.973736645033725 ], [ -0.677550919569559, 37.973736645088316 ], [ -0.677550919768827, 37.973736645176125 ], [ -0.677550919941978, 37.973736645293613 ], [ -0.677550920082056, 37.973736645436077 ], [ -0.677550920183437, 37.973736645597782 ], [ -0.677550920242049, 37.973736645772256 ], [ -0.67768149895154, 37.974379018673055 ], [ -0.67768149895213, 37.97437901867599 ], [ -0.677681616875832, 37.97437961123287 ], [ -0.677771405389631, 37.974822346896353 ], [ -0.677771405393821, 37.974822346918828 ], [ -0.677866841955068, 37.975382897342108 ], [ -0.677978081382697, 37.975849197031657 ], [ -0.677984452476137, 37.975871855165771 ], [ -0.677984452485974, 37.975871855204794 ], [ -0.67804806386392, 37.976156932212888 ], [ -0.678048063869435, 37.976156932240002 ], [ -0.678054708584729, 37.976193122380465 ], [ -0.678125973243041, 37.976550489035077 ], [ -0.678125973247869, 37.976550489061907 ], [ -0.678149206251454, 37.976695117738267 ], [ -0.678174780400567, 37.976808271735784 ], [ -0.6781747804035, 37.976808271749377 ], [ -0.678302535020355, 37.977428037709515 ], [ -0.678302535029798, 37.977428037766835 ], [ -0.678303650842429, 37.977437061886697 ], [ -0.678368823683819, 37.977762751086793 ], [ -0.678427386511605, 37.978047723597605 ], [ -0.678427407403624, 37.978047782534041 ], [ -0.678427407434774, 37.978047782651522 ], [ -0.678427426781725, 37.978047891159825 ], [ -0.678522009531571, 37.978522723796559 ], [ -0.67860308740832, 37.97892984955233 ], [ -0.678698534206573, 37.979400302556215 ], [ -0.678773017895451, 37.979762914594389 ], [ -0.678773017895452, 37.979762914594396 ], [ -0.678775664057535, 37.979775797775545 ], [ -0.67877566405783, 37.979775797777009 ], [ -0.678776048459952, 37.979777688690945 ], [ -0.678892177763953, 37.980345806886916 ], [ -0.679054737598992, 37.981101422226175 ], [ -0.679054737601157, 37.981101422236591 ], [ -0.679100858156079, 37.9813321316038 ], [ -0.679100858158568, 37.981332131616881 ], [ -0.679117219368718, 37.981422552280328 ], [ -0.679197329949316, 37.98181611562746 ], [ -0.679197329950209, 37.981816115631915 ], [ -0.679321230974988, 37.982444846842462 ], [ -0.679321230975177, 37.982444846843421 ], [ -0.67934512652715, 37.982566974037134 ], [ -0.679345220143854, 37.982567435449766 ], [ -0.67941040260737, 37.982888159042048 ], [ -0.679410402613311, 37.982888159075195 ], [ -0.679460224569553, 37.983208930853579 ], [ -0.679460224569556, 37.983208930853586 ], [ -0.679463046968456, 37.983227103415892 ], [ -0.679463046971272, 37.983227103435866 ], [ -0.679463288613034, 37.9832290095503 ], [ -0.679464208350654, 37.983236132970163 ], [ -0.679464208355299, 37.983236133019503 ], [ -0.679473040177195, 37.983385018712099 ], [ -0.679473040178382, 37.983385018764075 ], [ -0.679470333864143, 37.983583206300914 ], [ -0.67947033386307, 37.983583206331467 ], [ -0.679465498364266, 37.983668702970043 ], [ -0.679460844411624, 37.983749702138986 ], [ -0.679460844397273, 37.983749702246342 ], [ -0.679431509006614, 37.983888827017331 ], [ -0.679431508999278, 37.983888827048709 ], [ -0.679379638318119, 37.984090548726243 ], [ -0.679379638306406, 37.984090548766957 ], [ -0.679342530552309, 37.984206965256021 ], [ -0.679342530549022, 37.984206965266083 ], [ -0.679296139528642, 37.984345735279632 ], [ -0.679296139505919, 37.984345735339197 ], [ -0.679238570117441, 37.984479743051828 ], [ -0.679238570107395, 37.984479743074232 ], [ -0.679176004933829, 37.984613670149365 ], [ -0.679176004916589, 37.984613670184039 ], [ -0.679110139091296, 37.984738524547467 ], [ -0.679110139074354, 37.984738524577978 ], [ -0.678852905846241, 37.985179495084729 ], [ -0.67884181557534, 37.98519916912467 ], [ -0.678864930328604, 37.985194535643195 ], [ -0.678864930540346, 37.985194535617218 ], [ -0.678864930754486, 37.985194535623108 ], [ -0.678864930963438, 37.985194535660668 ], [ -0.678864931159794, 37.985194535728532 ], [ -0.678864931336595, 37.985194535824348 ], [ -0.678864931487576, 37.985194535944693 ], [ -0.678864931607385, 37.985194536085288 ], [ -0.678864931691777, 37.985194536241167 ], [ -0.67886493173776, 37.985194536406802 ], [ -0.678864931743704, 37.98519453657633 ], [ -0.6788649317094, 37.985194536743727 ], [ -0.678864931636063, 37.98519453690308 ], [ -0.678864931636065, 37.98519453690308 ], [ -0.675200554622787, 37.991297462642599 ], [ -0.675225087110474, 37.991310462916843 ], [ -0.675266140931179, 37.991332219318359 ], [ -0.675266141109668, 37.991332219435442 ], [ -0.675266141254483, 37.991332219578695 ], [ -0.675266141359616, 37.991332219742226 ], [ -0.675266141420711, 37.991332219919194 ], [ -0.67526614143523, 37.991332220102315 ], [ -0.675266141402572, 37.991332220283944 ], [ -0.675266141324092, 37.991332220456584 ], [ -0.675266141203045, 37.991332220613039 ], [ -0.675266141044452, 37.991332220746848 ], [ -0.675266140854891, 37.991332220852456 ], [ -0.675193864561999, 37.991364319818054 ], [ -0.672988149159503, 37.99516862346352 ], [ -0.672988149159505, 37.99516862346352 ], [ -0.672988149159498, 37.99516862346352 ], [ -0.670741670921988, 37.999042761053751 ], [ -0.670748691861481, 37.999050172439041 ], [ -0.670762491196579, 37.999055632576813 ], [ -0.670762491196579, 37.999055632576813 ], [ -0.670762491382694, 37.999055632669204 ], [ -0.67076249154291, 37.999055632788199 ], [ -0.670762491671261, 37.999055632929291 ], [ -0.670762491762965, 37.999055633087288 ], [ -0.670762491814607, 37.999055633256276 ], [ -0.670762491824261, 37.999055633429968 ], [ -0.670762491791569, 37.999055633601905 ], [ -0.67076249171775, 37.999055633765643 ], [ -0.670684006284269, 37.999187795724403 ], [ -0.668094597075377, 38.003641919354088 ], [ -0.668094597072353, 38.003641919359239 ], [ -0.66789453194258, 38.003980388759928 ], [ -0.667894531940734, 38.00398038876304 ], [ -0.667676555716905, 38.004345521166883 ], [ -0.667676555709966, 38.004345521178294 ], [ -0.667668297696397, 38.004358864897021 ], [ -0.667378340904999, 38.004862234511812 ], [ -0.667378340899077, 38.004862234521909 ], [ -0.66726176029729, 38.005058157135238 ], [ -0.667230768763825, 38.005116117577174 ], [ -0.66719277626151, 38.005191947683208 ], [ -0.667101693784439, 38.005392881716702 ], [ -0.667082505640997, 38.005437564264795 ], [ -0.667067271601593, 38.005491332733577 ], [ -0.667040942594626, 38.005625970725426 ], [ -0.667019276460664, 38.005747192787538 ], [ -0.667002037897244, 38.005863966549839 ], [ -0.666992183844406, 38.005948474984493 ], [ -0.666980586633507, 38.006048271238917 ], [ -0.666954616189746, 38.006327118655427 ], [ -0.666954616188468, 38.006327118667961 ], [ -0.666923711621327, 38.006605832982558 ], [ -0.666912071941815, 38.006727254939406 ], [ -0.666912071937918, 38.006727254972134 ], [ -0.666897355235709, 38.006830602728172 ], [ -0.666897355229, 38.006830602767494 ], [ -0.666881274779628, 38.006911373254148 ], [ -0.666881274764689, 38.006911373315333 ], [ -0.666850111361982, 38.00701889561401 ], [ -0.666850111352414, 38.007018895644556 ], [ -0.66683203822311, 38.007072570837941 ], [ -0.666832038213607, 38.00707257086453 ], [ -0.666813412244972, 38.007121770997649 ], [ -0.666813412235856, 38.007121771020614 ], [ -0.666781837185679, 38.007197732875554 ], [ -0.666781837171133, 38.007197732908402 ], [ -0.666756632276231, 38.007251302556625 ], [ -0.666756632252882, 38.00725130260237 ], [ -0.666736977572096, 38.007286969304715 ], [ -0.666736977561085, 38.007286969324078 ], [ -0.666687321894525, 38.007371578777317 ], [ -0.666687321875037, 38.007371578808879 ], [ -0.666629687389955, 38.007460526359885 ], [ -0.666629687353641, 38.007460526411663 ], [ -0.666552422675015, 38.007562631444038 ], [ -0.666552422659509, 38.007562631463927 ], [ -0.666463490438923, 38.007673520363767 ], [ -0.666463490427623, 38.00767352037758 ], [ -0.666363603924876, 38.007793180245422 ], [ -0.666363603918382, 38.00779318025311 ], [ -0.666299323018996, 38.00786849258229 ], [ -0.666299323004172, 38.007868492599236 ], [ -0.666172366741156, 38.008010137056175 ], [ -0.666086708576951, 38.008107569529422 ], [ -0.666080037987538, 38.008116443599157 ], [ -0.666080037981701, 38.008116443606838 ], [ -0.665776227042003, 38.008511608969052 ], [ -0.665650155223153, 38.008675599802913 ], [ -0.665650155215268, 38.00867559981301 ], [ -0.665516711247686, 38.008844134319574 ], [ -0.665450542215724, 38.008932952260814 ], [ -0.665417784947033, 38.008977365017508 ], [ -0.665417784947032, 38.008977365017508 ], [ -0.665417784802179, 38.008977365172854 ], [ -0.665407574684203, 38.008986159821013 ], [ -0.665381391747203, 38.00902617496012 ], [ -0.665342786676793, 38.009097491175147 ], [ -0.665342786669895, 38.009097491187617 ], [ -0.665289996034017, 38.009191075813547 ], [ -0.665289996031792, 38.009191075817476 ], [ -0.665269646937412, 38.009226692410216 ], [ -0.665269646926296, 38.009226692429081 ], [ -0.665242625977796, 38.009271215452372 ], [ -0.665210742396019, 38.00933366759822 ], [ -0.665210742386736, 38.009333667615856 ], [ -0.665198651148508, 38.009355976684176 ], [ -0.665162048298678, 38.009431838146511 ], [ -0.665128479220198, 38.009503255239032 ], [ -0.66508463423266, 38.00960598706385 ], [ -0.665046064547346, 38.009699854067897 ], [ -0.665002677140899, 38.009811665490851 ], [ -0.665002677140348, 38.009811665492272 ], [ -0.664967791775503, 38.009901041533226 ], [ -0.664965360777649, 38.009909995245899 ], [ -0.664965360759654, 38.009909995303026 ], [ -0.664938038188798, 38.009986041060714 ], [ -0.664906307522388, 38.010089050432335 ], [ -0.664813518809644, 38.010389083681794 ], [ -0.664760248605426, 38.010563712061469 ], [ -0.66475786748226, 38.010572707334646 ], [ -0.664757867476614, 38.010572707354818 ], [ -0.664711606065933, 38.010729461870547 ], [ -0.664701185754701, 38.010765317077677 ], [ -0.664701185751254, 38.010765317089195 ], [ -0.664669454363361, 38.010868290334976 ], [ -0.664669454350087, 38.010868290374184 ], [ -0.664656240018148, 38.010904080129549 ], [ -0.664650666044046, 38.010921986966181 ], [ -0.664650666022611, 38.010921987026059 ], [ -0.664635250527831, 38.01095998852761 ], [ -0.664614394699186, 38.011011398512068 ], [ -0.664614394670392, 38.011011398574929 ], [ -0.664596138891568, 38.011047061083353 ], [ -0.66459300781193, 38.01105600086364 ], [ -0.664593007811928, 38.01105600086364 ], [ -0.664593007751388, 38.011056000995552 ], [ -0.664567430900623, 38.01110056156304 ], [ -0.664545491286178, 38.011140687969835 ], [ -0.66454549124643, 38.011140688035198 ], [ -0.664521595653537, 38.011176234905321 ], [ -0.664521595622119, 38.011176234949062 ], [ -0.664497796159988, 38.011207317838597 ], [ -0.664474743320919, 38.011238380416437 ], [ -0.664474743275599, 38.011238380472626 ], [ -0.664443766675521, 38.011273826262574 ], [ -0.664443766631766, 38.011273826309335 ], [ -0.664417266762702, 38.011300314852576 ], [ -0.664417266723728, 38.011300314889461 ], [ -0.664382836116241, 38.011331191000608 ], [ -0.66438283610007, 38.011331191014804 ], [ -0.664357229102587, 38.011353195363121 ], [ -0.664357228953352, 38.011353195470491 ], [ -0.664320939816521, 38.011374988402068 ], [ -0.664278678400735, 38.011405704324574 ], [ -0.664278678276664, 38.011405704402868 ], [ -0.664238849246462, 38.011427426074299 ], [ -0.664201866839809, 38.011449205206354 ], [ -0.664201866732289, 38.011449205262466 ], [ -0.664107939418483, 38.011492414519822 ], [ -0.664107939418484, 38.011492414519822 ], [ -0.664107939192088, 38.011492414599317 ], [ -0.664091434900269, 38.011496578565016 ], [ -0.66403878382745, 38.011518081345884 ], [ -0.664038783779349, 38.011518081364414 ], [ -0.663909186292227, 38.011565047369317 ], [ -0.663886852411309, 38.011573636125007 ], [ -0.663886852325038, 38.01157363615475 ], [ -0.663735156511858, 38.011620152796823 ], [ -0.663680364226412, 38.011641612868502 ], [ -0.663680364164849, 38.011641612890834 ], [ -0.66364226620654, 38.011654363113223 ], [ -0.66357879653418, 38.011680120117852 ], [ -0.663501515781426, 38.01171467215071 ], [ -0.663484869063185, 38.011723316206272 ], [ -0.66348486906093, 38.011723316207437 ], [ -0.663442895080758, 38.011744999469293 ], [ -0.6633871110587, 38.011775446225073 ], [ -0.663319527418085, 38.011819165930234 ], [ -0.663299892347587, 38.011832283118373 ], [ -0.663254085804705, 38.011862892159023 ], [ -0.663196575841535, 38.011902311068837 ], [ -0.663160888622959, 38.011928620234201 ], [ -0.663126605908729, 38.011954994260186 ], [ -0.663073240613949, 38.011998960488896 ], [ -0.663002233462687, 38.012060625045272 ], [ -0.662942894387462, 38.012113514131606 ], [ -0.662849824656568, 38.012197294558042 ], [ -0.662805831774062, 38.012236946034051 ], [ -0.662805831760719, 38.012236946045874 ], [ -0.662562783809176, 38.012448387703913 ], [ -0.662539315480569, 38.01247044317185 ], [ -0.66253931545064, 38.012470443198872 ], [ -0.662458050500799, 38.01254090994663 ], [ -0.662316454834467, 38.012673252219393 ], [ -0.662316454831137, 38.012673252222491 ], [ -0.66227833997665, 38.012708551823486 ], [ -0.66216091196731, 38.012818825358551 ], [ -0.662072131337516, 38.012902698561106 ], [ -0.661939207573411, 38.013030699233113 ], [ -0.661939207569388, 38.013030699236971 ], [ -0.661688904698171, 38.01326902242721 ], [ -0.661688904689496, 38.013269022435367 ], [ -0.661608240594687, 38.013344001543373 ], [ -0.661522254514173, 38.013427884849378 ], [ -0.661522254495588, 38.013427884867049 ], [ -0.661503220098306, 38.013445514711705 ], [ -0.661448118615112, 38.013498492715385 ], [ -0.661401042673958, 38.01354712036224 ], [ -0.6614010426564, 38.013547120379918 ], [ -0.661365021137939, 38.013582465821607 ], [ -0.661266391251631, 38.013684105893866 ], [ -0.661245690602501, 38.013708644630448 ], [ -0.661245690602502, 38.013708644630448 ], [ -0.661245690602019, 38.013708644630903 ], [ -0.661245690601627, 38.013708644631471 ], [ -0.66120647158635, 38.013754996463803 ], [ -0.661152746344732, 38.013822817587219 ], [ -0.655964449490806, 38.026360757626797 ], [ -0.656036531456573, 38.027125130686237 ], [ -0.656162887552618, 38.027699851710103 ], [ -0.658041857112044, 38.031132491308107 ], [ -0.658041857112046, 38.031132491308107 ], [ -0.658041857181973, 38.031132491482701 ], [ -0.658041857205805, 38.031132491664877 ], [ -0.658041857182557, 38.03113249184711 ], [ -0.658041857113191, 38.031132492021847 ], [ -0.658041857000573, 38.031132492181889 ], [ -0.658041856849358, 38.031132492320602 ], [ -0.6580418566658, 38.031132492432242 ], [ -0.658041856457483, 38.031132492512221 ], [ -0.658041856233023, 38.031132492557205 ], [ -0.658041856001697, 38.031132492565362 ], [ -0.658041855773067, 38.031132492536329 ], [ -0.656772765678006, 38.030864393667933 ], [ -0.656772765464216, 38.030864393603999 ], [ -0.655108718944667, 38.030208931270302 ], [ -0.652117843120619, 38.02964853584588 ], [ -0.652117843118771, 38.029648535845517 ], [ -0.651050032009059, 38.029446952391758 ], [ -0.65012516678438, 38.029494403168911 ], [ -0.650125166557644, 38.029494403162623 ], [ -0.650125166336978, 38.029494403120928 ], [ -0.650024203473827, 38.029466662218823 ], [ -0.650127783654297, 38.029526567303606 ], [ -0.650638692981575, 38.029821132544619 ], [ -0.650638692981573, 38.029821132544619 ], [ -0.650638693146533, 38.029821132660665 ], [ -0.650638693280087, 38.029821132799725 ], [ -0.650793988376188, 38.030020306276064 ], [ -0.650793988376186, 38.030020306276064 ], [ -0.650793988474643, 38.030020306435695 ], [ -0.650793988531588, 38.030020306607504 ], [ -0.650793988544805, 38.030020306784827 ], [ -0.650793988513782, 38.030020306960736 ], [ -0.650793988439724, 38.03002030712841 ], [ -0.650793988325512, 38.03002030728134 ], [ -0.650793988175583, 38.030020307413565 ], [ -0.650793987995769, 38.030020307519962 ], [ -0.65079398779306, 38.030020307596367 ], [ -0.650793987575336, 38.030020307639823 ], [ -0.650793987351061, 38.030020307648662 ], [ -0.650793987128957, 38.030020307622507 ], [ -0.650763219973154, 38.030014184108055 ], [ -0.650763219964019, 38.030014184106207 ], [ -0.650545339947146, 38.029969299291466 ], [ -0.650545339894043, 38.029969299279429 ], [ -0.65050575876698, 38.029959501407731 ], [ -0.650076300829733, 38.029874289877498 ], [ -0.650076300829732, 38.029874289877498 ], [ -0.650076300604044, 38.029874289812028 ], [ -0.650076300400755, 38.029874289710541 ], [ -0.649696548879854, 38.029636934975258 ], [ -0.649642078699732, 38.029604288967199 ], [ -0.64964207869973, 38.029604288967199 ], [ -0.649642078529035, 38.029604288841135 ], [ -0.649642078394441, 38.02960428869018 ], [ -0.649642078301604, 38.029604288520694 ], [ -0.649642078254429, 38.02960428833979 ], [ -0.649642078254902, 38.029604288155056 ], [ -0.649655212819848, 38.029505448476002 ], [ -0.649231008750207, 38.029388815068486 ], [ -0.649231008750208, 38.029388815068486 ], [ -0.649231008553343, 38.029388814997112 ], [ -0.649231008377117, 38.029388814897551 ], [ -0.649231008227902, 38.029388814773412 ], [ -0.649231008111092, 38.029388814629172 ], [ -0.649231008030915, 38.029388814470046 ], [ -0.649231007990267, 38.029388814301797 ], [ -0.649231007990618, 38.029388814130492 ], [ -0.649246463586348, 38.029262970067073 ], [ -0.649246463629998, 38.029262969892812 ], [ -0.649246463716035, 38.029262969728713 ], [ -0.649246463841111, 38.029262969581175 ], [ -0.649246464000362, 38.029262969455907 ], [ -0.649246464187593, 38.029262969357795 ], [ -0.649246464395526, 38.029262969290649 ], [ -0.649723521026972, 38.029150862202442 ], [ -0.649743609780807, 38.029056667841424 ], [ -0.649743609828868, 38.029056667693695 ], [ -0.649743609907751, 38.029056667554514 ], [ -0.649815240551443, 38.028954460908423 ], [ -0.649815240597612, 38.028954460848226 ], [ -0.649826349835506, 38.028941175520821 ], [ -0.649826349977245, 38.028941175383061 ], [ -0.649826350150403, 38.028941175269971 ], [ -0.649826350348247, 38.02894117518597 ], [ -0.64983926795009, 38.028936928024464 ], [ -0.649839267950088, 38.028936928024464 ], [ -0.649839268212289, 38.02893692796615 ], [ -0.649870748454743, 38.028933057447162 ], [ -0.649870748491457, 38.02893305744314 ], [ -0.649909315673085, 38.028929327754796 ], [ -0.64996524210205, 38.028916934208098 ], [ -0.649965242317314, 38.028916934177644 ], [ -0.64996524253597, 38.028916934180295 ], [ -0.649965242749955, 38.028916934215943 ], [ -0.64998500941797, 38.028921835886123 ], [ -0.650002775140592, 38.028922191165705 ], [ -0.650002775339875, 38.028922191183661 ], [ -0.650002775532081, 38.028922191229007 ], [ -0.650002775711254, 38.02892219130031 ], [ -0.650031534726182, 38.02893627392578 ], [ -0.650031534838568, 38.028936273988549 ], [ -0.650046217613572, 38.028945573823812 ], [ -0.650079195977819, 38.0289372269635 ], [ -0.650094303830555, 38.028933028082882 ], [ -0.650094304030808, 38.028933028042928 ], [ -0.650094304236891, 38.028933028032235 ], [ -0.650135573889977, 38.028933854202947 ], [ -0.650196755484869, 38.028935077625107 ], [ -0.650223798606495, 38.028935619285768 ], [ -0.650282571105464, 38.028923282513603 ], [ -0.650282571266822, 38.028923282489409 ], [ -0.650323285661037, 38.028919560446404 ], [ -0.650323285820567, 38.028919560440748 ], [ -0.650345338060986, 38.028920001378317 ], [ -0.650345338265665, 38.028920001397168 ], [ -0.650376483084023, 38.028925161165198 ], [ -0.65039928661647, 38.028925617114574 ], [ -0.650399286785727, 38.02892561712801 ], [ -0.650399286950568, 38.028925617161242 ], [ -0.650417608748846, 38.028930488913915 ], [ -0.650433423372332, 38.028926299714023 ], [ -0.650433423475465, 38.028926299690895 ], [ -0.650455620540702, 38.028922207368659 ], [ -0.650472135470378, 38.028918032120636 ], [ -0.650510576511426, 38.028896286772259 ], [ -0.650510576584087, 38.028896286734387 ], [ -0.650528630088016, 38.028887641180553 ], [ -0.650528630088018, 38.028887641180553 ], [ -0.65052863019446, 38.028887641135505 ], [ -0.650551675871738, 38.028879096289963 ], [ -0.650551675871737, 38.028879096289963 ], [ -0.650551676016179, 38.028879096245603 ], [ -0.650585445992532, 38.028870769411149 ], [ -0.650585446168756, 38.028870769379566 ], [ -0.650619027009873, 38.028866935249539 ], [ -0.650619027201349, 38.028866935240593 ], [ -0.650631100623791, 38.028867176620302 ], [ -0.650668273241736, 38.028863379152718 ], [ -0.650668273416381, 38.028863379145584 ], [ -0.650725162772113, 38.028864516479864 ], [ -0.650765319280946, 38.028856318228534 ], [ -0.650789063884091, 38.02884778644156 ], [ -0.650789063884089, 38.02884778644156 ], [ -0.650789064107282, 38.028847786382492 ], [ -0.65081201137433, 38.028843739660552 ], [ -0.650827918471793, 38.028835055766713 ], [ -0.650865660595339, 38.02881329264536 ], [ -0.65086566059534, 38.02881329264536 ], [ -0.650865660810663, 38.028813292547689 ], [ -0.650865661047626, 38.028813292489218 ], [ -0.650865661294974, 38.028813292472755 ], [ -0.650875594275577, 38.028813491038498 ], [ -0.650957451853303, 38.028792578281198 ], [ -0.651028630719024, 38.028771487100769 ], [ -0.651028630799191, 38.028771487079666 ], [ -0.651064501165375, 38.028763198513985 ], [ -0.65109552189797, 38.028750311125968 ], [ -0.651122953259294, 38.028737311400079 ], [ -0.651148333900718, 38.028724312203387 ], [ -0.651169664568801, 38.028702224691806 ], [ -0.651207380624471, 38.028657914493408 ], [ -0.651207380624472, 38.028657914493408 ], [ -0.651207380760766, 38.028657914362 ], [ -0.651268044134527, 38.028609558187433 ], [ -0.651283400784739, 38.028596353150412 ], [ -0.651300341074059, 38.028578684216328 ], [ -0.651312295034496, 38.028560910248828 ], [ -0.651343087488565, 38.028489406119107 ], [ -0.651364168990261, 38.028431252379832 ], [ -0.651365444164619, 38.028413265001724 ], [ -0.651362909623734, 38.028381698418322 ], [ -0.651361051158112, 38.028372654908566 ], [ -0.651356348835532, 38.028363518466357 ], [ -0.651356348835534, 38.028363518466357 ], [ -0.651356348770012, 38.028363518288565 ], [ -0.651356348751838, 38.02836351810393 ], [ -0.651356636266231, 38.02835451734078 ], [ -0.651356636291813, 38.028354517172346 ], [ -0.65135663635687, 38.02835451701069 ], [ -0.65137102387095, 38.028327785034726 ], [ -0.651371023905663, 38.028327784976149 ], [ -0.651391242813008, 38.028296633453401 ], [ -0.65140731795206, 38.028260933253826 ], [ -0.651407317973288, 38.028260933210284 ], [ -0.651433098377187, 38.028211878879489 ], [ -0.651443049941889, 38.028189564720073 ], [ -0.651462324051737, 38.028122367357923 ], [ -0.651462324077125, 38.028122367284091 ], [ -0.651473120806113, 38.028095527486329 ], [ -0.651473120806114, 38.028095527486329 ], [ -0.651473120865223, 38.028095527368698 ], [ -0.651486658587358, 38.02807328480197 ], [ -0.651486658607838, 38.028073284769967 ], [ -0.651504593329006, 38.028046592128184 ], [ -0.651504593342771, 38.028046592108311 ], [ -0.65154259534514, 38.027993312511384 ], [ -0.651542595374935, 38.027993312471992 ], [ -0.651592310194817, 38.027931229823487 ], [ -0.651606554818825, 38.027908964508669 ], [ -0.651614916797862, 38.027891118678376 ], [ -0.651622773496452, 38.027868762654428 ], [ -0.651627033858582, 38.027846297797197 ], [ -0.651637167252873, 38.027774416695088 ], [ -0.651637167256465, 38.027774416672258 ], [ -0.651659011829436, 38.027648699881226 ], [ -0.651659011842366, 38.027648699821682 ], [ -0.651669538244846, 38.027608383159325 ], [ -0.651678252774367, 38.02755898865334 ], [ -0.651682106112828, 38.027527509131417 ], [ -0.651683374829433, 38.027464457404534 ], [ -0.651683374842124, 38.027464457283997 ], [ -0.651691100040232, 38.027424102633773 ], [ -0.651691100057544, 38.02742410256274 ], [ -0.651703073941467, 38.027383761627092 ], [ -0.651703073961593, 38.027383761568309 ], [ -0.651753453279926, 38.02725412748714 ], [ -0.651770706662296, 38.027204884667306 ], [ -0.651792506982966, 38.027124235598755 ], [ -0.651803321821129, 38.027074882125483 ], [ -0.651815313423954, 38.027012044632507 ], [ -0.651815313436305, 38.027012044578854 ], [ -0.651822568138722, 38.026985170007542 ], [ -0.651822568140461, 38.026985170001211 ], [ -0.65183384115019, 38.026944833064952 ], [ -0.651833841161502, 38.026944833028153 ], [ -0.651866894966703, 38.026846390365641 ], [ -0.651881726846444, 38.026783610540903 ], [ -0.6518817268744, 38.026783610449371 ], [ -0.651901923685638, 38.026729943417195 ], [ -0.651909075510437, 38.026707536317261 ], [ -0.651919621090594, 38.026644670870169 ], [ -0.651926195057967, 38.026595268707226 ], [ -0.651926771059059, 38.026577231206574 ], [ -0.651924903698744, 38.026523159347349 ], [ -0.651924903702721, 38.026523159243609 ], [ -0.651927913056515, 38.026496164692709 ], [ -0.65192791306947, 38.02649616461516 ], [ -0.651932917777131, 38.026473750585545 ], [ -0.651932917788534, 38.026473750541058 ], [ -0.651943301214508, 38.026437900422835 ], [ -0.651943301255755, 38.026437900313041 ], [ -0.651972363545477, 38.026375400323658 ], [ -0.651982745755346, 38.026339586326266 ], [ -0.651987293877409, 38.026308138708707 ], [ -0.651993330319152, 38.026231652168093 ], [ -0.651993330324068, 38.026231652123577 ], [ -0.65200801626758, 38.026128306223804 ], [ -0.652008016283999, 38.026128306142191 ], [ -0.652018543237391, 38.026087993922303 ], [ -0.65201854326682, 38.026087993832981 ], [ -0.652064995579916, 38.025971770638286 ], [ -0.652081927473675, 38.025909032743222 ], [ -0.65208192750656, 38.025909032647533 ], [ -0.652095058721499, 38.02587773847597 ], [ -0.652099179684984, 38.025859807942716 ], [ -0.652098766953963, 38.025850793280171 ], [ -0.652098766965953, 38.025850793113221 ], [ -0.652102187677279, 38.025832852983093 ], [ -0.652103894914941, 38.025801326109864 ], [ -0.65210218002123, 38.025787784472591 ], [ -0.652092364763696, 38.025760574309331 ], [ -0.652092364739538, 38.025760574228343 ], [ -0.652084839349271, 38.025728862777846 ], [ -0.652084839332879, 38.025728862678669 ], [ -0.652082711691796, 38.025706306136733 ], [ -0.652082711691795, 38.025706306136733 ], [ -0.652082711691235, 38.025706306008935 ], [ -0.652085020691581, 38.025679301061267 ], [ -0.652085020701553, 38.025679300988593 ], [ -0.652090967283915, 38.02564789925254 ], [ -0.652090967300624, 38.025647899183035 ], [ -0.652105373391573, 38.02559861743476 ], [ -0.652117796695111, 38.025522277428081 ], [ -0.652117796701194, 38.025522277395424 ], [ -0.652132875623119, 38.025450495007895 ], [ -0.652132875632943, 38.025450494967004 ], [ -0.652149852874129, 38.025387757918729 ], [ -0.652149852894289, 38.025387757855512 ], [ -0.652164671642697, 38.025347490812258 ], [ -0.652164671651086, 38.02534749079048 ], [ -0.652180884946151, 38.025307251606307 ], [ -0.652180884969673, 38.025307251553627 ], [ -0.652198404789641, 38.025271580924652 ], [ -0.652198404801324, 38.025271580901794 ], [ -0.652217367163912, 38.025235897638915 ], [ -0.652217367208337, 38.02523589756494 ], [ -0.652235294081458, 38.025209240675764 ], [ -0.652235294104629, 38.025209240642987 ], [ -0.652258357804772, 38.025178145721789 ], [ -0.652258357808963, 38.02517814571619 ], [ -0.652278429574175, 38.025151527165178 ], [ -0.652278429645251, 38.02515152708186 ], [ -0.652367529224939, 38.025058710278316 ], [ -0.652367529256941, 38.025058710246491 ], [ -0.652395435474384, 38.025032213072365 ], [ -0.65241093472335, 38.025014509760631 ], [ -0.652424472681567, 38.024992230204816 ], [ -0.652434279888265, 38.02497441315009 ], [ -0.652441292148593, 38.024956544766781 ], [ -0.652445963769948, 38.024943127063018 ], [ -0.652448128979688, 38.024920620424226 ], [ -0.652443862186614, 38.024898021301745 ], [ -0.65243930123097, 38.024884422787352 ], [ -0.652423799772325, 38.024857057596158 ], [ -0.652423799772324, 38.024857057596158 ], [ -0.652423799722519, 38.024857057491168 ], [ -0.652418538609117, 38.024843444870925 ], [ -0.652418538609116, 38.024843444870925 ], [ -0.652418538571421, 38.024843444738316 ], [ -0.652407634438828, 38.024784650807668 ], [ -0.652390850127421, 38.02473024491794 ], [ -0.652390850115595, 38.024730244875116 ], [ -0.652386432885993, 38.024712143600922 ], [ -0.652386432885994, 38.024712143600922 ], [ -0.652386432869356, 38.024712143505646 ], [ -0.652382595891953, 38.0246760452968 ], [ -0.652382595888061, 38.024676045208658 ], [ -0.652383477272218, 38.024626493187434 ], [ -0.652383477275648, 38.024626493129105 ], [ -0.652386625396772, 38.024595000322947 ], [ -0.652386625402656, 38.024595000278282 ], [ -0.652391033592444, 38.024568068792334 ], [ -0.652391033606233, 38.024568068727028 ], [ -0.65239917252891, 38.02453667471957 ], [ -0.652399172547053, 38.02453667465997 ], [ -0.652408572644114, 38.024509842895199 ], [ -0.652408572665354, 38.024509842841212 ], [ -0.652430064704069, 38.024460707955974 ], [ -0.652430064724385, 38.024460707913086 ], [ -0.652448278802309, 38.024425045700646 ], [ -0.65247560086197, 38.024371521757431 ], [ -0.652475600861969, 38.024371521757431 ], [ -0.652475600941243, 38.02437152163148 ], [ -0.652482325855161, 38.024362649591396 ], [ -0.652485598199232, 38.024349171631378 ], [ -0.652486053109814, 38.02431315474616 ], [ -0.652484349479489, 38.02423203053921 ], [ -0.652484349481159, 38.024232030473243 ], [ -0.652488220347555, 38.024178038060597 ], [ -0.65248822035315, 38.024178038008912 ], [ -0.652506464771267, 38.024052248145999 ], [ -0.652506464777598, 38.024052248109101 ], [ -0.652525153839316, 38.02395798860757 ], [ -0.652529987144151, 38.023917558147438 ], [ -0.652530443169671, 38.023881505194382 ], [ -0.652528470246975, 38.023786868990719 ], [ -0.652523387868491, 38.023678626192194 ], [ -0.65252338786807, 38.023678626136011 ], [ -0.652525257654644, 38.023620088232953 ], [ -0.652525257660517, 38.023620088161572 ], [ -0.652531825171522, 38.023570649713847 ], [ -0.652531825176128, 38.023570649683961 ], [ -0.652540497552319, 38.023521289325075 ], [ -0.652540497568056, 38.023521289255605 ], [ -0.652554202771023, 38.023471993383779 ], [ -0.652554202785555, 38.023471993337409 ], [ -0.652568269482945, 38.023431712173135 ], [ -0.652570146124737, 38.023418242245327 ], [ -0.652570577585116, 38.023404761470573 ], [ -0.652567562333348, 38.023386634230029 ], [ -0.652558228321826, 38.023345920750664 ], [ -0.652538884372972, 38.023282457210669 ], [ -0.652538884372971, 38.023282457210669 ], [ -0.652538884350877, 38.023282457116416 ], [ -0.652532898214953, 38.023246275425265 ], [ -0.652532898208261, 38.023246275373033 ], [ -0.652529204784538, 38.023205679022865 ], [ -0.65252920478194, 38.023205678980233 ], [ -0.652527114529767, 38.023138055451362 ], [ -0.652527114529456, 38.023138055422919 ], [ -0.652527682142459, 38.023074989606513 ], [ -0.652527145029087, 38.023047923331568 ], [ -0.652519592113831, 38.022993701902003 ], [ -0.652514480547857, 38.022975586856965 ], [ -0.652508525146102, 38.022961960429207 ], [ -0.652499868689167, 38.022943774594495 ], [ -0.6524833290155, 38.022925395260735 ], [ -0.652418892362437, 38.022870037462219 ], [ -0.652418892362436, 38.022870037462219 ], [ -0.652418892285458, 38.022870037388621 ], [ -0.652367271563988, 38.022814971580587 ], [ -0.652367271550613, 38.022814971566028 ], [ -0.652321901601585, 38.022764495570868 ], [ -0.652321901562072, 38.022764495523852 ], [ -0.652293163789621, 38.022727862909164 ], [ -0.652293163733077, 38.022727862828049 ], [ -0.65225391118056, 38.022663996986694 ], [ -0.652253911163223, 38.022663996957135 ], [ -0.652231002084512, 38.022623016710263 ], [ -0.65223100208451, 38.022623016710263 ], [ -0.652231002036769, 38.022623016608762 ], [ -0.652220488284594, 38.022595750966822 ], [ -0.652220488256766, 38.022595750879091 ], [ -0.652214820260927, 38.022573123600971 ], [ -0.652214820249767, 38.022573123548248 ], [ -0.652206980377338, 38.022527898287287 ], [ -0.652206980367807, 38.022527898203144 ], [ -0.652204315555587, 38.0224782807297 ], [ -0.652204315554755, 38.022478280708143 ], [ -0.652202205112755, 38.022388141822738 ], [ -0.652202205112923, 38.022388141783303 ], [ -0.652203930212651, 38.022334105597864 ], [ -0.652203930215666, 38.022334105551273 ], [ -0.652209196903377, 38.022280136514937 ], [ -0.65220919690927, 38.022280136469561 ], [ -0.652217215889322, 38.022230727028699 ], [ -0.652217215905121, 38.022230726955421 ], [ -0.652231712358537, 38.022176981956953 ], [ -0.652231712363633, 38.022176981938955 ], [ -0.65225565639731, 38.022096334934631 ], [ -0.652255656416426, 38.022096334878441 ], [ -0.652279724675438, 38.02203373858616 ], [ -0.652286416383069, 38.022002352691736 ], [ -0.652291113875485, 38.021966388976445 ], [ -0.65229485927389, 38.021894380148368 ], [ -0.652296595631671, 38.021772762409562 ], [ -0.652296595632234, 38.021772762389624 ], [ -0.652299451786016, 38.021705236760255 ], [ -0.652299451787207, 38.021705236739372 ], [ -0.652303322587646, 38.021651243411092 ], [ -0.652303322594328, 38.021651243352174 ], [ -0.652309601502007, 38.021610842602094 ], [ -0.652309601510714, 38.021610842555972 ], [ -0.65231957686935, 38.021565977696881 ], [ -0.652319576871944, 38.021565977685633 ], [ -0.652330293433829, 38.021521123126675 ], [ -0.65233029344677, 38.021521123079481 ], [ -0.652346935424744, 38.021467421842488 ], [ -0.652360038244143, 38.021413613016513 ], [ -0.652362634381803, 38.021377602847892 ], [ -0.652362050480693, 38.021350576162298 ], [ -0.652362050486773, 38.02135057605269 ], [ -0.652368623487435, 38.021301138607733 ], [ -0.652368623498141, 38.021301138547095 ], [ -0.652389407590252, 38.021206919988288 ], [ -0.652392558880445, 38.021175463360777 ], [ -0.652391876918817, 38.021152935824766 ], [ -0.652388017535673, 38.021139310737325 ], [ -0.652388017535224, 38.021139310735727 ], [ -0.652384207505121, 38.021125745186112 ], [ -0.652370801916242, 38.021098439870798 ], [ -0.652370801915381, 38.021098439869043 ], [ -0.652364146560395, 38.021084799390664 ], [ -0.652364146560394, 38.021084799390664 ], [ -0.652364146507486, 38.021084799248257 ], [ -0.652355875606643, 38.021053077411516 ], [ -0.652355875594305, 38.021053077355248 ], [ -0.652351045776606, 38.021025961310642 ], [ -0.65235104576621, 38.021025961217511 ], [ -0.652349808461511, 38.020998885400367 ], [ -0.652349808461523, 38.020998885335004 ], [ -0.652352089865055, 38.020949361302591 ], [ -0.652347428606587, 38.020895233615455 ], [ -0.652347428604023, 38.020895233564119 ], [ -0.652346989696958, 38.020863664578258 ], [ -0.652346989704979, 38.020863664461167 ], [ -0.652352430404648, 38.020827751570579 ], [ -0.652352430411223, 38.020827751533673 ], [ -0.652362543649294, 38.020778383905451 ], [ -0.652362543672041, 38.020778383820556 ], [ -0.652402699026517, 38.020657533532976 ], [ -0.652421224147744, 38.020590326331522 ], [ -0.652432737456982, 38.02054098669479 ], [ -0.65244487088484, 38.020473646399701 ], [ -0.652473245229706, 38.020275976933419 ], [ -0.652484389798934, 38.020172559249417 ], [ -0.652488691157429, 38.020105067909498 ], [ -0.652488826642186, 38.02005550098395 ], [ -0.652488288357016, 38.020028470706087 ], [ -0.65248328965806, 38.01998330676772 ], [ -0.652477208960547, 38.019951664767149 ], [ -0.652467268900686, 38.019906397602156 ], [ -0.652452343938417, 38.019861035355611 ], [ -0.652452343913296, 38.01986103525693 ], [ -0.652429326867184, 38.019734421990556 ], [ -0.652429326858635, 38.019734421928185 ], [ -0.652421380807206, 38.019648667446951 ], [ -0.652421380804554, 38.019648667404788 ], [ -0.652418832153472, 38.019572031767531 ], [ -0.652418832153442, 38.01957203172109 ], [ -0.652420701747567, 38.019513493781446 ], [ -0.65242070174997, 38.019513493741464 ], [ -0.652426259698565, 38.019450527569163 ], [ -0.652426259703981, 38.019450527524107 ], [ -0.652443370532045, 38.01933822336121 ], [ -0.652443370539631, 38.019338223319622 ], [ -0.652464347495211, 38.019239543603582 ], [ -0.652467787061171, 38.019199050142106 ], [ -0.652467754048076, 38.019176531010764 ], [ -0.652464789447544, 38.019158427305129 ], [ -0.652458370460655, 38.019135780612601 ], [ -0.652452415357603, 38.019122154217143 ], [ -0.652430811579094, 38.019085665082358 ], [ -0.652430811579095, 38.019085665082358 ], [ -0.652430811534316, 38.019085664995117 ], [ -0.652422854376006, 38.019067492999767 ], [ -0.652422854340647, 38.019067492901236 ], [ -0.652415184474824, 38.019040320121135 ], [ -0.652415184460545, 38.019040320061023 ], [ -0.65240905945888, 38.019008641087325 ], [ -0.652409059458277, 38.01900864108417 ], [ -0.65240052065784, 38.018963406360491 ], [ -0.652400520646746, 38.018963406272 ], [ -0.652396284723955, 38.018895738940472 ], [ -0.652396284722634, 38.018895738906131 ], [ -0.652395187974653, 38.018819151186996 ], [ -0.652395187975239, 38.018819151146133 ], [ -0.652397900640883, 38.01875611010955 ], [ -0.652397900642906, 38.018756110078407 ], [ -0.652406891271679, 38.018652685367087 ], [ -0.652406891272469, 38.018652685358575 ], [ -0.6524184608475, 38.018535764989053 ], [ -0.65242233126892, 38.01848177166459 ], [ -0.652421748606796, 38.018454704456182 ], [ -0.652419913902513, 38.018423148164139 ], [ -0.652406851938007, 38.01831924691178 ], [ -0.652406851933509, 38.018319246862077 ], [ -0.652404604483409, 38.01827867486238 ], [ -0.652404604483301, 38.018278674785485 ], [ -0.65240815502308, 38.018211185515398 ], [ -0.6524081550265, 38.018211185473696 ], [ -0.652414171687796, 38.018157217855538 ], [ -0.652414171692247, 38.018157217822576 ], [ -0.652421295089609, 38.018112291450947 ], [ -0.652421295091521, 38.018112291439479 ], [ -0.652445659915981, 38.017973117096496 ], [ -0.65246034296492, 38.017869770959813 ], [ -0.652466789974199, 38.017802317045678 ], [ -0.652468783806836, 38.017761829808613 ], [ -0.652468102946737, 38.017739266185572 ], [ -0.652465688043377, 38.017725710534506 ], [ -0.652460433224636, 38.017712093595968 ], [ -0.652444612676318, 38.017671214496069 ], [ -0.652433116568864, 38.017652976379843 ], [ -0.652433116539565, 38.017652976329529 ], [ -0.652406257172806, 38.017602870123532 ], [ -0.652406257171585, 38.017602870121245 ], [ -0.652394152335006, 38.017580114260326 ], [ -0.652394152335003, 38.017580114260326 ], [ -0.652394152287564, 38.017580114152494 ], [ -0.652379778551958, 38.017539263873374 ], [ -0.652379778543565, 38.017539263848114 ], [ -0.652365598619257, 38.017493911923488 ], [ -0.652365598619256, 38.017493911923488 ], [ -0.652365598597059, 38.017493911832759 ], [ -0.652360774488641, 38.017466800397372 ], [ -0.652360774483232, 38.017466800361895 ], [ -0.652356186548801, 38.017430683514583 ], [ -0.652356186543522, 38.017430683449156 ], [ -0.652355094077838, 38.01739910499699 ], [ -0.652355094077776, 38.017399104949611 ], [ -0.652356244342939, 38.017363065782646 ], [ -0.652356244349975, 38.017363065702853 ], [ -0.652360795401812, 38.017331640534472 ], [ -0.652360795410882, 38.01733164048435 ], [ -0.652366642979565, 38.017304737718945 ], [ -0.652366642983641, 38.017304737701245 ], [ -0.652373197440441, 38.017277813011937 ], [ -0.65237319748387, 38.017277812884601 ], [ -0.652387025697189, 38.017246569527501 ], [ -0.652388852072599, 38.017233062608277 ], [ -0.65238788851014, 38.017219535972686 ], [ -0.652380167621193, 38.017192362271643 ], [ -0.652374913851879, 38.01717874987046 ], [ -0.652364812407006, 38.017160499083438 ], [ -0.652338221363088, 38.017123941879589 ], [ -0.652325874902541, 38.0171101877445 ], [ -0.65232587490254, 38.0171101877445 ], [ -0.652325874760946, 38.017110187531067 ], [ -0.652311219552255, 38.017078338145183 ], [ -0.652311219533253, 38.017078338100255 ], [ -0.65230070414828, 38.01705110846531 ], [ -0.652300704125978, 38.017051108398483 ], [ -0.652276390738498, 38.016964995381137 ], [ -0.652276390726215, 38.016964995331001 ], [ -0.652258517827818, 38.016879047050949 ], [ -0.652252655386988, 38.016860916925367 ], [ -0.652252655386987, 38.016860916925367 ], [ -0.652252655352212, 38.016860916734736 ], [ -0.652252242590629, 38.016851901963477 ], [ -0.652252242602862, 38.016851901795242 ], [ -0.652253976643619, 38.016842893978442 ], [ -0.65224772622944, 38.016793240095147 ], [ -0.652247726224975, 38.016793240046155 ], [ -0.652245428792213, 38.016752630993764 ], [ -0.652245428793673, 38.016752630892654 ], [ -0.652247736246256, 38.016725658311877 ], [ -0.652247736260899, 38.016725658216536 ], [ -0.652262715901444, 38.01665833873939 ], [ -0.652266127957921, 38.016595365813004 ], [ -0.652265132397307, 38.016559289263633 ], [ -0.65225195243596, 38.016482436759908 ], [ -0.652251952425852, 38.016482436656865 ], [ -0.652250694678169, 38.016432841846161 ], [ -0.652250694678303, 38.016432841805347 ], [ -0.652252275661077, 38.016383308208169 ], [ -0.652252275666005, 38.016383308144157 ], [ -0.652256121088928, 38.01635186437364 ], [ -0.652256121093751, 38.016351864340578 ], [ -0.652262217164279, 38.016315924871009 ], [ -0.652262217175426, 38.016315924817548 ], [ -0.65230554012608, 38.016141067047265 ], [ -0.652309947667153, 38.016114135569481 ], [ -0.652312254944421, 38.016087166637512 ], [ -0.652312992405924, 38.016042112736976 ], [ -0.652306044762088, 38.015879762773039 ], [ -0.652306044762879, 38.015879762697224 ], [ -0.652314642646154, 38.015744769897168 ], [ -0.652313508060193, 38.015713226699212 ], [ -0.652304306831322, 38.015622914568731 ], [ -0.652304306827642, 38.015622914497229 ], [ -0.6523042793564, 38.01560039988297 ], [ -0.652304279358025, 38.015600399833971 ], [ -0.652307018707758, 38.015559892292089 ], [ -0.652307018712801, 38.015559892242862 ], [ -0.652314429105189, 38.015505965064335 ], [ -0.652314429114567, 38.015505965010988 ], [ -0.65233367086198, 38.015416257974685 ], [ -0.652333670871079, 38.015416257937119 ], [ -0.652343351219811, 38.015380425198842 ], [ -0.652343351226871, 38.015380425174392 ], [ -0.652379119470082, 38.015263992635319 ], [ -0.652409607483829, 38.015156474679266 ], [ -0.652417987424875, 38.015116060945559 ], [ -0.652421281885746, 38.015080105243129 ], [ -0.652417872692266, 38.015030467548634 ], [ -0.652405667571747, 38.014967146579096 ], [ -0.652398698075034, 38.014939988731051 ], [ -0.652373253168639, 38.014867396727404 ], [ -0.652373253156895, 38.01486739669096 ], [ -0.652355913126296, 38.014808478596017 ], [ -0.652355913115143, 38.014808478553512 ], [ -0.652349645405192, 38.014781315745388 ], [ -0.652349645396169, 38.014781315699658 ], [ -0.652346674806999, 38.014763225281534 ], [ -0.652346674798028, 38.014763225192603 ], [ -0.652345128564172, 38.014722631136181 ], [ -0.652345128564018, 38.014722631086315 ], [ -0.652346853083985, 38.014668594824748 ], [ -0.652346853086834, 38.014668594779856 ], [ -0.652351129146153, 38.014623652058937 ], [ -0.652351129151148, 38.014623652018585 ], [ -0.652365525448193, 38.014529302147729 ], [ -0.652366387046694, 38.014502304338855 ], [ -0.652365849889837, 38.014475238014548 ], [ -0.652361431618664, 38.014412073449506 ], [ -0.652357038601396, 38.01437145860131 ], [ -0.652340436053638, 38.014267486561671 ], [ -0.652340436051549, 38.014267486547723 ], [ -0.652318977693287, 38.014113883830859 ], [ -0.652318977689997, 38.014113883803482 ], [ -0.652310332988258, 38.014028084662193 ], [ -0.652310332986048, 38.014028084635108 ], [ -0.652306102884191, 38.013960417373895 ], [ -0.652306102883155, 38.01396041735191 ], [ -0.652303968147655, 38.013892796452119 ], [ -0.652303968147377, 38.013892796419206 ], [ -0.652305154324698, 38.013811730710565 ], [ -0.652305154325521, 38.013811730685191 ], [ -0.652311037417724, 38.013694695735637 ], [ -0.652311037419168, 38.013694695713667 ], [ -0.652316881976804, 38.013622729586544 ], [ -0.652316881981192, 38.013622729546505 ], [ -0.652322466817777, 38.0135822779311 ], [ -0.65232246682172, 38.013582277905854 ], [ -0.652330288408126, 38.013537406001994 ], [ -0.652330288421763, 38.0135374059399 ], [ -0.652370745636096, 38.013385004889592 ], [ -0.652374309201986, 38.013362562963557 ], [ -0.652375439989795, 38.013349078095239 ], [ -0.652372350164569, 38.013312954317541 ], [ -0.652357393169822, 38.013245077331895 ], [ -0.652357393158473, 38.013245077266177 ], [ -0.652347759096646, 38.013168295523123 ], [ -0.652347759093364, 38.013168295491219 ], [ -0.652345225586504, 38.013136724279647 ], [ -0.652345225584581, 38.013136724199839 ], [ -0.652346519224573, 38.013096186861787 ], [ -0.652346519228555, 38.013096186805903 ], [ -0.652356479183801, 38.013006253778649 ], [ -0.652366646165051, 38.012889345866498 ], [ -0.652367481472978, 38.012839792883355 ], [ -0.652365665978382, 38.012785685935498 ], [ -0.652362981958547, 38.012758617299497 ], [ -0.652358016975917, 38.012735963578919 ], [ -0.65234890199582, 38.012708766455859 ], [ -0.652348901995008, 38.012708766453429 ], [ -0.652324856661332, 38.012636202353271 ], [ -0.652324856651395, 38.012636202320827 ], [ -0.652303152959045, 38.012559179472845 ], [ -0.652303152950198, 38.012559179438277 ], [ -0.652293770036964, 38.012518429728189 ], [ -0.652293770024132, 38.012518429655998 ], [ -0.65228751538558, 38.012468735002123 ], [ -0.652287515381394, 38.012468734957793 ], [ -0.652284667168602, 38.012423613867568 ], [ -0.652284667167197, 38.01242361381837 ], [ -0.652284990429629, 38.012369585593007 ], [ -0.65228499043169, 38.012369585542942 ], [ -0.652287396841602, 38.012338076983923 ], [ -0.65228784692621, 38.012302023827317 ], [ -0.652287846926232, 38.012302023825782 ], [ -0.652288440515031, 38.012261509445096 ], [ -0.652288440518963, 38.012261509379996 ], [ -0.652296568330514, 38.012185086946687 ], [ -0.65229851487064, 38.012156710438568 ], [ -0.652300581950774, 38.012126590911635 ], [ -0.652300555575476, 38.012104040310163 ], [ -0.652299180378023, 38.012081499715585 ], [ -0.652293893856806, 38.012045332004476 ], [ -0.652286368194088, 38.012013661125657 ], [ -0.652246843325635, 38.011891218102846 ], [ -0.652246843322621, 38.011891218093282 ], [ -0.652238473413564, 38.011864053827956 ], [ -0.652238473395721, 38.011864053758188 ], [ -0.652229236019173, 38.011818782505756 ], [ -0.652229236008615, 38.011818782437572 ], [ -0.652225400599654, 38.011782648154302 ], [ -0.652225400595672, 38.011782648074664 ], [ -0.652225886733719, 38.01170156747699 ], [ -0.652218238187882, 38.011539234950746 ], [ -0.652218238187189, 38.011539234928996 ], [ -0.652217267463538, 38.011480643791195 ], [ -0.652217267463606, 38.011480643764031 ], [ -0.652220276125736, 38.01134103818211 ], [ -0.652220276128907, 38.011341038128563 ], [ -0.65222986979076, 38.011242091240177 ], [ -0.652235157682304, 38.011165612096022 ], [ -0.652234449327407, 38.011120533793473 ], [ -0.652230489685057, 38.011066379498928 ], [ -0.652200223765476, 38.010854029948533 ], [ -0.652188908537289, 38.010786221159229 ], [ -0.652173108573363, 38.010722828312062 ], [ -0.652117547420759, 38.010545994141317 ], [ -0.652117547401615, 38.010545994067236 ], [ -0.652112024972706, 38.010518865047288 ], [ -0.652112024972707, 38.010518865047288 ], [ -0.652112024960291, 38.010518864958343 ], [ -0.65210547955386, 38.010433106802815 ], [ -0.652105479551819, 38.010433106741964 ], [ -0.652106352129201, 38.010338526298348 ], [ -0.652103540225962, 38.010248374182481 ], [ -0.652088682264328, 38.01006785211267 ], [ -0.652083997762099, 38.010036201944246 ], [ -0.652070474834907, 38.009990863131598 ], [ -0.652070474813066, 38.009990863035178 ], [ -0.65206694741491, 38.009968278485367 ], [ -0.652066947408464, 38.009968278430222 ], [ -0.652062384776673, 38.00990961193628 ], [ -0.652055579687089, 38.009855405288292 ], [ -0.652038402627781, 38.009769470801281 ], [ -0.652038402622902, 38.009769470774224 ], [ -0.652031861054719, 38.00972877689486 ], [ -0.652031861053351, 38.009728776886 ], [ -0.652027181119964, 38.009697162775389 ], [ -0.652027181114277, 38.009697162724542 ], [ -0.652020680181623, 38.009611442427797 ], [ -0.652011586130762, 38.009561691057179 ], [ -0.652011586124074, 38.009561691012891 ], [ -0.651998117473077, 38.009448774948467 ], [ -0.651983036069544, 38.00936287780501 ], [ -0.651983036063383, 38.009362877762548 ], [ -0.651975260758232, 38.009295144132253 ], [ -0.651975260754363, 38.009295144084497 ], [ -0.651970134802459, 38.009186896585 ], [ -0.651959137346176, 38.009019959134484 ], [ -0.651953580766328, 38.008970315352087 ], [ -0.651953580763297, 38.008970315317406 ], [ -0.651952160191027, 38.008947736807762 ], [ -0.651952160192636, 38.008947736697458 ], [ -0.651960863424017, 38.008853312662801 ], [ -0.651960863462352, 38.008853312487744 ], [ -0.651963996113335, 38.008844368535918 ], [ -0.651963996164199, 38.00884436842135 ], [ -0.651976091219175, 38.008822060905885 ], [ -0.651980950262029, 38.008804163092734 ], [ -0.651985223989254, 38.008714138177233 ], [ -0.651983386270064, 38.008682540397274 ], [ -0.651977719232676, 38.008659913242091 ], [ -0.651966362581771, 38.008637136386795 ], [ -0.651947874216637, 38.008614253048201 ], [ -0.651929943388066, 38.008595881808233 ], [ -0.65190432565843, 38.008572819993866 ], [ -0.651886146496983, 38.008563450390916 ], [ -0.651868483858039, 38.008558595677762 ], [ -0.651852122981781, 38.008558268809502 ], [ -0.651852122748009, 38.008558268785535 ], [ -0.651825225110402, 38.008553225917161 ], [ -0.651792405078388, 38.008557074792499 ], [ -0.651792405078386, 38.008557074792499 ], [ -0.651792404827864, 38.008557074799803 ], [ -0.651792404581396, 38.008557074763551 ], [ -0.651771896366741, 38.008552159502926 ], [ -0.651771896145519, 38.008552159428966 ], [ -0.651771895948827, 38.008552159319912 ], [ -0.651751720381339, 38.008538248671947 ], [ -0.651751720351937, 38.00853824865095 ], [ -0.651732945866608, 38.00852436599282 ], [ -0.65173294572281, 38.008524365864055 ], [ -0.651699222732943, 38.008487629897054 ], [ -0.651699222689437, 38.008487629846073 ], [ -0.651662948322138, 38.0084418399613 ], [ -0.651662948305524, 38.008441839939664 ], [ -0.651656150697202, 38.008432697790781 ], [ -0.651645618818481, 38.008427981982742 ], [ -0.651630095900304, 38.008423170887596 ], [ -0.65161518074048, 38.00842287287297 ], [ -0.651599370652857, 38.008427057926149 ], [ -0.65155982805647, 38.008439778967947 ], [ -0.651559827804169, 38.008439779023405 ], [ -0.651528355279321, 38.00844368721966 ], [ -0.65152835527932, 38.00844368721966 ], [ -0.651528355073986, 38.008443687230269 ], [ -0.651509148683238, 38.008443302555875 ], [ -0.651486396901521, 38.008442847936138 ], [ -0.651486396701507, 38.008442847918054 ], [ -0.651454513657825, 38.008437673773621 ], [ -0.651454513657826, 38.008437673773621 ], [ -0.651454513411696, 38.008437673709878 ], [ -0.651415132834998, 38.008423373840643 ], [ -0.65141513282172, 38.00842337383574 ], [ -0.651313865400662, 38.008385345710529 ], [ -0.651313865400664, 38.008385345710529 ], [ -0.651313865299396, 38.008385345667406 ], [ -0.651294195605121, 38.008375928043769 ], [ -0.651294195603206, 38.008375928042859 ], [ -0.651274577706067, 38.00836649342898 ], [ -0.651274577706066, 38.00836649342898 ], [ -0.651274577549294, 38.008366493338258 ], [ -0.651254408958385, 38.008352582745673 ], [ -0.651254408882426, 38.00835258268819 ], [ -0.651237727753942, 38.008338737279914 ], [ -0.651237727736626, 38.00833873726522 ], [ -0.651221797682467, 38.008324910468559 ], [ -0.651221797621259, 38.008324910410749 ], [ -0.651203912637191, 38.00830650398764 ], [ -0.651195526028691, 38.008301835521991 ], [ -0.651158796141115, 38.008292095 ], [ -0.651158795911029, 38.008292094915397 ], [ -0.651158795710341, 38.008292094792566 ], [ -0.651140720229691, 38.008278226010766 ], [ -0.651140720229688, 38.008278226010766 ], [ -0.651140720100153, 38.008278225892418 ], [ -0.651102902658983, 38.008236906015682 ], [ -0.651102902607112, 38.008236905953787 ], [ -0.651074915212286, 38.008200320481727 ], [ -0.651074915185503, 38.008200320444764 ], [ -0.6510592668545, 38.008177493680378 ], [ -0.651046184621781, 38.008163688746336 ], [ -0.651027409453011, 38.008149801515884 ], [ -0.650982166146498, 38.008117380279053 ], [ -0.650982166034528, 38.008117380186526 ], [ -0.650962836738998, 38.008098944754828 ], [ -0.650962836687894, 38.008098944702255 ], [ -0.6509298130916, 38.008062258541742 ], [ -0.650929813091597, 38.008062258541742 ], [ -0.650929813010304, 38.008062258436972 ], [ -0.650896573982925, 38.008012024405751 ], [ -0.650881481988079, 38.007993714287274 ], [ -0.65086625346354, 38.007979861033029 ], [ -0.650842487547554, 38.007965878576407 ], [ -0.650780648718786, 38.007942128524917 ], [ -0.650780648560536, 38.007942128451106 ], [ -0.650713500036629, 38.007904723200696 ], [ -0.650713499979726, 38.007904723166845 ], [ -0.650625579039371, 38.007848930140163 ], [ -0.650625579018028, 38.007848930126301 ], [ -0.650548937042501, 38.007797827468927 ], [ -0.650548937042502, 38.007797827468927 ], [ -0.650548936918399, 38.007797827372421 ], [ -0.650533701413311, 38.00778401532417 ], [ -0.650505095398787, 38.007765394452136 ], [ -0.650478490952821, 38.007751355102563 ], [ -0.650469404393789, 38.00774666704045 ], [ -0.65046940439379, 38.00774666704045 ], [ -0.650469404215474, 38.007746666926664 ], [ -0.650469404069548, 38.007746666786964 ], [ -0.650469403961924, 38.007746666626979 ], [ -0.650464700456123, 38.007737570573155 ], [ -0.650464700456122, 38.007737570573155 ], [ -0.650464700398682, 38.007737570428283 ], [ -0.650459590200396, 38.007719455277517 ], [ -0.650454888096354, 38.007710318903506 ], [ -0.650425169615988, 38.007682705317556 ], [ -0.650425169559659, 38.007682705260756 ], [ -0.650379108685007, 38.007632214737377 ], [ -0.65031367208854, 38.007563327380744 ], [ -0.650313672064524, 38.007563327354497 ], [ -0.650245023200488, 38.007485370101655 ], [ -0.650245023200491, 38.007485370101655 ], [ -0.650245023114014, 38.007485369985901 ], [ -0.65023077520551, 38.007462566548753 ], [ -0.650230775205508, 38.007462566548753 ], [ -0.650230775128474, 38.007462566388718 ], [ -0.650219713381013, 38.007430788575931 ], [ -0.650219713358722, 38.007430788498809 ], [ -0.650213439382038, 38.007403647968616 ], [ -0.650213439371165, 38.007403647911168 ], [ -0.650208761475783, 38.007371997770655 ], [ -0.650166008614378, 38.007217968939415 ], [ -0.650160750310585, 38.007204351790385 ], [ -0.650160750305032, 38.007204351775549 ], [ -0.650157448072828, 38.007195243175474 ], [ -0.650157448034196, 38.007195243015545 ], [ -0.650154070655778, 38.007168160393256 ], [ -0.650154070650277, 38.007168160304211 ], [ -0.650154089230407, 38.00714564659161 ], [ -0.650154089260273, 38.007145646387215 ], [ -0.650158066942178, 38.007132177813659 ], [ -0.650158067063474, 38.007132177570107 ], [ -0.650167728370412, 38.007118863278009 ], [ -0.650170855395118, 38.007109919451949 ], [ -0.650171842764657, 38.007100932878714 ], [ -0.650169290615596, 38.007091875534549 ], [ -0.650161936967397, 38.007078221174012 ], [ -0.650151550074004, 38.007068971130728 ], [ -0.65009548973648, 38.007040835295477 ], [ -0.650083557393791, 38.0070361092478 ], [ -0.650083557393792, 38.0070361092478 ], [ -0.650083557200658, 38.007036109151002 ], [ -0.650083557035865, 38.007036109025613 ], [ -0.650083556906056, 38.007036108876704 ], [ -0.650074012859164, 38.007022391584599 ], [ -0.650074012859162, 38.007022391584599 ], [ -0.650074012810133, 38.007022391505132 ], [ -0.650066613546899, 38.007008736017553 ], [ -0.650066613546902, 38.007008736017553 ], [ -0.65006661349068, 38.007008735886998 ], [ -0.650066613460306, 38.007008735751192 ], [ -0.650063789160734, 38.006986124649146 ], [ -0.650063789157888, 38.006986124622252 ], [ -0.650062224203911, 38.006968085755808 ], [ -0.650057664812646, 38.006954482769032 ], [ -0.65004602054872, 38.006940741737843 ], [ -0.650024407354369, 38.006926766133034 ], [ -0.650014569793099, 38.006922063951833 ], [ -0.650014569793097, 38.006922063951833 ], [ -0.650014569621356, 38.006922063851192 ], [ -0.650014569476404, 38.006922063726947 ], [ -0.649983600797105, 38.006889923913235 ], [ -0.649983600797108, 38.006889923913235 ], [ -0.649983600656226, 38.006889923722248 ], [ -0.649976195731452, 38.006876268115917 ], [ -0.649976195731451, 38.006876268115917 ], [ -0.649976195666668, 38.006876267957345 ], [ -0.649969785030421, 38.006853589761882 ], [ -0.64996098610848, 38.006839901876624 ], [ -0.649960986108481, 38.006839901876624 ], [ -0.6499609860217, 38.006839901695834 ], [ -0.649960985985686, 38.006839901504563 ], [ -0.649960527253049, 38.006830908325185 ], [ -0.649960527264081, 38.006830908158634 ], [ -0.649960527313721, 38.006830907996566 ], [ -0.649964406157713, 38.006821960995239 ], [ -0.649964406291352, 38.006821960783121 ], [ -0.649994693451553, 38.006786504172041 ], [ -0.649994693501959, 38.006786504117549 ], [ -0.650016763292675, 38.006764432293579 ], [ -0.650026613876859, 38.00674661634369 ], [ -0.650029747740884, 38.006737636615277 ], [ -0.650029020882897, 38.006715108188253 ], [ -0.650022891972141, 38.006683465083142 ], [ -0.650022891972139, 38.006683465083142 ], [ -0.650022891959785, 38.006683464980107 ], [ -0.650017813113291, 38.00657522291683 ], [ -0.650014004879659, 38.006561634865136 ], [ -0.650007301183738, 38.00654795745055 ], [ -0.649996914367334, 38.006538742510969 ], [ -0.649960666720899, 38.006515503775496 ], [ -0.649949435039538, 38.006510773721715 ], [ -0.64994943503954, 38.006510773721715 ], [ -0.649949434852816, 38.006510773623269 ], [ -0.649949434694124, 38.006510773497737 ], [ -0.649949434569628, 38.00651077335003 ], [ -0.649943291481079, 38.006501648508319 ], [ -0.649936494115813, 38.006492506078267 ], [ -0.649936494115814, 38.006492506078267 ], [ -0.649936494024471, 38.006492505923461 ], [ -0.64993649397171, 38.006492505757805 ], [ -0.649930366264777, 38.006460826626572 ], [ -0.649927114209039, 38.006451755216219 ], [ -0.649911466685739, 38.006428928462277 ], [ -0.649899679906592, 38.006419650297673 ], [ -0.64989967986806, 38.006419650265826 ], [ -0.649883750678435, 38.00640581978292 ], [ -0.649866232318944, 38.006396462121579 ], [ -0.649866232280508, 38.006396462100135 ], [ -0.64977821776085, 38.006345136063096 ], [ -0.649778217703583, 38.006345136027406 ], [ -0.649750305418944, 38.006326564819553 ], [ -0.649750305373967, 38.00632656478799 ], [ -0.649725289628362, 38.006308051494166 ], [ -0.649725289628364, 38.006308051494166 ], [ -0.649725289537709, 38.006308051418848 ], [ -0.649690731605186, 38.00627580371345 ], [ -0.649690731551324, 38.006275803659086 ], [ -0.649648766627293, 38.006229935464383 ], [ -0.64959402874972, 38.006183772174609 ], [ -0.649594028704662, 38.00618377213425 ], [ -0.649569856671432, 38.006160774665446 ], [ -0.64956985667143, 38.006160774665446 ], [ -0.649569856576702, 38.006160774560982 ], [ -0.649552071734418, 38.006137867872596 ], [ -0.64955207173294, 38.006137867870692 ], [ -0.649530883164331, 38.006110424536736 ], [ -0.649530883164332, 38.006110424536736 ], [ -0.649530883086242, 38.006110424416008 ], [ -0.649518782010947, 38.006087632288065 ], [ -0.64951878198958, 38.006087632244721 ], [ -0.649483561839837, 38.006010343066613 ], [ -0.649483561807857, 38.006010342984297 ], [ -0.649477700772109, 38.005992212702175 ], [ -0.649477700772108, 38.005992212702175 ], [ -0.64947770074909, 38.005992212612028 ], [ -0.649473434501766, 38.005969613208215 ], [ -0.649473434501767, 38.005969613208215 ], [ -0.649473434489621, 38.005969613097335 ], [ -0.649472029051416, 38.005924516303864 ], [ -0.649467495226474, 38.005888368041198 ], [ -0.64946112918585, 38.005865726730278 ], [ -0.649450616299117, 38.005838496993221 ], [ -0.649396284487997, 38.005756284138307 ], [ -0.649351626555952, 38.005705821346339 ], [ -0.649318506615273, 38.005673637531203 ], [ -0.649296888180787, 38.005659697709234 ], [ -0.649257607744066, 38.005640863010825 ], [ -0.649257607688142, 38.005640862982197 ], [ -0.649223316562604, 38.00562216767765 ], [ -0.649223316553353, 38.005622167672556 ], [ -0.649206539319618, 38.005612825627097 ], [ -0.649167159657947, 38.005598525983899 ], [ -0.649121350796773, 38.005584101360817 ], [ -0.649096454799713, 38.005583603401604 ], [ -0.649096454602993, 38.005583603384054 ], [ -0.649096454413091, 38.005583603339787 ], [ -0.649080938007583, 38.005578792059296 ], [ -0.649055204257975, 38.005582777382671 ], [ -0.649037249086708, 38.005586923727968 ], [ -0.649025730072413, 38.005591194287632 ], [ -0.649016356464555, 38.005595507716308 ], [ -0.64900609360948, 38.005604307861482 ], [ -0.649000821247881, 38.005613208701099 ], [ -0.64898846488203, 38.005667032174081 ], [ -0.648988464858427, 38.005667032255317 ], [ -0.648982153626902, 38.005684919083549 ], [ -0.648982153535557, 38.005684919264255 ], [ -0.648976181087384, 38.005693806333937 ], [ -0.648976181013946, 38.005693806428617 ], [ -0.648964373130161, 38.005707113831633 ], [ -0.648964373130164, 38.005707113831633 ], [ -0.648964373054303, 38.005707113908016 ], [ -0.648949720916987, 38.005720331976555 ], [ -0.648949720916988, 38.005720331976555 ], [ -0.648949720749722, 38.005720332099905 ], [ -0.648935218129268, 38.005729048538363 ], [ -0.648935218129268, 38.005729048538363 ], [ -0.64893521794727, 38.005729048627735 ], [ -0.648935217747333, 38.005729048688551 ], [ -0.648916568314483, 38.005733176650587 ], [ -0.648883555445447, 38.00574152190967 ], [ -0.648883555445446, 38.00574152190967 ], [ -0.648883555283422, 38.005741521940486 ], [ -0.648853530380223, 38.00574542234606 ], [ -0.648797765442885, 38.005753312455255 ], [ -0.648797765332948, 38.005753312466474 ], [ -0.648743596706412, 38.00575672894562 ], [ -0.648732776369422, 38.005761053967525 ], [ -0.648732776369423, 38.005761053967525 ], [ -0.648732776251022, 38.00576105400836 ], [ -0.648718366278118, 38.005765271206862 ], [ -0.648690055496696, 38.005782713322461 ], [ -0.648690055496698, 38.005782713322461 ], [ -0.648690055370046, 38.005782713390197 ], [ -0.648680681383302, 38.005787031381395 ], [ -0.648680681383301, 38.005787031381395 ], [ -0.648680681188765, 38.005787031452527 ], [ -0.648665616807391, 38.005791230195491 ], [ -0.648636849016675, 38.005799661212365 ], [ -0.648636849016676, 38.005799661212365 ], [ -0.648636848694354, 38.005799661266586 ], [ -0.648573397619322, 38.005802891963782 ], [ -0.648555350013575, 38.00581153728195 ], [ -0.648527737771023, 38.005829033031766 ], [ -0.648527737771025, 38.005829033031766 ], [ -0.648527737590974, 38.00582903312521 ], [ -0.648527737391908, 38.005829033190167 ], [ -0.648510534563249, 38.0058331900008 ], [ -0.648501109457934, 38.005837506900654 ], [ -0.648501109457936, 38.005837506900654 ], [ -0.648501109261888, 38.005837506971766 ], [ -0.648501109052407, 38.005837507012352 ], [ -0.648501108837012, 38.005837507020956 ], [ -0.648501108623432, 38.00583750699726 ], [ -0.64850110841933, 38.005837506942136 ], [ -0.648501108232034, 38.005837506857524 ], [ -0.648492721953805, 38.005832833559822 ], [ -0.648475249178207, 38.005823481967205 ], [ -0.648456332581233, 38.005814060156169 ], [ -0.648429297275311, 38.005813519252939 ], [ -0.648419177168314, 38.005817853667523 ], [ -0.648406114375422, 38.005826598714989 ], [ -0.648385444849044, 38.005848716278045 ], [ -0.648377373071739, 38.005857543287028 ], [ -0.648377372924618, 38.005857543418664 ], [ -0.648377372747994, 38.00585754352521 ], [ -0.648377372548588, 38.005857543602602 ], [ -0.648377372333992, 38.005857543647871 ], [ -0.648377372112369, 38.005857543659303 ], [ -0.648377371892154, 38.005857543636495 ], [ -0.648377371681727, 38.005857543580284 ], [ -0.648363994829288, 38.005852774993777 ], [ -0.648343343952134, 38.005852361809865 ], [ -0.648343343659819, 38.00585236177357 ], [ -0.648300974774656, 38.005842506608566 ], [ -0.648300974549005, 38.005842506534457 ], [ -0.648300974348534, 38.005842506423967 ], [ -0.648280756040665, 38.005828589896652 ], [ -0.648269524452432, 38.005823864198923 ], [ -0.648269524278894, 38.005823864108969 ], [ -0.648269524128869, 38.005823863995587 ], [ -0.648269524007336, 38.005823863862553 ], [ -0.648262681376637, 38.005814720416261 ], [ -0.648262681376638, 38.005814720416261 ], [ -0.648262681264703, 38.00581472021323 ], [ -0.648254171414067, 38.0057919998942 ], [ -0.648245372835714, 38.005778316465118 ], [ -0.648225297169889, 38.005759901783968 ], [ -0.648225297168316, 38.00575990178254 ], [ -0.648205269236273, 38.005741451928159 ], [ -0.648205269236275, 38.005741451928159 ], [ -0.648205269068962, 38.005741451723374 ], [ -0.648199871886581, 38.005732336294813 ], [ -0.64819987188658, 38.005732336294813 ], [ -0.648199871812666, 38.005732336129924 ], [ -0.6481927549977, 38.005709679645953 ], [ -0.648192754997699, 38.005709679645953 ], [ -0.648192754964891, 38.005709679462562 ], [ -0.648190609229084, 38.005664573321425 ], [ -0.648186095780371, 38.00565097118627 ], [ -0.64817510750386, 38.005637243905078 ], [ -0.648166865120725, 38.005628071618453 ], [ -0.648138449779809, 38.005604952959096 ], [ -0.648138449779808, 38.005604952959096 ], [ -0.648081572338676, 38.005558786674477 ], [ -0.648081572252296, 38.005558786595721 ], [ -0.648072585481199, 38.005549564189522 ], [ -0.648072585393627, 38.005549564085435 ], [ -0.648052843027698, 38.005522148597883 ], [ -0.648043155259768, 38.00551294828459 ], [ -0.647983577830803, 38.005462186433391 ], [ -0.647968199382651, 38.005452876709043 ], [ -0.647968199224981, 38.005452876593374 ], [ -0.647968199097612, 38.005452876456296 ], [ -0.647968199005088, 38.005452876302719 ], [ -0.647968198950707, 38.005452876138108 ], [ -0.647966341307517, 38.005443832430821 ], [ -0.647966341307516, 38.005443832430821 ], [ -0.647966341293689, 38.005443832250151 ], [ -0.647966341325781, 38.005443832070959 ], [ -0.647966341402496, 38.00544383190045 ], [ -0.647966341520738, 38.005443831745531 ], [ -0.647966341675735, 38.005443831612439 ], [ -0.647966341861228, 38.00544383150654 ], [ -0.647966342069733, 38.00544383143211 ], [ -0.647982152056242, 38.005439642289687 ], [ -0.647982152056241, 38.005439642289687 ], [ -0.647982152248833, 38.005439642253037 ], [ -0.647982152446538, 38.005439642243353 ], [ -0.647992127633873, 38.0054398418579 ], [ -0.648018849000042, 38.005426869235485 ], [ -0.648029813197683, 38.005418046140527 ], [ -0.648029813197684, 38.005418046140527 ], [ -0.648029813368801, 38.005418046027451 ], [ -0.648029813564485, 38.005418045942939 ], [ -0.648029813777232, 38.005418045890224 ], [ -0.648054153705638, 38.005414032834722 ], [ -0.64805415396666, 38.00541403281607 ], [ -0.648065529016819, 38.005414260436325 ], [ -0.648082876570258, 38.005405601226315 ], [ -0.648095284855109, 38.00539684316383 ], [ -0.648100511737547, 38.0053879415361 ], [ -0.648102532424416, 38.00536997008723 ], [ -0.648098124073606, 38.005351833008085 ], [ -0.648086624033701, 38.005333594441311 ], [ -0.648077780153625, 38.005319904636593 ], [ -0.648066692582733, 38.005310680964925 ], [ -0.648052616071688, 38.005305893839051 ], [ -0.64803784629144, 38.005301097334687 ], [ -0.648011505364673, 38.005300570232613 ], [ -0.648002831816543, 38.00530489750826 ], [ -0.647981049539415, 38.005317968244547 ], [ -0.647981049539414, 38.005317968244547 ], [ -0.647981049288453, 38.005317968358597 ], [ -0.647968135810812, 38.005322215464069 ], [ -0.647968135810814, 38.005322215464069 ], [ -0.647968135582504, 38.005322215517808 ], [ -0.64796813534506, 38.005322215532786 ], [ -0.647938954281018, 38.005321631579605 ], [ -0.647938954091917, 38.005321631563248 ], [ -0.647938953908902, 38.005321631522193 ], [ -0.64790651661585, 38.005311974994257 ], [ -0.647863958742321, 38.005306622326131 ], [ -0.647863958533622, 38.005306622283527 ], [ -0.647847042238851, 38.005301778231647 ], [ -0.647847042238849, 38.005301778231647 ], [ -0.64784704205504, 38.005301778163819 ], [ -0.647847041889358, 38.005301778071249 ], [ -0.647847041747065, 38.005301777956888 ], [ -0.647847041632676, 38.005301777824357 ], [ -0.647834098658289, 38.005283468793067 ], [ -0.647834098658293, 38.005283468793067 ], [ -0.647834098545752, 38.005283468566475 ], [ -0.647825731515861, 38.005256286133672 ], [ -0.647792443508989, 38.005206050325313 ], [ -0.647792443508987, 38.005206050325313 ], [ -0.647792443459153, 38.005206050239444 ], [ -0.647765036421969, 38.005151431049597 ], [ -0.647743998341888, 38.005119489493943 ], [ -0.647719222366584, 38.005091938061355 ], [ -0.64770613324811, 38.005078168597137 ], [ -0.647679861896111, 38.005055145915449 ], [ -0.647654103408507, 38.005036599330857 ], [ -0.647654103396258, 38.00503659932189 ], [ -0.647635325044748, 38.005022675395644 ], [ -0.647635325044746, 38.005022675395644 ], [ -0.647635324882488, 38.005022675245684 ], [ -0.647619539981084, 38.005004350763656 ], [ -0.647619539941674, 38.005004350714572 ], [ -0.647609296215513, 38.004990633641512 ], [ -0.647609296215515, 38.004990633641512 ], [ -0.647609296119663, 38.00499063347754 ], [ -0.647603342895585, 38.004977006780592 ], [ -0.647603342895584, 38.004977006780592 ], [ -0.647603342851315, 38.004977006646733 ], [ -0.647600230343298, 38.00496340076036 ], [ -0.647600230343296, 38.00496340076036 ], [ -0.647600230325106, 38.004963400604183 ], [ -0.64759966287451, 38.004868791400625 ], [ -0.647595731827159, 38.004837151730932 ], [ -0.64759103464881, 38.004828055899367 ], [ -0.647575244319137, 38.004809726874612 ], [ -0.647575244319134, 38.004809726874612 ], [ -0.647575244192444, 38.004809726680541 ], [ -0.647564589298194, 38.004786999346152 ], [ -0.647564589262412, 38.004786999255415 ], [ -0.647558735628402, 38.004768832985611 ], [ -0.6475587356284, 38.004768832985611 ], [ -0.647558735593435, 38.004768832784592 ], [ -0.647558054998694, 38.004746305081213 ], [ -0.647558055015458, 38.004746304904174 ], [ -0.647563019373872, 38.004723890228995 ], [ -0.647564197639393, 38.004710365860952 ], [ -0.647558068212004, 38.004678740687801 ], [ -0.647558068201696, 38.004678740614921 ], [ -0.647552811109965, 38.004620041279502 ], [ -0.647547408398606, 38.004610931412131 ], [ -0.647505766722041, 38.004578536903679 ], [ -0.647505766645707, 38.00457853683811 ], [ -0.647496078838527, 38.004569340907338 ], [ -0.64749607872678, 38.004569340780563 ], [ -0.64749607864407, 38.004569340640529 ], [ -0.647496078592834, 38.004569340491351 ], [ -0.647492966248598, 38.004555766143753 ], [ -0.647492966248599, 38.004555766143753 ], [ -0.647492966233796, 38.00455576605335 ], [ -0.647490284148307, 38.0045286972748 ], [ -0.647490284145189, 38.004528697181605 ], [ -0.647491004577004, 38.004506161475 ], [ -0.647491004589263, 38.004506161364013 ], [ -0.647496112886139, 38.004479244079306 ], [ -0.64749584449964, 38.004465731325844 ], [ -0.647493287062941, 38.004456673804491 ], [ -0.647484444600774, 38.004442948972766 ], [ -0.647471263077902, 38.004433683255762 ], [ -0.647462827024131, 38.004429008930636 ], [ -0.647443209587811, 38.004419608857951 ], [ -0.647443209422633, 38.004419608761708 ], [ -0.647429982319695, 38.004410337479065 ], [ -0.647429982319696, 38.004410337479065 ], [ -0.647429982185753, 38.004410337367638 ], [ -0.647429982077711, 38.004410337239811 ], [ -0.647429981998717, 38.004410337099308 ], [ -0.6474240231592, 38.004396710280787 ], [ -0.647424023159202, 38.004396710280787 ], [ -0.64742402310212, 38.004396710074687 ], [ -0.647421204084877, 38.004374103523645 ], [ -0.647421204088233, 38.00437410332303 ], [ -0.647424762888294, 38.004351661418497 ], [ -0.647425626128001, 38.004324659139606 ], [ -0.647425626145952, 38.004324659001469 ], [ -0.647429749047213, 38.004306692565002 ], [ -0.647427891549138, 38.004297649127722 ], [ -0.64742249451791, 38.004288539289163 ], [ -0.647412852670828, 38.004279339995449 ], [ -0.647400876196757, 38.004274593935698 ], [ -0.647400876028966, 38.00427459385412 ], [ -0.64740087588145, 38.004274593750907 ], [ -0.647389788626151, 38.004265365463283 ], [ -0.647369282071729, 38.004260454051376 ], [ -0.647369281999531, 38.004260454031979 ], [ -0.647320675552914, 38.004245937514725 ], [ -0.647320675466832, 38.00424593748577 ], [ -0.647307998865477, 38.004241177322044 ], [ -0.647307998672974, 38.004241177230334 ], [ -0.647307998506983, 38.00424117711048 ], [ -0.647307998373974, 38.004241176967184 ], [ -0.64730115600265, 38.004232033471403 ], [ -0.647301156002651, 38.004232033471403 ], [ -0.647301155906655, 38.004232033307623 ], [ -0.647291199959537, 38.004209319939356 ], [ -0.647291199909101, 38.004209319776898 ], [ -0.647291199897507, 38.004209319609835 ], [ -0.647291199925155, 38.004209319443966 ], [ -0.647291199991091, 38.004209319285017 ], [ -0.647291200093041, 38.00420931913844 ], [ -0.647291200227488, 38.004209319009298 ], [ -0.647291200389795, 38.004209318902078 ], [ -0.647299173737695, 38.004204977779345 ], [ -0.647298761600283, 38.004195963571689 ], [ -0.647296211072012, 38.004186870262956 ], [ -0.647279578357375, 38.004173029957116 ], [ -0.647279578357373, 38.004173029957116 ], [ -0.6472795782423, 38.004173029844459 ], [ -0.647279578151534, 38.004173029718672 ], [ -0.647263381606033, 38.004145686092542 ], [ -0.647234778108441, 38.004127064669866 ], [ -0.647209327740643, 38.004122053348524 ], [ -0.647209327454588, 38.004122053258243 ], [ -0.647198802086768, 38.004117337152415 ], [ -0.647176051996735, 38.004116881748118 ], [ -0.647176051828081, 38.004116881734738 ], [ -0.647176051663803, 38.004116881701712 ], [ -0.647157690173748, 38.004112013129649 ], [ -0.647157690173746, 38.004112013129649 ], [ -0.647157689952452, 38.004112013049252 ], [ -0.647157689757834, 38.004112012933426 ], [ -0.647157689598793, 38.004112012787523 ], [ -0.647157689482606, 38.004112012618201 ], [ -0.647157689414591, 38.004112012433175 ], [ -0.647149559479085, 38.004075823801863 ], [ -0.647139223284768, 38.004066615048849 ], [ -0.647139223259834, 38.00406661502587 ], [ -0.647129538265641, 38.004057378822239 ], [ -0.647091266635344, 38.004052106325375 ], [ -0.647075606959335, 38.004051792841096 ], [ -0.647056113159933, 38.004060445014055 ], [ -0.647042305126238, 38.004069174095555 ], [ -0.647030498448968, 38.004082445150679 ], [ -0.647010429865661, 38.004109062966968 ], [ -0.647010429865662, 38.004109062966968 ], [ -0.647010429756326, 38.004109063088023 ], [ -0.647010429623301, 38.004109063193155 ], [ -0.646997366794163, 38.00411780821873 ], [ -0.646997366794165, 38.00411780821873 ], [ -0.646997366642486, 38.004117808304457 ], [ -0.646997366475164, 38.004117808369458 ], [ -0.646970043625529, 38.004126302989825 ], [ -0.646958380797863, 38.004135075913879 ], [ -0.646958380658809, 38.004135076003102 ], [ -0.646950407065795, 38.004139417229744 ], [ -0.646945828868206, 38.004148331720472 ], [ -0.6469446973224, 38.004161816469576 ], [ -0.646944697306583, 38.004161816570836 ], [ -0.646940582243047, 38.004179747255129 ], [ -0.646940582171537, 38.004179747444915 ], [ -0.646940582049349, 38.004179747617741 ], [ -0.646940581882392, 38.004179747765271 ], [ -0.64692817231033, 38.004188541003892 ], [ -0.646928172310327, 38.004188541003892 ], [ -0.646928172111671, 38.004188541116747 ], [ -0.646899305324058, 38.004201470749969 ], [ -0.646899305324059, 38.004201470749969 ], [ -0.646899305164704, 38.004201470808987 ], [ -0.646899304995757, 38.00420147084786 ], [ -0.646874965248862, 38.004205489079119 ], [ -0.646874965248863, 38.004205489079119 ], [ -0.646874964987545, 38.004205489097828 ], [ -0.646861450182158, 38.004205218525662 ], [ -0.646844384568461, 38.00420487596147 ], [ -0.646844384359093, 38.004204875941824 ], [ -0.646844384157897, 38.004204875891944 ], [ -0.646844383971771, 38.004204875813578 ], [ -0.646844383807101, 38.004204875709398 ], [ -0.646844383669531, 38.004204875582985 ], [ -0.6468361415113, 38.004195704036199 ], [ -0.646836141511301, 38.004195704036199 ], [ -0.64683614139899, 38.00419570388042 ], [ -0.646836141327908, 38.004195703710117 ], [ -0.646836141300873, 38.004195703532048 ], [ -0.646836141318955, 38.004195703353268 ], [ -0.646840263251143, 38.00417773676638 ], [ -0.646840263321966, 38.004177736577866 ], [ -0.646859221082679, 38.004142090890802 ], [ -0.646859221117966, 38.00414209083074 ], [ -0.646876445575409, 38.004115384532604 ], [ -0.646876445575406, 38.004115384532604 ], [ -0.646876445677006, 38.00411538440337 ], [ -0.64688895143464, 38.004102122719225 ], [ -0.646888951434642, 38.004102122719225 ], [ -0.646888951554266, 38.004102122611464 ], [ -0.646923240423598, 38.004075794883491 ], [ -0.646923240569412, 38.004075794788768 ], [ -0.646923240732993, 38.004075794714396 ], [ -0.646934759885918, 38.004071519806963 ], [ -0.646934759885919, 38.004071519806963 ], [ -0.646934760113035, 38.004071519744834 ], [ -0.64695694854463, 38.00406746296585 ], [ -0.64697789246315, 38.004058876676062 ], [ -0.646977892463151, 38.004058876676062 ], [ -0.646977892622499, 38.004058876622473 ], [ -0.646977892790275, 38.004058876588608 ], [ -0.647006472683621, 38.004054911709801 ], [ -0.647016591785814, 38.00405060885376 ], [ -0.64702526518913, 38.004046281670689 ], [ -0.647034514398599, 38.00402395396106 ], [ -0.647034514498234, 38.004023953786138 ], [ -0.647034514642425, 38.004023953631886 ], [ -0.64704986101873, 38.004010748796091 ], [ -0.647049861018732, 38.004010748796091 ], [ -0.647049861184237, 38.004010748679001 ], [ -0.647049861375317, 38.00401074858955 ], [ -0.647061424687677, 38.004006479084211 ], [ -0.647070104093296, 38.00400215185195 ], [ -0.647070104093295, 38.00400215185195 ], [ -0.647070104292333, 38.004002151773065 ], [ -0.647070104506965, 38.00400215172634 ], [ -0.647070104728983, 38.004002151713571 ], [ -0.647095694590749, 38.004002663985823 ], [ -0.647126974854209, 38.004003291065274 ], [ -0.647154709768252, 38.004003846264702 ], [ -0.647167674030618, 38.003999600344187 ], [ -0.647179938396578, 38.003995305258229 ], [ -0.647197429661198, 38.003982148019979 ], [ -0.647212925220976, 38.003964449800577 ], [ -0.647217497690902, 38.003955535170277 ], [ -0.647212944735709, 38.00394193237225 ], [ -0.647193905153963, 38.003914500200878 ], [ -0.64719390515396, 38.003914500200878 ], [ -0.647193905075426, 38.003914500060588 ], [ -0.647193905028128, 38.003914499911772 ], [ -0.647190189991693, 38.00389641247714 ], [ -0.647190189991692, 38.00389641247714 ], [ -0.647190189977693, 38.003896412365208 ], [ -0.647189777827042, 38.003887397580684 ], [ -0.647189777832828, 38.00388739745177 ], [ -0.647191609260791, 38.003873926563969 ], [ -0.64719160927663, 38.003873926482612 ], [ -0.647197314579423, 38.003851490601328 ], [ -0.647199191666535, 38.00383801616168 ], [ -0.647199191720155, 38.0038380159707 ], [ -0.647203024619171, 38.003829086161502 ], [ -0.647203024697269, 38.003829086020481 ], [ -0.647203024804582, 38.003829085892029 ], [ -0.647203024937974, 38.003829085779927 ], [ -0.647215387596865, 38.003820332121172 ], [ -0.647215387596863, 38.003820332121172 ], [ -0.647215387797253, 38.003820332007606 ], [ -0.647215388023834, 38.003820331930839 ], [ -0.647249840936733, 38.003812015077621 ], [ -0.647259914378333, 38.003807711326488 ], [ -0.647269484027624, 38.003798860615333 ], [ -0.647275188070925, 38.003776461841113 ], [ -0.647275188139601, 38.003776461665922 ], [ -0.647275188251693, 38.003776461505396 ], [ -0.647275188402552, 38.003776461366165 ], [ -0.647286851296114, 38.003767688285841 ], [ -0.647286851434263, 38.003767688197108 ], [ -0.647310733184147, 38.003754658681402 ], [ -0.647310733184145, 38.003754658681402 ], [ -0.647310733417003, 38.003754658583688 ], [ -0.64731073367202, 38.003754658530973 ], [ -0.64734504139483, 38.003750845154656 ], [ -0.647357959802977, 38.003746598390833 ], [ -0.647366922181144, 38.003733234566518 ], [ -0.647371644410008, 38.003719817127021 ], [ -0.64737164441001, 38.003719817127021 ], [ -0.647371644502201, 38.003719816944788 ], [ -0.647371644642088, 38.003719816782684 ], [ -0.647390725032314, 38.003702190287349 ], [ -0.647395395956756, 38.003688772882178 ], [ -0.647399850830726, 38.003661810969277 ], [ -0.647399850875234, 38.003661810811622 ], [ -0.647399850954615, 38.003661810662791 ], [ -0.64740582910157, 38.003652923785182 ], [ -0.647405829101569, 38.003652923785182 ], [ -0.647405829216987, 38.003652923646257 ], [ -0.647405829362705, 38.003652923526481 ], [ -0.647405829533759, 38.003652923429925 ], [ -0.647415203206994, 38.003648605580665 ], [ -0.647433439926953, 38.003635463115977 ], [ -0.647433439926955, 38.003635463115977 ], [ -0.647433440078189, 38.003635463024082 ], [ -0.647433440246686, 38.003635462953461 ], [ -0.647458617756721, 38.003626961264224 ], [ -0.647470136524594, 38.0036226908556 ], [ -0.647483945576914, 38.003613924814786 ], [ -0.647492017606661, 38.003605080031932 ], [ -0.647496595805752, 38.003596165313674 ], [ -0.647499866803031, 38.00358272337963 ], [ -0.647501142172723, 38.003564735965128 ], [ -0.647499480800418, 38.003551159277933 ], [ -0.647494176627131, 38.003537541259973 ], [ -0.647483232581941, 38.003523832816462 ], [ -0.647457107843731, 38.003496276831427 ], [ -0.64745710784373, 38.003496276831427 ], [ -0.647457107773598, 38.00349627674818 ], [ -0.647446865425257, 38.003482523644522 ], [ -0.647446865392467, 38.00348252359732 ], [ -0.647438021588288, 38.003468839034959 ], [ -0.647438021588286, 38.003468839034959 ], [ -0.647438021520137, 38.003468838905547 ], [ -0.647438021478193, 38.003468838769329 ], [ -0.647436163937938, 38.003459795054638 ], [ -0.647436163937936, 38.003459795054638 ], [ -0.647436163923558, 38.003459794887355 ], [ -0.647436451660122, 38.003450794111345 ], [ -0.647436451672828, 38.003450793998006 ], [ -0.647438184767742, 38.00344182215148 ], [ -0.647438184815197, 38.003441821997775 ], [ -0.647442017518496, 38.003432896681254 ], [ -0.647442017525455, 38.003432896665537 ], [ -0.647448135047859, 38.003419471010297 ], [ -0.647448135154397, 38.003419470837166 ], [ -0.647448135305004, 38.003419470685905 ], [ -0.6474481354928, 38.003419470563422 ], [ -0.647464783056616, 38.003410798134915 ], [ -0.647464783056614, 38.003410798134915 ], [ -0.647464783247632, 38.003410798054837 ], [ -0.647477747479587, 38.003406556521043 ], [ -0.647477747479586, 38.003406556521043 ], [ -0.647477747706976, 38.003406556467809 ], [ -0.647477747943376, 38.003406556452973 ], [ -0.647507627996687, 38.003407154501346 ], [ -0.64752767632232, 38.003403050372896 ], [ -0.64753509937391, 38.003394198107863 ], [ -0.647542471587529, 38.003385339170471 ], [ -0.647553722091047, 38.003367551431722 ], [ -0.647565980733145, 38.003318227258283 ], [ -0.647565712327256, 38.003304714523019 ], [ -0.64756185464734, 38.003291089431372 ], [ -0.647548915382669, 38.00327282200719 ], [ -0.647548915310437, 38.00327282188438 ], [ -0.647540255305775, 38.003254635550384 ], [ -0.647527317295039, 38.003236363588506 ], [ -0.647527317295042, 38.003236363588506 ], [ -0.647527317196697, 38.003236363404135 ], [ -0.647518807816324, 38.003213642996691 ], [ -0.647512103691496, 38.003200001434841 ], [ -0.647502416318973, 38.003190801118926 ], [ -0.647502416300851, 38.003190801101255 ], [ -0.647488633338157, 38.003177017743454 ], [ -0.647469162522653, 38.003163080026795 ], [ -0.647433467696289, 38.003144351648537 ], [ -0.647433467696287, 38.003144351648537 ], [ -0.647433467500328, 38.003144351518436 ], [ -0.647422385742825, 38.00313512768173 ], [ -0.64742238566792, 38.003135127612715 ], [ -0.647413392420421, 38.003125941072248 ], [ -0.647413392313061, 38.003125940940258 ], [ -0.647413392236291, 38.003125940795513 ], [ -0.647404183177258, 38.003103201978135 ], [ -0.647391101386933, 38.003089432734846 ], [ -0.647370326668727, 38.003071003867184 ], [ -0.647370326643792, 38.003071003844305 ], [ -0.647360639071583, 38.003061807006752 ], [ -0.647360638962384, 38.003061806883423 ], [ -0.647360638880673, 38.003061806747432 ], [ -0.647351984605512, 38.003043620451692 ], [ -0.647351984605511, 38.003043620451692 ], [ -0.647351984567323, 38.003043620355406 ], [ -0.647346170935735, 38.003025454875974 ], [ -0.647335809778002, 38.00299372686505 ], [ -0.647335809778004, 38.00299372686505 ], [ -0.647335809747611, 38.002993726730608 ], [ -0.647334652142237, 38.002984697024054 ], [ -0.64733465213679, 38.00298469691036 ], [ -0.647334941032404, 38.002975660113172 ], [ -0.647334941062486, 38.002975659929014 ], [ -0.647334941139653, 38.002975659753631 ], [ -0.647340213630686, 38.002966758753324 ], [ -0.64734021371204, 38.0029667586386 ], [ -0.647351320321828, 38.002953474300462 ], [ -0.647351320475164, 38.002953474153593 ], [ -0.647351320664109, 38.002953474035493 ], [ -0.647359994296575, 38.002949146632346 ], [ -0.647359994502743, 38.002949146551252 ], [ -0.647359994725313, 38.002949146504648 ], [ -0.64735999495518, 38.002949146494437 ], [ -0.647359995182943, 38.002949146521019 ], [ -0.647359995399289, 38.002949146583326 ], [ -0.647359995595369, 38.002949146678802 ], [ -0.647367687394961, 38.002953801644964 ], [ -0.64740053019573, 38.002972472084387 ], [ -0.647400530335109, 38.002972472177916 ], [ -0.64745330985301, 38.003014092687643 ], [ -0.647453309925728, 38.003014092750696 ], [ -0.64746295059943, 38.003023292126464 ], [ -0.647483313027917, 38.003032701584345 ], [ -0.647503773598646, 38.003037616560597 ], [ -0.647532953335571, 38.003038201485012 ], [ -0.647546617340968, 38.003033969513176 ], [ -0.647546617558941, 38.003033969464802 ], [ -0.647546617784701, 38.003033969451508 ], [ -0.6475622306287, 38.003034281932898 ], [ -0.647578877677214, 38.003025613241682 ], [ -0.647578877677215, 38.003025613241682 ], [ -0.647578877819713, 38.003025613178572 ], [ -0.647590396656664, 38.003021339131479 ], [ -0.647598370012313, 38.00301699789744 ], [ -0.647602948085766, 38.003008083313986 ], [ -0.647607768460163, 38.00299016691163 ], [ -0.647605375233603, 38.002954061515794 ], [ -0.647598409614021, 38.002926902615812 ], [ -0.647581245980566, 38.002885996058602 ], [ -0.647573698293136, 38.002876838705525 ], [ -0.647547796207086, 38.002862812839489 ], [ -0.647547796207087, 38.002862812839489 ], [ -0.647547796043846, 38.002862812732111 ], [ -0.647547795908632, 38.002862812602643 ], [ -0.647532012899519, 38.002844447756821 ], [ -0.647522227345331, 38.002839750113509 ], [ -0.64749472919976, 38.002830193231738 ], [ -0.647494729199762, 38.002830193231738 ], [ -0.647494728962718, 38.002830193120523 ], [ -0.647487088510626, 38.002825534676951 ], [ -0.647487088510627, 38.002825534676951 ], [ -0.647487088353031, 38.002825534560458 ], [ -0.647487088226028, 38.002825534422541 ], [ -0.647480245810421, 38.002816395441414 ], [ -0.64748024581042, 38.002816395441414 ], [ -0.647480245708269, 38.002816395263302 ], [ -0.647480245657101, 38.002816395071974 ], [ -0.647478532058197, 38.00280284871743 ], [ -0.647478532057201, 38.002802848546274 ], [ -0.647478532097137, 38.002802848378046 ], [ -0.647478532176567, 38.002802848218849 ], [ -0.647478532292621, 38.002802848074403 ], [ -0.64747853244111, 38.002802847949916 ], [ -0.647478532616673, 38.002802847849928 ], [ -0.647478532812971, 38.002802847778014 ], [ -0.647478532812969, 38.002802847778014 ], [ -0.647508700501737, 38.002794445043897 ], [ -0.647508700501739, 38.002794445043897 ], [ -0.647508700702253, 38.002794445003808 ], [ -0.647508700908624, 38.002794444993079 ], [ -0.647521520506481, 38.002794702474219 ], [ -0.647527493497247, 38.002785780238568 ], [ -0.64752364028579, 38.002772195938725 ], [ -0.647517681566378, 38.002758569173089 ], [ -0.64751768156638, 38.002758569173089 ], [ -0.647517681516102, 38.002758569010616 ], [ -0.647517681504654, 38.002758568843589 ], [ -0.647517681532427, 38.00275856867777 ], [ -0.647517681598467, 38.002758568518871 ], [ -0.647527486758561, 38.002740751692819 ], [ -0.647527486758559, 38.002740751692819 ], [ -0.647527486873384, 38.002740751531718 ], [ -0.647527487027367, 38.002740751392572 ], [ -0.647527487214017, 38.002740751281252 ], [ -0.647545585405357, 38.002732107105103 ], [ -0.647554547581447, 38.002718743312066 ], [ -0.647554279183264, 38.002705231039144 ], [ -0.647532662647643, 38.002691286784732 ], [ -0.647488562979427, 38.002690404143344 ], [ -0.647488562732418, 38.002690404116784 ], [ -0.647488562498632, 38.002690404048344 ], [ -0.647476591605162, 38.002685662535264 ], [ -0.647476591605161, 38.002685662535264 ], [ -0.647476591419174, 38.00268566244285 ], [ -0.647476591259072, 38.002685662323898 ], [ -0.647476591130813, 38.002685662182834 ], [ -0.647476591039171, 38.002685662024909 ], [ -0.647466635404455, 38.002662949088901 ], [ -0.64744832158497, 38.002658077144638 ], [ -0.647448321368695, 38.002658077066364 ], [ -0.647448321177691, 38.002658076954248 ], [ -0.647448321020292, 38.002658076813162 ], [ -0.647431786815749, 38.002639696759672 ], [ -0.64743178681575, 38.002639696759672 ], [ -0.647431786689393, 38.002639696578086 ], [ -0.647431786618842, 38.002639696378445 ], [ -0.647429974473617, 38.002630658076988 ], [ -0.647429974459846, 38.002630657915475 ], [ -0.647429974482824, 38.002630657754629 ], [ -0.647429974541811, 38.002630657599646 ], [ -0.647434507252485, 38.002621741787202 ], [ -0.647434507252486, 38.002621741787202 ], [ -0.647434507387534, 38.002621741594041 ], [ -0.647442625000963, 38.002612897534206 ], [ -0.647442625000963, 38.002612897534206 ], [ -0.647442625127213, 38.002612897418679 ], [ -0.647442625276314, 38.00261289732169 ], [ -0.647450599096714, 38.002608551398609 ], [ -0.647450599096713, 38.002608551398609 ], [ -0.647450599202038, 38.002608551347635 ], [ -0.647460672606779, 38.002604251952953 ], [ -0.647460672606777, 38.002604251952953 ], [ -0.6474606727877, 38.002604251891078 ], [ -0.647460672979399, 38.002604251854798 ], [ -0.647460673176128, 38.002604251845248 ], [ -0.647472093625799, 38.002604481327296 ], [ -0.647472093811178, 38.002604481343127 ], [ -0.647472093990811, 38.002604481382654 ], [ -0.647505229915205, 38.002614151082085 ], [ -0.647516604499808, 38.002614378740738 ], [ -0.647533807350203, 38.002610217703008 ], [ -0.647541374091619, 38.002596863203848 ], [ -0.647537372702376, 38.002587741096768 ], [ -0.647517200116988, 38.002573829258736 ], [ -0.647491561079215, 38.002573316100396 ], [ -0.647491560864923, 38.002573316079896 ], [ -0.64749156065937, 38.002573316027771 ], [ -0.647491560469943, 38.002573315945895 ], [ -0.64747408870169, 38.002563959713619 ], [ -0.647474088684654, 38.002563959704325 ], [ -0.647465702684909, 38.002559290842953 ], [ -0.647465702507212, 38.002559290720406 ], [ -0.647465702365216, 38.002559290571547 ], [ -0.647465702265008, 38.002559290402708 ], [ -0.647461699488199, 38.002550203750467 ], [ -0.647461699488198, 38.002550203750467 ], [ -0.647461699438423, 38.002550203593081 ], [ -0.647461699425132, 38.002550203431191 ], [ -0.647462131083115, 38.002536700013522 ], [ -0.647462131109856, 38.002536699840896 ], [ -0.64746213117802, 38.002536699675552 ], [ -0.647471988483216, 38.002518852461108 ], [ -0.647478680039777, 38.002487465877259 ], [ -0.64747868008451, 38.00248746573714 ], [ -0.647478680156982, 38.002487465604474 ], [ -0.647496603980974, 38.002460768763846 ], [ -0.647511274971199, 38.002425037229635 ], [ -0.647511275039579, 38.002425037099009 ], [ -0.647511275132951, 38.002425036978451 ], [ -0.647519392570197, 38.002416197415066 ], [ -0.647527464625655, 38.002407352438652 ], [ -0.647527464625653, 38.002407352438652 ], [ -0.647527464762616, 38.002407352314343 ], [ -0.647527464925919, 38.00240735221189 ], [ -0.647527465110091, 38.002407352134711 ], [ -0.647540430398448, 38.002403070082067 ], [ -0.647580115219324, 38.002385852194529 ], [ -0.647580115219326, 38.002385852194529 ], [ -0.64758011533589, 38.002385852150567 ], [ -0.647698088289822, 38.002347692351961 ], [ -0.647698088313877, 38.002347692344429 ], [ -0.647726111457839, 38.002339210665596 ], [ -0.647747291174712, 38.002321621664791 ], [ -0.647765815163533, 38.002299479282613 ], [ -0.647778465248206, 38.00228171950782 ], [ -0.647782488356936, 38.002268256666987 ], [ -0.647781618396759, 38.002250226421758 ], [ -0.647776359695948, 38.002236614000637 ], [ -0.647754747357291, 38.002222669593877 ], [ -0.647754747357292, 38.002222669593877 ], [ -0.647754747207847, 38.002222669477788 ], [ -0.647754747087804, 38.002222669342004 ], [ -0.647754747001227, 38.00222266919112 ], [ -0.647750745355648, 38.002213546526555 ], [ -0.647750745308101, 38.002213546378826 ], [ -0.647750745292717, 38.002213546226862 ], [ -0.647750908298204, 38.00218653438268 ], [ -0.647750908302566, 38.002186534308095 ], [ -0.647754906470033, 38.002150552177397 ], [ -0.647753911826491, 38.002114510730657 ], [ -0.647751498178441, 38.002100955103025 ], [ -0.64774470176166, 38.002091812954184 ], [ -0.647730626068643, 38.002087025872889 ], [ -0.647707981478422, 38.002082035645628 ], [ -0.647707981433011, 38.002082035634807 ], [ -0.647688916411937, 38.002077148641114 ], [ -0.647669568161521, 38.002081265961486 ], [ -0.647652363959235, 38.002085458657135 ], [ -0.647629182734264, 38.002098506691581 ], [ -0.647629182734265, 38.002098506691581 ], [ -0.647629182612767, 38.002098506751238 ], [ -0.647619063794424, 38.00210280435175 ], [ -0.647619063794423, 38.00210280435175 ], [ -0.647619063575567, 38.002102804422634 ], [ -0.647601160417103, 38.002106947129185 ], [ -0.647601160244708, 38.002106947157849 ], [ -0.647601160068792, 38.002106947165117 ], [ -0.647574125524133, 38.002106406097418 ], [ -0.647574125299694, 38.002106406075143 ], [ -0.647574125085253, 38.002106406018186 ], [ -0.647560749887841, 38.002101637309728 ], [ -0.647560749887842, 38.002101637309728 ], [ -0.64756074976621, 38.002101637259159 ], [ -0.647531301605243, 38.002087539421112 ], [ -0.6475313015195, 38.002087539375744 ], [ -0.647515230818971, 38.002078175147751 ], [ -0.647515230818969, 38.002078175147751 ], [ -0.647515230655109, 38.002078175031343 ], [ -0.647515230522638, 38.002078174892148 ], [ -0.647515230426514, 38.00207817473536 ], [ -0.647515230370332, 38.002078174566897 ], [ -0.647513372846674, 38.002069130852313 ], [ -0.647513372846672, 38.002069130852313 ], [ -0.647513372832161, 38.002069130689648 ], [ -0.647513372854944, 38.00206913052758 ], [ -0.647513372914275, 38.002069130371439 ], [ -0.647513373008213, 38.002069130226282 ], [ -0.647513373133675, 38.002069130096935 ], [ -0.647523635909472, 38.002060328964355 ], [ -0.647523636138846, 38.002060328813293 ], [ -0.647549656795764, 38.002047342948337 ], [ -0.647549656856281, 38.002047342920164 ], [ -0.64758939277319, 38.002030125123596 ], [ -0.647589392773189, 38.002030125123596 ], [ -0.647589392924037, 38.002030125069133 ], [ -0.647618114920515, 38.002021694268883 ], [ -0.647618114920515, 38.002021694268883 ], [ -0.647618115108628, 38.002021694227778 ], [ -0.647645293412486, 38.002017701101977 ], [ -0.647645293412485, 38.002017701101977 ], [ -0.647645293591149, 38.002017701087134 ], [ -0.647645293770538, 38.002017701094708 ], [ -0.647698477948977, 38.002023303428182 ], [ -0.647763509453783, 38.002015563225953 ], [ -0.647763509651971, 38.002015563216212 ], [ -0.64776350984928, 38.002015563233883 ], [ -0.647763510039708, 38.002015563278412 ], [ -0.647778985756327, 38.002020378451093 ], [ -0.647796790439403, 38.00202073476229 ], [ -0.647796790671756, 38.002020734786029 ], [ -0.647796790893051, 38.002020734846894 ], [ -0.647835467559129, 38.002035053339945 ], [ -0.647862218748056, 38.002044595141371 ], [ -0.647873587700827, 38.002044822651619 ], [ -0.64789633741788, 38.002045278806293 ], [ -0.647919132686373, 38.002045734966991 ], [ -0.647919132900664, 38.002045734987483 ], [ -0.647919133106216, 38.002045735039609 ], [ -0.647919133295641, 38.002045735121484 ], [ -0.647936604880796, 38.002055091219987 ], [ -0.647954264738685, 38.002059945589508 ], [ -0.647954264738684, 38.002059945589508 ], [ -0.647954264938366, 38.002059945662182 ], [ -0.64795426511668, 38.002059945763854 ], [ -0.647954265266981, 38.002059945890728 ], [ -0.647963207248319, 38.002069131364465 ], [ -0.647972148900952, 38.002078316497624 ], [ -0.647982823002218, 38.002078530993977 ], [ -0.647992947051644, 38.00207422833077 ], [ -0.648000462642693, 38.002060871564119 ], [ -0.648003039242378, 38.002047415801748 ], [ -0.648000769421306, 38.002029357418081 ], [ -0.648000769421308, 38.002029357418081 ], [ -0.648000769419973, 38.002029357251111 ], [ -0.648001758128384, 38.002020334453491 ], [ -0.648001758171897, 38.002020334273105 ], [ -0.648011896138568, 38.001993522029082 ], [ -0.648011896151662, 38.001993521996681 ], [ -0.648023434015297, 38.001966734202078 ], [ -0.648027405885614, 38.001953270197355 ], [ -0.648028537323059, 38.00193978091211 ], [ -0.648026972943246, 38.001921741151158 ], [ -0.648019446703629, 38.001890029518101 ], [ -0.648012048351763, 38.001876374024569 ], [ -0.648001248840229, 38.001858144903302 ], [ -0.647976667661807, 38.001826095520848 ], [ -0.647955337631539, 38.001803172744125 ], [ -0.647933720088713, 38.00178921472947 ], [ -0.647919650173802, 38.001784427801134 ], [ -0.647891021183084, 38.001788359469558 ], [ -0.647891020946573, 38.001788359482205 ], [ -0.647891020711878, 38.00178835945583 ], [ -0.647891020489172, 38.001788359391583 ], [ -0.64786642008926, 38.001778860565054 ], [ -0.647866419911403, 38.001778860479625 ], [ -0.64786641975616, 38.001778860370038 ], [ -0.647866419628717, 38.001778860239909 ], [ -0.647866419533332, 38.001778860093587 ], [ -0.647861762363798, 38.001769760358521 ], [ -0.647861762363797, 38.001769760358521 ], [ -0.647861762306435, 38.001769760211374 ], [ -0.647861762281582, 38.00176976005865 ], [ -0.647861762289963, 38.001769759904811 ], [ -0.647866171451639, 38.001742792610891 ], [ -0.647858792305609, 38.001706623424852 ], [ -0.647858792291223, 38.001706623296592 ], [ -0.647858211118117, 38.001679556007936 ], [ -0.647858211126837, 38.001679555880315 ], [ -0.647861775318063, 38.001657114013788 ], [ -0.647861775392042, 38.001657113788731 ], [ -0.6478731705445, 38.001634791685689 ], [ -0.647873170706823, 38.001634791464603 ], [ -0.647881988054606, 38.001625961373726 ], [ -0.647881988054607, 38.001625961373726 ], [ -0.64788198813768, 38.001625961299361 ], [ -0.647892950707031, 38.001617174136406 ], [ -0.64789295080636, 38.001617174065622 ], [ -0.647906752806805, 38.001608443721842 ], [ -0.647906752806806, 38.001608443721842 ], [ -0.647906752980188, 38.001608443631369 ], [ -0.64790675317146, 38.001608443567328 ], [ -0.647923262052899, 38.001604273812319 ], [ -0.647923262052898, 38.001604273812319 ], [ -0.64792326223813, 38.001604273778717 ], [ -0.647923262427848, 38.001604273769949 ], [ -0.647955987042794, 38.001604928617432 ], [ -0.647955987259284, 38.001604928638315 ], [ -0.647955987466777, 38.001604928691464 ], [ -0.647955987657651, 38.00160492877496 ], [ -0.647981844920913, 38.001618953604044 ], [ -0.64799466357716, 38.001619210111016 ], [ -0.64801102273066, 38.001619538363968 ], [ -0.648021840682698, 38.001615254110881 ], [ -0.648024973222864, 38.001606310915861 ], [ -0.6480030626078, 38.001556303039571 ], [ -0.647983464985938, 38.001524390331454 ], [ -0.647962979354767, 38.001496924806411 ], [ -0.647954737466257, 38.001487757211713 ], [ -0.647936378584736, 38.001482884495069 ], [ -0.647880329538242, 38.001499774945351 ], [ -0.647880329538241, 38.001499774945351 ], [ -0.647880329322264, 38.0014997749918 ], [ -0.647880329098975, 38.001499775003921 ], [ -0.647880328877003, 38.001499774981248 ], [ -0.64788032866493, 38.001499774924632 ], [ -0.647866958250175, 38.001495001841995 ], [ -0.647866958063248, 38.001495001757618 ], [ -0.647858572155389, 38.001490332926693 ], [ -0.647858571971739, 38.001490332799051 ], [ -0.647858571826753, 38.00149033264335 ], [ -0.647858571727118, 38.00149033246673 ], [ -0.647858571677426, 38.001490332277363 ], [ -0.647857459543483, 38.00148130348348 ], [ -0.647857459544379, 38.001481303301702 ], [ -0.647857459591376, 38.001481303123775 ], [ -0.647862830141927, 38.001467903041785 ], [ -0.647862830250746, 38.001467902850827 ], [ -0.647869553571733, 38.001459030855862 ], [ -0.647869553571731, 38.001459030855862 ], [ -0.64786955371615, 38.001459030704204 ], [ -0.647869553897535, 38.001459030579881 ], [ -0.647869554107828, 38.001459030488398 ], [ -0.647869554337682, 38.001459030433843 ], [ -0.647869554576886, 38.001459030418602 ], [ -0.647900133576571, 38.001459643245084 ], [ -0.647910252052343, 38.001455344828877 ], [ -0.647910252153866, 38.001455344790735 ], [ -0.647923164566557, 38.001451097790969 ], [ -0.647929143274834, 38.00144217535356 ], [ -0.647928731050151, 38.001433160974841 ], [ -0.647921332812578, 38.001419505579406 ], [ -0.647907688370922, 38.00140121964219 ], [ -0.647893757427174, 38.001391934425335 ], [ -0.647893757427175, 38.001391934425335 ], [ -0.647893757318236, 38.001391934342323 ], [ -0.647877830648046, 38.001378072177367 ], [ -0.647863009390389, 38.001373274654036 ], [ -0.647719656373729, 38.001338883449321 ], [ -0.647690622016548, 38.001333795973991 ], [ -0.647690621839153, 38.001333795930641 ], [ -0.647690621673025, 38.001333795865037 ], [ -0.647671004949194, 38.00132439673704 ], [ -0.647671004906125, 38.001324396715347 ], [ -0.647644397570141, 38.001310320618458 ], [ -0.647644397570143, 38.001310320618458 ], [ -0.647644397433428, 38.001310320533491 ], [ -0.647644397314656, 38.001310320433049 ], [ -0.647625769480845, 38.00129193469639 ], [ -0.647602613702221, 38.001282463910641 ], [ -0.647602613702221, 38.001282463910641 ], [ -0.647602613514556, 38.00128246381432 ], [ -0.647602613354322, 38.001282463690806 ], [ -0.6476026132277, 38.001282463544889 ], [ -0.647602613139585, 38.001282463382189 ], [ -0.647595352949906, 38.001264309507995 ], [ -0.6475953528976, 38.001264309268777 ], [ -0.647594940695036, 38.001255294480828 ], [ -0.647594940706635, 38.001255294315975 ], [ -0.647597473114833, 38.001241797147003 ], [ -0.64759012063671, 38.001228142938224 ], [ -0.647570458171825, 38.00121876104452 ], [ -0.647570458171824, 38.00121876104452 ], [ -0.647570457933783, 38.001218760893067 ], [ -0.647559372709087, 38.001209514559427 ], [ -0.647549541928611, 38.001204816967629 ], [ -0.647535322382229, 38.00120453237524 ], [ -0.647520408356978, 38.001204232980484 ], [ -0.647520408161958, 38.001204232963175 ], [ -0.64752040797359, 38.001204232919619 ], [ -0.647520407797473, 38.00120423285113 ], [ -0.647520407638842, 38.001204232759711 ], [ -0.647500189334592, 38.001190320547146 ], [ -0.647500189301653, 38.00119032052357 ], [ -0.647487704135363, 38.001181028422167 ], [ -0.647472601872031, 38.001185262884192 ], [ -0.647467324172937, 38.001194163231574 ], [ -0.647470462743451, 38.001230247463688 ], [ -0.647470462733161, 38.001230247661177 ], [ -0.647470462668692, 38.001230247852106 ], [ -0.64747046255315, 38.001230248027333 ], [ -0.647470462392093, 38.001230248178409 ], [ -0.647458799937675, 38.001239021294381 ], [ -0.647458799692121, 38.001239021435033 ], [ -0.647448680841532, 38.001243323527611 ], [ -0.64744868084153, 38.001243323527611 ], [ -0.647448680651842, 38.001243323591495 ], [ -0.647448680450705, 38.00124332362725 ], [ -0.647448680244715, 38.00124332363373 ], [ -0.647448680040628, 38.001243323610701 ], [ -0.647448679845137, 38.001243323558924 ], [ -0.647448679664649, 38.001243323480111 ], [ -0.647431209347242, 38.001233967272867 ], [ -0.647431209167487, 38.001233967153489 ], [ -0.647431209022486, 38.001233967007472 ], [ -0.647420265779981, 38.001220240422406 ], [ -0.64742026577998, 38.001220240422406 ], [ -0.647420265681755, 38.001220240268154 ], [ -0.647413561797256, 38.001206594028503 ], [ -0.647413561744931, 38.001206593889975 ], [ -0.647413561721293, 38.001206593746588 ], [ -0.6474093361088, 38.001138930848406 ], [ -0.647409336125779, 38.001138930642796 ], [ -0.647413456557101, 38.001121000038111 ], [ -0.6474134565571, 38.001121000038111 ], [ -0.647413456620632, 38.001120999863765 ], [ -0.647413456727029, 38.001120999703048 ], [ -0.64742087536052, 38.001112105683333 ], [ -0.64742540789745, 38.001103190850834 ], [ -0.647425407897451, 38.001103190850834 ], [ -0.647425408004176, 38.001103190689996 ], [ -0.647425408149509, 38.001103190549387 ], [ -0.647425408327547, 38.001103190434691 ], [ -0.647442055141543, 38.00109451721498 ], [ -0.647448027029709, 38.001085635003037 ], [ -0.647452748997476, 38.001072217694002 ], [ -0.647451735195149, 38.001058690069343 ], [ -0.647447929845923, 38.0010450705539 ], [ -0.647427299694144, 38.00102213918877 ], [ -0.647427299587821, 38.001022139043648 ], [ -0.64742729951734, 38.001022138885467 ], [ -0.647427299485144, 38.001022138719676 ], [ -0.647426285701832, 38.001008611283375 ], [ -0.647418645999116, 38.001003957772802 ], [ -0.647407226497861, 38.001003729208783 ], [ -0.647390573519712, 38.001012419391103 ], [ -0.647390573519711, 38.001012419391103 ], [ -0.647390573315492, 38.001012419475572 ], [ -0.64739057309396, 38.00101241952575 ], [ -0.647390572864195, 38.00101241953962 ], [ -0.647380643465653, 38.001012220798032 ], [ -0.64738064322892, 38.001012220773482 ], [ -0.647380643003867, 38.001012220710393 ], [ -0.647380642800392, 38.001012220611543 ], [ -0.647372957592832, 38.001007543243965 ], [ -0.647372957466925, 38.00100754315482 ], [ -0.64737295735908, 38.001007543051912 ], [ -0.647364716608364, 38.00099837157002 ], [ -0.647364716608363, 38.00099837157002 ], [ -0.647364716502209, 38.000998371424963 ], [ -0.647364716431856, 38.00099837126686 ], [ -0.647364716399741, 38.000998371101161 ], [ -0.647363703748796, 38.00098480723355 ], [ -0.647363703762413, 38.000984807031806 ], [ -0.647363703832503, 38.000984806837543 ], [ -0.64736370395554, 38.000984806660526 ], [ -0.647375555687693, 38.000971536325466 ], [ -0.647375555819082, 38.000971536203132 ], [ -0.647375555975824, 38.000971536101211 ], [ -0.647375556152944, 38.000971536022917 ], [ -0.647423768737508, 38.000954488838786 ], [ -0.647423768737507, 38.000954488838786 ], [ -0.647423768927216, 38.000954488787038 ], [ -0.647465310322795, 38.000946314642498 ], [ -0.647481262953414, 38.000937627493727 ], [ -0.647496464476961, 38.000928925313467 ], [ -0.647507571721295, 38.000915604252896 ], [ -0.647527514504368, 38.000870976212724 ], [ -0.64752751450437, 38.000870976212724 ], [ -0.647527514587141, 38.000870976069031 ], [ -0.647527514700356, 38.000870975938966 ], [ -0.647527514840537, 38.000870975826544 ], [ -0.647527515003371, 38.000870975735232 ], [ -0.647546262825707, 38.000862308374266 ], [ -0.647546262825709, 38.000862308374266 ], [ -0.647546263022423, 38.000862308302239 ], [ -0.647561372138281, 38.000858105174146 ], [ -0.647561372338569, 38.000858105134164 ], [ -0.647561372544694, 38.000858105123449 ], [ -0.64757983034968, 38.000858475436644 ], [ -0.647594095652643, 38.000858760938556 ], [ -0.647594095856238, 38.000858760957243 ], [ -0.647594096052301, 38.000858761004494 ], [ -0.647653977655958, 38.000878009430544 ], [ -0.647689396238981, 38.000883219253978 ], [ -0.647711445638991, 38.000883660523485 ], [ -0.647727059226299, 38.000883973893146 ], [ -0.647738576833261, 38.00087970370457 ], [ -0.647739754782535, 38.000866184302275 ], [ -0.647737346991317, 38.00085262423557 ], [ -0.647731342862974, 38.000838996605225 ], [ -0.647731342807753, 38.000838996416817 ], [ -0.647731342804626, 38.00083899622345 ], [ -0.647731342853738, 38.000838996033984 ], [ -0.647736764585593, 38.000825596980484 ], [ -0.647736764585595, 38.000825596980484 ], [ -0.647736764665204, 38.000825596831426 ], [ -0.647736764777237, 38.000825596696032 ], [ -0.647745581463135, 38.000816784622224 ], [ -0.647745581463134, 38.000816784622224 ], [ -0.647745581607837, 38.000816784502199 ], [ -0.647771047466093, 38.000799227043657 ], [ -0.647779870201474, 38.00079039815121 ], [ -0.647785986033766, 38.000777013182457 ], [ -0.64779571292302, 38.000741145737607 ], [ -0.647798387775043, 38.00072319075467 ], [ -0.647802672327153, 38.000678207816001 ], [ -0.647802403860318, 38.000664694993795 ], [ -0.647800546354092, 38.000655651410305 ], [ -0.647793338722008, 38.00063749424276 ], [ -0.647780394227003, 38.00061922685807 ], [ -0.647758032303958, 38.000605231349297 ], [ -0.647758032303959, 38.000605231349297 ], [ -0.647758032174129, 38.00060523125417 ], [ -0.647758032064495, 38.000605231144277 ], [ -0.647746394646192, 38.000591490696792 ], [ -0.647746394646194, 38.000591490696792 ], [ -0.647746394532894, 38.000591490525885 ], [ -0.647746394468203, 38.000591490339794 ], [ -0.647744536943881, 38.000582446627057 ], [ -0.647744536943879, 38.000582446627057 ], [ -0.647744536933046, 38.00058244640794 ], [ -0.64774453698944, 38.000582446193249 ], [ -0.647748363942639, 38.000573516240131 ], [ -0.647748363942637, 38.000573516240131 ], [ -0.647748364048747, 38.000573516060491 ], [ -0.64774836420196, 38.000573515903561 ], [ -0.647748364394848, 38.000573515776985 ], [ -0.647765016982765, 38.00056484249307 ], [ -0.647765016982763, 38.00056484249307 ], [ -0.647765017189507, 38.000564842407982 ], [ -0.647765017413816, 38.000564842358003 ], [ -0.647765017646289, 38.000564842345192 ], [ -0.647765017877183, 38.000564842370139 ], [ -0.647791207510763, 38.000569872811496 ], [ -0.647805713812861, 38.000561157245507 ], [ -0.647801756939884, 38.000552072271333 ], [ -0.647792771137368, 38.000542850220704 ], [ -0.647768026525525, 38.000537853181989 ], [ -0.647768026525526, 38.000537853181989 ], [ -0.647768026349241, 38.00053785313392 ], [ -0.647768026185236, 38.000537853063726 ], [ -0.647758941781687, 38.000533165742624 ], [ -0.647758941781689, 38.000533165742624 ], [ -0.647758941570398, 38.000533165601965 ], [ -0.647726380486045, 38.000505498924731 ], [ -0.647686547198371, 38.000482147157342 ], [ -0.64768654719837, 38.000482147157342 ], [ -0.647686547041496, 38.000482147046206 ], [ -0.647686546913175, 38.000482146914088 ], [ -0.647675604893068, 38.000468419475531 ], [ -0.647675604893065, 38.000468419475531 ], [ -0.647675604825175, 38.00046841937732 ], [ -0.647667506721158, 38.000454749754141 ], [ -0.647667506721157, 38.000454749754141 ], [ -0.647667506663383, 38.000454749635466 ], [ -0.647662247374834, 38.000441154847124 ], [ -0.647662247352509, 38.000441154780361 ], [ -0.647658394829431, 38.00042754759577 ], [ -0.647658394829432, 38.00042754759577 ], [ -0.64765839480191, 38.000427547403696 ], [ -0.647658271420227, 38.000409495811432 ], [ -0.647658271428306, 38.000409495699323 ], [ -0.647660991827687, 38.0003915415694 ], [ -0.647660991847683, 38.000391541477761 ], [ -0.647667395401183, 38.000369156437188 ], [ -0.647667395420334, 38.000369156379264 ], [ -0.64767748902221, 38.000342302718934 ], [ -0.64767748904665, 38.000342302661139 ], [ -0.647685894039591, 38.000324457789723 ], [ -0.64768589403959, 38.000324457789723 ], [ -0.6476858941563, 38.000324457607974 ], [ -0.647715485014699, 38.000288993197948 ], [ -0.647716466817643, 38.000280006896816 ], [ -0.647693044132898, 38.000257023459881 ], [ -0.647670124393956, 38.000238569781288 ], [ -0.647655498932066, 38.000229252610431 ], [ -0.647631593394207, 38.000219731642595 ], [ -0.647631593394208, 38.000219731642595 ], [ -0.647631593164385, 38.000219731521391 ], [ -0.647631592978219, 38.000219731359955 ], [ -0.647623352277401, 38.000210559896935 ], [ -0.6476233522774, 38.000210559896935 ], [ -0.647623352179074, 38.000210559765037 ], [ -0.647623352110398, 38.000210559621863 ], [ -0.64761028307653, 38.000174276524085 ], [ -0.647593199176399, 38.000151379166759 ], [ -0.647593199142066, 38.000151379117263 ], [ -0.647584401199115, 38.000137695482103 ], [ -0.647584401128001, 38.000137695344428 ], [ -0.647584401086488, 38.000137695199349 ], [ -0.64758440107571, 38.000137695050839 ], [ -0.647584688759825, 38.000128694268781 ], [ -0.64758468878918, 38.000128694087074 ], [ -0.647584688864388, 38.000128693913808 ], [ -0.647584688982338, 38.000128693756174 ], [ -0.647584689138149, 38.000128693620674 ], [ -0.647584689325379, 38.000128693512927 ], [ -0.647603435619702, 38.000120063125181 ], [ -0.647613697629864, 38.000111266755873 ], [ -0.647616130391305, 38.000102309266538 ], [ -0.647615117861616, 38.000088741165499 ], [ -0.647610466579914, 38.000079641673544 ], [ -0.647610466574425, 38.000079641662602 ], [ -0.647603763305571, 38.000066018254572 ], [ -0.647593933187385, 38.000061302632297 ], [ -0.647593933187383, 38.000061302632297 ], [ -0.647593933018623, 38.000061302533432 ], [ -0.647593932875687, 38.000061302411687 ], [ -0.647584991503778, 38.00005211725648 ], [ -0.647575017254451, 38.000051917635346 ], [ -0.647575017085229, 38.000051917621903 ], [ -0.647575016920425, 38.000051917588664 ], [ -0.64755670242111, 38.00004704470301 ], [ -0.64753735468045, 38.000051162919711 ], [ -0.647520101137613, 38.00005531850816 ], [ -0.647513428899953, 38.000064209054678 ], [ -0.647511598294347, 38.000077661534476 ], [ -0.647522952192097, 38.000100443215217 ], [ -0.647522952192094, 38.000100443215217 ], [ -0.647522952259156, 38.000100443413551 ], [ -0.647522952267726, 38.000100443618749 ], [ -0.647522952217362, 38.000100443820138 ], [ -0.647517536197577, 38.000113842979644 ], [ -0.647517536197577, 38.000113842979644 ], [ -0.647517536095956, 38.000113843160008 ], [ -0.64751753594711, 38.000113843318509 ], [ -0.647517535758194, 38.000113843447544 ], [ -0.647509556702243, 38.000118183868835 ], [ -0.647509556519572, 38.000118183949716 ], [ -0.647509556321274, 38.000118184002773 ], [ -0.647509556114051, 38.000118184026199 ], [ -0.647509555904912, 38.000118184019207 ], [ -0.647509555700927, 38.000118183982018 ], [ -0.647472180277233, 38.000108433900586 ], [ -0.647472180058285, 38.000108433822355 ], [ -0.64747217986496, 38.000108433709514 ], [ -0.64747217970587, 38.00010843356705 ], [ -0.647463939037255, 38.000099262093741 ], [ -0.647463939037254, 38.000099262093741 ], [ -0.64746393891188, 38.000099261913746 ], [ -0.647463938841328, 38.000099261715953 ], [ -0.647460225032867, 38.00008113826209 ], [ -0.647460225019116, 38.000081138081576 ], [ -0.647460225051208, 38.000081137902512 ], [ -0.647465790113935, 38.000063254228294 ], [ -0.647465790113936, 38.000063254228294 ], [ -0.647465790169293, 38.000063254095672 ], [ -0.64746579024989, 38.000063253971433 ], [ -0.647476151569713, 38.000049935770193 ], [ -0.647476151609462, 38.000049935722537 ], [ -0.647488003073698, 38.000036665467967 ], [ -0.647500241783503, 38.000009855771552 ], [ -0.647500241821777, 38.000009855698025 ], [ -0.647505468540817, 38.000000953767447 ], [ -0.647505468649233, 38.000000953620805 ], [ -0.647505468790513, 38.000000953492901 ], [ -0.647517176556547, 37.999992181275054 ], [ -0.647517176556545, 37.999992181275054 ], [ -0.647517176733381, 37.999992181166519 ], [ -0.647517176933631, 37.999992181087464 ], [ -0.647517177149555, 37.999992181040938 ], [ -0.647546453205489, 37.999988265956247 ], [ -0.647546453424053, 37.999988265943941 ], [ -0.647561418414313, 37.999988566352279 ], [ -0.647561418572096, 37.999988566364181 ], [ -0.647601782700098, 37.999993875205163 ], [ -0.647613202350946, 37.99999410375127 ], [ -0.647621875063584, 37.999989776587903 ], [ -0.647627846892744, 37.99998089084329 ], [ -0.647628834419444, 37.999971904388723 ], [ -0.64762627828588, 37.999962810994788 ], [ -0.647616591361324, 37.999953610751987 ], [ -0.647616591360573, 37.999953610751277 ], [ -0.647597262600758, 37.999935214469218 ], [ -0.647574395854435, 37.999916743769518 ], [ -0.647574395854437, 37.999916743769518 ], [ -0.647574395741791, 37.999916743663263 ], [ -0.64756610273122, 37.999907571149436 ], [ -0.647566102731217, 37.999907571149436 ], [ -0.647566102580152, 37.999907570917316 ], [ -0.647562152280199, 37.999898449272862 ], [ -0.647562152231919, 37.999898449117616 ], [ -0.647562152219083, 37.999898448958056 ], [ -0.647562583673621, 37.999884950035948 ], [ -0.647562583699666, 37.999884949865816 ], [ -0.647576241449163, 37.999835653460117 ], [ -0.647583678052761, 37.999804282570572 ], [ -0.647583678098092, 37.999804282436969 ], [ -0.647593626578913, 37.999781967443695 ], [ -0.647593626578912, 37.999781967443695 ], [ -0.647593626702583, 37.999781967246896 ], [ -0.647601050909881, 37.999773073264613 ], [ -0.647607722871433, 37.999764200271478 ], [ -0.647607722871434, 37.999764200271478 ], [ -0.647607723026658, 37.999764200109809 ], [ -0.647607723223701, 37.999764199979737 ], [ -0.647624369948837, 37.99975552659533 ], [ -0.647624370035256, 37.999755526554509 ], [ -0.64764456166194, 37.99974692501312 ], [ -0.647644561661944, 37.99974692501312 ], [ -0.647644561882949, 37.999746924941498 ], [ -0.6476625156689, 37.999742783232719 ], [ -0.647662515668899, 37.999742783232719 ], [ -0.647662515797606, 37.999742783209335 ], [ -0.647691792884052, 37.999738863624387 ], [ -0.647715567937997, 37.999730333855254 ], [ -0.647734313975612, 37.999721707055045 ], [ -0.647762818980014, 37.999699723834311 ], [ -0.647762818980011, 37.999699723834311 ], [ -0.64776281914779, 37.999699723727439 ], [ -0.647762819338002, 37.999699723647488 ], [ -0.647775731678351, 37.999695481031445 ], [ -0.647775731678352, 37.999695481031445 ], [ -0.647775731849627, 37.999695480987377 ], [ -0.647797225002228, 37.99969140558165 ], [ -0.647797225002227, 37.99969140558165 ], [ -0.647797225296278, 37.999691405557137 ], [ -0.647816429097669, 37.999691789857003 ], [ -0.647827246869907, 37.999687505572346 ], [ -0.647832524534836, 37.999678605840856 ], [ -0.647840039527673, 37.999665266698408 ], [ -0.647840039527672, 37.999665266698408 ], [ -0.647840039637298, 37.999665266545819 ], [ -0.647840039782239, 37.999665266412947 ], [ -0.64785170250941, 37.999656475236719 ], [ -0.647851702685544, 37.999656475127928 ], [ -0.647851702885143, 37.999656475048454 ], [ -0.647851703100515, 37.999656475001352 ], [ -0.647851703323365, 37.999656474988448 ], [ -0.647879435717927, 37.999657029945553 ], [ -0.647879435972039, 37.999657029973527 ], [ -0.647879436211781, 37.999657030045817 ], [ -0.64790264237802, 37.999666519886794 ], [ -0.647902642378021, 37.999666519886794 ], [ -0.647902642521843, 37.999666519956769 ], [ -0.647927105756455, 37.999680498945786 ], [ -0.647944766029424, 37.999685357820645 ], [ -0.647944766217676, 37.999685357888147 ], [ -0.647955250040037, 37.999690068519776 ], [ -0.647975342452068, 37.999685970636264 ], [ -0.647994375527915, 37.999668356705982 ], [ -0.648004783380049, 37.999654999007284 ], [ -0.648009504972005, 37.999641586243044 ], [ -0.648007647489067, 37.999632542806019 ], [ -0.648003644836668, 37.999623456289264 ], [ -0.647998248034152, 37.999614346460589 ], [ -0.647973230551159, 37.999595832891174 ], [ -0.64797323055116, 37.999595832891174 ], [ -0.647973230424313, 37.999595832780301 ], [ -0.647933272798101, 37.999554469162888 ], [ -0.647912356201848, 37.999540543111415 ], [ -0.647912356201848, 37.999540543111415 ], [ -0.647912356044594, 37.999540542983631 ], [ -0.647912355922232, 37.999540542833849 ], [ -0.647912355839567, 37.999540542667916 ], [ -0.647909104243026, 37.999531471060124 ], [ -0.647909104243025, 37.999531471060124 ], [ -0.647909104208784, 37.999531470927124 ], [ -0.647909104200188, 37.999531470791553 ], [ -0.647909392989481, 37.999522433985298 ], [ -0.647909393012022, 37.999522433828282 ], [ -0.647909393068894, 37.999522433676795 ], [ -0.647909393158346, 37.999522433535496 ], [ -0.647919753886931, 37.999509128796788 ], [ -0.647919753886932, 37.999509128796788 ], [ -0.647919754031811, 37.99950912864805 ], [ -0.647919754212509, 37.999509128526327 ], [ -0.647919754421176, 37.999509128436877 ], [ -0.647932717901327, 37.999504887727355 ], [ -0.647932717901328, 37.999504887727355 ], [ -0.64793271813508, 37.999504887673204 ], [ -0.647932718378038, 37.99950488765964 ], [ -0.647932718619086, 37.999504887687287 ], [ -0.647932718847185, 37.99950488775486 ], [ -0.64794464377374, 37.999509627396364 ], [ -0.647944643773738, 37.999509627396364 ], [ -0.647944643995, 37.999509627511593 ], [ -0.647944644176623, 37.99950962766416 ], [ -0.647961877744443, 37.999527985596444 ], [ -0.647961877744442, 37.999527985596444 ], [ -0.647961877837067, 37.999527985712703 ], [ -0.647961877906267, 37.999527985838746 ], [ -0.647973827895489, 37.999555280525421 ], [ -0.647988871751302, 37.999573594418607 ], [ -0.647996557384455, 37.999578249114947 ], [ -0.648005642905402, 37.99958293190118 ], [ -0.64801617218775, 37.999587648896288 ], [ -0.648027591778316, 37.999587877400074 ], [ -0.648050484470948, 37.999583829987088 ], [ -0.648067686962034, 37.999579673219721 ], [ -0.648171533839487, 37.999536724730824 ], [ -0.648171533839487, 37.999536724730824 ], [ -0.648171533996573, 37.99953672467732 ], [ -0.648233312886632, 37.999519912547555 ], [ -0.648259888553141, 37.999511437774594 ], [ -0.648301159441011, 37.999489750361029 ], [ -0.648349660660603, 37.999463665996721 ], [ -0.648369301584411, 37.99945055145978 ], [ -0.648394908784966, 37.999428550634256 ], [ -0.648408859692981, 37.999415322200917 ], [ -0.648408859855992, 37.99941532207459 ], [ -0.648408860047566, 37.999415321976528 ], [ -0.648408860260008, 37.999415321910654 ], [ -0.648427508188995, 37.999411189482245 ], [ -0.648503047297098, 37.999385646014751 ], [ -0.648518248265498, 37.999376948169363 ], [ -0.648537183683864, 37.999363815886511 ], [ -0.648561397865828, 37.999341750260101 ], [ -0.648581464433106, 37.99931513306317 ], [ -0.648598691529788, 37.9992884626717 ], [ -0.648611911490985, 37.999252665002679 ], [ -0.648611911528113, 37.999252664918032 ], [ -0.648630127211151, 37.999216972508933 ], [ -0.648630127302995, 37.99921697236676 ], [ -0.648644216300243, 37.999199241125112 ], [ -0.648644216462631, 37.999199240964778 ], [ -0.648661012331475, 37.999186069394426 ], [ -0.648661012487259, 37.999186069292293 ], [ -0.648676959083858, 37.999177381749014 ], [ -0.648676959083857, 37.999177381749014 ], [ -0.648676959292897, 37.999177381659024 ], [ -0.648676959521012, 37.999177381605385 ], [ -0.648676959758233, 37.999177381590449 ], [ -0.648694718416995, 37.999177737737206 ], [ -0.648720356704635, 37.999178250602846 ], [ -0.648720356952446, 37.999178250629555 ], [ -0.64872035718691, 37.999178250698428 ], [ -0.648744212366432, 37.999187734346741 ], [ -0.648762021760162, 37.999188091498191 ], [ -0.648790042375685, 37.999179645552459 ], [ -0.648839143632917, 37.999158078509346 ], [ -0.648839143632915, 37.999158078509346 ], [ -0.648839143933239, 37.99915807841851 ], [ -0.64888422903195, 37.999149974644901 ], [ -0.64890526384418, 37.999136883478286 ], [ -0.648928627227212, 37.999119342358568 ], [ -0.648936893683823, 37.999105995783886 ], [ -0.648936893740973, 37.999105995702536 ], [ -0.6489509381011, 37.999088232892177 ], [ -0.648950938136385, 37.999088232850205 ], [ -0.648962789410951, 37.999074957828988 ], [ -0.64896278941095, 37.999074957828988 ], [ -0.648962789592274, 37.999074957670004 ], [ -0.648962789815899, 37.999074957549375 ], [ -0.648983681005597, 37.999066368866821 ], [ -0.649013989491274, 37.999053468420989 ], [ -0.649013989491273, 37.999053468420989 ], [ -0.649013989790868, 37.999053468333706 ], [ -0.649037627629083, 37.999049440113367 ], [ -0.649067048100854, 37.999041022930243 ], [ -0.649067048100853, 37.999041022930243 ], [ -0.649067048318584, 37.999041022886601 ], [ -0.649132082915915, 37.999033281926643 ], [ -0.649132083114005, 37.999033281916915 ], [ -0.649161216190731, 37.999033864582266 ], [ -0.649161216336032, 37.999033864592569 ], [ -0.649205164800053, 37.999039245466712 ], [ -0.649241477271086, 37.999039971697229 ], [ -0.649266652810959, 37.999031468726152 ], [ -0.649266652832634, 37.999031468719039 ], [ -0.649293233865557, 37.999022999175871 ], [ -0.649293233875651, 37.999022999172702 ], [ -0.649306891556551, 37.999018766785568 ], [ -0.649306891774585, 37.999018766737152 ], [ -0.649306892000418, 37.999018766723822 ], [ -0.649325401744804, 37.999019136894375 ], [ -0.649343160373759, 37.999019492941983 ], [ -0.649353833776583, 37.999019706393049 ], [ -0.649353833991424, 37.999019706413641 ], [ -0.649353834197461, 37.999019706466022 ], [ -0.649367904152787, 37.99902449336598 ], [ -0.64936790419073, 37.999024493379551 ], [ -0.649393256267667, 37.999034002412259 ], [ -0.649393256267668, 37.999034002412259 ], [ -0.649393256529249, 37.999034002548001 ], [ -0.649413427822742, 37.999047954045288 ], [ -0.649413427898014, 37.999047954102373 ], [ -0.649441186858951, 37.999071024177731 ], [ -0.649456512755045, 37.999080337096963 ], [ -0.649483964020316, 37.999089892485749 ], [ -0.64949463834826, 37.999090105942656 ], [ -0.649494638562948, 37.999090105963219 ], [ -0.64949463876885, 37.999090106015522 ], [ -0.649508708414617, 37.999094889144921 ], [ -0.649533888277382, 37.999086386281704 ], [ -0.64953388832949, 37.999086386265297 ], [ -0.64954829123141, 37.999082173267851 ], [ -0.649560509144041, 37.99907791212744 ], [ -0.649573615919636, 37.99906917320758 ], [ -0.64963365324503, 37.999016299367476 ], [ -0.649633653381162, 37.999016299265818 ], [ -0.649647460333505, 37.999007568829107 ], [ -0.649659121991424, 37.998998800001885 ], [ -0.649659122177517, 37.998998799888419 ], [ -0.649659122389083, 37.998998799807588 ], [ -0.649688588338769, 37.998990383364209 ], [ -0.649713764024164, 37.998981844184478 ], [ -0.649713764024162, 37.998981844184478 ], [ -0.649713764206763, 37.99898184413653 ], [ -0.649735211539613, 37.99897776745523 ], [ -0.649735211539615, 37.99897776745523 ], [ -0.649735211834285, 37.99897776743061 ], [ -0.649771525718941, 37.998978494426176 ], [ -0.649814871400599, 37.998979361106407 ], [ -0.649814871671607, 37.998979361137891 ], [ -0.649860827240558, 37.998989287417096 ], [ -0.649908364809373, 37.998994780333014 ], [ -0.649926122039244, 37.998995135363273 ], [ -0.649968506866122, 37.998982435629607 ], [ -0.64996850686612, 37.998982435629607 ], [ -0.649968507078488, 37.998982435583976 ], [ -0.649968507297984, 37.998982435571527 ], [ -0.649994146679174, 37.998982948180007 ], [ -0.649994146962693, 37.998982948214291 ], [ -0.650016046471161, 37.998987891572263 ], [ -0.650016046471163, 37.998987891572263 ], [ -0.650016046601029, 37.998987891608422 ], [ -0.650044889955934, 37.998997511741621 ], [ -0.650062556149931, 37.999002365934352 ], [ -0.650084461189657, 37.999007309355342 ], [ -0.650101519578614, 37.999007650387789 ], [ -0.650126000775484, 37.998999134262775 ], [ -0.650192304106017, 37.998973405004534 ], [ -0.650282485909509, 37.998934681522449 ], [ -0.650282485925943, 37.998934681515529 ], [ -0.650303377920457, 37.99892605752634 ], [ -0.650320918720741, 37.998912900693625 ], [ -0.650320918769231, 37.998912900659285 ], [ -0.6503470815141, 37.998895410613521 ], [ -0.650361031849893, 37.998882182926316 ], [ -0.650371393146039, 37.998868842000903 ], [ -0.650384081737259, 37.998851087099723 ], [ -0.650389359187597, 37.9988421861283 ], [ -0.650402438981796, 37.99881092788133 ], [ -0.650402439093887, 37.998810927691196 ], [ -0.650412845802636, 37.998797592104431 ], [ -0.650412845802635, 37.998797592104431 ], [ -0.650412845946396, 37.99879759195688 ], [ -0.650412846125443, 37.998797591835874 ], [ -0.650420819355567, 37.998793245689271 ], [ -0.650420819355566, 37.998793245689271 ], [ -0.650420819460884, 37.998793245638289 ], [ -0.650430892171248, 37.998788945963483 ], [ -0.650430892171246, 37.998788945963483 ], [ -0.65043089235212, 37.998788945901616 ], [ -0.650430892543769, 37.99878894586535 ], [ -0.650430892740448, 37.998788945855779 ], [ -0.65044226713126, 37.998789173219656 ], [ -0.650442267366564, 37.998789173243935 ], [ -0.650442267590395, 37.998789173306285 ], [ -0.65046761376256, 37.99879868735615 ], [ -0.650495907633228, 37.998803753897569 ], [ -0.650517950742801, 37.998804194506398 ], [ -0.65054354442274, 37.998804706981744 ], [ -0.650575711358141, 37.998800848944342 ], [ -0.65062163283733, 37.998788255716008 ], [ -0.650644157891552, 37.998775198516256 ], [ -0.650667624734223, 37.998753153536043 ], [ -0.650689692976847, 37.998731045417095 ], [ -0.650709758631447, 37.998704426939142 ], [ -0.650718862493534, 37.998686595946822 ], [ -0.650724520693896, 37.998664159037375 ], [ -0.650724951544095, 37.99865066025589 ], [ -0.650720588329069, 37.998632560051327 ], [ -0.650720588309825, 37.998632559918732 ], [ -0.650720130201319, 37.998623544216159 ], [ -0.650720130211687, 37.998623544053437 ], [ -0.650720130258929, 37.998623543894851 ], [ -0.650727645369292, 37.998605721553197 ], [ -0.650737083069961, 37.998583319472864 ], [ -0.650737083111347, 37.998583319388878 ], [ -0.650744648679711, 37.998569981052874 ], [ -0.650744648767253, 37.998569980926646 ], [ -0.650744648879091, 37.998569980813059 ], [ -0.650754865791416, 37.998561160475603 ], [ -0.650771800256031, 37.998543450730544 ], [ -0.650771800256034, 37.998543450730544 ], [ -0.650771800379438, 37.998543450621256 ], [ -0.650789289910093, 37.998530292601941 ], [ -0.650789290139247, 37.998530292468388 ], [ -0.650808781203944, 37.998521675484596 ], [ -0.650834105849356, 37.998508674066706 ], [ -0.650834105849353, 37.998508674066706 ], [ -0.650834106003095, 37.998508674000469 ], [ -0.650990354625424, 37.998453222097602 ], [ -0.651081981759145, 37.998414491731715 ], [ -0.651081981828704, 37.998414491704672 ], [ -0.651117929677355, 37.998401702496118 ], [ -0.651117929732579, 37.998401702477835 ], [ -0.651200596700726, 37.998376335660403 ], [ -0.651200596709287, 37.998376335657802 ], [ -0.651242979865255, 37.998363639873531 ], [ -0.651254543190617, 37.998359365487211 ], [ -0.6512662045604, 37.998350592093978 ], [ -0.651275720708055, 37.998341780315577 ], [ -0.651284680815551, 37.998328447443946 ], [ -0.651297061400165, 37.99829713910249 ], [ -0.651297061431868, 37.998297139032594 ], [ -0.651303923020555, 37.998283768569479 ], [ -0.651303923020553, 37.998283768569479 ], [ -0.651303923070257, 37.998283768485365 ], [ -0.65131587180801, 37.998265994144177 ], [ -0.651315871856725, 37.998265994078558 ], [ -0.651348443270717, 37.99822608168661 ], [ -0.65136795223515, 37.998194950917998 ], [ -0.651380888982944, 37.998168158296437 ], [ -0.651391025220524, 37.998141342146226 ], [ -0.651403836499342, 37.998096533876129 ], [ -0.651403836499343, 37.998096533876129 ], [ -0.651403836563691, 37.998096533719391 ], [ -0.651415928914199, 37.998074256709408 ], [ -0.651415928954767, 37.998074256642433 ], [ -0.651427878635054, 37.998056450768665 ], [ -0.651427878747221, 37.99805645063271 ], [ -0.651445511712475, 37.998038789850654 ], [ -0.651445511712475, 37.998038789850654 ], [ -0.651445511814756, 37.998038789761239 ], [ -0.651485669080748, 37.998008090373432 ], [ -0.651674767763221, 37.997858641751726 ], [ -0.651674767783693, 37.997858641735945 ], [ -0.651698090039432, 37.997841112598927 ], [ -0.65169809023296, 37.997841112481908 ], [ -0.65171613631527, 37.997832449350014 ], [ -0.651748733600646, 37.997815092001993 ], [ -0.651771914034031, 37.997802006979406 ], [ -0.651771914034032, 37.997802006979406 ], [ -0.651771914219029, 37.997802006894496 ], [ -0.651771914420825, 37.997802006838491 ], [ -0.651792706782287, 37.997797922098847 ], [ -0.651812052863386, 37.997793803070508 ], [ -0.651825709980763, 37.99778957489827 ], [ -0.651825709980764, 37.99778957489827 ], [ -0.651825710198612, 37.997789574849932 ], [ -0.651825710424241, 37.997789574836624 ], [ -0.651843474507232, 37.997789929710144 ], [ -0.651843474704484, 37.99778992972778 ], [ -0.651939760802559, 37.9978053625386 ], [ -0.651976911675303, 37.997801603663973 ], [ -0.651976911675304, 37.997801603663973 ], [ -0.65197691184846, 37.997801603656995 ], [ -0.651999660144281, 37.997802058971629 ], [ -0.652017607522845, 37.997797911995491 ], [ -0.652017607546535, 37.997797911990219 ], [ -0.652036959082073, 37.997793797557982 ], [ -0.652091840822067, 37.997767875143019 ], [ -0.652091840909516, 37.997767875105708 ], [ -0.65211417649931, 37.997759319208889 ], [ -0.652114176776791, 37.997759319135639 ], [ -0.65213995939488, 37.997755328603567 ], [ -0.652139959436391, 37.997755328597769 ], [ -0.652171376239881, 37.997751415455078 ], [ -0.652171376445603, 37.997751415444412 ], [ -0.652206243428071, 37.997752111877553 ], [ -0.65220624367004, 37.99775211190309 ], [ -0.652232386525187, 37.997757176546813 ], [ -0.652232386525188, 37.997757176546813 ], [ -0.652232386685791, 37.997757176588131 ], [ -0.652247207685152, 37.997761978144133 ], [ -0.652247207742925, 37.997761978164341 ], [ -0.652259832559937, 37.99776673134776 ], [ -0.652259832559936, 37.99776673134776 ], [ -0.652259832728698, 37.997766731426033 ], [ -0.652259832878037, 37.997766731526006 ], [ -0.65225983300354, 37.997766731644731 ], [ -0.652259833101509, 37.997766731778718 ], [ -0.652265234828983, 37.997775846193164 ], [ -0.652274778654405, 37.997789544198646 ], [ -0.652290155547097, 37.997798858492629 ], [ -0.652327117073752, 37.997799596724761 ], [ -0.652367255366881, 37.997791392784173 ], [ -0.652401659340801, 37.997783073405095 ], [ -0.652445774100332, 37.99776144135145 ], [ -0.652458136340687, 37.997752645716368 ], [ -0.652469797519665, 37.997743872160044 ], [ -0.652479502488635, 37.997730558687266 ], [ -0.652482221684804, 37.997712600175802 ], [ -0.652481063517868, 37.997703570679185 ], [ -0.652467294872985, 37.997667238091324 ], [ -0.652457194695753, 37.99764902338967 ], [ -0.652442111339129, 37.997630672231189 ], [ -0.652425484672998, 37.997616832726358 ], [ -0.65241634803598, 37.997612149336511 ], [ -0.652399433272245, 37.997607306017578 ], [ -0.652399433272243, 37.997607306017578 ], [ -0.652399433077604, 37.997607305944705 ], [ -0.652399432903786, 37.997607305844134 ], [ -0.652399432757009, 37.997607305719463 ], [ -0.652399432642525, 37.997607305575158 ], [ -0.652399432564434, 37.997607305416352 ], [ -0.652396180481039, 37.997598233914651 ], [ -0.652396180481038, 37.997598233914651 ], [ -0.652396180443635, 37.997598233759732 ], [ -0.652396180440957, 37.997598233602012 ], [ -0.65239829208233, 37.997575761652676 ], [ -0.652398292101595, 37.997575761541661 ], [ -0.652404000940457, 37.997553325391756 ], [ -0.652404000940456, 37.997553325391756 ], [ -0.652404000972151, 37.997553325295172 ], [ -0.652409415900802, 37.997539925869653 ], [ -0.652409415923963, 37.997539925817861 ], [ -0.652426929604748, 37.997504249441654 ], [ -0.652433189102443, 37.99748632542304 ], [ -0.652439614349456, 37.997441425569619 ], [ -0.652439614390915, 37.997441425410337 ], [ -0.65244816248616, 37.997419045962587 ], [ -0.652448162486162, 37.997419045962587 ], [ -0.652448162557814, 37.997419045820109 ], [ -0.652459411011033, 37.997401257369077 ], [ -0.6524594111733, 37.99740125717814 ], [ -0.652474060852742, 37.997388042181775 ], [ -0.65247406095701, 37.997388042099189 ], [ -0.652492996419312, 37.997374873045189 ], [ -0.652492996514688, 37.997374872985681 ], [ -0.652524148210529, 37.997357486526418 ], [ -0.652524148210526, 37.997357486526418 ], [ -0.652524148392866, 37.997357486443462 ], [ -0.652524148591377, 37.997357486388481 ], [ -0.652544895412956, 37.997353395203817 ], [ -0.652608763161649, 37.997336658493204 ], [ -0.652608763169475, 37.997336658491186 ], [ -0.652674082859635, 37.997319955234389 ], [ -0.652674082859637, 37.997319955234389 ], [ -0.652674083012791, 37.997319955204318 ], [ -0.65270266035894, 37.997315984311896 ], [ -0.652702660584653, 37.997315984298609 ], [ -0.652713334875684, 37.997316198360004 ], [ -0.652713335144154, 37.997316198390976 ], [ -0.652713335395736, 37.997316198471353 ], [ -0.652735094501561, 37.997325675547629 ], [ -0.652752709120354, 37.997330532802799 ], [ -0.652752709120352, 37.997330532802799 ], [ -0.652752709398478, 37.997330532915413 ], [ -0.652761140259284, 37.997335202062658 ], [ -0.652780492245064, 37.997331088532007 ], [ -0.652809356193728, 37.997318116979585 ], [ -0.652818315613093, 37.997304788684048 ], [ -0.652820891118761, 37.997291332803876 ], [ -0.652819176637454, 37.997277786722485 ], [ -0.652812471992789, 37.997264145427067 ], [ -0.652806374980544, 37.997255017238089 ], [ -0.652797435331309, 37.997245796246411 ], [ -0.652784903098681, 37.997236538636649 ], [ -0.652767432039297, 37.997227183305839 ], [ -0.652733551029502, 37.997217504721235 ], [ -0.652733551029504, 37.997217504721235 ], [ -0.652733550858659, 37.997217504659382 ], [ -0.652733550702996, 37.997217504576142 ], [ -0.65271892559398, 37.997208205069917 ], [ -0.652718925424247, 37.997208204936456 ], [ -0.652718925293517, 37.99720820477787 ], [ -0.652710081180925, 37.997194520591549 ], [ -0.652710081146691, 37.997194520533597 ], [ -0.652702729090025, 37.997180825592523 ], [ -0.65270272905244, 37.997180825512068 ], [ -0.652695468083031, 37.997162667410755 ], [ -0.65269546803976, 37.997162667256752 ], [ -0.652692457302286, 37.997144598536053 ], [ -0.652692457292883, 37.997144598395508 ], [ -0.652692889045993, 37.997131094937409 ], [ -0.652692889078409, 37.997131094745576 ], [ -0.652698448510913, 37.997113161123281 ], [ -0.65269844853897, 37.997113161047345 ], [ -0.652709983908595, 37.997086371748139 ], [ -0.65270998396186, 37.997086371645587 ], [ -0.65273999614259, 37.997037401210207 ], [ -0.652751674856634, 37.997006114746618 ], [ -0.652758083373908, 37.996983692619416 ], [ -0.652761641243656, 37.99696124959511 ], [ -0.652771217110737, 37.996884851346124 ], [ -0.652776048878753, 37.996844384557605 ], [ -0.652776048886434, 37.996844384508016 ], [ -0.652782887839496, 37.99680849937107 ], [ -0.652782887853594, 37.99680849931098 ], [ -0.652794154878237, 37.996768161023105 ], [ -0.652794154878238, 37.996768161023105 ], [ -0.65279415491921, 37.996768160911287 ], [ -0.652800269569293, 37.996754775437104 ], [ -0.652800269569295, 37.996754775437104 ], [ -0.652800269677119, 37.996754775262644 ], [ -0.652800269829687, 37.996754775110531 ], [ -0.652811231079268, 37.996745987438864 ], [ -0.652811231220969, 37.996745987342514 ], [ -0.652811231380672, 37.996745987265825 ], [ -0.652811231554076, 37.996745987210829 ], [ -0.652828440265673, 37.996741789269073 ], [ -0.652828440445683, 37.996741789237525 ], [ -0.652828440629766, 37.996741789229382 ], [ -0.652861157480706, 37.996742443428438 ], [ -0.652861157766242, 37.996742443463162 ], [ -0.652883059792258, 37.99674742228337 ], [ -0.652893178318134, 37.996743083014408 ], [ -0.652903393922322, 37.996734280671717 ], [ -0.65291324219825, 37.996716468901852 ], [ -0.652918663858062, 37.996703065275476 ], [ -0.652918205491556, 37.996694049809939 ], [ -0.652911840172637, 37.996671372615204 ], [ -0.652911840151178, 37.996671372509333 ], [ -0.652907854551628, 37.996639772333594 ], [ -0.652902600844425, 37.996626160012681 ], [ -0.652893753570486, 37.99661243533231 ], [ -0.652882815750822, 37.996598709520271 ], [ -0.652875124470586, 37.996594054150641 ], [ -0.652842883684135, 37.996579902818262 ], [ -0.652842883675644, 37.996579902814496 ], [ -0.652832353036432, 37.996575187006819 ], [ -0.652832352867605, 37.996575186914392 ], [ -0.652832352722504, 37.996575186799454 ], [ -0.652812979189685, 37.996556785935013 ], [ -0.652812979189687, 37.996556785935013 ], [ -0.652812979096434, 37.996556785832638 ], [ -0.652798635262123, 37.996538454763595 ], [ -0.652798635141212, 37.996538454552386 ], [ -0.65279338154224, 37.996524837563825 ], [ -0.652793381542238, 37.996524837563825 ], [ -0.652793381496112, 37.996524837371219 ], [ -0.652790698736146, 37.996497768711841 ], [ -0.652784288097976, 37.996475086108596 ], [ -0.652781030201972, 37.996466019077744 ], [ -0.65277633307795, 37.996456919095401 ], [ -0.652763657797992, 37.996452160604555 ], [ -0.652749582657605, 37.99644737773545 ], [ -0.652690144111979, 37.996459697380836 ], [ -0.652690143910189, 37.996459697407616 ], [ -0.6526901437056, 37.996459697405371 ], [ -0.652690143504822, 37.996459697374199 ], [ -0.652690143314343, 37.996459697315075 ], [ -0.652678167341732, 37.996454957140372 ], [ -0.652665542869699, 37.99645019950858 ], [ -0.652665542869697, 37.99645019950858 ], [ -0.652665542695501, 37.996450199427173 ], [ -0.652665542542264, 37.996450199322652 ], [ -0.652665542414826, 37.996450199198321 ], [ -0.652653853694551, 37.996436458469994 ], [ -0.652631950438172, 37.996431520122805 ], [ -0.652631950259578, 37.996431520069358 ], [ -0.652631950094782, 37.996431519993052 ], [ -0.652606793410679, 37.996417504629065 ], [ -0.652606793410681, 37.996417504629065 ], [ -0.65260679324048, 37.996417504512756 ], [ -0.6526067931025, 37.996417504372218 ], [ -0.652595850687092, 37.996403742229425 ], [ -0.652595850687089, 37.996403742229425 ], [ -0.652595850591828, 37.996403742080616 ], [ -0.652595850532874, 37.996403741920453 ], [ -0.652591434588587, 37.996385640628006 ], [ -0.652591434588589, 37.996385640628006 ], [ -0.652591434568314, 37.996385640434518 ], [ -0.652591721601758, 37.996376639614347 ], [ -0.652591721614243, 37.996376639502095 ], [ -0.65259429830825, 37.996363183383743 ], [ -0.652594298336527, 37.996363183278746 ], [ -0.652600557721409, 37.996345259131459 ], [ -0.652600557806215, 37.996345258959572 ], [ -0.652620771235764, 37.996314142054537 ], [ -0.652633719268781, 37.996264830917099 ], [ -0.652633719268782, 37.996264830917099 ], [ -0.652633719378426, 37.996264830677163 ], [ -0.652639696259157, 37.996255943482502 ], [ -0.652639696259156, 37.996255943482502 ], [ -0.652639696357738, 37.996255943360659 ], [ -0.652639696479699, 37.996255943252862 ], [ -0.652663012640884, 37.996238401218868 ], [ -0.65267626347955, 37.996225117862664 ], [ -0.652680795010285, 37.996216202039996 ], [ -0.652682670661145, 37.996202732137824 ], [ -0.652681512478891, 37.996193702604479 ], [ -0.652678954644992, 37.996184645218854 ], [ -0.652661072129034, 37.996166278895771 ], [ -0.652651242740474, 37.996161541115406 ], [ -0.652651242740475, 37.996161541115406 ], [ -0.652651242578038, 37.996161541020527 ], [ -0.652638010754964, 37.996152270384606 ], [ -0.652606877412697, 37.996147147669994 ], [ -0.652606877134706, 37.996147147593511 ], [ -0.652594902518336, 37.996142402027651 ], [ -0.652594902518335, 37.996142402027651 ], [ -0.652594902304167, 37.99614240191741 ], [ -0.652594902126467, 37.996142401772126 ], [ -0.652585960086357, 37.996133221149769 ], [ -0.652585960086357, 37.996133221149769 ], [ -0.652585959973478, 37.996133221008471 ], [ -0.652585959895532, 37.99613322085311 ], [ -0.652585959855207, 37.996133220689011 ], [ -0.65258595985389, 37.996133220521834 ], [ -0.652586946736127, 37.996124233677563 ], [ -0.652586946768075, 37.996124233530111 ], [ -0.652586946830425, 37.996124233388869 ], [ -0.65258694692145, 37.996124233257753 ], [ -0.652586946921453, 37.996124233257753 ], [ -0.652594369015441, 37.996115374926525 ], [ -0.652594369015438, 37.996115374926525 ], [ -0.652594369145184, 37.99611537479867 ], [ -0.652594369302064, 37.996115374691549 ], [ -0.652594369480881, 37.996115374608713 ], [ -0.652617398672009, 37.996106828896572 ], [ -0.652631904480391, 37.996098112107362 ], [ -0.652644311981267, 37.996089317311771 ], [ -0.652644311981269, 37.996089317311771 ], [ -0.652644312154018, 37.996089317210846 ], [ -0.652644312347646, 37.996089317137368 ], [ -0.652644312555263, 37.996089317093997 ], [ -0.65264431276948, 37.996089317082237 ], [ -0.652658525992057, 37.996089600917095 ], [ -0.652658526238394, 37.996089600943506 ], [ -0.652683974273902, 37.996094615539562 ], [ -0.652695347797243, 37.996094842662572 ], [ -0.652704019902653, 37.996090510594087 ], [ -0.65270999066463, 37.996081623884528 ], [ -0.652686396041492, 37.996040630384464 ], [ -0.652686395969508, 37.996040630217898 ], [ -0.652686395939832, 37.996040630043439 ], [ -0.652685984400445, 37.996031574722515 ], [ -0.652685984416277, 37.996031574537007 ], [ -0.652685984479899, 37.996031574358028 ], [ -0.652685984588602, 37.996031574193182 ], [ -0.652697089175636, 37.996018288368738 ], [ -0.652697089175635, 37.996018288368738 ], [ -0.652697089365674, 37.996018288194627 ], [ -0.652709450212141, 37.996009528479362 ], [ -0.652709450212141, 37.996009528479362 ], [ -0.652709450389548, 37.996009528376248 ], [ -0.652709450588718, 37.996009528302068 ], [ -0.652709450802202, 37.996009528259634 ], [ -0.65270945102202, 37.996009528250497 ], [ -0.652709451239949, 37.996009528275017 ], [ -0.652735639890223, 37.996014556713007 ], [ -0.652750694782714, 37.996010351995722 ], [ -0.652760261427546, 37.996001541304928 ], [ -0.652764087299782, 37.995992612485544 ], [ -0.652760836561061, 37.995983540568297 ], [ -0.65275114950871, 37.995974340775959 ], [ -0.652717000991108, 37.995951108796241 ], [ -0.652662254733274, 37.99592751859241 ], [ -0.652623574097069, 37.995913215152697 ], [ -0.65262357409707, 37.995913215152697 ], [ -0.652623573872017, 37.995913215042613 ], [ -0.652601264388994, 37.99589922589962 ], [ -0.652601264388995, 37.99589922589962 ], [ -0.652601264233903, 37.995899225781884 ], [ -0.652601264109538, 37.995899225643178 ], [ -0.652601264020333, 37.995899225488451 ], [ -0.652593309027599, 37.995881053519696 ], [ -0.652593308976949, 37.995881053355632 ], [ -0.652593308965891, 37.995881053186963 ], [ -0.65259330899481, 37.99588105301963 ], [ -0.652597278535224, 37.995867624715494 ], [ -0.652597278604257, 37.995867624553334 ], [ -0.6525972787108, 37.995867624404418 ], [ -0.652597278851002, 37.99586762427414 ], [ -0.652597279019809, 37.99586762416719 ], [ -0.652597279211129, 37.995867624087431 ], [ -0.652597279418054, 37.995867624037736 ], [ -0.652622315980355, 37.995863618490901 ], [ -0.652622315980357, 37.995863618490901 ], [ -0.652622316234645, 37.995863618473322 ], [ -0.652634384350025, 37.99586385947277 ], [ -0.652634384585398, 37.995863859497071 ], [ -0.652634384809288, 37.995863859559464 ], [ -0.652647060370314, 37.995868619118639 ], [ -0.652647060452426, 37.995868619152787 ], [ -0.652677905821814, 37.995882742700708 ], [ -0.652677905821816, 37.995882742700708 ], [ -0.652677905936032, 37.995882742760543 ], [ -0.652717039882063, 37.995906039213715 ], [ -0.652730414015122, 37.995910847799436 ], [ -0.652767832255242, 37.995920601529654 ], [ -0.652793981330922, 37.995925625588214 ], [ -0.652830986396353, 37.995926364519256 ], [ -0.652840358332466, 37.995922050825072 ], [ -0.652852019051715, 37.995913278182407 ], [ -0.65286172497729, 37.995899924153534 ], [ -0.652862712781626, 37.995890942141052 ], [ -0.6528608547763, 37.995881898796256 ], [ -0.65284092401214, 37.995858985969043 ], [ -0.652823041461609, 37.995840579826542 ], [ -0.652788892976435, 37.995817382997068 ], [ -0.652762291279071, 37.995803339742892 ], [ -0.652762291202201, 37.995803339698519 ], [ -0.652725348917117, 37.995780087890537 ], [ -0.65270783373308, 37.995770694661239 ], [ -0.652667857614075, 37.995751883268248 ], [ -0.652667857522987, 37.995751883220571 ], [ -0.65265178052019, 37.995742559219707 ], [ -0.652651780317333, 37.995742559068617 ], [ -0.652637297918294, 37.99572875777578 ], [ -0.652637297918295, 37.99572875777578 ], [ -0.652637297774998, 37.995728757601732 ], [ -0.652625799185542, 37.995710478825551 ], [ -0.652625799185543, 37.995710478825551 ], [ -0.652625799110213, 37.995710478672017 ], [ -0.652625799071467, 37.995710478510205 ], [ -0.652625799070597, 37.995710478345494 ], [ -0.652625799107631, 37.995710478183426 ], [ -0.652628930891749, 37.995701538677167 ], [ -0.652628930891751, 37.995701538677167 ], [ -0.652628930978242, 37.995701538503027 ], [ -0.652628931108332, 37.995701538346772 ], [ -0.652628931276404, 37.995701538215172 ], [ -0.652642686078931, 37.995692806343101 ], [ -0.652642686078932, 37.995692806343101 ], [ -0.652642686230367, 37.995692806261886 ], [ -0.652642686396286, 37.995692806200914 ], [ -0.652657094331574, 37.995688588393918 ], [ -0.652657094331576, 37.995688588393918 ], [ -0.652657094532858, 37.995688588351101 ], [ -0.652657094740635, 37.995688588338041 ], [ -0.652657094947938, 37.995688588355172 ], [ -0.652657095147816, 37.99568858840194 ], [ -0.652702854406479, 37.995703015173724 ], [ -0.652702854414863, 37.995703015176403 ], [ -0.652807142098825, 37.995736656192626 ], [ -0.652850951075209, 37.995746537514144 ], [ -0.652879239489067, 37.995751604277046 ], [ -0.652921934522443, 37.995752456794193 ], [ -0.652956193957081, 37.995748640750755 ], [ -0.652956194144454, 37.995748640742242 ], [ -0.652971858207526, 37.995748953507444 ], [ -0.652971858362628, 37.995748953518984 ], [ -0.653012964869152, 37.995754276201694 ], [ -0.653031467903202, 37.995754645643629 ], [ -0.653050068826411, 37.995750516074843 ], [ -0.653061586074578, 37.995746240599978 ], [ -0.653073292262094, 37.995737467959515 ], [ -0.653083651023181, 37.995724167655169 ], [ -0.653075140784171, 37.995701447945898 ], [ -0.653075140772739, 37.995701447913113 ], [ -0.653069280668606, 37.995683317801628 ], [ -0.653069280668605, 37.995683317801628 ], [ -0.653069280633934, 37.99568331761288 ], [ -0.653069280650257, 37.995683317422582 ], [ -0.653069280716842, 37.995683317239283 ], [ -0.653076146272082, 37.99566994673954 ], [ -0.653076146369827, 37.995669946590674 ], [ -0.653076146500759, 37.99566994645874 ], [ -0.653076146660333, 37.995669946348301 ], [ -0.653076146843018, 37.995669946263192 ], [ -0.653087658638433, 37.99566567057834 ], [ -0.653087658638431, 37.99566567057834 ], [ -0.653087658789743, 37.995665670532233 ], [ -0.65310486591109, 37.995661513964976 ], [ -0.653104866089631, 37.995661513933982 ], [ -0.653104866272136, 37.995661513926024 ], [ -0.653145416408684, 37.99566232353655 ], [ -0.653172448380929, 37.995662864141231 ], [ -0.653183266906013, 37.995658538668692 ], [ -0.653183266982925, 37.995658538640733 ], [ -0.653196183671735, 37.995654295617548 ], [ -0.653206588000845, 37.995640996100867 ], [ -0.653210413926416, 37.995632066132302 ], [ -0.653212433010297, 37.995614093574495 ], [ -0.653204164063229, 37.995582371882989 ], [ -0.653204164039772, 37.995582371705964 ], [ -0.653204038658265, 37.995564374116178 ], [ -0.65320403866074, 37.995564374051639 ], [ -0.653205169433865, 37.995550871026623 ], [ -0.653205169472639, 37.995550870845832 ], [ -0.653211427482565, 37.995532982677872 ], [ -0.653211427482566, 37.995532982677872 ], [ -0.653211427557152, 37.995532982522292 ], [ -0.653227953509612, 37.995506256845275 ], [ -0.653231928529108, 37.995492828871967 ], [ -0.653230815814452, 37.995483800339635 ], [ -0.653225556417419, 37.995470187889566 ], [ -0.653218158833238, 37.995456496715107 ], [ -0.653200976130209, 37.995438139737139 ], [ -0.653200976130211, 37.995438139737139 ], [ -0.653200975996172, 37.995438139551212 ], [ -0.65320097592135, 37.995438139345524 ], [ -0.653199117818901, 37.995429095694028 ], [ -0.653199117818899, 37.995429095694028 ], [ -0.653199117804493, 37.995429095527221 ], [ -0.653199117829286, 37.995429095361189 ], [ -0.653199117892426, 37.995429095201636 ], [ -0.653199117991737, 37.995429095054064 ], [ -0.653206488613873, 37.995420236663392 ], [ -0.653213498730928, 37.995402327673503 ], [ -0.653215328743712, 37.995388856810706 ], [ -0.653213614067291, 37.995375315196078 ], [ -0.65320565907644, 37.995357142538893 ], [ -0.653192716383854, 37.995338835061823 ], [ -0.653185919649268, 37.995329692939599 ], [ -0.653172687735117, 37.995320426853176 ], [ -0.653153771748831, 37.9953110426734 ], [ -0.653153771680289, 37.99531104263658 ], [ -0.65312162482163, 37.995292386798276 ], [ -0.653121624665496, 37.995292386688938 ], [ -0.653121624537184, 37.995292386558894 ], [ -0.653121624440997, 37.995292386412508 ], [ -0.653116927191677, 37.995283286153011 ], [ -0.65310937938207, 37.995274128971907 ], [ -0.653109379382069, 37.995274128971907 ], [ -0.65310937929921, 37.995274128852529 ], [ -0.653109379240039, 37.995274128724631 ], [ -0.653106128304542, 37.995265021218472 ], [ -0.65310612830454, 37.995265021218472 ], [ -0.653106128267051, 37.995265021061044 ], [ -0.653105015540568, 37.995255992290012 ], [ -0.653105015539458, 37.995255992124655 ], [ -0.653105015576565, 37.995255991961926 ], [ -0.653108147280891, 37.995247052439716 ], [ -0.653108147307277, 37.995247052374211 ], [ -0.653114261903734, 37.995233662371824 ], [ -0.653114261903732, 37.995233662371824 ], [ -0.653114261993426, 37.995233662220848 ], [ -0.653114262116764, 37.995233662085568 ], [ -0.653167766309131, 37.995185160495801 ], [ -0.653185397880601, 37.995167504905027 ], [ -0.653201878191758, 37.995140778389612 ], [ -0.653205005395688, 37.995131834484646 ], [ -0.653204592512196, 37.9951228199591 ], [ -0.653200640646335, 37.995113734655135 ], [ -0.653195937670198, 37.995104638992899 ], [ -0.653186807194505, 37.995099951320213 ], [ -0.653186807158993, 37.995099951301199 ], [ -0.653178421646674, 37.995095281966947 ], [ -0.653169336409167, 37.99509059505688 ], [ -0.653169336339016, 37.995090595017622 ], [ -0.653161650918239, 37.995085940723698 ], [ -0.653116157062089, 37.995085032418324 ], [ -0.653102643898426, 37.995084761717422 ], [ -0.653102643635927, 37.995084761687728 ], [ -0.653102643389235, 37.995084761610762 ], [ -0.653091414248479, 37.995079995837493 ], [ -0.65309141424848, 37.995079995837493 ], [ -0.653091414067016, 37.995079995741712 ], [ -0.653091413911971, 37.995079995620294 ], [ -0.653081726714578, 37.995070795651955 ], [ -0.653081726576904, 37.99507079548745 ], [ -0.653081726487792, 37.995070795303157 ], [ -0.653081726451517, 37.995070795107949 ], [ -0.653081313427046, 37.995061784812293 ], [ -0.653081313441562, 37.995061784632597 ], [ -0.653081313500946, 37.995061784458777 ], [ -0.653081313602823, 37.995061784297796 ], [ -0.653081313743125, 37.995061784156036 ], [ -0.653081313916245, 37.995061784039208 ], [ -0.653089241010575, 37.995057436810846 ], [ -0.653108174434375, 37.995044307286825 ], [ -0.653108174434372, 37.995044307286825 ], [ -0.653108174573536, 37.995044307204303 ], [ -0.653108174726965, 37.995044307139501 ], [ -0.653120437469437, 37.995040046442973 ], [ -0.653120437469436, 37.995040046442973 ], [ -0.653120437694493, 37.995040046385967 ], [ -0.653169058971773, 37.995032015985537 ], [ -0.653229243286477, 37.995019670338536 ], [ -0.653229243324091, 37.995019670331352 ], [ -0.653252134329973, 37.995015626326506 ], [ -0.653300250462226, 37.995003075799701 ], [ -0.653325567014633, 37.994990091769345 ], [ -0.653349588837427, 37.994972541156855 ], [ -0.653349588852004, 37.994972541146382 ], [ -0.653361994705713, 37.994963786842391 ], [ -0.653376782621198, 37.99494603301666 ], [ -0.653397546125739, 37.994919427885634 ], [ -0.653410193412875, 37.994901671849789 ], [ -0.65341789761294, 37.994883776592616 ], [ -0.653431118897117, 37.994848014384146 ], [ -0.653433694210312, 37.994834558330332 ], [ -0.65343398226843, 37.994825521626623 ], [ -0.653429010904449, 37.994802908377743 ], [ -0.653417947112888, 37.994771166883034 ], [ -0.653402732242189, 37.994734800901732 ], [ -0.653402732211848, 37.994734800814889 ], [ -0.653397622992521, 37.99471669021279 ], [ -0.653397622966376, 37.994716690057963 ], [ -0.653395783530113, 37.994685092094834 ], [ -0.653395783530115, 37.994685092094834 ], [ -0.653395783539411, 37.994685091931295 ], [ -0.653402764179972, 37.994644708571833 ], [ -0.653404877804437, 37.994622196166368 ], [ -0.653403914135855, 37.994608669532361 ], [ -0.653399911110431, 37.994599582355086 ], [ -0.653386966199369, 37.994581310889679 ], [ -0.653386966115458, 37.994581310741232 ], [ -0.653383015334949, 37.994572189270613 ], [ -0.653383015308986, 37.994572189201854 ], [ -0.653377153922069, 37.994554063582918 ], [ -0.653377153891907, 37.994554063447026 ], [ -0.653376041138214, 37.994545034676875 ], [ -0.653376041134625, 37.99454503453898 ], [ -0.653377315945563, 37.994527046876584 ], [ -0.6533773159564, 37.994527046793245 ], [ -0.653381579024724, 37.994504581716818 ], [ -0.653381579053537, 37.994504581609768 ], [ -0.653395689026568, 37.99446433609382 ], [ -0.653400835259924, 37.994437383205465 ], [ -0.65340408340723, 37.994401426423245 ], [ -0.653402100444635, 37.994374331182591 ], [ -0.653402100447405, 37.994374331048952 ], [ -0.653403132713156, 37.994365345099993 ], [ -0.653403132736601, 37.994365344982555 ], [ -0.653409539642671, 37.994342958797318 ], [ -0.653411369600619, 37.994329487799199 ], [ -0.653411369635344, 37.994329487655193 ], [ -0.65343014984279, 37.99427579168642 ], [ -0.653430149869323, 37.99427579162051 ], [ -0.653436265456025, 37.994262401617483 ], [ -0.653436265456024, 37.994262401617483 ], [ -0.653436265532568, 37.994262401484676 ], [ -0.653451947758625, 37.994240164412659 ], [ -0.65345647340872, 37.994231248365317 ], [ -0.65345919148486, 37.994213312263511 ], [ -0.65345395700215, 37.994177127581949 ], [ -0.653453956995126, 37.994177127456766 ], [ -0.653454817710567, 37.994150124969323 ], [ -0.65345481776431, 37.994150124717621 ], [ -0.653460233359143, 37.994136725244772 ], [ -0.653460233372794, 37.994136725213053 ], [ -0.653478588897771, 37.994096528338467 ], [ -0.65347858889777, 37.994096528338467 ], [ -0.653478589000489, 37.994096528170409 ], [ -0.653488993277485, 37.99408322918304 ], [ -0.653488993304728, 37.994083229149886 ], [ -0.653511902603799, 37.994056630858353 ], [ -0.653527262829715, 37.994020915874962 ], [ -0.653527262907719, 37.994020915734261 ], [ -0.653527263014806, 37.994020915606093 ], [ -0.653536078156845, 37.994012103053784 ], [ -0.653544200304429, 37.994003240623456 ], [ -0.653544200304431, 37.994003240623456 ], [ -0.653544200429269, 37.994003240508889 ], [ -0.653544200576574, 37.994003240412461 ], [ -0.653552174246601, 37.993998858005661 ], [ -0.653552174416465, 37.993998857928517 ], [ -0.653552174600523, 37.993998857875589 ], [ -0.653571520528368, 37.993994743950395 ], [ -0.653583037326316, 37.993990472915392 ], [ -0.653607052458623, 37.993972939273633 ], [ -0.653607052458621, 37.993972939273633 ], [ -0.653607052670192, 37.993972939151568 ], [ -0.653607052911402, 37.993972939071 ], [ -0.65366085117651, 37.99396050626514 ], [ -0.653691714369019, 37.993952115765715 ], [ -0.65369171441896, 37.993952115753139 ], [ -0.653709615418167, 37.993947967534183 ], [ -0.653709615418169, 37.993947967534183 ], [ -0.653709615641522, 37.993947967501121 ], [ -0.653709615868723, 37.993947967503836 ], [ -0.653709616090717, 37.993947967542205 ], [ -0.653709616298658, 37.993947967614702 ], [ -0.653720146568202, 37.993952683307064 ], [ -0.653734966969123, 37.993957481032538 ], [ -0.65373496710829, 37.993957481086611 ], [ -0.65379665745732, 37.993985732883907 ], [ -0.653806630766427, 37.99398593194735 ], [ -0.653820430298135, 37.993977201033708 ], [ -0.653820430298136, 37.993977201033708 ], [ -0.65382043045872, 37.993977200948706 ], [ -0.653849991844084, 37.993964283390859 ], [ -0.653849992046017, 37.993964283321844 ], [ -0.653849992260957, 37.993964283284818 ], [ -0.653849992480878, 37.99396428328123 ], [ -0.653849992697565, 37.993964283311172 ], [ -0.653872640663802, 37.993969237196303 ], [ -0.653885556760951, 37.993964994168721 ], [ -0.65389581735317, 37.993956192637192 ], [ -0.653910748445523, 37.993933936056521 ], [ -0.653910748445522, 37.993933936056521 ], [ -0.653910748558126, 37.99393393592009 ], [ -0.653919569779872, 37.993925109927673 ], [ -0.653919569779873, 37.993925109927673 ], [ -0.65391956992739, 37.993925109805616 ], [ -0.65391957010111, 37.993925109707469 ], [ -0.653919570294924, 37.993925109636734 ], [ -0.653934671886956, 37.99392090553107 ], [ -0.653945488979784, 37.993916621325404 ], [ -0.653956260790127, 37.993912330781747 ], [ -0.653956260790125, 37.993912330781747 ], [ -0.65395626096282, 37.993912330726467 ], [ -0.653956261144595, 37.993912330694208 ], [ -0.653956261330583, 37.993912330685859 ], [ -0.653981199189767, 37.993912828400191 ], [ -0.653981199391072, 37.99391282841848 ], [ -0.653981199585088, 37.993912828464744 ], [ -0.653981199765669, 37.993912828537482 ], [ -0.654000115593824, 37.993922212617186 ], [ -0.654000115682501, 37.993922212665971 ], [ -0.654015441298933, 37.993931525991144 ], [ -0.654015441298932, 37.993931525991144 ], [ -0.654015441457326, 37.993931526107957 ], [ -0.654015441584912, 37.993931526246357 ], [ -0.65402228847205, 37.993940669452591 ], [ -0.654022288554684, 37.993940669587381 ], [ -0.65402228860795, 37.993940669731124 ], [ -0.654022288630376, 37.993940669879876 ], [ -0.654022694790054, 37.993949720587842 ], [ -0.654022694780106, 37.993949720742847 ], [ -0.654022694736689, 37.9939497208942 ], [ -0.654017280396408, 37.993963120419863 ], [ -0.654017280396407, 37.993963120419863 ], [ -0.65401728031716, 37.993963120568544 ], [ -0.654008321302146, 37.993976449349866 ], [ -0.654008321302148, 37.993976449349866 ], [ -0.654008321210696, 37.993976449464263 ], [ -0.654008321098614, 37.993976449566524 ], [ -0.653974739260331, 37.994002798095913 ], [ -0.653964522887161, 37.994011636694317 ], [ -0.6539585516114, 37.994020541891736 ], [ -0.653954531874712, 37.99403395097891 ], [ -0.653956103157825, 37.994051994950361 ], [ -0.653969328815917, 37.99406126512033 ], [ -0.653986248468961, 37.994066103730304 ], [ -0.654008988677252, 37.994066558479624 ], [ -0.654033324331235, 37.994062543185763 ], [ -0.654092349119673, 37.994041207973233 ], [ -0.654126945921812, 37.994028386364583 ], [ -0.65419278469329, 37.993993643450814 ], [ -0.654192784693291, 37.993993643450814 ], [ -0.654192784828622, 37.993993643389558 ], [ -0.654237453409881, 37.993976522612442 ], [ -0.654254097815342, 37.993967848338379 ], [ -0.654265946978389, 37.99395457740183 ], [ -0.654271924519629, 37.993945654224582 ], [ -0.654275056102014, 37.993936710334978 ], [ -0.654277023660299, 37.993918736647977 ], [ -0.6542759176551, 37.993909708232373 ], [ -0.654271214560188, 37.993900612507595 ], [ -0.654260972240607, 37.99388686010272 ], [ -0.654231256286161, 37.993859251084849 ], [ -0.654231256278195, 37.993859251077367 ], [ -0.654221570224011, 37.993850051224562 ], [ -0.65422157022401, 37.993850051224562 ], [ -0.654221570092174, 37.993850051068911 ], [ -0.654215473086495, 37.993840922838658 ], [ -0.654215473086497, 37.993840922838658 ], [ -0.654215472981963, 37.993840922614176 ], [ -0.654212914954274, 37.993831865007849 ], [ -0.654212914928684, 37.993831864862244 ], [ -0.654212914933362, 37.993831864715276 ], [ -0.654214745882115, 37.993818357625123 ], [ -0.654214745915034, 37.993818357486219 ], [ -0.654214745975004, 37.993818357353099 ], [ -0.654222305417151, 37.993804996119579 ], [ -0.654222305555961, 37.993804995936273 ], [ -0.654222305745432, 37.993804995784004 ], [ -0.654236111209342, 37.993796264726861 ], [ -0.654236111410441, 37.99379626462504 ], [ -0.654246928562352, 37.993791979464014 ], [ -0.654246928824135, 37.993791979390323 ], [ -0.654246929100681, 37.993791979369014 ], [ -0.654259696691397, 37.993792235056823 ], [ -0.654259696886435, 37.993792235074125 ], [ -0.65425969707482, 37.993792235117688 ], [ -0.65425969725095, 37.993792235186206 ], [ -0.654269527886988, 37.993796932377116 ], [ -0.654291987225207, 37.993806387111903 ], [ -0.654291987225208, 37.993806387111903 ], [ -0.654291987398485, 37.993806387201737 ], [ -0.654291987548314, 37.99380638731494 ], [ -0.654307220833353, 37.99382020329103 ], [ -0.654335966032907, 37.993834321367835 ], [ -0.654335966105862, 37.99383432140683 ], [ -0.654352035875228, 37.993843648574092 ], [ -0.654381579920979, 37.993853244638146 ], [ -0.654381579950157, 37.993853244648008 ], [ -0.654422399963797, 37.993867567676226 ], [ -0.654422399963798, 37.993867567676226 ], [ -0.654422400122302, 37.993867567744211 ], [ -0.654449751547317, 37.993881622005873 ], [ -0.654449751611377, 37.993881622041314 ], [ -0.654481147209458, 37.993900297668617 ], [ -0.654481147258073, 37.993900297699227 ], [ -0.654509054550506, 37.993918867310299 ], [ -0.654520565303046, 37.993914592617415 ], [ -0.654520565552917, 37.99391459255127 ], [ -0.654520565815307, 37.99391459253237 ], [ -0.654557531525961, 37.993915330121219 ], [ -0.65457971651493, 37.993911271782878 ], [ -0.654601207290072, 37.993907200499613 ], [ -0.654618557168272, 37.993898540239336 ], [ -0.654644018383664, 37.993880999168169 ], [ -0.654665239092871, 37.993863427533647 ], [ -0.654696819446354, 37.993832519874722 ], [ -0.654714594998586, 37.993810324390353 ], [ -0.654725004672161, 37.993797024575137 ], [ -0.654757032718626, 37.993730080735375 ], [ -0.654762544790291, 37.993712177724845 ], [ -0.654763864611426, 37.993694159537121 ], [ -0.654761278527546, 37.99366260538288 ], [ -0.654757470512199, 37.993648999387396 ], [ -0.654751553628893, 37.993632607379972 ], [ -0.654750910341926, 37.993630819434394 ], [ -0.654742811642759, 37.993617150365317 ], [ -0.654719629601288, 37.993585167172782 ], [ -0.654719629590957, 37.993585167158216 ], [ -0.654700588686775, 37.993557730769929 ], [ -0.654687356916125, 37.993548464881087 ], [ -0.654655067169616, 37.993534308585758 ], [ -0.654655066958813, 37.993534308466685 ], [ -0.654596606939813, 37.993492577863442 ], [ -0.654523978652939, 37.99345060058203 ], [ -0.654496627404124, 37.993436510310623 ], [ -0.654496627316585, 37.993436510260693 ], [ -0.65445968560442, 37.993413259010715 ], [ -0.654389708880556, 37.993375799517715 ], [ -0.654389708816129, 37.993375799480546 ], [ -0.654329703629743, 37.993338579460151 ], [ -0.654329703554737, 37.993338579409318 ], [ -0.654248325536448, 37.993278395277805 ], [ -0.654248325522592, 37.993278395267382 ], [ -0.654205986236536, 37.993246011624642 ], [ -0.654205986236536, 37.993246011624642 ], [ -0.654205986117813, 37.993246011518288 ], [ -0.654205986021669, 37.99324601139849 ], [ -0.654193743215754, 37.993227717016744 ], [ -0.654193743131772, 37.993227716854975 ], [ -0.654179926538044, 37.993191419501066 ], [ -0.654173129855357, 37.993182277426179 ], [ -0.654144959593152, 37.993150158579923 ], [ -0.654112399358262, 37.993122488307975 ], [ -0.654104713856141, 37.99311783394738 ], [ -0.65410471385614, 37.99311783394738 ], [ -0.654104713709556, 37.993117833841346 ], [ -0.654104713588492, 37.993117833716767 ], [ -0.65410471349663, 37.993117833577415 ], [ -0.654104713436767, 37.993117833427576 ], [ -0.654102157729071, 37.993108739820428 ], [ -0.654102157702062, 37.993108739639098 ], [ -0.654101888030154, 37.993095226671691 ], [ -0.654101888047416, 37.993095226500529 ], [ -0.654106894392814, 37.993072830356063 ], [ -0.654107181776891, 37.993063811634208 ], [ -0.654099774233996, 37.993005087508166 ], [ -0.654091963656812, 37.992982381535803 ], [ -0.654082706812145, 37.992959681845015 ], [ -0.654076604386775, 37.99295055377145 ], [ -0.654067519576096, 37.992945867054736 ], [ -0.654067519576098, 37.992945867054736 ], [ -0.654067519436338, 37.992945866969741 ], [ -0.654048003008164, 37.992931969907936 ], [ -0.654025687418912, 37.992917980077685 ], [ -0.653938652871617, 37.992880215949299 ], [ -0.653938652802905, 37.992880215916948 ], [ -0.653883353754724, 37.992852055678547 ], [ -0.653861450405046, 37.992847117586479 ], [ -0.653844198829454, 37.992851274187984 ], [ -0.653831986833931, 37.992855571919982 ], [ -0.653806378052118, 37.992877573835635 ], [ -0.65379527421393, 37.992890859733322 ], [ -0.653795274213931, 37.992890859733322 ], [ -0.653795274053158, 37.992890859885968 ], [ -0.65379527385401, 37.992890860007002 ], [ -0.653795273626178, 37.992890860090519 ], [ -0.653779472353358, 37.992895050236292 ], [ -0.653779472346012, 37.992895050238225 ], [ -0.653747209945231, 37.992903412847149 ], [ -0.653747209756078, 37.992903412882356 ], [ -0.653747209562111, 37.992903412891614 ], [ -0.653735837219868, 37.992903184999193 ], [ -0.653722318732377, 37.992902915169502 ], [ -0.653722318448878, 37.99290291513524 ], [ -0.653700420444906, 37.992897972514655 ], [ -0.653700420370432, 37.992897972495648 ], [ -0.653666541249057, 37.99288828880011 ], [ -0.653646783712219, 37.992883393440074 ], [ -0.653628281301276, 37.992883024116665 ], [ -0.653628281095776, 37.992883024097679 ], [ -0.653628280898013, 37.992883024049561 ], [ -0.653613506138751, 37.992878228104622 ], [ -0.653613506010037, 37.992878228055154 ], [ -0.653602975863869, 37.992873511429046 ], [ -0.653602975724412, 37.992873511355342 ], [ -0.653602975600146, 37.992873511266225 ], [ -0.653586347984482, 37.992859689899085 ], [ -0.653575118729607, 37.992854942259513 ], [ -0.653575118532383, 37.992854942153762 ], [ -0.653561144036414, 37.992845620699825 ], [ -0.653511096431729, 37.992831113230444 ], [ -0.653511096431731, 37.992831113230444 ], [ -0.653511096313006, 37.992831113189837 ], [ -0.653487197879951, 37.992821629571147 ], [ -0.65348719780102, 37.992821629536657 ], [ -0.653457752047704, 37.992807533248289 ], [ -0.653457751811933, 37.992807533098237 ], [ -0.653446665212322, 37.992798305224916 ], [ -0.653446665081514, 37.992798305093508 ], [ -0.653446664983671, 37.992798304945218 ], [ -0.653441962105888, 37.992789204505968 ], [ -0.653441962044017, 37.992789204344504 ], [ -0.653441962021281, 37.992789204176731 ], [ -0.653441962038479, 37.992789204008552 ], [ -0.653441962095004, 37.992789203845845 ], [ -0.653452654249107, 37.992766867100009 ], [ -0.653452654249108, 37.992766867100009 ], [ -0.653452654344227, 37.992766866946901 ], [ -0.653452654474114, 37.992766866810747 ], [ -0.653452654634113, 37.9927668666964 ], [ -0.653489636898483, 37.992745091874589 ], [ -0.653493513670464, 37.992736163267843 ], [ -0.653487509213384, 37.992722536285399 ], [ -0.653471584533621, 37.992708669491677 ], [ -0.653471584525882, 37.992708669484877 ], [ -0.653450856364529, 37.992690247091893 ], [ -0.653450856364528, 37.992690247091893 ], [ -0.653450856288716, 37.992690247016796 ], [ -0.653442568980669, 37.992681075023704 ], [ -0.653442568830867, 37.99268107479427 ], [ -0.653436609841352, 37.992667443747699 ], [ -0.653436609841353, 37.992667443747699 ], [ -0.653436609784959, 37.992667443546814 ], [ -0.65343660978765, 37.99266744334102 ], [ -0.653440174020317, 37.992644964304404 ], [ -0.653440174020318, 37.992644964304404 ], [ -0.653440174053605, 37.992644964173721 ], [ -0.6534401741109, 37.992644964048338 ], [ -0.653447733415865, 37.992631607365553 ], [ -0.65344773344324, 37.992631607320568 ], [ -0.653470927959928, 37.992596048607894 ], [ -0.653470927959926, 37.992596048607894 ], [ -0.653470928104228, 37.992596048437576 ], [ -0.653480444771349, 37.992587191302377 ], [ -0.653480444828601, 37.992587191252937 ], [ -0.653491405209848, 37.992578407991743 ], [ -0.653491405235288, 37.992578407971997 ], [ -0.653508892970564, 37.992565244970471 ], [ -0.65350889297056, 37.992565244970471 ], [ -0.653508893113, 37.992565244879344 ], [ -0.65350889327206, 37.99256524480748 ], [ -0.653531926837461, 37.992556703466228 ], [ -0.653559392880763, 37.992543739664164 ], [ -0.653559393131622, 37.992543739576234 ], [ -0.653593840075088, 37.992535421545391 ], [ -0.653661542490965, 37.99250972182778 ], [ -0.653711911327756, 37.992470200954706 ], [ -0.653711911393707, 37.992470200906894 ], [ -0.653725017987809, 37.992461419912004 ], [ -0.653725017987811, 37.992461419912004 ], [ -0.65372501813951, 37.992461419826199 ], [ -0.653725018306875, 37.992461419761163 ], [ -0.653738628950644, 37.99245718591478 ], [ -0.653759562829274, 37.99244860269728 ], [ -0.653790299120537, 37.992422196634664 ], [ -0.653809375251326, 37.992404564276157 ], [ -0.653809375251328, 37.992404564276157 ], [ -0.653809375347424, 37.992404564197535 ], [ -0.653827569342682, 37.992391384697946 ], [ -0.653834239768015, 37.992382511411243 ], [ -0.653881374808633, 37.99231136824617 ], [ -0.653894446144999, 37.992280108543611 ], [ -0.653904123240642, 37.992244239449363 ], [ -0.653904123263342, 37.992244239379183 ], [ -0.653914263248376, 37.992217426618645 ], [ -0.653921509661024, 37.992190515628245 ], [ -0.653922926464761, 37.992168029874001 ], [ -0.653921086667918, 37.992136436447041 ], [ -0.653921086696824, 37.992136436199743 ], [ -0.653937027952187, 37.992082683460573 ], [ -0.65393702803807, 37.992082683270226 ], [ -0.653945287147781, 37.992069336013692 ], [ -0.653945287165119, 37.992069335986812 ], [ -0.653966192871713, 37.992038233509859 ], [ -0.65397960330543, 37.991997937942919 ], [ -0.653979603349988, 37.991997937836452 ], [ -0.653984128724647, 37.991989026098118 ], [ -0.65398412886971, 37.99198902589405 ], [ -0.653996677807241, 37.99197576430992 ], [ -0.654019872945267, 37.991940169515274 ], [ -0.654019872945265, 37.991940169515274 ], [ -0.654019873035886, 37.991940169398845 ], [ -0.654027988635776, 37.991931324804639 ], [ -0.654027988635775, 37.991931324804639 ], [ -0.654027988740878, 37.99193132470586 ], [ -0.654054996959037, 37.991909350467907 ], [ -0.654054996959038, 37.991909350467907 ], [ -0.654054997114495, 37.991909350362349 ], [ -0.654054997291343, 37.991909350280558 ], [ -0.654066508435124, 37.991905074476129 ], [ -0.654066508435123, 37.991905074476129 ], [ -0.654066508685025, 37.991905074409956 ], [ -0.654066508947453, 37.991905074391049 ], [ -0.654077182316328, 37.991905287399042 ], [ -0.654095133684959, 37.991901144666841 ], [ -0.654095133684958, 37.991901144666841 ], [ -0.654095133802519, 37.991901144644977 ], [ -0.654178756257976, 37.991889266211786 ], [ -0.654178756257975, 37.991889266211786 ], [ -0.654178756487764, 37.991889266197887 ], [ -0.65419581919005, 37.991889606700724 ], [ -0.654304062074105, 37.991864753402851 ], [ -0.654304062111592, 37.991864753394779 ], [ -0.654344897998216, 37.991856561729101 ], [ -0.654367931338578, 37.991848015729893 ], [ -0.654434927623085, 37.991822297799224 ], [ -0.654486454032267, 37.991791805280315 ], [ -0.654530662497102, 37.991765637088669 ], [ -0.654578793438624, 37.991730571223286 ], [ -0.654578793438625, 37.991730571223286 ], [ -0.654578793684651, 37.991730571086713 ], [ -0.654599676366854, 37.991721982115806 ], [ -0.654623599482951, 37.991708915837144 ], [ -0.654623599482949, 37.991708915837144 ], [ -0.654623599751162, 37.991708915728928 ], [ -0.654638660943844, 37.991704715204314 ], [ -0.654638661144417, 37.991704715164154 ], [ -0.654638661350863, 37.991704715153375 ], [ -0.654652173937944, 37.991704984757057 ], [ -0.654669930871403, 37.991705339942847 ], [ -0.654669931071433, 37.991705339960959 ], [ -0.654669931264305, 37.991705340006668 ], [ -0.654715737425592, 37.991719797492536 ], [ -0.65473638443173, 37.991720210329412 ], [ -0.654930508204002, 37.991724084986664 ], [ -0.654985414211245, 37.991720639658368 ], [ -0.655007631208146, 37.991718167790516 ], [ -0.655019722957476, 37.991716823062177 ], [ -0.655048295485674, 37.991712892932036 ], [ -0.655086286511151, 37.991704644245083 ], [ -0.655104937655485, 37.991700511722506 ], [ -0.655125969141462, 37.991687423783169 ], [ -0.655125969209363, 37.99168742374404 ], [ -0.655158557351198, 37.991670060725191 ], [ -0.655205198239591, 37.991634934258826 ], [ -0.655205198239593, 37.991634934258826 ], [ -0.655205198350189, 37.991634934185512 ], [ -0.655272624186871, 37.991595716704666 ], [ -0.655272624207752, 37.9915957166928 ], [ -0.655358842283256, 37.991547903483834 ], [ -0.655358842350144, 37.991547903449451 ], [ -0.655441459653864, 37.991508610411131 ], [ -0.655445966278961, 37.991506466452861 ], [ -0.65546794676726, 37.9914960095727 ], [ -0.655467946767261, 37.9914960095727 ], [ -0.655486041393601, 37.991487363970521 ], [ -0.655502084400389, 37.991474136791929 ], [ -0.655502084400391, 37.991474136791929 ], [ -0.655502084569453, 37.991474136677397 ], [ -0.655502084763443, 37.991474136591087 ], [ -0.655551035622334, 37.991457104279874 ], [ -0.655572667893525, 37.991448529235711 ], [ -0.655594542403312, 37.991430953407004 ], [ -0.655604102764432, 37.991422137633748 ], [ -0.655609381241261, 37.991413200481453 ], [ -0.655617181059368, 37.991390842052404 ], [ -0.655618642830857, 37.991368357206198 ], [ -0.655613785473589, 37.991318690552461 ], [ -0.655608119497957, 37.991296063507654 ], [ -0.655602166979367, 37.991282400384215 ], [ -0.655592623411014, 37.991268698092043 ], [ -0.655578090105784, 37.991254900811796 ], [ -0.65554240557078, 37.991236176056248 ], [ -0.655542405510764, 37.991236176022497 ], [ -0.655372039558385, 37.991133640090304 ], [ -0.655340593682555, 37.991114998848239 ], [ -0.65534059353321, 37.991114998742212 ], [ -0.655340593409706, 37.9911149986171 ], [ -0.655333096862176, 37.991105842527197 ], [ -0.655333096862173, 37.991105842527197 ], [ -0.655333096762115, 37.991105842374928 ], [ -0.655333096700369, 37.991105842210388 ], [ -0.655323014454354, 37.991065077860128 ], [ -0.655316315562079, 37.991051436870002 ], [ -0.655301083640029, 37.991037625573789 ], [ -0.655301083621816, 37.991037625556842 ], [ -0.655276915880142, 37.991014587973311 ], [ -0.655260839782931, 37.991005260822746 ], [ -0.65519785486872, 37.990972482858147 ], [ -0.655197854839202, 37.990972482842267 ], [ -0.655189469603058, 37.990967814550991 ], [ -0.655189469369349, 37.99096781437715 ], [ -0.655170837586617, 37.990949393754214 ], [ -0.655152479060162, 37.990944526596238 ], [ -0.655152479060161, 37.990944526596238 ], [ -0.655152478953647, 37.990944526563204 ], [ -0.655139110535615, 37.990939753661749 ], [ -0.65512390676541, 37.990948456562172 ], [ -0.65511434525766, 37.990957308325846 ], [ -0.655106275440938, 37.990966153882205 ], [ -0.65510627544094, 37.990966153882205 ], [ -0.655106275297765, 37.99096615401119 ], [ -0.655106275126267, 37.990966154116343 ], [ -0.655106274932678, 37.990966154193835 ], [ -0.655092613522952, 37.990970382704219 ], [ -0.655092613295632, 37.990970382753829 ], [ -0.655092613060278, 37.990970382765305 ], [ -0.655092612826984, 37.990970382738148 ], [ -0.655067870443681, 37.990965387241957 ], [ -0.655067870436863, 37.990965387240557 ], [ -0.655043823279835, 37.990960406509039 ], [ -0.655043823279836, 37.990960406509039 ], [ -0.655043823080185, 37.99096040645145 ], [ -0.655031148150763, 37.990955648070369 ], [ -0.655031148058052, 37.990955648031338 ], [ -0.655001004316509, 37.990941502278687 ], [ -0.654964046146533, 37.990940764998733 ], [ -0.654949640758762, 37.990944978586654 ], [ -0.654949640710887, 37.990944978599714 ], [ -0.654933140391063, 37.990949154887709 ], [ -0.654917091954972, 37.990962377295268 ], [ -0.654917091954973, 37.990962377295268 ], [ -0.654917091844874, 37.990962377374835 ], [ -0.654903292891564, 37.990971108525876 ], [ -0.654892046193132, 37.990988897103399 ], [ -0.654880799574602, 37.991006681268551 ], [ -0.654870565642513, 37.991038033770145 ], [ -0.654870565567906, 37.991038033932476 ], [ -0.654870565455513, 37.991038034080567 ], [ -0.654849901381828, 37.991060140489815 ], [ -0.654849901381831, 37.991060140489815 ], [ -0.654849901208786, 37.991060140637174 ], [ -0.654849900998734, 37.991060140750463 ], [ -0.654849900762152, 37.991060140824032 ], [ -0.654830555578027, 37.991064255009832 ], [ -0.654830555253942, 37.991064255040413 ], [ -0.654813493696554, 37.991063914655072 ], [ -0.654813493488223, 37.991063914635617 ], [ -0.654813493287944, 37.991063914586221 ], [ -0.654813493102516, 37.991063914508587 ], [ -0.65481349293824, 37.991063914405352 ], [ -0.654813492800695, 37.991063914280005 ], [ -0.654813492694551, 37.991063914136809 ], [ -0.654808095630267, 37.991054799899935 ], [ -0.654808095577222, 37.991054799793126 ], [ -0.654798884168349, 37.991032101866367 ], [ -0.654798884168351, 37.991032101866367 ], [ -0.654798884119647, 37.991032101681917 ], [ -0.654797725705766, 37.991023072008176 ], [ -0.654797725700804, 37.991023071882182 ], [ -0.654799716191947, 37.990982566321811 ], [ -0.654797894626813, 37.990928441092571 ], [ -0.654792631594008, 37.990869758789032 ], [ -0.654787251453535, 37.990838130800562 ], [ -0.654779584137042, 37.990810926708527 ], [ -0.654772879777861, 37.990797280985248 ], [ -0.654762637691557, 37.990783569282954 ], [ -0.654754252189517, 37.990778919115684 ], [ -0.654743023092479, 37.990774170651271 ], [ -0.654731793692995, 37.990769445785538 ], [ -0.654720277788814, 37.990773716835669 ], [ -0.654702189061831, 37.990782362382802 ], [ -0.654681570807962, 37.990804465025718 ], [ -0.654681570807963, 37.990804465025718 ], [ -0.654681570730456, 37.990804465100112 ], [ -0.654661094501112, 37.990822104833804 ], [ -0.654661094501114, 37.990822104833804 ], [ -0.654661094360326, 37.990822104936285 ], [ -0.65466109419984, 37.990822105018658 ], [ -0.654661094024189, 37.990822105078614 ], [ -0.654645293529052, 37.990826290818447 ], [ -0.654628644089184, 37.990834965125046 ], [ -0.654628644089187, 37.990834965125046 ], [ -0.654628643842123, 37.990834965222099 ], [ -0.654613588375543, 37.990839170368012 ], [ -0.654613588375544, 37.990839170368012 ], [ -0.654613588174738, 37.990839170408286 ], [ -0.654613587968035, 37.990839170419079 ], [ -0.654597926068481, 37.990838857929269 ], [ -0.654582314264863, 37.990838545535794 ], [ -0.654582313989905, 37.990838545503422 ], [ -0.654582313733064, 37.990838545419265 ], [ -0.654571783776593, 37.99083382978656 ], [ -0.654571783748842, 37.99083382977372 ], [ -0.654561953451736, 37.990829132605633 ], [ -0.654561953276537, 37.990829132502562 ], [ -0.654542482933226, 37.990815195876159 ], [ -0.654542482933225, 37.990815195876159 ], [ -0.654542482773387, 37.990815195734825 ], [ -0.654542482654486, 37.990815195570129 ], [ -0.654532382644275, 37.990796985511174 ], [ -0.654519995828535, 37.990783225517056 ], [ -0.654493538775326, 37.990764689084394 ], [ -0.654485899237171, 37.990760031216212 ], [ -0.654452723372901, 37.990750325830447 ], [ -0.654412220468771, 37.990749517648055 ], [ -0.654412220158051, 37.990749517607355 ], [ -0.654392416302919, 37.990744621413882 ], [ -0.654392416095254, 37.990744621343993 ], [ -0.654392415909093, 37.990744621243053 ], [ -0.65437848495172, 37.990735335900439 ], [ -0.65436157266418, 37.990730497451374 ], [ -0.654361572489763, 37.990730497387837 ], [ -0.654361572331317, 37.990730497302025 ], [ -0.654361572193354, 37.990730497196346 ], [ -0.654346345089556, 37.990716681257886 ], [ -0.654299300365236, 37.990675178279858 ], [ -0.654299300354852, 37.99067517827055 ], [ -0.654284073125167, 37.990661366822387 ], [ -0.654284073125165, 37.990661366822387 ], [ -0.654284072989992, 37.990661366670686 ], [ -0.654271128446883, 37.990643095237829 ], [ -0.654271128409039, 37.990643095179543 ], [ -0.654265731441367, 37.990633980920371 ], [ -0.654265731404671, 37.990633980851001 ], [ -0.654255077411646, 37.990611217150743 ], [ -0.654255077411645, 37.990611217150743 ], [ -0.654255077350989, 37.990611216958229 ], [ -0.654255077345051, 37.990611216759888 ], [ -0.654256063914806, 37.990602229884729 ], [ -0.654256063960177, 37.990602229699569 ], [ -0.654256064053277, 37.99060222952594 ], [ -0.654274726313274, 37.990575587766607 ], [ -0.654281133811305, 37.990553161138614 ], [ -0.654282424040783, 37.990512664276011 ], [ -0.65428000958263, 37.990499104159234 ], [ -0.654276008923563, 37.990489980997388 ], [ -0.654265065965797, 37.990476255165589 ], [ -0.654251284018406, 37.990462472677166 ], [ -0.654243598990818, 37.990457813873164 ], [ -0.654216293242225, 37.990443761409544 ], [ -0.654187549213311, 37.990429679318204 ], [ -0.654187549153656, 37.990429679286898 ], [ -0.654179165336574, 37.990424970403197 ], [ -0.654179165336573, 37.990424970403197 ], [ -0.654179165190887, 37.990424970305874 ], [ -0.654179165067767, 37.990424970190681 ], [ -0.65416268177797, 37.990406628127573 ], [ -0.654162681777972, 37.990406628127573 ], [ -0.654162681640382, 37.990406627923065 ], [ -0.654154026838777, 37.990388446588796 ], [ -0.654154026838776, 37.990388446588796 ], [ -0.654154026782174, 37.990388446423943 ], [ -0.654154026765913, 37.99038844625359 ], [ -0.65415402679058, 37.990388446083877 ], [ -0.654158840096665, 37.990370529013177 ], [ -0.654158840132466, 37.990370528910319 ], [ -0.654170374932566, 37.990343703383459 ], [ -0.654182051893597, 37.990312415708111 ], [ -0.65418205192956, 37.99031241562642 ], [ -0.654191155040014, 37.990294548115934 ], [ -0.654191155107724, 37.99029454800543 ], [ -0.654242526880452, 37.990223493616959 ], [ -0.654242526880453, 37.990223493616959 ], [ -0.654242527030818, 37.990223493454373 ], [ -0.654242527223088, 37.99022349332229 ], [ -0.654258476863292, 37.99021480593801 ], [ -0.654258477043563, 37.99021480585786 ], [ -0.65425847723918, 37.99021480580484 ], [ -0.654258477443687, 37.990214805780717 ], [ -0.654258477650338, 37.990214805786252 ], [ -0.654258477852309, 37.990214805821303 ], [ -0.65425847804294, 37.990214805884676 ], [ -0.654269707813296, 37.990219530996953 ], [ -0.654318908192268, 37.990238561829294 ], [ -0.654354611142163, 37.990234733626984 ], [ -0.654354611323671, 37.990234733619111 ], [ -0.654386585727566, 37.990235371640473 ], [ -0.654386585969064, 37.990235371665932 ], [ -0.654412777560806, 37.990240436769511 ], [ -0.654412777560805, 37.990240436769511 ], [ -0.654412777722417, 37.990240436811106 ], [ -0.654457133277828, 37.990254829396207 ], [ -0.654469951252702, 37.99025508605871 ], [ -0.65449483651899, 37.990255582598913 ], [ -0.654514881108042, 37.990251481569061 ], [ -0.654528542343089, 37.990247248685151 ], [ -0.654543047791391, 37.990238496530488 ], [ -0.654568649591134, 37.99021649352261 ], [ -0.654568522537439, 37.990198500743013 ], [ -0.654568522563842, 37.990198500545027 ], [ -0.654568522644559, 37.990198500356442 ], [ -0.654594848983914, 37.990153938922063 ], [ -0.654595727241124, 37.990104386934192 ], [ -0.654574272506113, 37.990063431764256 ], [ -0.654550679673934, 37.990022396814467 ], [ -0.654550679673933, 37.990022396814467 ], [ -0.654550679609809, 37.990022396672451 ], [ -0.654541565598143, 37.989995217661289 ], [ -0.654541565598141, 37.989995217661289 ], [ -0.654541565560803, 37.989995217462756 ], [ -0.65454115307045, 37.989986184646789 ], [ -0.654541153070449, 37.989986184646789 ], [ -0.654541153081621, 37.989986184484266 ], [ -0.65454115312956, 37.989986184325993 ], [ -0.654544979798483, 37.989977218070194 ], [ -0.654544979798481, 37.989977218070194 ], [ -0.654544979886996, 37.989977217913754 ], [ -0.654544980011349, 37.989977217773429 ], [ -0.654554494907654, 37.989968401056331 ], [ -0.654554494907652, 37.989968401056331 ], [ -0.654554495083615, 37.989968400924667 ], [ -0.654554495290783, 37.989968400825454 ], [ -0.654577573655431, 37.989959854730984 ], [ -0.654577573655433, 37.989959854730984 ], [ -0.654577573925468, 37.989959854661905 ], [ -0.654604007789354, 37.989955881947822 ], [ -0.654604007826561, 37.989955881942741 ], [ -0.654635471267445, 37.989952004165382 ], [ -0.654635471471302, 37.989952004154929 ], [ -0.654747089975052, 37.989954232896871 ], [ -0.654788623216701, 37.98994605948792 ], [ -0.65478862322621, 37.989946059486094 ], [ -0.654831602962555, 37.989937911283306 ], [ -0.654831602962554, 37.989937911283306 ], [ -0.6548316032564, 37.989937911258792 ], [ -0.654866422000019, 37.989938605892846 ], [ -0.654880077466746, 37.989934372852389 ], [ -0.654880077535667, 37.989934372833034 ], [ -0.654896583169371, 37.98993020205485 ], [ -0.654908243799241, 37.989921392272748 ], [ -0.6549289072795, 37.989899290442921 ], [ -0.654945235510862, 37.989877102064128 ], [ -0.654945235510863, 37.989877102064128 ], [ -0.654945235625598, 37.989877101935541 ], [ -0.654945235766866, 37.989877101824717 ], [ -0.654945235930352, 37.989877101735061 ], [ -0.654983512717672, 37.989859817047083 ], [ -0.65498351271767, 37.989859817047083 ], [ -0.654983512905105, 37.989859816979425 ], [ -0.654983513104878, 37.989859816939607 ], [ -0.654983513310447, 37.989859816928963 ], [ -0.655004859664576, 37.989860242762106 ], [ -0.655024903832986, 37.989856137226269 ], [ -0.655039137515288, 37.98983392547381 ], [ -0.655057073774748, 37.989784696490069 ], [ -0.655055502112404, 37.989766655771753 ], [ -0.655055502132928, 37.989766655528761 ], [ -0.65506364113316, 37.98973525661355 ], [ -0.655063641217596, 37.98973525641216 ], [ -0.655068911587045, 37.989726360388012 ], [ -0.655068911587046, 37.989726360388019 ], [ -0.655068911639511, 37.989726360309731 ], [ -0.65508225757211, 37.989708613405369 ], [ -0.655082257572109, 37.989708613405369 ], [ -0.655082257639238, 37.989708613326002 ], [ -0.655094805888209, 37.989695356043079 ], [ -0.65509480588821, 37.989695356043079 ], [ -0.65509480601332, 37.989695355931502 ], [ -0.655094806159981, 37.989695355837789 ], [ -0.655094806324171, 37.989695355764532 ], [ -0.655130049369521, 37.989682546753265 ], [ -0.655146842868118, 37.989669338218306 ], [ -0.655146842868119, 37.989669338218306 ], [ -0.655146843023766, 37.989669338115959 ], [ -0.655146843199855, 37.989669338037039 ], [ -0.655146843390818, 37.989669337984061 ], [ -0.655187677908814, 37.989661146886284 ], [ -0.6551977941118, 37.989656847861411 ], [ -0.655202319000208, 37.989647932202566 ], [ -0.655197621946285, 37.989638832279873 ], [ -0.655197621874029, 37.989638832071144 ], [ -0.655193394369486, 37.989616233585252 ], [ -0.655193394369487, 37.989616233585252 ], [ -0.655193394369515, 37.989616233321236 ], [ -0.655195081742674, 37.989607224369912 ], [ -0.655195081800398, 37.989607224190898 ], [ -0.65520960287854, 37.989575993116773 ], [ -0.655209602878542, 37.989575993116773 ], [ -0.655209602982507, 37.989575992949185 ], [ -0.655209603127889, 37.989575992802166 ], [ -0.655225689841424, 37.989562806306786 ], [ -0.655229252233589, 37.989540323302677 ], [ -0.655221011941085, 37.989531152651416 ], [ -0.655221011941084, 37.989531152651416 ], [ -0.65522101181511, 37.989531152470271 ], [ -0.655211611535606, 37.989512956339823 ], [ -0.655211611535608, 37.989512956339823 ], [ -0.65521161147159, 37.989512956169705 ], [ -0.655207195218687, 37.989494855010889 ], [ -0.655203243420323, 37.989485769888589 ], [ -0.655190713333909, 37.989476477491571 ], [ -0.655178183062866, 37.989467220083235 ], [ -0.655178183061292, 37.989467220082069 ], [ -0.655165702830711, 37.989457964571535 ], [ -0.655165702830714, 37.989457964571535 ], [ -0.655165702705559, 37.989457964462154 ], [ -0.655165702604648, 37.989457964338065 ], [ -0.655159554563644, 37.989448839783066 ], [ -0.655146323810209, 37.989439569615655 ], [ -0.655126428662234, 37.989439172757784 ], [ -0.655061593167557, 37.989442379555499 ], [ -0.655061592928036, 37.989442379547327 ], [ -0.65506159269599, 37.989442379499636 ], [ -0.65504537911762, 37.989437555040475 ], [ -0.655028415086284, 37.989432710299027 ], [ -0.655011960723369, 37.989436887494001 ], [ -0.655011960615414, 37.989436887516852 ], [ -0.654988326081696, 37.989440917070013 ], [ -0.654988325813273, 37.989440917089915 ], [ -0.654952068836406, 37.989440192902535 ], [ -0.654952068575873, 37.989440192873253 ], [ -0.654952068330801, 37.989440192797396 ], [ -0.654940838729853, 37.989435467794429 ], [ -0.654916791240107, 37.989430482559627 ], [ -0.654885614300094, 37.989425376706095 ], [ -0.654855786355525, 37.98942478164664 ], [ -0.654805964951857, 37.989423786805055 ], [ -0.654762480970764, 37.989427402279176 ], [ -0.654762480823122, 37.989427402283809 ], [ -0.654724073290259, 37.989426635121092 ], [ -0.654724073094314, 37.989426635103648 ], [ -0.654724072905111, 37.989426635059708 ], [ -0.654708558562218, 37.98942184252499 ], [ -0.654708558517038, 37.989421842510126 ], [ -0.654681115986092, 37.9894122704126 ], [ -0.654652975415362, 37.989402665458584 ], [ -0.654652975218444, 37.989402665372175 ], [ -0.654652975046871, 37.989402665256783 ], [ -0.654652974907355, 37.98940266511692 ], [ -0.654652974805356, 37.989402664958057 ], [ -0.654652974744867, 37.989402664786404 ], [ -0.654652974728252, 37.989402664608697 ], [ -0.65467119550185, 37.988830819762093 ], [ -0.654671195529312, 37.988830819586852 ], [ -0.654671195599448, 37.988830819419206 ], [ -0.654671195709562, 37.988830819265601 ], [ -0.654671195855421, 37.988830819131969 ], [ -0.654671196031421, 37.98883081902342 ], [ -0.654671196230798, 37.98883081894413 ], [ -0.65467119644589, 37.988830818897142 ], [ -0.65467119666843, 37.988830818884281 ], [ -0.654705308476255, 37.988831500356284 ], [ -0.654725909390745, 37.988831911364088 ], [ -0.654725909627694, 37.988831911388665 ], [ -0.654725909852935, 37.988831911451875 ], [ -0.654738583254965, 37.988836705876217 ], [ -0.654738583254964, 37.988836705876217 ], [ -0.654738583455801, 37.988836705973569 ], [ -0.654746268626218, 37.988841360318155 ], [ -0.654754652862674, 37.98884605113728 ], [ -0.654754652862676, 37.98884605113728 ], [ -0.654754653022248, 37.988846051245325 ], [ -0.654754653154022, 37.988846051374743 ], [ -0.654773838161366, 37.988868931138704 ], [ -0.654782823524596, 37.988878116608674 ], [ -0.65479419549587, 37.988878343483336 ], [ -0.65480939902741, 37.988869640515553 ], [ -0.654816814193273, 37.988860782128 ], [ -0.654822233033438, 37.988847400780585 ], [ -0.654822233033439, 37.988847400780585 ], [ -0.654822233146294, 37.988847400585577 ], [ -0.654822233314201, 37.9888474004172 ], [ -0.654839021709065, 37.988834169282434 ], [ -0.654853256004647, 37.988811939223922 ], [ -0.654853256128052, 37.988811939071454 ], [ -0.654853256287489, 37.988811938941595 ], [ -0.654853256476519, 37.988811938839589 ], [ -0.654853256687503, 37.98881193876958 ], [ -0.654870456135125, 37.98880778183652 ], [ -0.654881415620934, 37.988798994149022 ], [ -0.654891773176499, 37.988785693428667 ], [ -0.65489691947944, 37.988758740535403 ], [ -0.654896919524267, 37.988758740387063 ], [ -0.654896919600084, 37.988758740246816 ], [ -0.654902895556395, 37.988749852897662 ], [ -0.654902895556394, 37.988749852897662 ], [ -0.654902895695683, 37.988749852735815 ], [ -0.654912410384242, 37.988741035981448 ], [ -0.65491241038424, 37.988741035981448 ], [ -0.654912410604461, 37.988741035824411 ], [ -0.654920382320638, 37.98873669382386 ], [ -0.654920382320637, 37.98873669382386 ], [ -0.654920382530496, 37.988736693733621 ], [ -0.65493334275156, 37.988732446743157 ], [ -0.654933342930761, 37.988732446697753 ], [ -0.654955531920302, 37.988728389259236 ], [ -0.654963503113377, 37.98872404753849 ], [ -0.654966634307855, 37.988715103754188 ], [ -0.654966634365017, 37.988715103628167 ], [ -0.654966634445145, 37.988715103510266 ], [ -0.654988096462822, 37.988688475907594 ], [ -0.654988096462821, 37.988688475907594 ], [ -0.654988096597782, 37.988688475771141 ], [ -0.654988096763258, 37.988688475657668 ], [ -0.654988096953127, 37.988688475571365 ], [ -0.655011868197011, 37.988679961297848 ], [ -0.655034487726498, 37.988662382489096 ], [ -0.655045734964298, 37.988644562432718 ], [ -0.655049853798423, 37.988626631590407 ], [ -0.655049853821323, 37.988626631511202 ], [ -0.65505611068309, 37.98860874327147 ], [ -0.655057097093465, 37.988599756585451 ], [ -0.655053982671612, 37.988586187243776 ], [ -0.655026271360775, 37.988563083536796 ], [ -0.655026271360776, 37.988563083536796 ], [ -0.655026271210942, 37.988563083380939 ], [ -0.655026271107199, 37.988563083203168 ], [ -0.655026271054447, 37.988563083011847 ], [ -0.655026271055183, 37.988563082816022 ], [ -0.655032650587568, 37.988518141201169 ], [ -0.655032650664093, 37.988518140962796 ], [ -0.655041797550274, 37.988500314799353 ], [ -0.655041797550276, 37.988500314799353 ], [ -0.655041797643261, 37.988500314656307 ], [ -0.65504179776691, 37.988500314528629 ], [ -0.655041797917279, 37.988500314420406 ], [ -0.655041798089574, 37.988500314335063 ], [ -0.655095133718736, 37.988478883163758 ], [ -0.655104092220692, 37.988465532217447 ], [ -0.655102665083668, 37.988442953966427 ], [ -0.65509726825306, 37.988433839904609 ], [ -0.655097268184766, 37.988433839756929 ], [ -0.655097268149964, 37.988433839602095 ], [ -0.655097268149717, 37.988433839444824 ], [ -0.655098248869589, 37.988424852579428 ], [ -0.6550944403159, 37.988411269179245 ], [ -0.655089186736288, 37.988397657020876 ], [ -0.655066971370183, 37.988379163945631 ], [ -0.655066971370182, 37.988379163945631 ], [ -0.655066971206492, 37.988379163771384 ], [ -0.655066971100233, 37.988379163571203 ], [ -0.655063713343127, 37.988370092019366 ], [ -0.655063713300513, 37.988370091805741 ], [ -0.655063300171059, 37.98836107699821 ], [ -0.655063300195699, 37.988361076776371 ], [ -0.655065731692851, 37.988352118713152 ], [ -0.655065731692849, 37.988352118713152 ], [ -0.655065731756233, 37.988352118553578 ], [ -0.6550657318558, 37.988352118406027 ], [ -0.655084204509847, 37.988329973656803 ], [ -0.655093863294129, 37.988316623000145 ], [ -0.655090754693436, 37.988303049209961 ], [ -0.655090754693438, 37.988303049209961 ], [ -0.655090754675938, 37.988303049081985 ], [ -0.655090341409243, 37.988294038984655 ], [ -0.655084193666579, 37.988284909064568 ], [ -0.655084193666577, 37.988284909064568 ], [ -0.655084193575852, 37.988284908886193 ], [ -0.655084193535024, 37.988284908696656 ], [ -0.655084193545956, 37.988284908504568 ], [ -0.655085925799195, 37.988275954645566 ], [ -0.655083518782166, 37.988262341345973 ], [ -0.655067157588442, 37.988262014976357 ], [ -0.655038583993346, 37.988265986553415 ], [ -0.655038583985847, 37.988265986554438 ], [ -0.655009266304048, 37.988269901848071 ], [ -0.655009266247912, 37.988269901854423 ], [ -0.654969320304838, 37.988273628550004 ], [ -0.65496932010657, 37.988273628554737 ], [ -0.654969319910274, 37.988273628532149 ], [ -0.654969319721915, 37.988273628482929 ], [ -0.654955201894291, 37.988268823291769 ], [ -0.654955201649758, 37.988268823178096 ], [ -0.654947562020193, 37.988264169745861 ], [ -0.654947562020195, 37.988264169745861 ], [ -0.654947561868619, 37.988264169634832 ], [ -0.654947561744896, 37.988264169503928 ], [ -0.654947561653099, 37.988264169357493 ], [ -0.654940864126315, 37.988250491206919 ], [ -0.654940864126314, 37.988250491206919 ], [ -0.65494086405987, 37.988250491003264 ], [ -0.65493306946436, 37.98820530292204 ], [ -0.654900611246923, 37.988173098976453 ], [ -0.654888682235436, 37.9881683591681 ], [ -0.654873914188648, 37.988163559030241 ], [ -0.654873914188646, 37.988163559030241 ], [ -0.654873914009987, 37.988163558956948 ], [ -0.65487391385043, 37.98816355885991 ], [ -0.654873913714959, 37.988163558742144 ], [ -0.65487391360781, 37.988163558607333 ], [ -0.654865065623869, 37.988149874635276 ], [ -0.654852585881175, 37.988140619270297 ], [ -0.65484275616127, 37.988135922252305 ], [ -0.654818010503815, 37.988130886128438 ], [ -0.654818010425732, 37.988130886110163 ], [ -0.654799652301153, 37.988126018834528 ], [ -0.654799652301152, 37.988126018834528 ], [ -0.654799652105645, 37.988126018765918 ], [ -0.654799651929806, 37.98812601866959 ], [ -0.654764806355416, 37.988102809365344 ], [ -0.654727677277309, 37.98808405461628 ], [ -0.654727677215934, 37.988084054582998 ], [ -0.654695584171191, 37.988065401166793 ], [ -0.654695584171189, 37.988065401166793 ], [ -0.654695584006999, 37.988065401050406 ], [ -0.654695583874234, 37.988065400911161 ], [ -0.654695583777872, 37.988065400754259 ], [ -0.654695583721527, 37.988065400585604 ], [ -0.654695583707311, 37.988065400411521 ], [ -0.654714599382898, 37.987601681642417 ], [ -0.654714599411726, 37.987601681468128 ], [ -0.654714599482773, 37.987601681301584 ], [ -0.654714599593334, 37.98760168114913 ], [ -0.654714599739198, 37.987601681016557 ], [ -0.654714599914812, 37.987601680908952 ], [ -0.65471460011349, 37.98760168083038 ], [ -0.654714600327665, 37.98760168078384 ], [ -0.654714600549182, 37.987601680771114 ], [ -0.654735246455849, 37.987602092670542 ], [ -0.654753145527207, 37.98759794877806 ], [ -0.654753145699607, 37.987597948749382 ], [ -0.654753145875529, 37.987597948742099 ], [ -0.654768806702431, 37.987598262082201 ], [ -0.654785449511285, 37.987589587704079 ], [ -0.654785449511282, 37.987589587704079 ], [ -0.654785449758625, 37.987589587606891 ], [ -0.654800509936196, 37.987585382610575 ], [ -0.654814451503946, 37.987572153340487 ], [ -0.654814451503947, 37.987572153340487 ], [ -0.654814451623534, 37.987572153243008 ], [ -0.654845743084622, 37.987550227290697 ], [ -0.654845743084623, 37.987550227290697 ], [ -0.654845743300314, 37.987550227171667 ], [ -0.654855859826888, 37.987545924356851 ], [ -0.654855859826889, 37.987545924356851 ], [ -0.654855860046425, 37.987545924285698 ], [ -0.65489170978672, 37.987537632910765 ], [ -0.654905364486818, 37.987533404406165 ], [ -0.654912739102755, 37.987524563220248 ], [ -0.654912739102754, 37.987524563220248 ], [ -0.654912739209373, 37.987524563111506 ], [ -0.654912739335676, 37.987524563016891 ], [ -0.654967246213568, 37.987489575553731 ], [ -0.654973221779462, 37.987480688598652 ], [ -0.654972063428755, 37.98747165932474 ], [ -0.654967360802583, 37.987462559210087 ], [ -0.654941094840092, 37.98743952118857 ], [ -0.654925169864567, 37.987425654616906 ], [ -0.654908206020806, 37.98742081524491 ], [ -0.654908205822657, 37.987420815170616 ], [ -0.654908205646182, 37.98742081506763 ], [ -0.654908205497934, 37.987420814939782 ], [ -0.65490820538341, 37.987420814791797 ], [ -0.654908205306864, 37.987420814629182 ], [ -0.654908205271134, 37.987420814457963 ], [ -0.654908205277547, 37.987420814284505 ], [ -0.654915373097115, 37.987375929045818 ], [ -0.654913058607082, 37.987357833796466 ], [ -0.654913058606673, 37.987357833793212 ], [ -0.654911389214593, 37.987344292891969 ], [ -0.654911389211967, 37.987344292741867 ], [ -0.654911389240872, 37.987344292593505 ], [ -0.65492092620306, 37.987312962187872 ], [ -0.654922051460128, 37.987299436771885 ], [ -0.654917354501093, 37.987290336695338 ], [ -0.654917354459973, 37.987290336601085 ], [ -0.654914096679071, 37.987281269714757 ], [ -0.654905155966887, 37.987272085256272 ], [ -0.654892345968929, 37.987271828807017 ], [ -0.654872158861199, 37.987280432537887 ], [ -0.6548721588612, 37.987280432537887 ], [ -0.654872158628807, 37.987280432612131 ], [ -0.654872158381518, 37.987280432644312 ], [ -0.654872158131322, 37.9872804326329 ], [ -0.654872157890348, 37.98728043257843 ], [ -0.654857338777545, 37.98727563140929 ], [ -0.654857338590282, 37.987275631331848 ], [ -0.654857338424328, 37.98727563122835 ], [ -0.654857338285406, 37.987275631102364 ], [ -0.654857338178305, 37.987275630958202 ], [ -0.654851935672568, 37.987266516613403 ], [ -0.654851935672566, 37.987266516613403 ], [ -0.654851935601221, 37.987266516456835 ], [ -0.654851935567487, 37.987266516292557 ], [ -0.654850369629602, 37.987248476491047 ], [ -0.654842702726776, 37.987221267858793 ], [ -0.654842702726775, 37.987221267858793 ], [ -0.65484270269985, 37.98722126763991 ], [ -0.654842990501627, 37.987212266813856 ], [ -0.654842990519848, 37.987212266674518 ], [ -0.654842990565144, 37.98721226653911 ], [ -0.6548568058086, 37.987181021412745 ], [ -0.654856805885422, 37.987181021276427 ], [ -0.65485680598963, 37.987181021152033 ], [ -0.654870054706752, 37.987167741844146 ], [ -0.654877424200318, 37.987158882501696 ], [ -0.654881873929515, 37.987131952213147 ], [ -0.654864502292668, 37.987118116389851 ], [ -0.654864502224914, 37.98711811633089 ], [ -0.65485481636775, 37.987108898513696 ], [ -0.654854816239189, 37.987108898362536 ], [ -0.6548548161517, 37.987108898193959 ], [ -0.654854816108861, 37.98710889801491 ], [ -0.654854816112427, 37.987108897832719 ], [ -0.65485481616225, 37.987108897654807 ], [ -0.654854816256292, 37.98710889748849 ], [ -0.654864520646765, 37.98709554744233 ], [ -0.654864520778831, 37.987095547296491 ], [ -0.654864520944801, 37.987095547174249 ], [ -0.654879019113027, 37.987086829835064 ], [ -0.654879019113025, 37.987086829835064 ], [ -0.654879019332545, 37.987086829731574 ], [ -0.654879019575701, 37.987086829669444 ], [ -0.65487901983024, 37.98708682965183 ], [ -0.654891092216518, 37.987087070486361 ], [ -0.654891092433563, 37.987087070507314 ], [ -0.654920122730717, 37.98709215059754 ], [ -0.65492949334471, 37.987087837603049 ], [ -0.654945442061336, 37.987079149292278 ], [ -0.654954256646232, 37.987070318672131 ], [ -0.654954256646234, 37.987070318672131 ], [ -0.654954256828769, 37.987070318526854 ], [ -0.654968060905135, 37.987061587330274 ], [ -0.654968061008567, 37.987061587272038 ], [ -0.654976732300364, 37.987057259219689 ], [ -0.654976732491368, 37.987057259143192 ], [ -0.654976732697092, 37.987057259096353 ], [ -0.65497673291026, 37.987057259080835 ], [ -0.654976733123329, 37.98705725909717 ], [ -0.654976733328764, 37.987057259144798 ], [ -0.654976733519299, 37.987057259222027 ], [ -0.654976733688193, 37.987057259326122 ], [ -0.65497673382947, 37.987057259453415 ], [ -0.654976733938138, 37.987057259599382 ], [ -0.654982130756471, 37.987066373825272 ], [ -0.654982130824817, 37.987066373973114 ], [ -0.654982130859601, 37.987066374128098 ], [ -0.65498213085976, 37.987066374285533 ], [ -0.654981144591746, 37.987075356673529 ], [ -0.654981144554419, 37.987075356836854 ], [ -0.654976430702186, 37.987088774558451 ], [ -0.654982571450411, 37.98709790331101 ], [ -0.65498257145041, 37.98709790331101 ], [ -0.654982571526947, 37.987097903452892 ], [ -0.654982571571769, 37.987097903603029 ], [ -0.654982571583562, 37.987097903757039 ], [ -0.654982285086409, 37.987106899942241 ], [ -0.654986241236061, 37.987116021087537 ], [ -0.655000165745055, 37.987125306110833 ], [ -0.655011439883155, 37.987130036302638 ], [ -0.655022955388907, 37.987125760679504 ], [ -0.655022955437492, 37.987125760662529 ], [ -0.655035870233314, 37.987121535291116 ], [ -0.655046686912971, 37.987117227562692 ], [ -0.655060486348995, 37.987108460281988 ], [ -0.655080816674537, 37.987095359255925 ], [ -0.655089080408029, 37.987082016679928 ], [ -0.655102608888961, 37.987059772373264 ], [ -0.655102608993767, 37.987059772234424 ], [ -0.655110729587715, 37.987050927650252 ], [ -0.655110729587713, 37.987050927650252 ], [ -0.655110729733575, 37.987050927519974 ], [ -0.655110729908366, 37.987050927414359 ], [ -0.655110730105561, 37.9870509273373 ], [ -0.655110730317799, 37.987050927291698 ], [ -0.655110730537155, 37.987050927279263 ], [ -0.655146287290189, 37.987051636534325 ], [ -0.655158647078182, 37.987042841609004 ], [ -0.655158647232224, 37.987042841516832 ], [ -0.655158647403736, 37.987042841446581 ], [ -0.655171607144891, 37.987038594472267 ], [ -0.655184659761675, 37.98702985298516 ], [ -0.655192923618942, 37.987016505887247 ], [ -0.655192923756852, 37.987016505716369 ], [ -0.65519292393956, 37.987016505574225 ], [ -0.655192924157811, 37.987016505468027 ], [ -0.655204434317751, 37.987012234024277 ], [ -0.655204434317749, 37.987012234024277 ], [ -0.655204434505207, 37.987012233970013 ], [ -0.655223778766747, 37.987008114281245 ], [ -0.655223779091173, 37.987008114250578 ], [ -0.655235202904427, 37.987008342112937 ], [ -0.655251559182374, 37.987008669258678 ], [ -0.655269314504665, 37.98700902340628 ], [ -0.655279573423272, 37.987000226516429 ], [ -0.655280847529125, 37.986982203071527 ], [ -0.655280847568279, 37.986982202882437 ], [ -0.655285521655642, 37.986968784005185 ], [ -0.655285521655641, 37.986968784005185 ], [ -0.655285521734688, 37.986968783842023 ], [ -0.655285521852049, 37.986968783694003 ], [ -0.655285522003309, 37.986968783566716 ], [ -0.655285522182777, 37.986968783464924 ], [ -0.6552949385971, 37.986964470311442 ], [ -0.655311724605828, 37.986951297617708 ], [ -0.655321938750186, 37.986942494791208 ], [ -0.655321938750188, 37.986942494791208 ], [ -0.655321938890188, 37.98694249468916 ], [ -0.65532193904971, 37.986942494607021 ], [ -0.655332055161405, 37.986938191876348 ], [ -0.655338030520814, 37.986929309359589 ], [ -0.65534130047251, 37.986915826637031 ], [ -0.65534216011647, 37.986888828956658 ], [ -0.655333920215802, 37.986879658459827 ], [ -0.655321992063709, 37.986874914413036 ], [ -0.655303204908467, 37.986883546006794 ], [ -0.655303204691003, 37.986883546083874 ], [ -0.655303204458023, 37.986883546123458 ], [ -0.655303204219741, 37.986883546123757 ], [ -0.655303203986603, 37.98688354608479 ], [ -0.655284146368535, 37.986878664935816 ], [ -0.655284146368534, 37.986878664935816 ], [ -0.655284146210374, 37.986878664884628 ], [ -0.655284146063678, 37.986878664815293 ], [ -0.655275761417956, 37.986873992039648 ], [ -0.655275761417954, 37.986873992039648 ], [ -0.655275761220259, 37.986873991899522 ], [ -0.655275761068939, 37.986873991726966 ], [ -0.655269613238096, 37.986864867217797 ], [ -0.655253546526408, 37.986855499011533 ], [ -0.655240774970837, 37.986855244269023 ], [ -0.655224974128246, 37.986859470628595 ], [ -0.655224974128244, 37.986859470628595 ], [ -0.655224973934321, 37.986859470665863 ], [ -0.655224973735159, 37.986859470675732 ], [ -0.655207217933992, 37.986859116512335 ], [ -0.65520721770783, 37.986859116489754 ], [ -0.65520721749189, 37.986859116431951 ], [ -0.655193844667645, 37.98685430812376 ], [ -0.655176931941425, 37.986849468850956 ], [ -0.655176931941423, 37.986849468850956 ], [ -0.65517693176373, 37.986849468785962 ], [ -0.65517693160274, 37.986849468697805 ], [ -0.655176931463217, 37.986849468589128 ], [ -0.655176931349289, 37.986849468463127 ], [ -0.655170083790968, 37.986840325308286 ], [ -0.655170083739454, 37.986840325231235 ], [ -0.655164686912502, 37.986831211013453 ], [ -0.655164686819695, 37.986831210775776 ], [ -0.655160971447627, 37.986813128034349 ], [ -0.655160971447626, 37.986813128034349 ], [ -0.655160971437541, 37.98681312780824 ], [ -0.655162003334939, 37.986804141822695 ], [ -0.655162003412934, 37.986804141567177 ], [ -0.65517111150006, 37.986786274062439 ], [ -0.655171111589104, 37.986786273923691 ], [ -0.655171111706994, 37.986786273799119 ], [ -0.65517111185021, 37.986786273692502 ], [ -0.655171112014476, 37.986786273606967 ], [ -0.655181177242634, 37.986781968837718 ], [ -0.655181177369165, 37.986781968791284 ], [ -0.655194837984266, 37.986777740242175 ], [ -0.655194838211556, 37.986777740192572 ], [ -0.655194838446884, 37.98677774018109 ], [ -0.65519483868015, 37.986777740208225 ], [ -0.655219583948956, 37.986782735668768 ], [ -0.65523967299906, 37.986778635401102 ], [ -0.655239673311961, 37.986778635372843 ], [ -0.65526241822145, 37.986779089043651 ], [ -0.655275327642993, 37.986774845579752 ], [ -0.655275327664678, 37.986774845572825 ], [ -0.655288988388297, 37.986770613410414 ], [ -0.655288988598914, 37.98677061336307 ], [ -0.65528898881709, 37.986770613348497 ], [ -0.655288989034751, 37.986770613367277 ], [ -0.655320164233825, 37.986775740697411 ], [ -0.655342909283078, 37.986776194355407 ], [ -0.655342909518327, 37.986776194379665 ], [ -0.655342909742111, 37.986776194442001 ], [ -0.655355577179182, 37.986780948995154 ], [ -0.655379623916876, 37.986785929596934 ], [ -0.655390996133387, 37.986786156414588 ], [ -0.655404656524726, 37.986781927906925 ], [ -0.65540465674249, 37.986781927858594 ], [ -0.655404656968026, 37.986781927845314 ], [ -0.655430240971957, 37.986782439009659 ], [ -0.655430241207032, 37.986782439033917 ], [ -0.65543024143066, 37.986782439096174 ], [ -0.655442915826907, 37.986787192911898 ], [ -0.655468212142038, 37.986796703998579 ], [ -0.65546821214204, 37.986796703998579 ], [ -0.655468212374086, 37.986796704114845 ], [ -0.655468212564182, 37.98679670427174 ], [ -0.655481298848295, 37.986810513407917 ], [ -0.655495080335079, 37.986824296623809 ], [ -0.655505609576329, 37.986829012062024 ], [ -0.655517538644234, 37.986833750980765 ], [ -0.655532356080429, 37.986838547332248 ], [ -0.655546853460672, 37.986829834719813 ], [ -0.655546853541396, 37.986829834675511 ], [ -0.655555524897726, 37.986825502085118 ], [ -0.655563502035621, 37.986821160155046 ], [ -0.655563502220354, 37.98682116007339 ], [ -0.655563502420995, 37.986821160020199 ], [ -0.655563502630605, 37.986821159997334 ], [ -0.655563502841943, 37.986821160005569 ], [ -0.655563503047702, 37.98682116004462 ], [ -0.655563503240777, 37.986821160113124 ], [ -0.655574032819465, 37.986825872041024 ], [ -0.655574032914561, 37.986825872088644 ], [ -0.655582417575013, 37.986830544843485 ], [ -0.655582417575014, 37.986830544843485 ], [ -0.655582417756639, 37.9868305449695 ], [ -0.65558241790057, 37.986830545123041 ], [ -0.655589214451627, 37.986839682731691 ], [ -0.655589214451629, 37.986839682731691 ], [ -0.65558921455496, 37.986839682914486 ], [ -0.655605724059761, 37.986880575407191 ], [ -0.655624208492113, 37.986903458114227 ], [ -0.655624208531051, 37.986903458166211 ], [ -0.655633705980356, 37.986917160352853 ], [ -0.655655464321104, 37.986926600621572 ], [ -0.655671124780088, 37.986926912931089 ], [ -0.655688466563924, 37.986918252631028 ], [ -0.655688196717192, 37.986904735648714 ], [ -0.655688196745834, 37.986904735433193 ], [ -0.655698571756028, 37.986868920562806 ], [ -0.655698571756026, 37.986868920562806 ], [ -0.655698571829704, 37.986868920390577 ], [ -0.655711407036121, 37.986846627207797 ], [ -0.655711980164902, 37.986828624838026 ], [ -0.65571082174225, 37.986819595669118 ], [ -0.65570103795193, 37.986814899779517 ], [ -0.655673596862759, 37.986805345993282 ], [ -0.655673596659762, 37.986805345901892 ], [ -0.655673596484607, 37.986805345779629 ], [ -0.655673596344669, 37.986805345631652 ], [ -0.655673596245838, 37.986805345464191 ], [ -0.655669594355908, 37.986796223072872 ], [ -0.655662196176634, 37.986782568487477 ], [ -0.655643741542265, 37.986782199552756 ], [ -0.655623652447804, 37.986786299902924 ], [ -0.655609991981955, 37.986790528462734 ], [ -0.65559992114799, 37.986794833129814 ], [ -0.655599920957837, 37.986794833194203 ], [ -0.655599920756105, 37.986794833230284 ], [ -0.655599920549452, 37.986794833236864 ], [ -0.655599920344704, 37.986794833213764 ], [ -0.655573035759102, 37.986789791512145 ], [ -0.655573035565349, 37.986789791460893 ], [ -0.655573035386289, 37.98678979138306 ], [ -0.655573035227694, 37.986789791281154 ], [ -0.655573035094673, 37.986789791158429 ], [ -0.65556064737304, 37.986776035694852 ], [ -0.655539731644651, 37.986762111032462 ], [ -0.655539731644648, 37.986762111032462 ], [ -0.655539731484959, 37.986762110902269 ], [ -0.655525944135437, 37.986748328331316 ], [ -0.65552594399718, 37.98674832815442 ], [ -0.655520547131455, 37.986739213951601 ], [ -0.655520547064358, 37.986739213807411 ], [ -0.655520547029203, 37.986739213656293 ], [ -0.655519436364155, 37.986730148891908 ], [ -0.655519436366401, 37.986730148701319 ], [ -0.655519436419266, 37.986730148515349 ], [ -0.655523267322865, 37.986721218348563 ], [ -0.655523267432135, 37.986721218164959 ], [ -0.655523267590562, 37.986721218005385 ], [ -0.655534226915946, 37.986712430050453 ], [ -0.655546728986954, 37.98669917183576 ], [ -0.655546728986952, 37.98669917183576 ], [ -0.655546729133293, 37.986699171708125 ], [ -0.655546729307668, 37.986699171604897 ], [ -0.655546729503694, 37.986699171529835 ], [ -0.655575489018249, 37.986690738522448 ], [ -0.655575489018248, 37.986690738522448 ], [ -0.655575489207269, 37.986690738481279 ], [ -0.655575489402415, 37.986690738466386 ], [ -0.655575489597894, 37.986690738478217 ], [ -0.655575489787908, 37.98669073851643 ], [ -0.655593101858805, 37.986695591574218 ], [ -0.655603917443102, 37.986691306417015 ], [ -0.65560391763304, 37.986691306357955 ], [ -0.655621816595329, 37.986687162287311 ], [ -0.655638321838419, 37.986682985920844 ], [ -0.65566708242218, 37.986674553820791 ], [ -0.655667082422178, 37.986674553820791 ], [ -0.655667082611254, 37.986674553779608 ], [ -0.655667082806453, 37.986674553764729 ], [ -0.655667083001982, 37.986674553776595 ], [ -0.655667083192037, 37.986674553814844 ], [ -0.655684695605128, 37.986679410586213 ], [ -0.655684695605126, 37.986679410586213 ], [ -0.655684695795489, 37.986679410654823 ], [ -0.655684695966776, 37.986679410749829 ], [ -0.655684696113201, 37.986679410868049 ], [ -0.65568469622982, 37.986679411005483 ], [ -0.655684696312695, 37.986679411157496 ], [ -0.655684696359024, 37.98667941131891 ], [ -0.655687712092884, 37.986697480093262 ], [ -0.655687712101409, 37.986697480253895 ], [ -0.655687712073718, 37.98669748041317 ], [ -0.655687712010693, 37.986697480566015 ], [ -0.655687711914343, 37.986697480707548 ], [ -0.655687711787734, 37.986697480833286 ], [ -0.655666492905957, 37.98671507074981 ], [ -0.655652402835288, 37.986732801495542 ], [ -0.655657797981334, 37.986741951664307 ], [ -0.655669914879923, 37.986742193305744 ], [ -0.655708007751274, 37.986729404894533 ], [ -0.655708007751271, 37.986729404894533 ], [ -0.655708007983041, 37.986729404838869 ], [ -0.655708008224438, 37.986729404823301 ], [ -0.655746409638729, 37.986730171524393 ], [ -0.655780106948787, 37.986721841499019 ], [ -0.655793767437525, 37.98671760844659 ], [ -0.655806171473814, 37.986708849485339 ], [ -0.655810696279944, 37.986699933415913 ], [ -0.655815559907769, 37.986682022745292 ], [ -0.655815559911082, 37.986682022733483 ], [ -0.655825934975063, 37.986646167300727 ], [ -0.655825935001499, 37.986646167224784 ], [ -0.655841513376347, 37.986608017702864 ], [ -0.655841513376347, 37.986608017702864 ], [ -0.655846013040668, 37.986596997708467 ], [ -0.655855549508127, 37.986565667165578 ], [ -0.655855549537164, 37.986565667086317 ], [ -0.655867082874427, 37.98653884593481 ], [ -0.655868207941153, 37.986525356410894 ], [ -0.655868104574503, 37.986484791039388 ], [ -0.655865947261713, 37.986439719759673 ], [ -0.655861578807666, 37.98642158360537 ], [ -0.655850877107612, 37.986398855235841 ], [ -0.655845479738062, 37.986389759204663 ], [ -0.655830299242248, 37.98637593095858 ], [ -0.655830299137298, 37.986375930846506 ], [ -0.655830299055468, 37.986375930722957 ], [ -0.655822896029178, 37.986362275496184 ], [ -0.655822895964194, 37.986362275336859 ], [ -0.655817786819581, 37.986344124447278 ], [ -0.655793011509073, 37.986316609931109 ], [ -0.655793011509075, 37.986316609931109 ], [ -0.655793011421499, 37.98631660981674 ], [ -0.655788040808688, 37.986308876512567 ], [ -0.655784262353585, 37.98630299984093 ], [ -0.65578421344957, 37.986302926783587 ], [ -0.655784213449568, 37.986302926783587 ], [ -0.655784213379093, 37.986302926655021 ], [ -0.655780262679011, 37.986293841302178 ], [ -0.655780262654928, 37.986293841239458 ], [ -0.655775704255392, 37.986280206848605 ], [ -0.655767462961667, 37.986271036065467 ], [ -0.655767462961669, 37.986271036065467 ], [ -0.655767462835614, 37.986271035884187 ], [ -0.655758063010303, 37.986252835438066 ], [ -0.655747676943982, 37.986243621865235 ], [ -0.65574767678732, 37.986243621686924 ], [ -0.655729338048127, 37.986216199323422 ], [ -0.655729338048126, 37.986216199323422 ], [ -0.655729337943346, 37.986216199098628 ], [ -0.655726779800172, 37.986207146019737 ], [ -0.655726779800173, 37.986207146019737 ], [ -0.655726779773095, 37.986207145800428 ], [ -0.655727352863947, 37.986189144088392 ], [ -0.655727352880959, 37.986189143954292 ], [ -0.655732358700142, 37.98616672980296 ], [ -0.655723246613777, 37.986139492632724 ], [ -0.655713704639876, 37.986125794894818 ], [ -0.655687581040349, 37.986098253372965 ], [ -0.655687580953549, 37.986098253266654 ], [ -0.65566849692423, 37.98607082157249 ], [ -0.655655266401965, 37.986061551274396 ], [ -0.655632251645878, 37.986047580211462 ], [ -0.655632251645877, 37.986047580211462 ], [ -0.655632251486805, 37.986047580094194 ], [ -0.655632251358804, 37.98604757995512 ], [ -0.655622008518834, 37.986033867283332 ], [ -0.65560393980265, 37.986019963376776 ], [ -0.655603939802647, 37.986019963376776 ], [ -0.655603939679768, 37.986019963265278 ], [ -0.655603939581607, 37.986019963139356 ], [ -0.655595141844272, 37.986006275626771 ], [ -0.655583454048339, 37.985992535121504 ], [ -0.655565985197449, 37.985983180261691 ], [ -0.655565985197451, 37.985983180261691 ], [ -0.655565985061113, 37.98598318017595 ], [ -0.655565984942897, 37.985983180074754 ], [ -0.655552197755247, 37.985969396609271 ], [ -0.655552197755244, 37.985969396609271 ], [ -0.655552197667239, 37.985969396507727 ], [ -0.655545358111039, 37.985960217489406 ], [ -0.65554535811104, 37.985960217489406 ], [ -0.65554535802068, 37.985960217337251 ], [ -0.655545357967615, 37.985960217174458 ], [ -0.655541692741307, 37.985942130936763 ], [ -0.655541692728373, 37.98594213083922 ], [ -0.655540264293437, 37.985919588208191 ], [ -0.655535579286259, 37.985887938014919 ], [ -0.655535579280091, 37.985887937957294 ], [ -0.655533187940868, 37.985851868510544 ], [ -0.655530917695342, 37.985833774105146 ], [ -0.655510295421182, 37.985743264713761 ], [ -0.65551029540877, 37.985743264643588 ], [ -0.65550687111081, 37.98571618114449 ], [ -0.65550687110517, 37.98571618105975 ], [ -0.655506620152303, 37.985680113728243 ], [ -0.65550662015733, 37.985680113638566 ], [ -0.655511449369096, 37.985639646591338 ], [ -0.6555114493865, 37.985639646498008 ], [ -0.655517154997784, 37.985617246205571 ], [ -0.65551702837676, 37.985599230719167 ], [ -0.655510062269145, 37.985572036161635 ], [ -0.655504803079947, 37.985558423859928 ], [ -0.655487575409931, 37.985540066409612 ], [ -0.655475789922871, 37.985530829468125 ], [ -0.655445504963189, 37.985521218956592 ], [ -0.655445504907723, 37.985521218937627 ], [ -0.655419464014881, 37.985511656129205 ], [ -0.655349790793735, 37.985510266518979 ], [ -0.65532900223454, 37.985514388032662 ], [ -0.655329002028072, 37.985514388057943 ], [ -0.655329001819242, 37.985514388052941 ], [ -0.655329001615085, 37.985514388017819 ], [ -0.655329001422487, 37.985514387953721 ], [ -0.65529531547918, 37.985500172525775 ], [ -0.655283943369783, 37.985499945703495 ], [ -0.655261204489596, 37.985499491261002 ], [ -0.655241115799107, 37.985503591543484 ], [ -0.655231045243141, 37.985507896134486 ], [ -0.655168008031368, 37.985542695666297 ], [ -0.655168007963242, 37.985542695701113 ], [ -0.655140543674387, 37.98555565998862 ], [ -0.65514054358313, 37.985555660027366 ], [ -0.655106702059335, 37.985568491688987 ], [ -0.65507499842721, 37.985581402930904 ], [ -0.655074998427212, 37.985581402930904 ], [ -0.655074998294786, 37.985581402976671 ], [ -0.655001718133132, 37.985602454481111 ], [ -0.655001718133134, 37.985602454481111 ], [ -0.655001717927811, 37.985602454523438 ], [ -0.65500171771613, 37.985602454534884 ], [ -0.654974735734987, 37.985601916296339 ], [ -0.654974735582841, 37.985601916285177 ], [ -0.654891085742864, 37.985591262682306 ], [ -0.65487742622653, 37.985595472203428 ], [ -0.654877426226531, 37.985595472203428 ], [ -0.654877425928356, 37.985595472260215 ], [ -0.654832499767248, 37.985599077043815 ], [ -0.654810311411866, 37.985603139920705 ], [ -0.654810311126551, 37.985603139943578 ], [ -0.654796094244823, 37.985602855420673 ], [ -0.654796093961441, 37.985602855386418 ], [ -0.654774198021272, 37.985597913029181 ], [ -0.65477419802127, 37.985597913029181 ], [ -0.654774197821893, 37.985597912967627 ], [ -0.6547741976406, 37.985597912877608 ], [ -0.654774197483804, 37.985597912762323 ], [ -0.654774197357047, 37.985597912625842 ], [ -0.654774197264811, 37.985597912472997 ], [ -0.65477419721036, 37.985597912309181 ], [ -0.654774197195617, 37.985597912140207 ], [ -0.654786103969458, 37.985224184645126 ], [ -0.654786103996919, 37.985224184469864 ], [ -0.654786104067055, 37.985224184302211 ], [ -0.654786104177171, 37.985224184148628 ], [ -0.654786104323032, 37.985224184014974 ], [ -0.654786104499033, 37.985224183906411 ], [ -0.654786104698412, 37.985224183827135 ], [ -0.654786104913503, 37.985224183780154 ], [ -0.654786105136041, 37.985224183767293 ], [ -0.654798871246911, 37.985224439348173 ], [ -0.654817370675369, 37.985224808403302 ], [ -0.654850930953962, 37.985220976905246 ], [ -0.654878945662797, 37.985212530147855 ], [ -0.654904121678948, 37.985204025823407 ], [ -0.654938714038458, 37.985191208295944 ], [ -0.654938714076553, 37.985191208282501 ], [ -0.654976800596559, 37.985178420847141 ], [ -0.655016059851827, 37.985152188872576 ], [ -0.655016059997637, 37.985152188789797 ], [ -0.655034147487376, 37.985143543037196 ], [ -0.655050095879591, 37.985134855514609 ], [ -0.655050096052584, 37.98513485543706 ], [ -0.655050096239989, 37.985134855384509 ], [ -0.655070139592697, 37.985130754169177 ], [ -0.655105238456351, 37.985122407185145 ], [ -0.65514835851617, 37.985109760601077 ], [ -0.655148358541845, 37.985109760593829 ], [ -0.655179217846106, 37.985101369557931 ], [ -0.655179217846104, 37.985101369557931 ], [ -0.655179218042633, 37.985101369519548 ], [ -0.655179218244641, 37.985101369509344 ], [ -0.655201961603442, 37.985101824055477 ], [ -0.655231977676814, 37.985097921740461 ], [ -0.655231977879429, 37.985097921728666 ], [ -0.655231978081467, 37.98509792174557 ], [ -0.65523197827649, 37.985097921790633 ], [ -0.655247491000529, 37.985102732183641 ], [ -0.655281607723101, 37.985103413564424 ], [ -0.655281607997776, 37.98510341359674 ], [ -0.655304254474304, 37.985108370767044 ], [ -0.655322851522505, 37.985104236224934 ], [ -0.655322851640919, 37.985104236203924 ], [ -0.655352168040339, 37.98510032078822 ], [ -0.65535216804034, 37.98510032078822 ], [ -0.655352168258394, 37.985100320775949 ], [ -0.655369923428727, 37.985100674899485 ], [ -0.655385028507866, 37.98509647519689 ], [ -0.655426003913847, 37.985083781225796 ], [ -0.655426004116246, 37.985083781179661 ], [ -0.655452430518949, 37.985079807198773 ], [ -0.655452430546699, 37.985079807194893 ], [ -0.655482445712572, 37.985075900276009 ], [ -0.655482445712571, 37.985075900276009 ], [ -0.655482445925976, 37.985075900264334 ], [ -0.655520846660523, 37.985076667014759 ], [ -0.65554788079867, 37.985077206165542 ], [ -0.655547881029673, 37.985077206189025 ], [ -0.655547881249801, 37.985077206249223 ], [ -0.655612592858388, 37.985101016371715 ], [ -0.655612592858389, 37.985101016371715 ], [ -0.655612593033484, 37.985101016451814 ], [ -0.655637752147535, 37.985115025642301 ], [ -0.655649118407548, 37.985115253213991 ], [ -0.655649118628373, 37.985115253235634 ], [ -0.65564911883966, 37.985115253290871 ], [ -0.655649119033328, 37.985115253377586 ], [ -0.655657508721664, 37.985119921387721 ], [ -0.65566617909947, 37.9851155935945 ], [ -0.655666179112059, 37.985115593588318 ], [ -0.655692937566569, 37.985102619603495 ], [ -0.655692937566571, 37.985102619603495 ], [ -0.655692937762276, 37.985102619527936 ], [ -0.655692937972579, 37.985102619483264 ], [ -0.655692938189784, 37.985102619471107 ], [ -0.655708598882234, 37.985102931775373 ], [ -0.655719971174456, 37.9851031594605 ], [ -0.655719971457548, 37.985103159494692 ], [ -0.655741867181511, 37.985108097105964 ], [ -0.655763354915385, 37.985104024697357 ], [ -0.655774268225401, 37.985095235982747 ], [ -0.655791202810865, 37.985077560582319 ], [ -0.655791202810862, 37.985077560582319 ], [ -0.65579120299558, 37.985077560430369 ], [ -0.655791203219872, 37.985077560316569 ], [ -0.655813530059956, 37.985068963822151 ], [ -0.655813530059954, 37.985068963822151 ], [ -0.655813530316373, 37.985068963751885 ], [ -0.655813530586518, 37.985068963731671 ], [ -0.655870436543969, 37.985070098476925 ], [ -0.655870436815614, 37.985070098508565 ], [ -0.65587043706978, 37.985070098590768 ], [ -0.655913252898899, 37.985089002440098 ], [ -0.655913252898901, 37.985089002440098 ], [ -0.65591325309271, 37.98508900254803 ], [ -0.655913253254081, 37.985089002685385 ], [ -0.655926334947232, 37.985102771140248 ], [ -0.655926334947231, 37.985102771140248 ], [ -0.655926335084559, 37.985102771328378 ], [ -0.655926335160977, 37.985102771537072 ], [ -0.655928193406532, 37.985111815162462 ], [ -0.655928193406533, 37.985111815162462 ], [ -0.655928193413206, 37.985111815414236 ], [ -0.655925474511779, 37.985129774264266 ], [ -0.655926443147802, 37.985143336951758 ], [ -0.655932585011991, 37.985152465689737 ], [ -0.655945069998699, 37.985161721893455 ], [ -0.655961282510061, 37.985166546141677 ], [ -0.655961282530239, 37.985166546147866 ], [ -0.656007086087417, 37.985180967899339 ], [ -0.656034114381083, 37.985181506822137 ], [ -0.656034114500021, 37.985181506829477 ], [ -0.656088033839134, 37.985187088359837 ], [ -0.656088033980206, 37.985187088381679 ], [ -0.656112028152087, 37.98519206782359 ], [ -0.656112028338479, 37.985192067876362 ], [ -0.6561120285105, 37.985192067953889 ], [ -0.656112028662944, 37.985192068053841 ], [ -0.656123859753652, 37.98520131050266 ], [ -0.656137089197569, 37.985210616876323 ], [ -0.656137089197568, 37.985210616876323 ], [ -0.656137089368973, 37.985210617027555 ], [ -0.656161812255478, 37.985238130572299 ], [ -0.656161812255481, 37.985238130572299 ], [ -0.656174199631472, 37.985251884797123 ], [ -0.656189815019831, 37.98525219613434 ], [ -0.656218861190426, 37.985234762299442 ], [ -0.656218861245962, 37.985234762268135 ], [ -0.656243480555288, 37.985221746409159 ], [ -0.656243480555287, 37.985221746409159 ], [ -0.656243480675956, 37.985221746353517 ], [ -0.656254245233112, 37.985217459936003 ], [ -0.656254245405727, 37.985217459880765 ], [ -0.656254245587412, 37.985217459848535 ], [ -0.656254245773307, 37.985217459840186 ], [ -0.656269907634273, 37.985217772093193 ], [ -0.656306907828665, 37.985218510664765 ], [ -0.656306908071511, 37.98521851069048 ], [ -0.656358494207803, 37.985228541207434 ], [ -0.656358494207801, 37.985228541207434 ], [ -0.656358494404127, 37.985228541261073 ], [ -0.656371868180442, 37.985233314324603 ], [ -0.656371868393462, 37.985233314423944 ], [ -0.656371868574348, 37.985233314557341 ], [ -0.656391939643809, 37.985251727546625 ], [ -0.656404750811112, 37.985251982950118 ], [ -0.656404751008237, 37.985251982967732 ], [ -0.656404751198503, 37.985251983012169 ], [ -0.656420224215705, 37.985256792459637 ], [ -0.65644086928993, 37.985257204034284 ], [ -0.656458767589036, 37.985253060778582 ], [ -0.656504875136616, 37.985235966897086 ], [ -0.656516527926516, 37.985227192861224 ], [ -0.656540005932518, 37.985182597568112 ], [ -0.656540005932517, 37.985182597568112 ], [ -0.656540006043021, 37.985182597406812 ], [ -0.656562910257767, 37.985156034293738 ], [ -0.656573313758725, 37.98514269810925 ], [ -0.656604304291776, 37.98508473947826 ], [ -0.656612849447953, 37.985062395765489 ], [ -0.656614723427665, 37.985048943686337 ], [ -0.65661385184734, 37.98503089521035 ], [ -0.656613851847965, 37.985030895130407 ], [ -0.656616730117203, 37.984985883701086 ], [ -0.65661357564663, 37.984972313357339 ], [ -0.656610317861428, 37.984963241942346 ], [ -0.656600220468817, 37.984944991523697 ], [ -0.656600220435736, 37.98494499145675 ], [ -0.656594267010083, 37.98493136530864 ], [ -0.656554313088543, 37.984890004690172 ], [ -0.656554313088541, 37.984890004690172 ], [ -0.65655431295664, 37.98489000451594 ], [ -0.656554312877423, 37.984890004322715 ], [ -0.656554312854917, 37.984890004120366 ], [ -0.656554599285758, 37.984881003256994 ], [ -0.656554599315304, 37.984881003074534 ], [ -0.656558567441549, 37.984867574570359 ], [ -0.656558567494268, 37.984867574438539 ], [ -0.656558567571855, 37.984867574314663 ], [ -0.656565242737124, 37.984858700807756 ], [ -0.656565242737123, 37.984858700807756 ], [ -0.656565242857408, 37.984858700676412 ], [ -0.656565243005506, 37.984858700564253 ], [ -0.656565243176616, 37.984858700474973 ], [ -0.65657535901241, 37.98485440114171 ], [ -0.656614619898874, 37.984828129037922 ], [ -0.656636680887537, 37.984806054692875 ], [ -0.656636680887535, 37.984806054692875 ], [ -0.656636681045631, 37.984806054563627 ], [ -0.656662837065848, 37.984788562930646 ], [ -0.656671100182007, 37.984775220310297 ], [ -0.656675912384678, 37.984757267290327 ], [ -0.656672533355381, 37.984730180351903 ], [ -0.656672533354095, 37.984730180185871 ], [ -0.656673513681045, 37.984721197659177 ], [ -0.656673513695337, 37.984721197574899 ], [ -0.656681795613377, 37.984685300323719 ], [ -0.656681795662637, 37.984685300179308 ], [ -0.656687908497271, 37.984671914421483 ], [ -0.656687908497272, 37.984671914421483 ], [ -0.656687908599279, 37.984671914254363 ], [ -0.656708667768341, 37.984645309322644 ], [ -0.656712499422638, 37.98463634339214 ], [ -0.656710686686685, 37.984627301111331 ], [ -0.656690057804127, 37.984604374995513 ], [ -0.656690057804129, 37.984604374995513 ], [ -0.656690057691646, 37.984604374839684 ], [ -0.656690057620423, 37.984604374669303 ], [ -0.656684947019669, 37.984586264155368 ], [ -0.656684946992665, 37.984586263936229 ], [ -0.656685235831711, 37.984577222570103 ], [ -0.656685235861796, 37.984577222385902 ], [ -0.65668523593897, 37.984577222210497 ], [ -0.656690505668176, 37.984568325313582 ], [ -0.656695751979053, 37.984536909272968 ], [ -0.656695752010926, 37.984536909149448 ], [ -0.656700471176386, 37.98452349110444 ], [ -0.656700471176387, 37.98452349110444 ], [ -0.656700471243079, 37.984523490962367 ], [ -0.656700471338925, 37.984523490831151 ], [ -0.656700471461209, 37.984523490714508 ], [ -0.656711431512153, 37.984514666565765 ], [ -0.656711431512154, 37.984514666565765 ], [ -0.656711431696449, 37.984514666445662 ], [ -0.656711431908345, 37.984514666358621 ], [ -0.656738701038551, 37.984506204243864 ], [ -0.656738701038552, 37.984506204243864 ], [ -0.656738701247916, 37.984506204196599 ], [ -0.656765872640315, 37.984502244765963 ], [ -0.656765872640313, 37.984502244765963 ], [ -0.656765872875055, 37.984502244751333 ], [ -0.656800733701831, 37.984502939618174 ], [ -0.656822772716072, 37.98450337980875 ], [ -0.656822772931853, 37.984503379829484 ], [ -0.656822773138716, 37.984503379882327 ], [ -0.656822773329115, 37.984503379965318 ], [ -0.656822773496106, 37.984503380075452 ], [ -0.656840104812215, 37.984517233048962 ], [ -0.656861162134139, 37.984526695324 ], [ -0.656861162134137, 37.984526695324 ], [ -0.656871690904783, 37.984531410524504 ], [ -0.656886043469713, 37.984527192136731 ], [ -0.656896159172376, 37.984522892803 ], [ -0.656909263761548, 37.984514111502918 ], [ -0.656922464853658, 37.984500867148704 ], [ -0.656931422007246, 37.984487533932807 ], [ -0.656927608770341, 37.984473950643903 ], [ -0.656927608743441, 37.984473950465173 ], [ -0.656927292989407, 37.984460436562969 ], [ -0.656927293002973, 37.984460436406657 ], [ -0.656927293050547, 37.984460436254594 ], [ -0.656931170310975, 37.984451470914884 ], [ -0.656931170420924, 37.984451470731365 ], [ -0.65693117058003, 37.984451470571983 ], [ -0.656931170780202, 37.984451470444888 ], [ -0.656939841791862, 37.984447137729376 ], [ -0.656939841844488, 37.984447137704628 ], [ -0.6569593283157, 37.984438524023922 ], [ -0.656959328500616, 37.984438523958516 ], [ -0.65695932869725, 37.98443852392009 ], [ -0.656959328899377, 37.984438523909859 ], [ -0.656980673843831, 37.984438950236971 ], [ -0.656980674071944, 37.984438950259921 ], [ -0.656980674289575, 37.984438950318683 ], [ -0.65698067448784, 37.98443895041089 ], [ -0.656996748489972, 37.984448272805267 ], [ -0.65700867129998, 37.984453015893763 ], [ -0.657039100193075, 37.984458123323577 ], [ -0.657053459119711, 37.984453909640685 ], [ -0.657062146074001, 37.98442706351004 ], [ -0.657062146189482, 37.984427063285068 ], [ -0.657071803008956, 37.98441374833854 ], [ -0.657072232471181, 37.984400249609038 ], [ -0.657069119057344, 37.984386639589701 ], [ -0.657061721735994, 37.984372984676739 ], [ -0.657049528503581, 37.984354727643861 ], [ -0.657049528503583, 37.984354727643861 ], [ -0.657049528410575, 37.984354727456456 ], [ -0.657049528372486, 37.984354727257362 ], [ -0.657048655969134, 37.984336701307683 ], [ -0.657046099050155, 37.984327607889163 ], [ -0.65703870074051, 37.984313948443209 ], [ -0.657025757596342, 37.984295681934348 ], [ -0.657007874865937, 37.984277330445082 ], [ -0.657007874818595, 37.984277330392729 ], [ -0.656988647038877, 37.984254378089517 ], [ -0.65697132155293, 37.984240520723432 ], [ -0.656971321521002, 37.984240520696829 ], [ -0.656955390801329, 37.984226695616591 ], [ -0.656891953041015, 37.984184866975788 ], [ -0.656891953041012, 37.984184866975788 ], [ -0.656891952918629, 37.984184866881954 ], [ -0.656881612364646, 37.984175654202851 ], [ -0.656881612353772, 37.984175654193024 ], [ -0.656861540033216, 37.984157240096557 ], [ -0.656837224815916, 37.984138746882287 ], [ -0.656819757345962, 37.984129356181541 ], [ -0.656766968054609, 37.984110289941341 ], [ -0.65676696803968, 37.98411028993587 ], [ -0.656754295140135, 37.984105536295957 ], [ -0.656754294973165, 37.984105536218962 ], [ -0.65675429482506, 37.984105536120708 ], [ -0.656754294700087, 37.984105536004051 ], [ -0.656746053422476, 37.984096365192848 ], [ -0.65673087273337, 37.9840825496143 ], [ -0.656730872733371, 37.9840825496143 ], [ -0.65673087257395, 37.984082549425636 ], [ -0.656707829936727, 37.984046032397202 ], [ -0.656696745508703, 37.9840368050329 ], [ -0.65668836108327, 37.984032136946652 ], [ -0.656666602987284, 37.984022695780858 ], [ -0.65666660273472, 37.984022695631928 ], [ -0.656654777422379, 37.98401345333685 ], [ -0.656654777421047, 37.984013453335805 ], [ -0.656642992001938, 37.984004211886571 ], [ -0.656592636296028, 37.983976151490388 ], [ -0.656573022758526, 37.983966758456482 ], [ -0.656573022758526, 37.983966758456482 ], [ -0.656573022555293, 37.983966758332372 ], [ -0.656554953026834, 37.983952886013206 ], [ -0.65655495289143, 37.983952885888321 ], [ -0.656530224645619, 37.983925336345912 ], [ -0.656505214379423, 37.983906829189422 ], [ -0.656505214379422, 37.983906829189422 ], [ -0.656505214255948, 37.983906829082031 ], [ -0.656487287897701, 37.983888458572331 ], [ -0.656487287897699, 37.983888458572331 ], [ -0.656487287797785, 37.983888458450863 ], [ -0.656487287723777, 37.983888458318283 ], [ -0.656483284711674, 37.983879371943708 ], [ -0.656483284711673, 37.983879371943708 ], [ -0.656483284656784, 37.983879371757432 ], [ -0.656479757875792, 37.983856751223193 ], [ -0.656479757867257, 37.983856751119674 ], [ -0.656479585478497, 37.98383873453416 ], [ -0.656479585491182, 37.983838734393061 ], [ -0.656483002646515, 37.983820793944936 ], [ -0.656482732628052, 37.983807276587399 ], [ -0.656480876674897, 37.98379819618453 ], [ -0.656477624646873, 37.983789124900454 ], [ -0.656469526616653, 37.983775455968832 ], [ -0.656455183267055, 37.983757157004526 ], [ -0.656444052128863, 37.983747933196732 ], [ -0.656422296501747, 37.983738456933445 ], [ -0.656422296501748, 37.983738456933445 ], [ -0.656422296294505, 37.983738456817612 ], [ -0.656422296124824, 37.983738456668341 ], [ -0.656422296001134, 37.983738456493029 ], [ -0.656398145225865, 37.983692941258141 ], [ -0.656398145225866, 37.983692941258141 ], [ -0.65639814517054, 37.983692941126151 ], [ -0.656391035554421, 37.9836702491626 ], [ -0.656391035535024, 37.983670249086941 ], [ -0.656389222770522, 37.983661206373455 ], [ -0.656389222770521, 37.983661206373455 ], [ -0.656389222760729, 37.983661206154359 ], [ -0.656390208933253, 37.983652219239936 ], [ -0.656390208989404, 37.983652219028272 ], [ -0.656394039609105, 37.983643288820076 ], [ -0.656397864395536, 37.983634363001272 ], [ -0.656397864497471, 37.983634362827082 ], [ -0.656397864643728, 37.983634362673925 ], [ -0.656397864827665, 37.983634362548798 ], [ -0.656405836035917, 37.983630015920305 ], [ -0.656405836087176, 37.983630015893922 ], [ -0.656432599555263, 37.983617041829092 ], [ -0.656432599555266, 37.983617041829092 ], [ -0.656432599754245, 37.983617041752581 ], [ -0.656432599968163, 37.983617041707994 ], [ -0.656463316352349, 37.983613113384443 ], [ -0.656489184218308, 37.983604622617229 ], [ -0.656498743186026, 37.983595811300987 ], [ -0.65650681192285, 37.983586965675997 ], [ -0.656512087308821, 37.983578064596209 ], [ -0.656508423147667, 37.983559978788136 ], [ -0.656498324897745, 37.983541728486585 ], [ -0.65648523784865, 37.983527960174762 ], [ -0.656469168290423, 37.983518651350892 ], [ -0.656469168229366, 37.983518651312913 ], [ -0.656448255061213, 37.983504708013129 ], [ -0.656417826566901, 37.983499595910253 ], [ -0.656386697920596, 37.983494474305402 ], [ -0.656386697664766, 37.983494474237453 ], [ -0.65637402378675, 37.983489719637149 ], [ -0.656374023786749, 37.983489719637149 ], [ -0.656374023606118, 37.983489719552416 ], [ -0.656349566808605, 37.983475683848468 ], [ -0.656318730361161, 37.983461561498366 ], [ -0.656318730252083, 37.983461561441558 ], [ -0.656294970781625, 37.98344757926295 ], [ -0.656277457957796, 37.983438223588657 ], [ -0.656264830132397, 37.983433466436637 ], [ -0.656237659364529, 37.983437429313398 ], [ -0.656237659145996, 37.983437429328255 ], [ -0.65623765892792, 37.983437429309667 ], [ -0.656237658718399, 37.983437429258316 ], [ -0.656208767116841, 37.983427846728048 ], [ -0.65618173947376, 37.983427307866556 ], [ -0.65618173927793, 37.983427307849155 ], [ -0.65618173908883, 37.983427307805279 ], [ -0.656181738912129, 37.983427307736221 ], [ -0.656171956147146, 37.98342261075598 ], [ -0.656171955928396, 37.983422610619378 ], [ -0.656154586550178, 37.983408716313427 ], [ -0.656134130568679, 37.983403807491378 ], [ -0.656134130310242, 37.983403807400272 ], [ -0.656124301017415, 37.983399105884025 ], [ -0.656124301017414, 37.983399105884025 ], [ -0.656124300852274, 37.983399105787974 ], [ -0.656124300711574, 37.983399105670038 ], [ -0.656124300599874, 37.983399105534048 ], [ -0.65611820415142, 37.983389977408997 ], [ -0.656112056362256, 37.983380852766992 ], [ -0.656112056362254, 37.983380852766992 ], [ -0.65611205626929, 37.983380852582442 ], [ -0.656100989540905, 37.983349069807076 ], [ -0.656089496347814, 37.983330832169294 ], [ -0.65607570971769, 37.983317045243801 ], [ -0.656075709717692, 37.983317045243801 ], [ -0.656075709580454, 37.983317045068532 ], [ -0.65606486596486, 37.983298820220007 ], [ -0.656064865964862, 37.983298820220007 ], [ -0.656064865892077, 37.98329882006 ], [ -0.656064865858582, 37.983298819892021 ], [ -0.656064865865571, 37.983298819722052 ], [ -0.656064865912795, 37.983298819556154 ], [ -0.656074110885355, 37.983276449251036 ], [ -0.656075142419408, 37.983267468070288 ], [ -0.656070445678241, 37.98325836829293 ], [ -0.656062061698505, 37.983253695760112 ], [ -0.656051533015324, 37.983248984081456 ], [ -0.656028646318954, 37.983253028677403 ], [ -0.655981841261174, 37.983270108516791 ], [ -0.655945012084279, 37.983287422433207 ], [ -0.655945012084282, 37.983287422433207 ], [ -0.655945011917631, 37.983287422497646 ], [ -0.655931351999328, 37.983291651158929 ], [ -0.655931351781584, 37.983291651207225 ], [ -0.655931351556069, 37.983291651220519 ], [ -0.655890107307636, 37.983290827916505 ], [ -0.655872306847085, 37.983290472974048 ], [ -0.65587230659948, 37.983290472947388 ], [ -0.655872306365192, 37.983290472878608 ], [ -0.655860377789996, 37.983285733993512 ], [ -0.655847012361742, 37.983280925905405 ], [ -0.655847012173024, 37.983280925819408 ], [ -0.655847012008454, 37.983280925706538 ], [ -0.655813709798079, 37.983253245543814 ], [ -0.655801225002528, 37.983243990154556 ], [ -0.655784313364651, 37.983239147447776 ], [ -0.655764512714408, 37.98323425160924 ], [ -0.655748902668025, 37.983233939426299 ], [ -0.655721169472464, 37.98323338639014 ], [ -0.655721169237284, 37.983233386365875 ], [ -0.655721169013563, 37.983233386303567 ], [ -0.655708500905616, 37.983228632655283 ], [ -0.655694427794479, 37.983223846481401 ], [ -0.655694427578731, 37.983223846384774 ], [ -0.655694427394533, 37.983223846253459 ], [ -0.655684041633394, 37.98321463258678 ], [ -0.65566667323903, 37.983200741691995 ], [ -0.655666673239032, 37.983200741691995 ], [ -0.655666673146417, 37.983200741608137 ], [ -0.655648791539954, 37.983182371865865 ], [ -0.655648791539951, 37.983182371865858 ], [ -0.655648791462367, 37.983182371775271 ], [ -0.655635102574754, 37.98316408567382 ], [ -0.655622762077636, 37.983150332106348 ], [ -0.655615078768079, 37.983145641013607 ], [ -0.655605249752238, 37.983140939555433 ], [ -0.655578410890889, 37.98313590331604 ], [ -0.655578410654353, 37.983135903249106 ], [ -0.655578410442127, 37.983135903142738 ], [ -0.65556373529409, 37.983126603906918 ], [ -0.655563735134343, 37.983126603783489 ], [ -0.655563735008106, 37.983126603637757 ], [ -0.655563734920242, 37.983126603475313 ], [ -0.655563734874129, 37.983126603302431 ], [ -0.655563734871542, 37.983126603125754 ], [ -0.65556472113392, 37.983117616220582 ], [ -0.655564721174173, 37.983117616049043 ], [ -0.655564721255455, 37.983117615886862 ], [ -0.65556472137471, 37.983117615740106 ], [ -0.655573535494827, 37.983108784943468 ], [ -0.655573535494829, 37.983108784943468 ], [ -0.655573535630195, 37.98310878482971 ], [ -0.655585939412337, 37.983100025619478 ], [ -0.655585939412335, 37.983100025619478 ], [ -0.65558593955976, 37.983100025531272 ], [ -0.655585939723273, 37.983100025463138 ], [ -0.655611114850586, 37.983091520984971 ], [ -0.655626312844652, 37.983082781539622 ], [ -0.655681663009031, 37.983043363447258 ], [ -0.655704979929477, 37.983025815365863 ], [ -0.655729467242839, 37.982994747875686 ], [ -0.655729467242841, 37.982994747875686 ], [ -0.655729467324718, 37.982994747784858 ], [ -0.655756614991057, 37.982968269418528 ], [ -0.655756614991059, 37.982968269418528 ], [ -0.65575661508509, 37.982968269337462 ], [ -0.655808421720231, 37.982928757952372 ], [ -0.655808421720232, 37.982928757952372 ], [ -0.655808421935932, 37.982928757823188 ], [ -0.655817792982209, 37.982924425630699 ], [ -0.655817792982208, 37.982924425630699 ], [ -0.655817793097998, 37.98292442558396 ], [ -0.655842262792854, 37.982915906964173 ], [ -0.655861748822097, 37.982907289079684 ], [ -0.655872851678355, 37.982893967081274 ], [ -0.655879670008172, 37.98288059100868 ], [ -0.655879670008174, 37.98288059100868 ], [ -0.655879670101877, 37.982880590864049 ], [ -0.655879670226895, 37.9828805907351 ], [ -0.655879670379151, 37.982880590626024 ], [ -0.655879670553696, 37.98288059054039 ], [ -0.65595532766579, 37.982850579282577 ], [ -0.655990063130338, 37.982833223612005 ], [ -0.655990063165621, 37.98283322359508 ], [ -0.656008804065851, 37.982824595200135 ], [ -0.656008804065853, 37.982824595200135 ], [ -0.65600880430625, 37.98282459511713 ], [ -0.656026052789715, 37.982820433491426 ], [ -0.656026052921116, 37.982820433466365 ], [ -0.656081793995986, 37.982812539199692 ], [ -0.656129850421735, 37.982799989763869 ], [ -0.656129850471318, 37.982799989751896 ], [ -0.656185740347588, 37.982787597378284 ], [ -0.656230395862804, 37.982770439427291 ], [ -0.656230395889843, 37.982770439417259 ], [ -0.656254171346436, 37.982761906909829 ], [ -0.656285459004368, 37.982740016587606 ], [ -0.656285459024508, 37.982740016573842 ], [ -0.656298562358154, 37.982731272133691 ], [ -0.656298562358155, 37.982731272133691 ], [ -0.656298562518464, 37.982731272044212 ], [ -0.656298562695805, 37.982731271977855 ], [ -0.656327276186909, 37.982722837842935 ], [ -0.656327276194908, 37.982722837840612 ], [ -0.656356736061883, 37.982714382533956 ], [ -0.656356736217586, 37.982714382498955 ], [ -0.656381068200286, 37.982710367444419 ], [ -0.656403955391366, 37.982706318175644 ], [ -0.656403955581873, 37.98270631815511 ], [ -0.656478751848245, 37.982703309107293 ], [ -0.656553284901238, 37.982686782669845 ], [ -0.656553284901239, 37.982686782669845 ], [ -0.656553285045707, 37.982686782645672 ], [ -0.656586837489172, 37.982682950448201 ], [ -0.656586837489173, 37.982682950448201 ], [ -0.656586837680422, 37.982682950439255 ], [ -0.656616015618162, 37.982683532968544 ], [ -0.656670770529067, 37.982684624424287 ], [ -0.656670770812262, 37.982684624458486 ], [ -0.656692670683298, 37.982689562923383 ], [ -0.656719509478475, 37.982694603436357 ], [ -0.656719509478477, 37.982694603436357 ], [ -0.656719509713913, 37.9826946035029 ], [ -0.656744157440436, 37.982704101375631 ], [ -0.656744157452916, 37.982704101380506 ], [ -0.656768008865165, 37.982713579771222 ], [ -0.656768009132657, 37.982713579918908 ], [ -0.656786782637858, 37.982727502250583 ], [ -0.656825211536837, 37.982750782381167 ], [ -0.656825211557817, 37.982750782394191 ], [ -0.656854464171436, 37.982769379505875 ], [ -0.656854464333048, 37.982769379631513 ], [ -0.656868990773278, 37.982783176771768 ], [ -0.656899401852567, 37.982810839453251 ], [ -0.656910630531869, 37.982815564215997 ], [ -0.656910630689339, 37.982815564296054 ], [ -0.6569260044116, 37.982824877210355 ], [ -0.656958428632482, 37.982834529973033 ], [ -0.657007214080782, 37.982844509763709 ], [ -0.65700721408078, 37.982844509763709 ], [ -0.657007214278136, 37.982844509819891 ], [ -0.65704588756299, 37.982858825142756 ], [ -0.657086002242988, 37.982873132164052 ], [ -0.657117266702896, 37.982873756153531 ], [ -0.657132927916049, 37.982874068272238 ], [ -0.657152970416231, 37.982869966703355 ], [ -0.657152970729777, 37.982869966674976 ], [ -0.657165787682637, 37.982870222105497 ], [ -0.657165787930028, 37.9828702221321 ], [ -0.657165788164136, 37.982870222200759 ], [ -0.657249412094464, 37.982903410384829 ], [ -0.657249412118646, 37.982903410394719 ], [ -0.657260640993371, 37.982908136103958 ], [ -0.657260640993372, 37.982908136103958 ], [ -0.657260641213447, 37.982908136224836 ], [ -0.657273871489155, 37.982917406396318 ], [ -0.657284400173633, 37.982922121603721 ], [ -0.657300010074369, 37.982922432677704 ], [ -0.657329881022996, 37.982923028841064 ], [ -0.657329881263088, 37.982923028866267 ], [ -0.657329881491008, 37.982923028931097 ], [ -0.657329881696436, 37.982923029032641 ], [ -0.657329881870069, 37.982923029166287 ], [ -0.657339566951569, 37.982932264788325 ], [ -0.657339566994701, 37.982932264832137 ], [ -0.657364995704842, 37.982959804732623 ], [ -0.657378219436205, 37.982969056527104 ], [ -0.657393180689214, 37.982969354663034 ], [ -0.657423052796623, 37.982969950826039 ], [ -0.657436523986743, 37.982970219264139 ], [ -0.657436524233648, 37.98297021929065 ], [ -0.657436524467347, 37.982970219359061 ], [ -0.657448492943832, 37.982974958887326 ], [ -0.65744849294383, 37.982974958887326 ], [ -0.657448493180505, 37.982974959012559 ], [ -0.657495821210456, 37.983007464311356 ], [ -0.657495821338296, 37.983007464414506 ], [ -0.657495821443656, 37.983007464532506 ], [ -0.657502663420673, 37.983016602939003 ], [ -0.657502663420675, 37.983016602939003 ], [ -0.657502663516956, 37.983016603103323 ], [ -0.657510618398835, 37.983034774504937 ], [ -0.657526687144576, 37.983044101038132 ], [ -0.657542903807821, 37.983048926041192 ], [ -0.657577616103481, 37.983054123237892 ], [ -0.657577616415866, 37.983054123323335 ], [ -0.657600772754741, 37.983063627346212 ], [ -0.657600772765139, 37.983063627350511 ], [ -0.65761200168808, 37.983068353027605 ], [ -0.657612001688081, 37.983068353027605 ], [ -0.657612001874954, 37.9830683531261 ], [ -0.657612002033761, 37.983068353251724 ], [ -0.657612002158324, 37.98306835339956 ], [ -0.657618144282841, 37.983077482360265 ], [ -0.657618144308713, 37.983077482401193 ], [ -0.657631643936705, 37.983100265480928 ], [ -0.657659211100711, 37.983127870453046 ], [ -0.657659211100713, 37.983127870453046 ], [ -0.657659211165781, 37.983127870525237 ], [ -0.657703725876079, 37.983182793327281 ], [ -0.657703725876079, 37.983182793327281 ], [ -0.657703725949063, 37.983182793432036 ], [ -0.65771451860653, 37.983201057660132 ], [ -0.657728763435113, 37.983223856382203 ], [ -0.657781076274785, 37.983256455339173 ], [ -0.657833526709526, 37.983284520959508 ], [ -0.657833526709525, 37.983284520959508 ], [ -0.657833526890277, 37.98328452107959 ], [ -0.657833527035852, 37.983284521226608 ], [ -0.657833527139989, 37.983284521394232 ], [ -0.657833527198212, 37.983284521575243 ], [ -0.657833527208017, 37.983284521761874 ], [ -0.657833527168983, 37.983284521946096 ], [ -0.657827271466857, 37.983302410465363 ], [ -0.657827271466855, 37.983302410465363 ], [ -0.657827271390069, 37.983302410624539 ], [ -0.657827271276793, 37.983302410769411 ], [ -0.657827271131077, 37.983302410894822 ], [ -0.657827270958133, 37.983302410996274 ], [ -0.657827270764149, 37.983302411070134 ], [ -0.657827270556066, 37.983302411113776 ], [ -0.657827270341324, 37.983302411125614 ], [ -0.65781449901834, 37.98330215667545 ], [ -0.657798700366236, 37.983306342889975 ], [ -0.657798700351134, 37.983306342893876 ], [ -0.657782196402125, 37.98331051412886 ], [ -0.65777193794895, 37.983319315956983 ], [ -0.657765537391702, 37.983341760888862 ], [ -0.657764408916691, 37.983355227837215 ], [ -0.657767380666298, 37.983373295508514 ], [ -0.657780030591491, 37.98340060410402 ], [ -0.657797528970441, 37.983432473482168 ], [ -0.65779752897044, 37.983432473482168 ], [ -0.657797529043074, 37.983432473666248 ], [ -0.657803199646698, 37.983455141385718 ], [ -0.657803199667537, 37.983455141526186 ], [ -0.657804072260745, 37.983473167560021 ], [ -0.657804072257312, 37.983473167672443 ], [ -0.657803086260328, 37.983482154604729 ], [ -0.657803086244023, 37.983482154697285 ], [ -0.657799812475019, 37.983495597084264 ], [ -0.657799812475018, 37.983495597084264 ], [ -0.657799812430432, 37.983495597214187 ], [ -0.657799812361877, 37.983495597337409 ], [ -0.657787821119773, 37.983513407569951 ], [ -0.657779466209853, 37.983531254203804 ], [ -0.657779466168077, 37.983531254281615 ], [ -0.65776593355255, 37.983553498749259 ], [ -0.657763502628441, 37.983562456676403 ], [ -0.657763916081004, 37.983571471231329 ], [ -0.657772619782177, 37.983589693705426 ], [ -0.657772619782175, 37.983589693705426 ], [ -0.657772619844612, 37.983589693898487 ], [ -0.657775029272853, 37.98360324951642 ], [ -0.657775029282123, 37.983603249590843 ], [ -0.657775999419802, 37.983616776532315 ], [ -0.657775999419139, 37.983616776642933 ], [ -0.657774870353084, 37.983630261759828 ], [ -0.657774870342866, 37.983630261834499 ], [ -0.657765466940247, 37.983679644006422 ], [ -0.657787682593842, 37.983698100368279 ], [ -0.657805007123966, 37.983711989141867 ], [ -0.657924445711602, 37.983781953603064 ], [ -0.658012773917665, 37.983824241534826 ], [ -0.658012773918721, 37.983824241535331 ], [ -0.658042215838561, 37.983838371664305 ], [ -0.658066961467739, 37.983843371050753 ], [ -0.658066961482095, 37.98384337105373 ], [ -0.658136902955371, 37.983858272889577 ], [ -0.65813690296706, 37.983858272892128 ], [ -0.658181444150835, 37.983868166736258 ], [ -0.658207732506567, 37.983868690412663 ], [ -0.658240443722949, 37.983869342928358 ], [ -0.658460610749536, 37.983860223560626 ], [ -0.658509126738456, 37.983856684366131 ], [ -0.658629888803506, 37.983841042225535 ], [ -0.658629888888409, 37.983841042217115 ], [ -0.65873111796599, 37.983834052660555 ], [ -0.658750460947435, 37.983829937779099 ], [ -0.658750461113208, 37.983829937754081 ], [ -0.658831837053672, 37.983822552713036 ], [ -0.659013283065508, 37.983799152657937 ], [ -0.659104172487478, 37.983782914254164 ], [ -0.659104172583128, 37.983782914240436 ], [ -0.659139177217647, 37.983779106649699 ], [ -0.659204625298306, 37.983757895712095 ], [ -0.6592046253167, 37.983757895706283 ], [ -0.65931454265457, 37.983724028259566 ], [ -0.659314542729811, 37.983724028238761 ], [ -0.659450086404198, 37.983690701542031 ], [ -0.659450086481092, 37.98369070152544 ], [ -0.659493761724828, 37.98368256542534 ], [ -0.659552078016503, 37.983661177153124 ], [ -0.659552078026964, 37.983661177149344 ], [ -0.659611797234829, 37.983639851903582 ], [ -0.659702146063299, 37.983596583454045 ], [ -0.659702146063301, 37.983596583454045 ], [ -0.659702146250423, 37.983596583382038 ], [ -0.659786886975547, 37.983571256025613 ], [ -0.659816494218887, 37.983558337836634 ], [ -0.659886610451293, 37.983523672148436 ], [ -0.659969085480335, 37.983480250335354 ], [ -0.65996908553148, 37.98348025030996 ], [ -0.660052161656243, 37.98344137747641 ], [ -0.660052161724979, 37.983441377446738 ], [ -0.660127818999646, 37.983411327450341 ], [ -0.660161106532102, 37.983393976890625 ], [ -0.660243912708001, 37.983341554909053 ], [ -0.660243912723521, 37.983341554899404 ], [ -0.660472466784128, 37.983201937918906 ], [ -0.660496527966444, 37.983184403636436 ], [ -0.660529352644531, 37.98315800111552 ], [ -0.660563069966839, 37.983127152242979 ], [ -0.660610734015964, 37.983083036309885 ], [ -0.660610734015962, 37.983083036309885 ], [ -0.660610734127147, 37.983083036220414 ], [ -0.660642020791095, 37.983061145512252 ], [ -0.660642020825895, 37.983061145488875 ], [ -0.66066239607595, 37.983048002773984 ], [ -0.660662396127909, 37.983048002742393 ], [ -0.660692794524463, 37.983030598987 ], [ -0.660692794524465, 37.983030598987 ], [ -0.660692794798421, 37.983030598871494 ], [ -0.660794083090843, 37.983001094517839 ], [ -0.660820795492917, 37.982988078859286 ], [ -0.660833898306907, 37.982979333051432 ], [ -0.660852127428405, 37.982966188212238 ], [ -0.660896201476345, 37.982922000782992 ], [ -0.660896201548721, 37.982922000717252 ], [ -0.660949547361879, 37.982878030166091 ], [ -0.660984102444201, 37.982842659866755 ], [ -0.660984102507124, 37.982842659807744 ], [ -0.66100457371621, 37.982825054934274 ], [ -0.661019552450046, 37.982802802835181 ], [ -0.661032338735024, 37.982780543093604 ], [ -0.661053811604762, 37.982731400360358 ], [ -0.661053811641083, 37.982731400287619 ], [ -0.661068879943783, 37.982704680335154 ], [ -0.661068879973427, 37.982704680286531 ], [ -0.661197505428284, 37.98250900078061 ], [ -0.661277013019835, 37.982379922647077 ], [ -0.661277013040923, 37.982379922614534 ], [ -0.661331503725355, 37.98229987979839 ], [ -0.66133150373339, 37.982299879786787 ], [ -0.661362804594433, 37.98225547495187 ], [ -0.661362804631469, 37.982255474903013 ], [ -0.661391676134321, 37.982219991370663 ], [ -0.661391676179581, 37.982219991319077 ], [ -0.661416722408749, 37.982193469807136 ], [ -0.661416722442637, 37.982193469773009 ], [ -0.661467368121553, 37.98214490817621 ], [ -0.661489569719704, 37.982118334610405 ], [ -0.661587983383287, 37.981998638929277 ], [ -0.661631928273688, 37.981936435433163 ], [ -0.661631928278503, 37.981936435426412 ], [ -0.661695977798422, 37.981847576908983 ], [ -0.661745625896106, 37.981762972602098 ], [ -0.661745625912841, 37.981762972574799 ], [ -0.661845182831265, 37.981607273028402 ], [ -0.661845182865028, 37.981607272979417 ], [ -0.661868228000066, 37.981576174479777 ], [ -0.661868228016768, 37.981576174457956 ], [ -0.661945332791426, 37.981478568825295 ], [ -0.661945332791429, 37.981478568825295 ], [ -0.661945332937597, 37.981478568677225 ], [ -0.661961416878843, 37.981465380955569 ], [ -0.661979742874533, 37.981447733178335 ], [ -0.661979742874532, 37.981447733178335 ], [ -0.661979742999946, 37.98144773307542 ], [ -0.662011028583977, 37.981425841060549 ], [ -0.662011028602421, 37.981425841047916 ], [ -0.662030657783944, 37.9814126877516 ], [ -0.662030657863528, 37.981412687702893 ], [ -0.662092994548179, 37.981377901955227 ], [ -0.662092994561954, 37.98137790194766 ], [ -0.662165345080391, 37.981338778218834 ], [ -0.662165345133708, 37.981338778191684 ], [ -0.662219562408082, 37.981312841139832 ], [ -0.662265350761144, 37.981282195770113 ], [ -0.662265350832436, 37.981282195726131 ], [ -0.66231896573336, 37.981251741103414 ], [ -0.662370768249759, 37.981212208696874 ], [ -0.662415992907692, 37.981177082510861 ], [ -0.662415992945512, 37.981177082482795 ], [ -0.662453110877968, 37.981150769263529 ], [ -0.662503611267776, 37.981106704446688 ], [ -0.662523381861566, 37.981089089785108 ], [ -0.662523381861567, 37.981089089785108 ], [ -0.662523382066379, 37.981089089641763 ], [ -0.662563194839032, 37.981067362535789 ], [ -0.662611121820109, 37.981036759569953 ], [ -0.662636024232812, 37.981014740533396 ], [ -0.662645536874905, 37.981005923176141 ], [ -0.662659067531459, 37.980983678082744 ], [ -0.662659067531457, 37.980983678082744 ], [ -0.662659067606607, 37.980983677977797 ], [ -0.662677537265209, 37.980961494928017 ], [ -0.66267753730414, 37.980961494884149 ], [ -0.662715127944648, 37.980921715755585 ], [ -0.662715127987753, 37.980921715712732 ], [ -0.662757651868355, 37.980881997704223 ], [ -0.662757651868357, 37.980881997704223 ], [ -0.662757651977273, 37.980881997615626 ], [ -0.662782366110743, 37.980864475780855 ], [ -0.662782366134738, 37.980864475764314 ], [ -0.66280199500167, 37.980851323229139 ], [ -0.662801995037553, 37.980851323206068 ], [ -0.662830293033955, 37.980833872610553 ], [ -0.662830293200383, 37.980833872525245 ], [ -0.662881522728126, 37.9808123777117 ], [ -0.662907681645996, 37.980794884636374 ], [ -0.662907681680141, 37.980794884614419 ], [ -0.662935980699797, 37.980777398015611 ], [ -0.662987178919157, 37.980733388321802 ], [ -0.662987178988793, 37.980733388266891 ], [ -0.663023596971852, 37.980707056408114 ], [ -0.663023596971851, 37.980707056408114 ], [ -0.663023597128859, 37.980707056313001 ], [ -0.663023597304296, 37.980707056240824 ], [ -0.663049510328369, 37.980698569274672 ], [ -0.663049510439783, 37.980698569243444 ], [ -0.663102552433409, 37.980686112404278 ], [ -0.663131963793689, 37.980677695019544 ], [ -0.663161007841821, 37.980660224114622 ], [ -0.663197281710786, 37.980638430936764 ], [ -0.663217609166997, 37.980625322863858 ], [ -0.663217609214094, 37.980625322835074 ], [ -0.663255277907341, 37.980603522211297 ], [ -0.663255277907338, 37.980603522211297 ], [ -0.663255278007337, 37.980603522159562 ], [ -0.663283432949867, 37.980590574155585 ], [ -0.663283432949869, 37.980590574155585 ], [ -0.663283433106699, 37.980590574095643 ], [ -0.663324404764444, 37.980577877228896 ], [ -0.663324404779165, 37.980577877224427 ], [ -0.663381179927273, 37.980560997024902 ], [ -0.663416417326751, 37.980548150122821 ], [ -0.663416417374692, 37.98054815010638 ], [ -0.663455995146126, 37.980535429093365 ], [ -0.663455995370237, 37.980535429041758 ], [ -0.663455995602933, 37.980535429027441 ], [ -0.663487960288902, 37.980536065225337 ], [ -0.66353349244308, 37.980536970159946 ], [ -0.663577715511577, 37.980533348926421 ], [ -0.663577715657261, 37.980533348921902 ], [ -0.663609686062359, 37.980533984299193 ], [ -0.66363531924548, 37.980534494625893 ], [ -0.663635319473294, 37.980534494648765 ], [ -0.663662903433981, 37.980539543879409 ], [ -0.663662903433983, 37.980539543879409 ], [ -0.663662903664877, 37.980539543943003 ], [ -0.663675575905951, 37.980544296631848 ], [ -0.66368494512177, 37.980539982034621 ], [ -0.663684945155596, 37.98053998201965 ], [ -0.663695059992878, 37.980535682040994 ], [ -0.663739395476931, 37.980505043271535 ], [ -0.66373939551484, 37.98050504324646 ], [ -0.663753197331191, 37.980496310934491 ], [ -0.663753197489889, 37.980496310850342 ], [ -0.663753197664138, 37.980496310788375 ], [ -0.663768301721454, 37.980492105395754 ], [ -0.663768301980847, 37.980492105349597 ], [ -0.663812527368308, 37.980488448021404 ], [ -0.663812527371664, 37.980488448021127 ], [ -0.663992284856377, 37.980474008661467 ], [ -0.664014465403265, 37.980469948369951 ], [ -0.664036650682977, 37.980465884549652 ], [ -0.664036650691476, 37.980465884548117 ], [ -0.664059536412869, 37.980461838302283 ], [ -0.664061300276879, 37.980460598439173 ], [ -0.66406130027688, 37.980460598439173 ], [ -0.664071938436407, 37.980453078379647 ], [ -0.664090407457792, 37.980430895185677 ], [ -0.664090407552309, 37.980430895087537 ], [ -0.664119690183511, 37.980404457218903 ], [ -0.664132379033957, 37.980386697139465 ], [ -0.664132379037538, 37.980386697134485 ], [ -0.664142034144768, 37.980373381395275 ], [ -0.664153420733212, 37.980351057518149 ], [ -0.664160108393139, 37.980319669740553 ], [ -0.664160393844188, 37.98031066894125 ], [ -0.664158121584218, 37.980292574743842 ], [ -0.664151468620813, 37.980278934324403 ], [ -0.664138937702803, 37.980269678891638 ], [ -0.664138937702801, 37.980269678891638 ], [ -0.66413893760502, 37.98026967880979 ], [ -0.66412925092806, 37.980260479841093 ], [ -0.664104091555365, 37.980246472371256 ], [ -0.664104091506106, 37.980246472342237 ], [ -0.664051784409214, 37.980213875252268 ], [ -0.664051784363444, 37.980213875222169 ], [ -0.664018337829426, 37.980190691071464 ], [ -0.66400711017615, 37.980185967001901 ], [ -0.663991597899816, 37.980181157795776 ], [ -0.663963166184732, 37.980180592840746 ], [ -0.663963165923878, 37.980180592811415 ], [ -0.663963165678536, 37.980180592735387 ], [ -0.663951942549923, 37.980175864175052 ], [ -0.663951942549922, 37.980175864175052 ], [ -0.663951942372604, 37.980175864082597 ], [ -0.663951942220074, 37.980175863965655 ], [ -0.663951942097644, 37.980175863828322 ], [ -0.663951942009572, 37.980175863675385 ], [ -0.663947939411813, 37.980166740604083 ], [ -0.663947939411814, 37.980166740604083 ], [ -0.663947939351532, 37.980166740370592 ], [ -0.663946365695485, 37.980148696021423 ], [ -0.663941112158621, 37.980135084366289 ], [ -0.66393347320095, 37.98013043179742 ], [ -0.663912972233786, 37.980125518949727 ], [ -0.663887384901873, 37.980125010497687 ], [ -0.663846699276158, 37.980128706637515 ], [ -0.663815144556861, 37.980137086130149 ], [ -0.663791376517717, 37.980145614974035 ], [ -0.663791376517718, 37.980145614974035 ], [ -0.663791376274202, 37.980145615036413 ], [ -0.663791376019238, 37.98014561505412 ], [ -0.663778559680322, 37.980145360364943 ], [ -0.663762801690723, 37.980149552710373 ], [ -0.663762801455081, 37.980149552751705 ], [ -0.663762801213728, 37.980149552752763 ], [ -0.663762800977521, 37.980149552713506 ], [ -0.663743744746797, 37.980144668507677 ], [ -0.663730928372705, 37.98014441381261 ], [ -0.663730928151702, 37.980144413790988 ], [ -0.663730927940254, 37.98014441373568 ], [ -0.66373092774646, 37.980144413648858 ], [ -0.663722543163543, 37.980139745080756 ], [ -0.663722543126813, 37.980139745059418 ], [ -0.663714858270409, 37.980135091326417 ], [ -0.663705028939284, 37.980130390465902 ], [ -0.663705028939282, 37.980130390465902 ], [ -0.663705028736462, 37.980130390342282 ], [ -0.663705028573681, 37.980130390185899 ], [ -0.66368999092417, 37.980112082667631 ], [ -0.663689990924169, 37.980112082667631 ], [ -0.663689990824268, 37.980112082516342 ], [ -0.663685288672645, 37.980102941929744 ], [ -0.663685288603406, 37.980102941734792 ], [ -0.663683429349926, 37.980093902700681 ], [ -0.663683429340714, 37.980093902645031 ], [ -0.663681161726156, 37.980075844399337 ], [ -0.663681161720907, 37.980075844331957 ], [ -0.663680476020291, 37.980053316519843 ], [ -0.663672918195435, 37.979999112407562 ], [ -0.663666973913367, 37.979962913885771 ], [ -0.663654335084553, 37.979913128745238 ], [ -0.663654335070142, 37.979913128673672 ], [ -0.663649601291251, 37.979881477738445 ], [ -0.663649601285506, 37.979881477687869 ], [ -0.663646093253978, 37.97983634347861 ], [ -0.663646093252189, 37.979836343400684 ], [ -0.663647950182095, 37.979777802770592 ], [ -0.663647950187533, 37.979777802702394 ], [ -0.663658303959043, 37.979696917608067 ], [ -0.663658303963486, 37.979696917578316 ], [ -0.663682819500754, 37.97955323626168 ], [ -0.66369261616825, 37.979467839077522 ], [ -0.663705308311382, 37.979314880139952 ], [ -0.663705308312534, 37.979314880127411 ], [ -0.663715721412598, 37.979211482007535 ], [ -0.663715990497922, 37.979157416299451 ], [ -0.663715990501181, 37.979157416234777 ], [ -0.663718150384907, 37.979134903479476 ], [ -0.663718150400883, 37.979134903382736 ], [ -0.663725533285386, 37.979103529280948 ], [ -0.663725533294441, 37.97910352924626 ], [ -0.663761548569825, 37.978978090491644 ], [ -0.663780744970016, 37.978910893237988 ], [ -0.663780744979747, 37.978910893206567 ], [ -0.663795689552929, 37.978866121213429 ], [ -0.663799804894433, 37.978848212426328 ], [ -0.663801076117339, 37.978830206592228 ], [ -0.663799549163093, 37.978812127164531 ], [ -0.66379173572157, 37.978789456853626 ], [ -0.663791735721571, 37.978789456853626 ], [ -0.66379173569622, 37.97878945676122 ], [ -0.663789876597153, 37.978780413224897 ], [ -0.663789876597152, 37.978780413224897 ], [ -0.663789876589036, 37.978780412982942 ], [ -0.663793579587823, 37.978753430803124 ], [ -0.663792719611373, 37.978712886356668 ], [ -0.66379271963026, 37.978712886177419 ], [ -0.663792719693759, 37.978712886004729 ], [ -0.66379953039289, 37.978699513710112 ], [ -0.663799530392888, 37.978699513710112 ], [ -0.663799530478885, 37.978699513575165 ], [ -0.663799530592174, 37.978699513453513 ], [ -0.663799530729563, 37.978699513348552 ], [ -0.663819903843433, 37.97868637465772 ], [ -0.663827419876685, 37.978673013045828 ], [ -0.663832973823897, 37.978655114823312 ], [ -0.663837833917625, 37.978637198289093 ], [ -0.6638421020404, 37.978592217761062 ], [ -0.663842102078148, 37.978592217589068 ], [ -0.663849904866049, 37.978569818763702 ], [ -0.663849904866047, 37.978569818763702 ], [ -0.663849904908008, 37.978569818665648 ], [ -0.663870388262834, 37.978529698281811 ], [ -0.663870388262836, 37.978529698281811 ], [ -0.663870388361166, 37.978529698131602 ], [ -0.663899257091411, 37.978494213925899 ], [ -0.663915075417833, 37.978467508536447 ], [ -0.663932430097109, 37.978436296568496 ], [ -0.66394932388161, 37.978396104910559 ], [ -0.663961138333909, 37.978360281908984 ], [ -0.663960136740392, 37.978324235759516 ], [ -0.6639601367529, 37.978324235605065 ], [ -0.663965283267401, 37.978297286549633 ], [ -0.663965283295872, 37.978297286443919 ], [ -0.663977796458878, 37.978261508711029 ], [ -0.663977796537695, 37.978261508548634 ], [ -0.664000282603785, 37.978225897497929 ], [ -0.664009524326209, 37.978203567013161 ], [ -0.66401765228754, 37.978172167246797 ], [ -0.664020750342837, 37.978140708036044 ], [ -0.664020750352261, 37.978140707970987 ], [ -0.664025054489982, 37.978118243217878 ], [ -0.664025054508242, 37.978118243143712 ], [ -0.664038553163194, 37.978073500918264 ], [ -0.664038553178774, 37.978073500872085 ], [ -0.664071980265374, 37.977984014411263 ], [ -0.664071980275296, 37.977984014386067 ], [ -0.664108990472241, 37.97789465227217 ], [ -0.664108990481925, 37.977894652249802 ], [ -0.664131159432313, 37.977845522665049 ], [ -0.664131159432314, 37.977845522665049 ], [ -0.664131159478174, 37.977845522578079 ], [ -0.664158175535278, 37.977800994854839 ], [ -0.664173286988268, 37.977774279831777 ], [ -0.664173286988269, 37.977774279831777 ], [ -0.664173287105492, 37.977774279671245 ], [ -0.664197585549134, 37.977747743560677 ], [ -0.664197585562953, 37.977747743545912 ], [ -0.664214511904857, 37.977730030609081 ], [ -0.664214511919867, 37.977730030593733 ], [ -0.664236568490353, 37.977707954628798 ], [ -0.664249955373619, 37.977690207504551 ], [ -0.664262740867903, 37.977667911321419 ], [ -0.664279537021123, 37.97763222317834 ], [ -0.664279537051248, 37.97763222312053 ], [ -0.66429232271128, 37.977609922356102 ], [ -0.664292322736296, 37.977609922315231 ], [ -0.664315508122746, 37.977574361975513 ], [ -0.664315508216534, 37.977574361855702 ], [ -0.664344233749998, 37.977543375676419 ], [ -0.664344233751872, 37.977543375674408 ], [ -0.664364845404652, 37.977521270930126 ], [ -0.664364845404651, 37.977521270930126 ], [ -0.664364845494438, 37.977521270845266 ], [ -0.664391191238269, 37.977499275508684 ], [ -0.664391191238267, 37.977499275508684 ], [ -0.66439119132877, 37.977499275440962 ], [ -0.664410819022273, 37.977486121690873 ], [ -0.664410819022275, 37.977486121690873 ], [ -0.664410819150264, 37.977486121616565 ], [ -0.664445497790608, 37.97746879830158 ], [ -0.664470955195877, 37.977451295496635 ], [ -0.664501410771655, 37.977411337173926 ], [ -0.664501410783486, 37.977411337158742 ], [ -0.664547352244307, 37.977353674046391 ], [ -0.6645473522571, 37.977353674030702 ], [ -0.66456581925243, 37.977331526644896 ], [ -0.664565819295253, 37.977331526597006 ], [ -0.664582744308361, 37.977313849621694 ], [ -0.664582744431077, 37.977313849513038 ], [ -0.664611929564797, 37.977291878989909 ], [ -0.664611929598413, 37.977291878965588 ], [ -0.66464974344477, 37.977265611234046 ], [ -0.66464974347666, 37.977265611212715 ], [ -0.664710768521875, 37.977226260888131 ], [ -0.664747319804418, 37.977195466172056 ], [ -0.664773763523367, 37.977168935633237 ], [ -0.664773763523368, 37.977168935633237 ], [ -0.664773763749808, 37.977168935461343 ], [ -0.664788958326033, 37.977160235184201 ], [ -0.664788958327335, 37.977160235183447 ], [ -0.664804204227793, 37.977151531424596 ], [ -0.664825974540009, 37.977138475135533 ], [ -0.664825974540008, 37.977138475135533 ], [ -0.664825974797929, 37.977138475019302 ], [ -0.664865499976946, 37.977125729935388 ], [ -0.664900036778738, 37.977112873149458 ], [ -0.664964176394071, 37.977087127335601 ], [ -0.665033728056258, 37.977047946193601 ], [ -0.665125754768499, 37.976995739731777 ], [ -0.665125754823858, 37.976995739702268 ], [ -0.665169148167916, 37.976974052114969 ], [ -0.665169148167917, 37.976974052114969 ], [ -0.665169148279282, 37.976974052066005 ], [ -0.665191476137565, 37.976965488915191 ], [ -0.665209514928577, 37.976956840584563 ], [ -0.665209514928578, 37.976956840584563 ], [ -0.665209515085631, 37.976956840521865 ], [ -0.665209515253016, 37.976956840479048 ], [ -0.665231000758489, 37.976952766123802 ], [ -0.665231000797995, 37.976952766116888 ], [ -0.665256030297507, 37.976948758533986 ], [ -0.665256030297509, 37.976948758533986 ], [ -0.665256030551681, 37.976948758516386 ], [ -0.665278772548811, 37.976949210150948 ], [ -0.665289579821762, 37.976944941956688 ], [ -0.665297698456454, 37.976936078745908 ], [ -0.66529769848455, 37.97693607871652 ], [ -0.665310943462869, 37.976922798064791 ], [ -0.665327868196818, 37.976905120979197 ], [ -0.665327868266112, 37.97690512091355 ], [ -0.665343205404997, 37.97689191874359 ], [ -0.665343205404998, 37.97689191874359 ], [ -0.665343205496302, 37.976891918673331 ], [ -0.665368662824036, 37.97687441102574 ], [ -0.665386845455061, 37.976861223913247 ], [ -0.66538684545506, 37.976861223913247 ], [ -0.665386845596718, 37.976861223825743 ], [ -0.665386845754009, 37.976861223756977 ], [ -0.665410618314902, 37.976852693738742 ], [ -0.665410618326498, 37.976852693734642 ], [ -0.665435084981881, 37.976844173890115 ], [ -0.66543508503492, 37.976844173872891 ], [ -0.665463101182656, 37.976835723636682 ], [ -0.665481139692771, 37.976827075366906 ], [ -0.665489951696782, 37.976818243927532 ], [ -0.665496670410864, 37.976809370915561 ], [ -0.665510162744481, 37.976764574441766 ], [ -0.66551016280878, 37.976764574289781 ], [ -0.665520005407177, 37.976746756537949 ], [ -0.665520005407177, 37.976746756537949 ], [ -0.665520005495779, 37.976746756407827 ], [ -0.665520005610071, 37.976746756290915 ], [ -0.665530218260097, 37.976737916439561 ], [ -0.665530218274145, 37.976737916427616 ], [ -0.665556563191937, 37.97671592623297 ], [ -0.665574887072776, 37.976698276981296 ], [ -0.665589816471699, 37.976676023260566 ], [ -0.665603483432683, 37.976649279389946 ], [ -0.665603483465679, 37.976649279331461 ], [ -0.665611744313493, 37.976635931209927 ], [ -0.665611744447637, 37.976635931042672 ], [ -0.665611744624716, 37.976635930902688 ], [ -0.665625539792819, 37.976627198221642 ], [ -0.66562553979282, 37.976627198221642 ], [ -0.665625540005743, 37.976627198115111 ], [ -0.665647868699529, 37.976618599797632 ], [ -0.665664655969508, 37.976605425732771 ], [ -0.665674595431938, 37.976583109100581 ], [ -0.66568029144966, 37.976560708017445 ], [ -0.665680291449662, 37.976560708017445 ], [ -0.665680291498412, 37.976560707881724 ], [ -0.665680291573337, 37.976560707753698 ], [ -0.665692933826136, 37.976542909675715 ], [ -0.665695506087617, 37.976529453267851 ], [ -0.665695506151935, 37.976529453076637 ], [ -0.665695506267442, 37.976529452901154 ], [ -0.665695506428563, 37.976529452749865 ], [ -0.665707162631263, 37.976520677668681 ], [ -0.665721242915621, 37.976502944135589 ], [ -0.665721242999233, 37.976502944043681 ], [ -0.665739568025809, 37.976485258646484 ], [ -0.665739568069179, 37.976485258607021 ], [ -0.66574982502152, 37.976476455659437 ], [ -0.665749825169964, 37.976476455552671 ], [ -0.665764325280218, 37.976467742381388 ], [ -0.66577626662649, 37.976449966517031 ], [ -0.665780141124089, 37.976441037045532 ], [ -0.665780571153265, 37.976427502032934 ], [ -0.665780571161726, 37.976427501943647 ], [ -0.665784122761321, 37.976405053792021 ], [ -0.665782139217601, 37.976378017395923 ], [ -0.665774042131745, 37.976364289757839 ], [ -0.66576504955197, 37.976355109198067 ], [ -0.665765049551967, 37.976355109198067 ], [ -0.665765049442761, 37.976355109063377 ], [ -0.66576504936539, 37.976355108915513 ], [ -0.665765049322296, 37.976355108759151 ], [ -0.665765049314841, 37.976355108599208 ], [ -0.665765049343259, 37.976355108440742 ], [ -0.665769022207027, 37.97634167526072 ], [ -0.665769449959075, 37.976328176201022 ], [ -0.665769449971745, 37.976328176087698 ], [ -0.665772910087154, 37.976310231640184 ], [ -0.66577489428578, 37.976269707851344 ], [ -0.665765350491445, 37.976256010933703 ], [ -0.665765350391207, 37.976256010739057 ], [ -0.665765350350672, 37.976256010531351 ], [ -0.665764522586907, 37.97623798092733 ], [ -0.665762806974292, 37.976224403202849 ], [ -0.665762806974294, 37.976224403202849 ], [ -0.66576280697042, 37.976224403062872 ], [ -0.665762806993997, 37.97622440292411 ], [ -0.665765236722725, 37.976215444566861 ], [ -0.665765236732568, 37.976215444533644 ], [ -0.665773874041886, 37.976188596271051 ], [ -0.665777335147912, 37.976170620297189 ], [ -0.665777335185308, 37.976170620167835 ], [ -0.665784287902922, 37.976152745132524 ], [ -0.665784573110566, 37.976143744389972 ], [ -0.665781606531273, 37.976125672360915 ], [ -0.665781606531273, 37.976125672360915 ], [ -0.665781606534097, 37.976125672112687 ], [ -0.665784127589445, 37.976112214561425 ], [ -0.665785444328478, 37.976094191502547 ], [ -0.665785444356541, 37.976094191349205 ], [ -0.665789415946375, 37.976080762557331 ], [ -0.665789415946373, 37.976080762557331 ], [ -0.665789415984138, 37.97608076245654 ], [ -0.665795526391395, 37.976067376129443 ], [ -0.665795526391396, 37.976067376129443 ], [ -0.665795526482426, 37.976067375976648 ], [ -0.665795526607896, 37.976067375839989 ], [ -0.665795526763394, 37.97606737572427 ], [ -0.665795526943452, 37.976067375633576 ], [ -0.665795527141736, 37.97606737557107 ], [ -0.665813422850109, 37.976063225402392 ], [ -0.665839068751789, 37.976041184478511 ], [ -0.665839068751791, 37.976041184478511 ], [ -0.665839068981246, 37.976041184327123 ], [ -0.665847738466813, 37.97603685090894 ], [ -0.665863637990071, 37.976028165394546 ], [ -0.665863637990072, 37.976028165394546 ], [ -0.665863638180917, 37.976028165310446 ], [ -0.665863638388543, 37.976028165256757 ], [ -0.665886562884441, 37.976024114840932 ], [ -0.665886563160892, 37.976024114819587 ], [ -0.665897188990178, 37.976024325780322 ], [ -0.665897189197212, 37.97602432579955 ], [ -0.66589718939634, 37.976024325848357 ], [ -0.665897189580886, 37.976024325925074 ], [ -0.665906318913902, 37.976029012726656 ], [ -0.665906318913903, 37.976029012726656 ], [ -0.66590631906593, 37.976029012820035 ], [ -0.665906319195902, 37.976029012932393 ], [ -0.665915260639007, 37.976038192544316 ], [ -0.665915260639005, 37.976038192544316 ], [ -0.665915260755685, 37.976038192691561 ], [ -0.665926804173201, 37.976056470967279 ], [ -0.665939289013691, 37.976065726131161 ], [ -0.66595196149352, 37.976070483022134 ], [ -0.665961330144722, 37.976066163715153 ], [ -0.665961330144722, 37.976066163715153 ], [ -0.665961330334487, 37.976066163645299 ], [ -0.665961330537203, 37.976066163604123 ], [ -0.665961330746017, 37.976066163593025 ], [ -0.665972701454242, 37.976066389335095 ], [ -0.665982815199326, 37.97606208927688 ], [ -0.665992326538166, 37.97605327183566 ], [ -0.665995736490702, 37.976035290545319 ], [ -0.665995736544337, 37.976035290376174 ], [ -0.666011837492621, 37.975999588130065 ], [ -0.666011837492622, 37.975999588130065 ], [ -0.66601183759523, 37.975999587960757 ], [ -0.666011837739948, 37.975999587811984 ], [ -0.666011837920492, 37.975999587690168 ], [ -0.666011838129016, 37.97599958760064 ], [ -0.666011838356458, 37.975999587547271 ], [ -0.666011838592935, 37.975999587532385 ], [ -0.666021764753314, 37.975999784591593 ], [ -0.666033181231536, 37.976000012137426 ], [ -0.66603318146823, 37.976000012161954 ], [ -0.666033181693248, 37.976000012225036 ], [ -0.666033181896693, 37.976000012323894 ], [ -0.666048504962479, 37.976009341143815 ], [ -0.666048504962476, 37.976009341143815 ], [ -0.666048505109535, 37.976009341250858 ], [ -0.666048505230678, 37.97600934137661 ], [ -0.666059449106011, 37.976023048260885 ], [ -0.666059449123586, 37.976023048283622 ], [ -0.666069691473077, 37.976036759058154 ], [ -0.666080219559719, 37.976041468794435 ], [ -0.66609387708599, 37.976037239041545 ], [ -0.666093877279614, 37.976037238996774 ], [ -0.666093877480183, 37.976037238979771 ], [ -0.666093877681394, 37.976037238991061 ], [ -0.666093877876927, 37.97603723903029 ], [ -0.666093878060637, 37.976037239096236 ], [ -0.666104406856168, 37.976041950060051 ], [ -0.666104406917503, 37.976041950089545 ], [ -0.666113490759894, 37.976046635972125 ], [ -0.666113490759893, 37.976046635972125 ], [ -0.666113490911127, 37.976046636065405 ], [ -0.666113491040435, 37.97604663617745 ], [ -0.666113491144149, 37.976046636305078 ], [ -0.666125735371063, 37.976064928413436 ], [ -0.666134819097429, 37.976069609656285 ], [ -0.666144646706829, 37.97607431017552 ], [ -0.666156017417497, 37.976074535899897 ], [ -0.666168826985525, 37.976074791087328 ], [ -0.666177644208537, 37.976065959997797 ], [ -0.666183755744756, 37.976052533308241 ], [ -0.666193281701101, 37.976021201610706 ], [ -0.666193281773307, 37.976021201445612 ], [ -0.666193281884411, 37.976021201294671 ], [ -0.666193282030236, 37.976021201163526 ], [ -0.666193282205296, 37.976021201057129 ], [ -0.666193282403008, 37.976021200979488 ], [ -0.666193282615934, 37.976021200933509 ], [ -0.666193282836067, 37.976021200920925 ], [ -0.66623452221088, 37.976022019556986 ], [ -0.666234522425582, 37.976022019577542 ], [ -0.666234522631502, 37.976022019629845 ], [ -0.666248595160684, 37.976026804530676 ], [ -0.666248595365305, 37.976026804621029 ], [ -0.666265409214408, 37.976036145809722 ], [ -0.666284419173601, 37.97604102416237 ], [ -0.666310602187202, 37.976046044918192 ], [ -0.666335487196577, 37.976046539784512 ], [ -0.666349145000616, 37.976042309911712 ], [ -0.666349145218318, 37.976042309863381 ], [ -0.666349145443795, 37.976042309850065 ], [ -0.666361955272125, 37.976042564120462 ], [ -0.666379999119121, 37.976033915840539 ], [ -0.666419108176238, 37.976012178798122 ], [ -0.666419108446306, 37.976012178687341 ], [ -0.666463615023911, 37.975999554459833 ], [ -0.666511115151959, 37.975982448955065 ], [ -0.666550081561187, 37.975965209236733 ], [ -0.666568307857366, 37.975952063441575 ], [ -0.666588775873101, 37.975934456513968 ], [ -0.666588775873103, 37.975934456513968 ], [ -0.666588775990708, 37.975934456426209 ], [ -0.666609102438208, 37.975921317117027 ], [ -0.666618659280306, 37.975912500442348 ], [ -0.666621930976481, 37.975899058001197 ], [ -0.666625630466046, 37.975872111661332 ], [ -0.666625630466045, 37.975872111661332 ], [ -0.666625630541542, 37.975872111422575 ], [ -0.666632441586028, 37.975858702910678 ], [ -0.66663244158603, 37.975858702910678 ], [ -0.666632441668455, 37.975858702780116 ], [ -0.666632441776436, 37.975858702661803 ], [ -0.666641953363005, 37.975849884839562 ], [ -0.666641953363002, 37.975849884839562 ], [ -0.666641953549779, 37.975849884701411 ], [ -0.6666419537708, 37.975849884599747 ], [ -0.666654212546951, 37.975845622348317 ], [ -0.66665421254695, 37.975845622348317 ], [ -0.666666425673535, 37.975841363694705 ], [ -0.66666642569723, 37.975841363686705 ], [ -0.666679383994241, 37.975837119821108 ], [ -0.66667938399424, 37.975837119821108 ], [ -0.666679384153961, 37.975837119779442 ], [ -0.666700124232994, 37.975833025849489 ], [ -0.66670012453693, 37.975833025822993 ], [ -0.666722906286209, 37.975833478863606 ], [ -0.666722906597759, 37.975833478904512 ], [ -0.666742661772532, 37.975838376526511 ], [ -0.666742661788104, 37.975838376530469 ], [ -0.666780077798211, 37.975848122052007 ], [ -0.666814184796255, 37.975848798934038 ], [ -0.666848440121598, 37.975844977714289 ], [ -0.666848440188303, 37.975844977708434 ], [ -0.66690193804818, 37.975841539238523 ], [ -0.666938332360255, 37.975837756827289 ], [ -0.666938332606699, 37.975837756822983 ], [ -0.666938332848529, 37.975837756860805 ], [ -0.666958088040652, 37.975842654447092 ], [ -0.666958088131764, 37.975842654473091 ], [ -0.666987672662127, 37.975852243654266 ], [ -0.666987672679973, 37.975852243660206 ], [ -0.667015810973268, 37.975861809510036 ], [ -0.667044837956386, 37.975866891037811 ], [ -0.667071868828916, 37.975867427428135 ], [ -0.667091766607447, 37.975867823169203 ], [ -0.667091766808693, 37.9758678231875 ], [ -0.667091767002657, 37.975867823233713 ], [ -0.667091767183197, 37.97586782330643 ], [ -0.667110679131986, 37.975877205179373 ], [ -0.667130290747607, 37.975886636976981 ], [ -0.667130290747608, 37.975886636976981 ], [ -0.667130290848165, 37.975886637031365 ], [ -0.667145660257241, 37.975895944101538 ], [ -0.667145660257242, 37.975895944101538 ], [ -0.66714566041709, 37.975895944219197 ], [ -0.667145660545618, 37.975895944358854 ], [ -0.667159305537107, 37.9759142291431 ], [ -0.66716969171629, 37.975923441740562 ], [ -0.66719470088825, 37.97594195112498 ], [ -0.667219204219833, 37.975955980990804 ], [ -0.667219204219832, 37.975955980990804 ], [ -0.667219204350687, 37.975955981078329 ], [ -0.667219204463464, 37.975955981180405 ], [ -0.667232241267708, 37.975969748409881 ], [ -0.667232241267706, 37.975969748409881 ], [ -0.667232241386881, 37.975969748566726 ], [ -0.667248490008071, 37.975997090777554 ], [ -0.667248490008071, 37.975997090777554 ], [ -0.667248490062783, 37.975997090887951 ], [ -0.667272215652968, 37.97605613833003 ], [ -0.667282872963309, 37.976078900910821 ], [ -0.667295118618584, 37.976097156864412 ], [ -0.667302803002553, 37.97610181017648 ], [ -0.667321858428152, 37.976106693771776 ], [ -0.667342312206976, 37.976111601516244 ], [ -0.667357972102771, 37.976111912226983 ], [ -0.667357972350457, 37.976111912253629 ], [ -0.667357972584821, 37.976111912322445 ], [ -0.667369895153944, 37.976116649926787 ], [ -0.667369895153943, 37.976116649926787 ], [ -0.667369895365578, 37.976116650035671 ], [ -0.667369895541685, 37.97611665017881 ], [ -0.667369895673598, 37.976116650349162 ], [ -0.667375299012981, 37.976125764158176 ], [ -0.667375299012982, 37.976125764158176 ], [ -0.667375299079739, 37.976125764301116 ], [ -0.667375299115101, 37.976125764450927 ], [ -0.667377016169195, 37.976139306168299 ], [ -0.667377016169611, 37.976139306344891 ], [ -0.667373173216343, 37.976170791433134 ], [ -0.667374604103983, 37.976193333932152 ], [ -0.667380972470794, 37.976216010477813 ], [ -0.667401302611932, 37.976270485863587 ], [ -0.667401302611931, 37.976270485863587 ], [ -0.667401302646036, 37.97627048598553 ], [ -0.667405573187133, 37.976293084966727 ], [ -0.667405573187132, 37.976293084966727 ], [ -0.667405573199297, 37.976293085122556 ], [ -0.667404575712231, 37.976324586090918 ], [ -0.667407690803695, 37.97633819597386 ], [ -0.667413547470729, 37.976356325295711 ], [ -0.667435563151461, 37.976401827497583 ], [ -0.667435563185371, 37.976401827579089 ], [ -0.667446680823083, 37.976433569009387 ], [ -0.667446680856703, 37.976433569145115 ], [ -0.667456055843487, 37.976496832866857 ], [ -0.667468553195635, 37.9765511528364 ], [ -0.667468553206957, 37.976551152897358 ], [ -0.667474958770712, 37.976596348918896 ], [ -0.667488313442198, 37.976623629066978 ], [ -0.667488313476855, 37.976623629149358 ], [ -0.667509200932701, 37.976682620254451 ], [ -0.667509200932702, 37.976682620254451 ], [ -0.667509200960343, 37.976682620353778 ], [ -0.66751658795893, 37.976718789710276 ], [ -0.667516587958928, 37.976718789710276 ], [ -0.667516587972481, 37.976718789892445 ], [ -0.667514888423124, 37.976750317508902 ], [ -0.66751604840002, 37.976759342518456 ], [ -0.667519164658182, 37.976772916338774 ], [ -0.667530658489436, 37.976791193413675 ], [ -0.667540350937088, 37.976800387653526 ], [ -0.667570342932185, 37.976819014744898 ], [ -0.667632484810933, 37.976856292910036 ], [ -0.667632484810932, 37.976856292910036 ], [ -0.667632484980819, 37.976856293035503 ], [ -0.667647717773172, 37.976870102884973 ], [ -0.667647717778291, 37.976870102889649 ], [ -0.667667745557057, 37.976888513416334 ], [ -0.667667745712107, 37.976888513600542 ], [ -0.667679292207942, 37.97690675136262 ], [ -0.667679292255762, 37.976906751449228 ], [ -0.667687946589338, 37.976924973285357 ], [ -0.66768794658934, 37.976924973285357 ], [ -0.667687946645905, 37.976924973450785 ], [ -0.66770843401137, 37.977019978420749 ], [ -0.667715696938796, 37.977038135541399 ], [ -0.667730035107684, 37.977056469107112 ], [ -0.667755505034206, 37.977083995055189 ], [ -0.667755505048786, 37.977083995071318 ], [ -0.667796018810924, 37.97712986419932 ], [ -0.667804960424313, 37.977139048122318 ], [ -0.667833418207812, 37.977162126764213 ], [ -0.667844646593078, 37.977166850393736 ], [ -0.667890175445646, 37.97716775444848 ], [ -0.667932816006289, 37.977168600291208 ], [ -0.667932816212357, 37.977168600310279 ], [ -0.667932816410626, 37.977168600358645 ], [ -0.667962400293046, 37.977178230739035 ], [ -0.667977166957789, 37.977183029145706 ], [ -0.66802767896005, 37.977184031993026 ], [ -0.668043293737878, 37.97718434172031 ], [ -0.668043293895528, 37.977184341732155 ], [ -0.66808369299272, 37.977189644102971 ], [ -0.668170315025531, 37.977195869580449 ], [ -0.668206567449581, 37.977196588619101 ], [ -0.668206567664584, 37.977196588639693 ], [ -0.668206567870769, 37.977196588692131 ], [ -0.668234712087711, 37.97720617152671 ], [ -0.668234712123953, 37.977206171539649 ], [ -0.668247380438527, 37.9772109066501 ], [ -0.66825875112008, 37.977211132172513 ], [ -0.668269564211879, 37.977206863714137 ], [ -0.668269564211881, 37.977206863714137 ], [ -0.668269564356757, 37.97720686366651 ], [ -0.668285367701779, 37.977202653539905 ], [ -0.668309788647868, 37.977194131303577 ], [ -0.668309788886377, 37.977194131244119 ], [ -0.668309789135535, 37.977194131227314 ], [ -0.668328987610919, 37.97719451289386 ], [ -0.668349630980319, 37.977194922312513 ], [ -0.668349631161084, 37.977194922327591 ], [ -0.668349631336511, 37.977194922365264 ], [ -0.6684688174322, 37.9772288078534 ], [ -0.668488567216465, 37.977233705941266 ], [ -0.668520581566414, 37.977234340835032 ], [ -0.668559126643021, 37.977230600594474 ], [ -0.668607034035982, 37.977222544046867 ], [ -0.668607034300988, 37.977222544027477 ], [ -0.668629077040873, 37.977222981147548 ], [ -0.668649674886698, 37.977223390511945 ], [ -0.668649675025381, 37.977223390521445 ], [ -0.668695756661192, 37.977228809859575 ], [ -0.668720780178402, 37.977224801461148 ], [ -0.668868431077934, 37.977191672203517 ], [ -0.668868431179946, 37.977191672184595 ], [ -0.668949195031015, 37.977179766847016 ], [ -0.668988019231292, 37.977167025419575 ], [ -0.668988019258739, 37.9771670254109 ], [ -0.669029687570535, 37.97715434395753 ], [ -0.669047725867702, 37.977145695969725 ], [ -0.669083997409989, 37.977123864847243 ], [ -0.66908399740999, 37.977123864847243 ], [ -0.669083997560062, 37.977123864770832 ], [ -0.669104226060632, 37.977115259228299 ], [ -0.669104226060633, 37.977115259228299 ], [ -0.669104226227713, 37.977115259170354 ], [ -0.669104226404339, 37.977115259134301 ], [ -0.669132793848433, 37.977111325375006 ], [ -0.669184290556419, 37.977103339745085 ], [ -0.669184290636508, 37.977103339735002 ], [ -0.669222784558301, 37.977099598245459 ], [ -0.669222784725496, 37.977099598239036 ], [ -0.669266170254149, 37.977100458366429 ], [ -0.669280527675301, 37.97709624205428 ], [ -0.669305881308398, 37.9770832380459 ], [ -0.669338705767214, 37.977056832993817 ], [ -0.669338705767213, 37.977056832993817 ], [ -0.669338705914983, 37.977056832893709 ], [ -0.669338706082133, 37.977056832814966 ], [ -0.669361033570216, 37.977048268838644 ], [ -0.669361033871431, 37.97704826876182 ], [ -0.669389601290877, 37.977044334937105 ], [ -0.669389601290875, 37.977044334937105 ], [ -0.66938960151442, 37.977044334924059 ], [ -0.6694265978027, 37.977045068331485 ], [ -0.669444499396638, 37.977040917693529 ], [ -0.669444499396639, 37.977040917693529 ], [ -0.669444499569103, 37.977040917664802 ], [ -0.6694444997451, 37.977040917657504 ], [ -0.669465142874886, 37.977041327775879 ], [ -0.669482338864501, 37.977037167676237 ], [ -0.669515480142107, 37.977024312541111 ], [ -0.669556034832929, 37.97700256708454 ], [ -0.669571928656386, 37.976993875538255 ], [ -0.669571928656387, 37.976993875538255 ], [ -0.669571928807639, 37.976993875468501 ], [ -0.669571928970619, 37.976993875417925 ], [ -0.669589125207161, 37.976989715238354 ], [ -0.669589125251489, 37.976989715228406 ], [ -0.669648597020785, 37.976977387343418 ], [ -0.669687421070128, 37.976964644764017 ], [ -0.669687421121148, 37.976964644748392 ], [ -0.669731928942474, 37.976951984151484 ], [ -0.66973192901223, 37.976951984133635 ], [ -0.669786413208611, 37.976939556403039 ], [ -0.669838006641067, 37.97692706774729 ], [ -0.669838006641066, 37.97692706774729 ], [ -0.669838006815268, 37.976927067716694 ], [ -0.669872308134772, 37.976923246518936 ], [ -0.669872308134771, 37.976923246518936 ], [ -0.669872308321892, 37.97692324651041 ], [ -0.669912804234269, 37.976924050026952 ], [ -0.669930603081371, 37.97692440278972 ], [ -0.669967282158415, 37.976911622192461 ], [ -0.670004855867121, 37.976894318534882 ], [ -0.670004856143526, 37.976894318443669 ], [ -0.670024197015525, 37.976890196198006 ], [ -0.670024197098799, 37.976890196182893 ], [ -0.670050618782557, 37.976886218769522 ], [ -0.670050618807109, 37.976886218766047 ], [ -0.670139210609699, 37.97687446863052 ], [ -0.670157157016994, 37.97687033680473 ], [ -0.670174495955705, 37.97686165590536 ], [ -0.670198507111031, 37.976844123090714 ], [ -0.670198507193692, 37.976844123035868 ], [ -0.67023477273332, 37.976822287797518 ], [ -0.670234772733319, 37.976822287797518 ], [ -0.670234772986982, 37.976822287682182 ], [ -0.670260689690704, 37.976813794662853 ], [ -0.670285109053686, 37.976805276471595 ], [ -0.670285109337278, 37.976805276405862 ], [ -0.670347977994165, 37.976797516511446 ], [ -0.670402319633061, 37.976789587628424 ], [ -0.670437457182557, 37.976781277296794 ], [ -0.67048690673989, 37.976768714368383 ], [ -0.670504996029152, 37.97676006624981 ], [ -0.67050499602915, 37.97676006624981 ], [ -0.670504996181412, 37.976760066188838 ], [ -0.670530861510512, 37.976751572135889 ], [ -0.670566431456979, 37.976729762793916 ], [ -0.670575942602425, 37.976720945613785 ], [ -0.67057594262977, 37.976720945589328 ], [ -0.670586200073289, 37.976712106288815 ], [ -0.670593708933766, 37.976698747584834 ], [ -0.670601405750232, 37.976680886949289 ], [ -0.670608506470648, 37.976658513414442 ], [ -0.670608506470647, 37.976658513414442 ], [ -0.67060850651944, 37.976658513296051 ], [ -0.670615362580498, 37.976645100932586 ], [ -0.670615362641261, 37.976645100832087 ], [ -0.67063098915508, 37.976622896184452 ], [ -0.670630989249676, 37.976622896071092 ], [ -0.670630989364735, 37.976622895970273 ], [ -0.670642639426564, 37.976614120196786 ], [ -0.670659426149769, 37.976600945145208 ], [ -0.670659426236419, 37.97660094508381 ], [ -0.670707347124947, 37.976570338522656 ], [ -0.670707347276373, 37.976570338440958 ], [ -0.670783885291776, 37.976535833858847 ], [ -0.670784501145142, 37.976535436103561 ], [ -0.670784501145141, 37.976535436103561 ], [ -0.670784501152785, 37.976535436099581 ], [ -0.670784501160128, 37.976535436094046 ], [ -0.670804911022482, 37.97652270227821 ], [ -0.670822391561258, 37.976509541040784 ], [ -0.670860119006084, 37.976465219484965 ], [ -0.670860119006087, 37.976465219484965 ], [ -0.670860119082999, 37.976465219404695 ], [ -0.670931220524492, 37.976399050089469 ], [ -0.671004893301071, 37.97631941950565 ], [ -0.671004893320366, 37.976319419485399 ], [ -0.671048258809974, 37.976275213977907 ], [ -0.671048258809976, 37.976275213977907 ], [ -0.671048258907274, 37.976275213890943 ], [ -0.671065039942755, 37.976262034153898 ], [ -0.671065039942757, 37.976262034153898 ], [ -0.671065040097922, 37.976262034051963 ], [ -0.671088901885248, 37.976248999083374 ], [ -0.671088901903597, 37.976248999073569 ], [ -0.671180082761178, 37.976201236064817 ], [ -0.671242501802937, 37.976161945926442 ], [ -0.671242501802935, 37.976161945926442 ], [ -0.671242501938276, 37.9761619458532 ], [ -0.671270654975265, 37.976148959803368 ], [ -0.671270654975266, 37.976148959803368 ], [ -0.671270655112798, 37.976148959749409 ], [ -0.671283613127056, 37.97614471183693 ], [ -0.671294568660934, 37.976135926951137 ], [ -0.671301235432495, 37.976127052566561 ], [ -0.671313460072788, 37.976100274964367 ], [ -0.671313460103958, 37.976100274903203 ], [ -0.671321016646602, 37.976086880875442 ], [ -0.671321016680885, 37.976086880819878 ], [ -0.671332956808147, 37.976069104106273 ], [ -0.671332956863664, 37.976069104032355 ], [ -0.671344054977441, 37.976055816196173 ], [ -0.671344054977439, 37.976055816196173 ], [ -0.671344055130582, 37.976055816049303 ], [ -0.671344055319304, 37.976055815931204 ], [ -0.671361393584384, 37.976047152743895 ], [ -0.671361393636559, 37.976047152719346 ], [ -0.671380876404727, 37.976038532008914 ], [ -0.671399665158888, 37.976029898450413 ], [ -0.671399665158886, 37.976029898450413 ], [ -0.671399665442835, 37.976029898357865 ], [ -0.671419705547018, 37.976025758188435 ], [ -0.671419705862877, 37.976025758159516 ], [ -0.671446731299438, 37.976026293435929 ], [ -0.671446731554004, 37.976026293463946 ], [ -0.671471469117572, 37.976031321416457 ], [ -0.671496913066792, 37.976036330914276 ], [ -0.67149691324587, 37.976036330962344 ], [ -0.67149691341242, 37.976036331033221 ], [ -0.671524210516522, 37.976050379246061 ], [ -0.671553238066655, 37.976055456072245 ], [ -0.671553238250062, 37.976055456117457 ], [ -0.671553238421247, 37.976055456186458 ], [ -0.671553238575332, 37.976055456277258 ], [ -0.671566469607438, 37.976064724909577 ], [ -0.671574154450539, 37.97606938264768 ], [ -0.671574154450539, 37.97606938264768 ], [ -0.671574154593237, 37.976069382750467 ], [ -0.671574154711945, 37.976069382870868 ], [ -0.671581697406757, 37.976078538863284 ], [ -0.671581697406758, 37.976078538863284 ], [ -0.671581697518502, 37.976078539037829 ], [ -0.67159901614173, 37.97611494000553 ], [ -0.671599016141728, 37.97611494000553 ], [ -0.671599016176723, 37.976114940092103 ], [ -0.671603572482175, 37.976128538890045 ], [ -0.67160357252017, 37.976128539114008 ], [ -0.67160374869038, 37.976146555697085 ], [ -0.67160700795811, 37.976155626608666 ], [ -0.67161454920702, 37.976164818231389 ], [ -0.671635002809407, 37.976169724206983 ], [ -0.671655042527814, 37.976165620127198 ], [ -0.671678115614929, 37.976157035390308 ], [ -0.671703423153792, 37.976144028978773 ], [ -0.671754886041014, 37.976113527286692 ], [ -0.671754886077732, 37.976113527265817 ], [ -0.671770830448299, 37.976104837417793 ], [ -0.67178560998756, 37.976087080991839 ], [ -0.67178561004475, 37.976087080929162 ], [ -0.671794421321517, 37.976078248890687 ], [ -0.671802680781001, 37.976064904920968 ], [ -0.671813363564738, 37.97604260231909 ], [ -0.67181990191816, 37.976015676060932 ], [ -0.671821028213625, 37.976002190891116 ], [ -0.671817166055042, 37.975988602544625 ], [ -0.671800682415023, 37.97597023150486 ], [ -0.67180068241502, 37.97597023150486 ], [ -0.671800682309866, 37.975970231361266 ], [ -0.671800682239781, 37.975970231204819 ], [ -0.671794870015953, 37.975952101985484 ], [ -0.671794870015954, 37.975952101985484 ], [ -0.671794869992159, 37.975952101889831 ], [ -0.671792452456143, 37.975938546354506 ], [ -0.671792452447686, 37.975938546290777 ], [ -0.671790876321817, 37.97592051988326 ], [ -0.671790876319457, 37.975920519798535 ], [ -0.671791873628019, 37.975888964604444 ], [ -0.671791873640345, 37.97588896449286 ], [ -0.671795286773842, 37.975871018866819 ], [ -0.671795286773843, 37.975871018866819 ], [ -0.671795286802422, 37.975871018760564 ], [ -0.671798415457678, 37.975862074109472 ], [ -0.671798415544558, 37.975862073934564 ], [ -0.671798415675399, 37.975862073777726 ], [ -0.671816785657482, 37.975844388408923 ], [ -0.671823594541521, 37.975831015762807 ], [ -0.671829851797499, 37.975813126581528 ], [ -0.67183270740496, 37.975790668938195 ], [ -0.67183270745351, 37.97579066875354 ], [ -0.671832707549566, 37.975790668580935 ], [ -0.671842361828445, 37.975777316058767 ], [ -0.671842361828446, 37.975777316058767 ], [ -0.67184236196087, 37.975777315911991 ], [ -0.671842362127583, 37.975777315789017 ], [ -0.671856856067173, 37.975768597101862 ], [ -0.671856856067174, 37.975768597101862 ], [ -0.671856856286626, 37.975768596998364 ], [ -0.671856856529716, 37.975768596936213 ], [ -0.671856856784193, 37.975768596918549 ], [ -0.671892414659952, 37.97576930105658 ], [ -0.671892414981684, 37.975769301100009 ], [ -0.671911471003715, 37.975774179505883 ], [ -0.671911471003716, 37.975774179505883 ], [ -0.671911471224913, 37.975774179583965 ], [ -0.671911471420234, 37.975774179697318 ], [ -0.671911471580829, 37.975774179840812 ], [ -0.671919712784164, 37.975783349605024 ], [ -0.671930098463833, 37.975792598782881 ], [ -0.67193009864353, 37.975792598998751 ], [ -0.671938198866395, 37.97580626706079 ], [ -0.67195439915556, 37.975833607647317 ], [ -0.671971490254223, 37.975856496250401 ], [ -0.671984015861071, 37.975865750801901 ], [ -0.671984015935244, 37.975865750862077 ], [ -0.671994357089841, 37.975874962954904 ], [ -0.672015557201471, 37.975879883703712 ], [ -0.672047569916809, 37.97588051759621 ], [ -0.672086108372751, 37.975876780555076 ], [ -0.672156058103693, 37.975869159888639 ], [ -0.672225306965817, 37.975861524412593 ], [ -0.672276946838098, 37.975849004069033 ], [ -0.6722769468381, 37.975849004069033 ], [ -0.672276946952563, 37.975849004046346 ], [ -0.672354171883536, 37.975837026268692 ], [ -0.672408045019323, 37.975820080579062 ], [ -0.67240804502467, 37.9758200805774 ], [ -0.672435360403921, 37.975811614784732 ], [ -0.672462812148035, 37.975798650680311 ], [ -0.672489713255296, 37.975781135011268 ], [ -0.672514002342226, 37.975754596142927 ], [ -0.672548697642359, 37.975714719477722 ], [ -0.672548697686927, 37.975714719429952 ], [ -0.672570751251019, 37.975692641746278 ], [ -0.672570751251017, 37.975692641746278 ], [ -0.672570751355739, 37.975692641655044 ], [ -0.672651680069403, 37.975631166865071 ], [ -0.672694900891246, 37.97559145894882 ], [ -0.672694900915645, 37.975591458927127 ], [ -0.672710236379298, 37.975578255842869 ], [ -0.672715509308302, 37.975569353792423 ], [ -0.67272091872895, 37.975555953294318 ], [ -0.67272801883095, 37.975533539047447 ], [ -0.672728018830949, 37.975533539047447 ], [ -0.672728018880275, 37.975533538927849 ], [ -0.672734873166011, 37.975520166947057 ], [ -0.67273487316601, 37.975520166947057 ], [ -0.672734873255161, 37.975520166808742 ], [ -0.672734873373003, 37.975520166684596 ], [ -0.672734873516029, 37.975520166578292 ], [ -0.672734873679992, 37.975520166493034 ], [ -0.672744941930879, 37.975515864743329 ], [ -0.672744941930878, 37.975515864743329 ], [ -0.672744942111677, 37.975515864681405 ], [ -0.672744942303255, 37.975515864645111 ], [ -0.672744942499872, 37.97551586463549 ], [ -0.672760601990904, 37.97551617461621 ], [ -0.672771557258437, 37.97550738519444 ], [ -0.672784048560979, 37.975494124913823 ], [ -0.672792307946279, 37.975480776313631 ], [ -0.672792307962505, 37.975480776288414 ], [ -0.67279827609401, 37.975471851770571 ], [ -0.672798276094011, 37.975471851770571 ], [ -0.672798276213863, 37.975471851626622 ], [ -0.672798276366164, 37.975471851503379 ], [ -0.672824476508504, 37.975454362308767 ], [ -0.672824476627277, 37.975454362239397 ], [ -0.672867121918918, 37.975432687591621 ], [ -0.672867121918916, 37.975432687591621 ], [ -0.672867122019267, 37.975432687546146 ], [ -0.672942072096262, 37.975402615094531 ], [ -0.672957270976631, 37.97539390946325 ], [ -0.672972048695477, 37.975376193528746 ], [ -0.672976906301877, 37.975358276620476 ], [ -0.672976906301876, 37.975358276620476 ], [ -0.672976906374366, 37.975358276444098 ], [ -0.672984415892563, 37.975344881372251 ], [ -0.672984415983916, 37.975344881240282 ], [ -0.672991827776462, 37.975336021330939 ], [ -0.672991827776463, 37.975336021330939 ], [ -0.672991827881847, 37.975336021223555 ], [ -0.672991828006447, 37.975336021129948 ], [ -0.673012152280674, 37.975322912138012 ], [ -0.673012152280677, 37.975322912138012 ], [ -0.673012152410633, 37.975322912065543 ], [ -0.673048278456132, 37.975305618448566 ], [ -0.673068791361807, 37.975287975278093 ], [ -0.673068791526093, 37.975287975161748 ], [ -0.673068791715631, 37.975287975072654 ], [ -0.673080304890886, 37.975283697386253 ], [ -0.673080304890886, 37.975283697386253 ], [ -0.673080305134036, 37.975283697321231 ], [ -0.67310388305804, 37.97527966382696 ], [ -0.673103883058041, 37.97527966382696 ], [ -0.673103883178885, 37.975279663811619 ], [ -0.673147410047682, 37.975276024236983 ], [ -0.673185948372098, 37.975272282312048 ], [ -0.673185948539112, 37.975272282305625 ], [ -0.67326772821508, 37.97527390170756 ], [ -0.673301983034303, 37.975270078586583 ], [ -0.67330198322163, 37.975270078578049 ], [ -0.673312654135126, 37.975270289758683 ], [ -0.673320623108974, 37.975265942113666 ], [ -0.673332977905559, 37.975257180074252 ], [ -0.673358570301657, 37.975235137159657 ], [ -0.673358570345092, 37.975235137124251 ], [ -0.673387011467251, 37.975213185714487 ], [ -0.673416334262521, 37.975186746188356 ], [ -0.673430969997688, 37.975173528154464 ], [ -0.673430970128476, 37.975173528053887 ], [ -0.673430970277875, 37.975173527971137 ], [ -0.673440345606565, 37.975169176403575 ], [ -0.673440345835379, 37.975169176322687 ], [ -0.673456841902919, 37.975164998107005 ], [ -0.673456841930814, 37.975164998100254 ], [ -0.673474782713438, 37.975160852075966 ], [ -0.673474782713437, 37.975160852075966 ], [ -0.673474782885367, 37.975160852047424 ], [ -0.6734747830608, 37.975160852040148 ], [ -0.673506051469121, 37.975161470802156 ], [ -0.673519708857513, 37.975157235580873 ], [ -0.673531915182745, 37.975152976306255 ], [ -0.673533928468241, 37.975135003452472 ], [ -0.673533928505755, 37.975135003289665 ], [ -0.673533928580257, 37.975135003135044 ], [ -0.673533928689232, 37.975135002993824 ], [ -0.673533928829004, 37.975135002870758 ], [ -0.673533928994856, 37.975135002770031 ], [ -0.673542603482591, 37.975130673386147 ], [ -0.673557796732771, 37.975121968339593 ], [ -0.673557796732772, 37.975121968339593 ], [ -0.673557796947082, 37.97512196824291 ], [ -0.673557797182672, 37.975121968185064 ], [ -0.673557797428472, 37.975121968168772 ], [ -0.673584820693938, 37.975122502906011 ], [ -0.673590094341294, 37.975113601306461 ], [ -0.673591824533631, 37.975104593015793 ], [ -0.67359182459801, 37.975104592824827 ], [ -0.673591824713445, 37.975104592649586 ], [ -0.67359182487438, 37.975104592498489 ], [ -0.673603480045681, 37.97509581651623 ], [ -0.673603480185558, 37.975095816426482 ], [ -0.67360348034157, 37.975095816355314 ], [ -0.673660338967767, 37.975074428068396 ], [ -0.673705736959442, 37.975057313136695 ], [ -0.673705737032451, 37.975057313111613 ], [ -0.673746659441883, 37.975044580021397 ], [ -0.673746659443294, 37.975044580020956 ], [ -0.673787626236583, 37.975031882937799 ], [ -0.67378762637314, 37.975031882903153 ], [ -0.673849190601278, 37.975019589736441 ], [ -0.673849190649368, 37.975019589727715 ], [ -0.673922863945811, 37.9750075406169 ], [ -0.673964388176893, 37.974999355585389 ], [ -0.673975201053025, 37.974995068627813 ], [ -0.673985554445202, 37.974981726371048 ], [ -0.673985554503939, 37.974981726302616 ], [ -0.673998096731322, 37.974968466855969 ], [ -0.674010877667627, 37.974946205527537 ], [ -0.674010877667628, 37.974946205527537 ], [ -0.674010877766103, 37.974946205389656 ], [ -0.674010877893559, 37.974946205267571 ], [ -0.674021833330799, 37.974937415398927 ], [ -0.674021833473227, 37.974937415302115 ], [ -0.674021833633827, 37.974937415225149 ], [ -0.67402183380823, 37.974937415170118 ], [ -0.674039029340864, 37.974933254314188 ], [ -0.674039029340863, 37.974933254314188 ], [ -0.674039029519429, 37.974933254283123 ], [ -0.674039029701974, 37.974933254275115 ], [ -0.674055383548065, 37.974933577818746 ], [ -0.674055383822791, 37.974933577851012 ], [ -0.674055384079459, 37.974933577934998 ], [ -0.674065913265644, 37.974938287283742 ], [ -0.674090515308894, 37.974947781505989 ], [ -0.674090515308892, 37.974947781505989 ], [ -0.674090515438872, 37.974947781564822 ], [ -0.674126197358131, 37.974966500659292 ], [ -0.674168455821065, 37.974980845136841 ], [ -0.674186208672037, 37.974981196338788 ], [ -0.67421552472478, 37.974977275250509 ], [ -0.674215524766149, 37.974977275245585 ], [ -0.674251918418749, 37.974973490539661 ], [ -0.674251918595413, 37.974973490532264 ], [ -0.67427256142984, 37.974973898891363 ], [ -0.674272561605173, 37.974973898905645 ], [ -0.674272561775619, 37.97497389894118 ], [ -0.674290172802238, 37.974978752881455 ], [ -0.674290172802237, 37.974978752881455 ], [ -0.6742901729492, 37.974978752931385 ], [ -0.674313375888527, 37.97498821493631 ], [ -0.674313376101032, 37.974988215048484 ], [ -0.674334290018611, 37.975002176977192 ], [ -0.67434821503234, 37.975011458915155 ], [ -0.67437435826187, 37.975016477951975 ], [ -0.674401383263536, 37.975017012535183 ], [ -0.674401383439102, 37.9750170125495 ], [ -0.674401383609761, 37.97501701258512 ], [ -0.674419039593877, 37.975021885417824 ], [ -0.674419039759177, 37.975021885475464 ], [ -0.674419039910875, 37.975021885553069 ], [ -0.674434369728796, 37.975031172874161 ], [ -0.674434369728795, 37.975031172874161 ], [ -0.674434369894613, 37.975031172997248 ], [ -0.674449597586694, 37.97504498710461 ], [ -0.674467953498143, 37.975049851135616 ], [ -0.674494983930513, 37.975050385804849 ], [ -0.674537349697885, 37.975037717097841 ], [ -0.674537349703875, 37.975037717096079 ], [ -0.674566055936625, 37.975029278663499 ], [ -0.674553855737238, 37.975011025068355 ], [ -0.674537326147744, 37.97499264889283 ], [ -0.674537326147743, 37.97499264889283 ], [ -0.67453732602143, 37.9749926487113 ], [ -0.674537325950864, 37.97499264851173 ], [ -0.674535510987397, 37.974983609602468 ], [ -0.674535510977537, 37.974983609383301 ], [ -0.674536494771498, 37.974974622228444 ], [ -0.674536494806149, 37.974974622072693 ], [ -0.674536494874675, 37.97497462192414 ], [ -0.67454176195732, 37.974965719491664 ], [ -0.674541762064498, 37.974965719347232 ], [ -0.674541762203604, 37.974965719220997 ], [ -0.67455341721531, 37.9749569440405 ], [ -0.674553417215311, 37.9749569440405 ], [ -0.674553417365227, 37.974956943945344 ], [ -0.674553417533232, 37.974956943871526 ], [ -0.674553417714533, 37.974956943821127 ], [ -0.674573457374743, 37.974952839142361 ], [ -0.674573457618029, 37.974952839114259 ], [ -0.674573457863267, 37.974952839128164 ], [ -0.674573458099009, 37.97495283918343 ], [ -0.67457345831425, 37.974952839277492 ], [ -0.674590233254023, 37.974962173033177 ], [ -0.674600904158187, 37.97496238409601 ], [ -0.674630773017609, 37.974962975776606 ], [ -0.674638741323905, 37.97495863276874 ], [ -0.674639025422972, 37.974949632445757 ], [ -0.674633621421853, 37.974940519239333 ], [ -0.674623935404567, 37.974931284361418 ], [ -0.674608423497157, 37.97492647658062 ], [ -0.674590812647763, 37.974921622739636 ], [ -0.674558800236232, 37.974920989551656 ], [ -0.674558800013713, 37.974920989529771 ], [ -0.674530517625909, 37.974915928156925 ], [ -0.674530517573484, 37.974915928146494 ], [ -0.674507917767599, 37.974910980069744 ], [ -0.674507917670375, 37.97491098004469 ], [ -0.674491705964001, 37.974906153815844 ], [ -0.674491705964003, 37.974906153815844 ], [ -0.674491705736113, 37.974906153723666 ], [ -0.674491705540009, 37.974906153593508 ], [ -0.674480618807901, 37.974896926780431 ], [ -0.6744806188079, 37.974896926780431 ], [ -0.67448061870711, 37.974896926683918 ], [ -0.674472326038612, 37.974887756038463 ], [ -0.674472325911085, 37.974887755855953 ], [ -0.67447232584, 37.974887755655118 ], [ -0.674470516546346, 37.974878717758131 ], [ -0.674470516546345, 37.974878717758131 ], [ -0.674470516538743, 37.974878717521584 ], [ -0.674472337588129, 37.974865205324029 ], [ -0.674472337623653, 37.974865205177267 ], [ -0.674472337689334, 37.97486520503719 ], [ -0.674477610459362, 37.974856302719964 ], [ -0.674477610569033, 37.974856302572917 ], [ -0.674477610711787, 37.974856302444913 ], [ -0.674477610882491, 37.974856302340513 ], [ -0.674486279475482, 37.974851972831779 ], [ -0.674500220870272, 37.974838741037253 ], [ -0.674500220994346, 37.974838740936619 ], [ -0.674500221136693, 37.974838740852505 ], [ -0.674526227440907, 37.974825744072923 ], [ -0.674547581505066, 37.974803616254619 ], [ -0.674547581505064, 37.974803616254619 ], [ -0.674547581625062, 37.974803616148769 ], [ -0.674559236637869, 37.974794840066046 ], [ -0.674559236733766, 37.974794840001451 ], [ -0.674573735886323, 37.97478612017305 ], [ -0.67457373588632, 37.97478612017305 ], [ -0.674573736064922, 37.974786120084978 ], [ -0.674595362627516, 37.974777541232719 ], [ -0.674616243848628, 37.974768953041384 ], [ -0.674616243937875, 37.974768953008478 ], [ -0.674642153775133, 37.974760458863649 ], [ -0.674642153775135, 37.974760458863649 ], [ -0.674642154068732, 37.974760458802116 ], [ -0.674679946803842, 37.974756700749637 ], [ -0.674693602851404, 37.974752470735488 ], [ -0.674693602851405, 37.974752470735488 ], [ -0.674693603069077, 37.974752470687164 ], [ -0.674693603294525, 37.974752470673835 ], [ -0.674709257449302, 37.974752780287119 ], [ -0.674709257673651, 37.974752780309345 ], [ -0.674709257888022, 37.974752780366238 ], [ -0.674722631056371, 37.974757545847844 ], [ -0.674740383959728, 37.974757896966373 ], [ -0.674740384212146, 37.974757896993943 ], [ -0.67474038445048, 37.974757897065302 ], [ -0.674740384662788, 37.974757897176843 ], [ -0.674754361018328, 37.974767180172002 ], [ -0.674773974431677, 37.97477657556383 ], [ -0.674773974473666, 37.974776575584954 ], [ -0.674800572249164, 37.97479060926819 ], [ -0.674823729459346, 37.974800073825179 ] ] ] ] } },
{ "type": "Feature", "properties": { "fid": 3, "INE_MUN": "03133", "DISTRITO": 2 }, "geometry": { "type": "MultiPolygon", "coordinates": [ [ [ [ -0.735173295154921, 37.958720505085267 ], [ -0.735251904159532, 37.958796796153905 ], [ -0.735272748906161, 37.958817025919373 ], [ -0.7354433598524, 37.958960013798205 ], [ -0.735443359862326, 37.958960013806632 ], [ -0.735502266043912, 37.959010664942952 ], [ -0.735534235332035, 37.959033849215238 ], [ -0.735534235389629, 37.959033849260095 ], [ -0.735650086188671, 37.959130699092583 ], [ -0.735650086191144, 37.959130699094658 ], [ -0.735765192143361, 37.959227538077172 ], [ -0.735765192144663, 37.959227538078274 ], [ -0.735808862647717, 37.95926440139155 ], [ -0.735808862666191, 37.959264401407509 ], [ -0.735819255599778, 37.959273608249724 ], [ -0.735949552960085, 37.959384261822315 ], [ -0.736068809151138, 37.959485700403427 ], [ -0.736094629778256, 37.95950120119246 ], [ -0.736912546398697, 37.959993035434529 ], [ -0.737145677222826, 37.960114673533646 ], [ -0.737145677231921, 37.960114673538442 ], [ -0.737259755225998, 37.960175446361468 ], [ -0.737259755226, 37.960175446361468 ], [ -0.737259755366923, 37.960175446450123 ], [ -0.737278534732993, 37.960189315608474 ], [ -0.737373826524351, 37.96023621983074 ], [ -0.737373826557756, 37.960236219847822 ], [ -0.739916002101782, 37.961587230007808 ], [ -0.740184143953597, 37.961727548587731 ], [ -0.740184143958325, 37.961727548590218 ], [ -0.740504918585617, 37.961897234532394 ], [ -0.741085744439367, 37.962204480077894 ], [ -0.741085744439366, 37.962204480077894 ], [ -0.741085744605565, 37.962204480185036 ], [ -0.741085744743442, 37.962204480314945 ], [ -0.741085744848102, 37.962204480463015 ], [ -0.741085744915837, 37.962204480623996 ], [ -0.741085744944243, 37.962204480792181 ], [ -0.741085744932308, 37.96220448096161 ], [ -0.74108574488046, 37.962204481126243 ], [ -0.741085744790537, 37.96220448128026 ], [ -0.741085744665728, 37.962204481418205 ], [ -0.741085744510461, 37.96220448153516 ], [ -0.740685470281095, 37.962453610458397 ], [ -0.74052340955668, 37.962657745044815 ], [ -0.742179928934233, 37.963661454441365 ], [ -0.756852102535179, 37.972549368182989 ], [ -0.756852102535178, 37.972549368182989 ], [ -0.756852102714158, 37.972549368318191 ], [ -0.757781704089726, 37.973423193117725 ], [ -0.757781704089727, 37.973423193117725 ], [ -0.757781704217666, 37.973423193265681 ], [ -0.757781704306051, 37.973423193430776 ], [ -0.757781704351385, 37.97342319360645 ], [ -0.758058045776085, 37.975564114775288 ], [ -0.758269826966591, 37.977208217830416 ], [ -0.7604246522455, 37.993947080685224 ], [ -0.761206522822232, 38.000062558999893 ], [ -0.761206522822744, 38.000062559003993 ], [ -0.761245014368272, 38.000377995437773 ], [ -0.761881081846985, 38.00559026064559 ], [ -0.761881081846984, 38.00559026064559 ], [ -0.761881081847478, 38.005590260814628 ], [ -0.761881081808049, 38.005590260980775 ], [ -0.761881081730091, 38.005590261138146 ], [ -0.761881081616343, 38.005590261281249 ], [ -0.761881081470813, 38.005590261405004 ], [ -0.761881081298626, 38.00559026150507 ], [ -0.76107480149597, 38.00597226560464 ], [ -0.758772654285938, 38.007062937904465 ], [ -0.758772654260342, 38.007062937916238 ], [ -0.755770709617046, 38.008402394428195 ], [ -0.755770709617044, 38.008402394428195 ], [ -0.755770709501735, 38.008402394473066 ], [ -0.749994174203812, 38.010337491629883 ], [ -0.749171948389646, 38.010781307548179 ], [ -0.744277365515626, 38.015517470739908 ], [ -0.742457885573418, 38.017275749016882 ], [ -0.75004680763558, 38.020160652316378 ], [ -0.750046807820323, 38.020160652404535 ], [ -0.750046807980731, 38.020160652518676 ], [ -0.750046808111047, 38.020160652654695 ], [ -0.750046808206591, 38.020160652807732 ], [ -0.750046808263935, 38.020160652972272 ], [ -0.750046808281022, 38.020160653142419 ], [ -0.750046808257236, 38.020160653312061 ], [ -0.750046808193432, 38.020160653475102 ], [ -0.74979285125669, 38.020642406614762 ], [ -0.74979285114677, 38.020642406775238 ], [ -0.749792850998217, 38.020642406914888 ], [ -0.749792850817129, 38.020642407027985 ], [ -0.74979285061094, 38.020642407109897 ], [ -0.749792850388113, 38.020642407157233 ], [ -0.749792850157799, 38.020642407168076 ], [ -0.749792849929447, 38.02064240714197 ], [ -0.749792849712435, 38.020642407079983 ], [ -0.749098881521461, 38.020378593773316 ], [ -0.742080033127999, 38.017710041787566 ], [ -0.741822006374948, 38.017836317335075 ], [ -0.739316155173281, 38.019062603618877 ], [ -0.738855382739453, 38.020711789986393 ], [ -0.738855382739451, 38.020711789986393 ], [ -0.738855382667655, 38.020711790158714 ], [ -0.73885538255367, 38.020711790316135 ], [ -0.738855382402117, 38.020711790452324 ], [ -0.738855382219148, 38.020711790561698 ], [ -0.738855382012181, 38.020711790639893 ], [ -0.738855381789614, 38.020711790683649 ], [ -0.738855381560471, 38.020711790691266 ], [ -0.73885538133405, 38.020711790662382 ], [ -0.738855381119531, 38.02071179059822 ], [ -0.738122169456702, 38.020422669099126 ], [ -0.736356888514695, 38.019726550979001 ], [ -0.736185713059477, 38.019894578817038 ], [ -0.734313109244633, 38.021732687702929 ], [ -0.734313109167735, 38.021732687771035 ], [ -0.731860436394925, 38.02369483228027 ], [ -0.731860436394922, 38.02369483228027 ], [ -0.731860436240481, 38.023694832383612 ], [ -0.730921626131003, 38.024217354049313 ], [ -0.730199084201464, 38.024744086667148 ], [ -0.730199084099193, 38.024744086733449 ], [ -0.729410481636265, 38.025197413287472 ], [ -0.729410481546593, 38.025197413334077 ], [ -0.72802338107703, 38.02584645031714 ], [ -0.7280233810039, 38.025846450348574 ], [ -0.726143758551677, 38.026585038151147 ], [ -0.718747816213463, 38.029974003616935 ], [ -0.718747816171091, 38.029974003635417 ], [ -0.718228493431592, 38.030189177409483 ], [ -0.718228493426073, 38.030189177411742 ], [ -0.717513075784237, 38.030481664848487 ], [ -0.718115890051251, 38.030880845323622 ], [ -0.718115890067274, 38.03088084533443 ], [ -0.718695913413068, 38.0312795847234 ], [ -0.719616942741866, 38.031702985679871 ], [ -0.720599718405916, 38.031974372060908 ], [ -0.721154556607943, 38.032084257067126 ], [ -0.721675490889123, 38.032184471933618 ], [ -0.723829890276265, 38.032514567479623 ], [ -0.723829890492814, 38.032514567530875 ], [ -0.723829890692303, 38.032514567614925 ], [ -0.723829890866875, 38.032514567728491 ], [ -0.723829891009653, 38.032514567867096 ], [ -0.723829891115015, 38.032514568025277 ], [ -0.723829891178809, 38.032514568196795 ], [ -0.723829891198524, 38.032514568374872 ], [ -0.723829891173384, 38.03251456855255 ], [ -0.723829891104376, 38.032514568722803 ], [ -0.723829891104377, 38.032514568722803 ], [ -0.723648790089035, 38.032844464988564 ], [ -0.723648790085475, 38.032844464994966 ], [ -0.720609699191638, 38.038264284168577 ], [ -0.719419208192796, 38.040701588065787 ], [ -0.719333536158334, 38.040876972729158 ], [ -0.719333536062321, 38.040876972881222 ], [ -0.7193335359319, 38.040876973016324 ], [ -0.719333535771715, 38.040876973129642 ], [ -0.719333535587471, 38.040876973217117 ], [ -0.719333535385723, 38.040876973275694 ], [ -0.719333535173654, 38.040876973303256 ], [ -0.719333534958813, 38.040876973298836 ], [ -0.719333534748853, 38.040876973262556 ], [ -0.71933353455124, 38.040876973195751 ], [ -0.719333534551241, 38.040876973195751 ], [ -0.719327186335049, 38.040874240379395 ], [ -0.718628502905665, 38.0406204461896 ], [ -0.718626529915832, 38.04062448270308 ], [ -0.718626529915834, 38.04062448270308 ], [ -0.718626529817554, 38.040624482857936 ], [ -0.718626529683605, 38.040624482995057 ], [ -0.718626529518943, 38.04062448310934 ], [ -0.718626529329659, 38.040624483196609 ], [ -0.718626529122755, 38.040624483253566 ], [ -0.718626528905886, 38.040624483278151 ], [ -0.718626528687075, 38.040624483269468 ], [ -0.718626528474417, 38.040624483227795 ], [ -0.718626528275782, 38.040624483154708 ], [ -0.718626528098513, 38.040624483052888 ], [ -0.718626527949173, 38.040624482926113 ], [ -0.718626527833284, 38.040624482779052 ], [ -0.718626527755134, 38.040624482617204 ], [ -0.715056547152316, 38.030358689568637 ], [ -0.710051124024966, 38.025066813204361 ], [ -0.709525416337144, 38.024510937460846 ], [ -0.708510662879419, 38.023687672681696 ], [ -0.708510662879421, 38.023687672681696 ], [ -0.708510662731439, 38.023687672533221 ], [ -0.708510662625895, 38.023687672363586 ], [ -0.708510662567441, 38.02368767218023 ], [ -0.708510662558651, 38.02368767199129 ], [ -0.708904594045585, 38.019135474667237 ], [ -0.704088820751162, 38.015159624023852 ], [ -0.704087402977638, 38.015160186243207 ], [ -0.70408740297322, 38.015160186244543 ], [ -0.704087402969027, 38.01516018624659 ], [ -0.703391805146983, 38.015430234929234 ], [ -0.699330426008188, 38.017006837448719 ], [ -0.699330426008186, 38.017006837448719 ], [ -0.699330425795989, 38.017006837511239 ], [ -0.699330425572348, 38.017006837539313 ], [ -0.699330425346107, 38.017006837531824 ], [ -0.699330425126215, 38.017006837489063 ], [ -0.699330424921364, 38.01700683741273 ], [ -0.699330424739658, 38.017006837305829 ], [ -0.699330424588283, 38.017006837172602 ], [ -0.699330424473223, 38.017006837018307 ], [ -0.696995998373022, 38.013015777267796 ], [ -0.696868461435115, 38.012815035624477 ], [ -0.696752714641575, 38.012646049336205 ], [ -0.696752714638929, 38.012646049332325 ], [ -0.696644540526481, 38.012486253973556 ], [ -0.69664454052648, 38.012486253973556 ], [ -0.696644540442797, 38.012486253815368 ], [ -0.696644540398519, 38.012486253647509 ], [ -0.696644540395251, 38.012486253476041 ], [ -0.696648655195172, 38.012445771785856 ], [ -0.696282990392774, 38.011893454053691 ], [ -0.69616057773984, 38.011710829780952 ], [ -0.696160577735838, 38.01171082977492 ], [ -0.6960464219203, 38.011537368429316 ], [ -0.695927437949028, 38.011359311277232 ], [ -0.695927437947788, 38.01135931127537 ], [ -0.695809160228365, 38.011181304801603 ], [ -0.695672933557498, 38.010984896173198 ], [ -0.695529430990475, 38.010792850277539 ], [ -0.695529430990474, 38.010792850277539 ], [ -0.695529430912496, 38.010792850151788 ], [ -0.694462093231918, 38.008667831012872 ], [ -0.694462093231917, 38.008667831012872 ], [ -0.694462093187148, 38.008667830904052 ], [ -0.694101891766539, 38.007556922072737 ], [ -0.693697348933788, 38.006314426892345 ], [ -0.693697348933499, 38.006314426891443 ], [ -0.693209309823565, 38.004809048733989 ], [ -0.692879803469268, 38.003957914215157 ], [ -0.691001439102082, 37.99910532344024 ], [ -0.690887777342002, 37.998811669414074 ], [ -0.690887777329451, 37.998811669379151 ], [ -0.690802080809955, 37.998553537667938 ], [ -0.690801190710135, 37.998550875420236 ], [ -0.690801190709978, 37.998550875419454 ], [ -0.690801190709626, 37.998550875418694 ], [ -0.690692049582002, 37.998222104484661 ], [ -0.690692049581402, 37.998222104482856 ], [ -0.690415907806132, 37.997383147291934 ], [ -0.690103215830394, 37.996439828938492 ], [ -0.689872201652642, 37.995750468574222 ], [ -0.689627815864808, 37.995056303363228 ], [ -0.689493924679893, 37.994776664583334 ], [ -0.689493924679894, 37.994776664583341 ], [ -0.689486217748195, 37.994760640015151 ], [ -0.689486217705119, 37.994760639904747 ], [ -0.688850420543127, 37.992662080801182 ], [ -0.688720045122175, 37.992281044127083 ], [ -0.688720045117461, 37.992281044112829 ], [ -0.688156931339595, 37.990521778478637 ], [ -0.687732131143047, 37.989251888086095 ], [ -0.687456880373554, 37.988430954470452 ], [ -0.687456880372949, 37.988430954468633 ], [ -0.68727745544875, 37.987891273698352 ], [ -0.687009752429194, 37.987102021921274 ], [ -0.687009752428648, 37.987102021919654 ], [ -0.68673642932131, 37.986290149134582 ], [ -0.686736429320428, 37.986290149131946 ], [ -0.686698720178606, 37.986176759029156 ], [ -0.686698720178604, 37.986176759029156 ], [ -0.686698720178486, 37.986176759028595 ], [ -0.686698720178253, 37.986176759028098 ], [ -0.686635688712712, 37.985986284159956 ], [ -0.686635688712713, 37.985986284159956 ], [ -0.686635688682306, 37.985986284029543 ], [ -0.686561484451643, 37.985448672735075 ], [ -0.686285125147011, 37.984618707902172 ], [ -0.68615822485012, 37.98424223773479 ], [ -0.686158224834488, 37.98424223768211 ], [ -0.68614426069475, 37.984187891572667 ], [ -0.686144260689583, 37.98418789155123 ], [ -0.686133046411088, 37.984138100621813 ], [ -0.686133046400982, 37.984138100567378 ], [ -0.68611254914287, 37.983998032783042 ], [ -0.686112549138029, 37.983998032741617 ], [ -0.686109391982797, 37.98396194411783 ], [ -0.686109391980554, 37.983961944081635 ], [ -0.68610823811234, 37.983930364406461 ], [ -0.686108238114094, 37.983930364324074 ], [ -0.686111797928888, 37.983885405793302 ], [ -0.686111797932098, 37.983885405761669 ], [ -0.686118485087328, 37.983831465218529 ], [ -0.686118485093123, 37.983831465180231 ], [ -0.686118623207421, 37.983830692941822 ], [ -0.686118623209611, 37.983830692930127 ], [ -0.686126930908319, 37.983788260853132 ], [ -0.686137045207411, 37.983736522498987 ], [ -0.686168497634166, 37.983575631531487 ], [ -0.686302238530116, 37.982875398538397 ], [ -0.686313306140245, 37.982817043127113 ], [ -0.686313306140715, 37.982817043124662 ], [ -0.686396564436775, 37.98238612860419 ], [ -0.686418586324552, 37.982271926920205 ], [ -0.686418586324554, 37.982271926920205 ], [ -0.686418586324554, 37.982271926920205 ], [ -0.686445638757346, 37.982131641498476 ], [ -0.686445875037043, 37.982130280968995 ], [ -0.686445875039496, 37.982130280955616 ], [ -0.686468822407907, 37.982011401769462 ], [ -0.686491775469327, 37.981892374906856 ], [ -0.686555749179345, 37.981555729093685 ], [ -0.686567797789828, 37.981488381872161 ], [ -0.686568080518031, 37.981479380863554 ], [ -0.686568080543976, 37.981479380693415 ], [ -0.686584066582379, 37.98142154645506 ], [ -0.686584176582298, 37.981421125116889 ], [ -0.686603225176571, 37.98133309538008 ], [ -0.68668902903732, 37.980936567533561 ], [ -0.686693279864886, 37.980914136876947 ], [ -0.686693279865286, 37.980914136874858 ], [ -0.686696735189101, 37.980896191649876 ], [ -0.686698842462227, 37.980873682794602 ], [ -0.68669884246712, 37.98087368275452 ], [ -0.686701548003337, 37.980855722783055 ], [ -0.686703527937994, 37.98079268389575 ], [ -0.686702649677224, 37.980774648898567 ], [ -0.686701121614292, 37.980756605596255 ], [ -0.68669893927904, 37.980734020412491 ], [ -0.686698939278913, 37.980734020411155 ], [ -0.68669680172148, 37.98071145955754 ], [ -0.68669382970823, 37.980693392363811 ], [ -0.686689537236242, 37.980670753064295 ], [ -0.686685176026566, 37.980652658533899 ], [ -0.686680007149113, 37.980634543587399 ], [ -0.686680007142871, 37.980634543564101 ], [ -0.686674332165879, 37.980611881575115 ], [ -0.686667816210418, 37.980593740174811 ], [ -0.686499758299514, 37.98023447362565 ], [ -0.686499758297687, 37.980234473621707 ], [ -0.686173108415938, 37.979526060820781 ], [ -0.686173108415451, 37.979526060819722 ], [ -0.686172692845553, 37.979525156033063 ], [ -0.68617269284516, 37.979525156032203 ], [ -0.6859416425699, 37.979020519410504 ], [ -0.685749059820733, 37.97860670674995 ], [ -0.685475497142854, 37.978040271498045 ], [ -0.685473926594669, 37.978039727086511 ], [ -0.685473926398975, 37.978039726999555 ], [ -0.685473926228641, 37.978039726883885 ], [ -0.685473926090295, 37.978039726744022 ], [ -0.685473925989314, 37.978039726585379 ], [ -0.685473925929624, 37.978039726414131 ], [ -0.685473925913548, 37.97803972623695 ], [ -0.68547392594171, 37.978039726060722 ], [ -0.685473926013014, 37.978039725892287 ], [ -0.68547392612469, 37.978039725738192 ], [ -0.685473926272393, 37.978039725604454 ], [ -0.68547392645038, 37.978039725496259 ], [ -0.685473926651731, 37.978039725417808 ], [ -0.685473926868616, 37.978039725372156 ], [ -0.686445162499023, 37.977914765919394 ], [ -0.686445162500751, 37.977914765919166 ], [ -0.686968321072741, 37.977848105736527 ], [ -0.687360723536511, 37.977797875656755 ], [ -0.688028309012614, 37.97771278989336 ], [ -0.688111919164677, 37.977700227131592 ], [ -0.688111919164678, 37.977700227131592 ], [ -0.688111919164756, 37.977700227131578 ], [ -0.688122124219797, 37.977698694067207 ], [ -0.688122124219796, 37.977698694067207 ], [ -0.688122124436891, 37.977698694051419 ], [ -0.688122124653808, 37.977698694068678 ], [ -0.688122124862584, 37.977698694118367 ], [ -0.688122125055561, 37.977698694198665 ], [ -0.688122125225654, 37.977698694306603 ], [ -0.688123697652368, 37.97769990537833 ], [ -0.68835765434687, 37.977669746320856 ], [ -0.68837857767398, 37.977667048883134 ], [ -0.688710212080756, 37.977623094146352 ], [ -0.688960662108426, 37.977589382356278 ], [ -0.6891078430712, 37.977569568291152 ], [ -0.689126506902261, 37.977567042573277 ], [ -0.689182252579939, 37.977559496625638 ], [ -0.689392661991388, 37.977507925297225 ], [ -0.689593777419131, 37.977458626516523 ], [ -0.689727423802609, 37.977370917196858 ], [ -0.689727423802612, 37.977370917196858 ], [ -0.689728179059064, 37.977370418643758 ], [ -0.689728325288318, 37.977369384695791 ], [ -0.689728325332591, 37.977369384528508 ], [ -0.689728325415983, 37.977369384370853 ], [ -0.689728325535495, 37.977369384228503 ], [ -0.689728325686819, 37.977369384106574 ], [ -0.689876534078555, 37.977270723756568 ], [ -0.689876534089285, 37.977270723749527 ], [ -0.690067689732978, 37.977146607216248 ], [ -0.690069810565918, 37.977143954679569 ], [ -0.690076476738639, 37.977135615202265 ], [ -0.690141829350697, 37.977044088090494 ], [ -0.690141829400893, 37.977044088026595 ], [ -0.690370460025369, 37.976778416725772 ], [ -0.690370460056962, 37.976778416690877 ], [ -0.69100389191008, 37.976112868600758 ], [ -0.691626780252901, 37.975458094456627 ], [ -0.691687710922486, 37.975394045573552 ], [ -0.691687710924069, 37.975394045571882 ], [ -0.691742545503796, 37.975336680384032 ], [ -0.692043974415757, 37.975021328147243 ], [ -0.692043974416528, 37.975021328146433 ], [ -0.692096382209125, 37.974966626597805 ], [ -0.692096382209131, 37.974966626597791 ], [ -0.692285455403458, 37.974769276775199 ], [ -0.692402447096171, 37.974647160690061 ], [ -0.69272926944383, 37.974306109591211 ], [ -0.693414201954711, 37.973586946313155 ], [ -0.693942896454721, 37.973031894725167 ], [ -0.694099123659952, 37.972867873200435 ], [ -0.694332951999299, 37.972620768487403 ], [ -0.694332952003427, 37.972620768483068 ], [ -0.694665274163012, 37.972273948756893 ], [ -0.694843623271455, 37.972085567556867 ], [ -0.69484362327146, 37.972085567556853 ], [ -0.694843623271469, 37.972085567556839 ], [ -0.694923703935361, 37.972000981729941 ], [ -0.694921200529549, 37.97199915798798 ], [ -0.693153621227974, 37.970709789673663 ], [ -0.693153621083645, 37.970709789546284 ], [ -0.693153620972348, 37.970709789399599 ], [ -0.693153620898098, 37.970709789238875 ], [ -0.693153620863575, 37.970709789069957 ], [ -0.693153620870025, 37.970709788898908 ], [ -0.693153620917214, 37.970709788731931 ], [ -0.69315362100344, 37.970709788575014 ], [ -0.693153621125591, 37.970709788433844 ], [ -0.693153621279262, 37.970709788313499 ], [ -0.693153621458904, 37.970709788218329 ], [ -0.693153621458907, 37.970709788218329 ], [ -0.693183867666867, 37.970696873941257 ], [ -0.693183867666865, 37.970696873941257 ], [ -0.693183867847487, 37.97069687387944 ], [ -0.693183868038861, 37.970696873843188 ], [ -0.693183868235266, 37.97069687383356 ], [ -0.693216602712286, 37.970697516088634 ], [ -0.693230957904226, 37.970693292224027 ], [ -0.693230958109022, 37.970693292180449 ], [ -0.693230958320474, 37.970693292167716 ], [ -0.693230958531239, 37.970693292186262 ], [ -0.693230958733997, 37.970693292235445 ], [ -0.69323095892171, 37.970693292313548 ], [ -0.693240043810447, 37.970697976062382 ], [ -0.693284536923712, 37.970707856507474 ], [ -0.693317108004448, 37.970712996594557 ], [ -0.693317108221422, 37.970712996647045 ], [ -0.693374881242508, 37.970732143386982 ], [ -0.693419240634308, 37.970746521369655 ], [ -0.69341924064186, 37.970746521372114 ], [ -0.693448127710089, 37.970756076700148 ], [ -0.69346573866506, 37.970760941268146 ], [ -0.693488336179104, 37.970765926185713 ], [ -0.693525889995535, 37.970771164865546 ], [ -0.69352589010144, 37.970771164884468 ], [ -0.693548489976857, 37.970776113810004 ], [ -0.693548490066382, 37.970776113832798 ], [ -0.693614789739295, 37.97079542322011 ], [ -0.693614789896034, 37.970795423276755 ], [ -0.693614790040169, 37.97079542335149 ], [ -0.693622436035334, 37.970800078917264 ], [ -0.693622436035332, 37.970800078917264 ], [ -0.693622436182136, 37.970800079024102 ], [ -0.693638366711861, 37.970813899195889 ], [ -0.69366766987463, 37.970832523248468 ], [ -0.693707085183732, 37.970846804089661 ], [ -0.693736671380967, 37.970856391988228 ], [ -0.693736671380968, 37.970856391988228 ], [ -0.693736671568089, 37.97085639206562 ], [ -0.69373667173393, 37.970856392169033 ], [ -0.693736671872784, 37.970856392294934 ], [ -0.693736671979868, 37.970856392438968 ], [ -0.693742078285206, 37.970865505123321 ], [ -0.693750881117341, 37.970879203400756 ], [ -0.693780043911262, 37.970902312163659 ], [ -0.693799659037701, 37.970911699006777 ], [ -0.693799659047647, 37.970911699011587 ], [ -0.693828403534957, 37.970925775017584 ], [ -0.69390733209829, 37.970949837504051 ], [ -0.693907332098288, 37.970949837504051 ], [ -0.693907332232695, 37.970949837553199 ], [ -0.693940320268598, 37.970964029248421 ], [ -0.693940320268596, 37.970964029248414 ], [ -0.693940320520531, 37.970964029395617 ], [ -0.693970183971102, 37.970987129501019 ], [ -0.693970184076991, 37.970987129595287 ], [ -0.693979127270554, 37.970996311652947 ], [ -0.693979127270556, 37.970996311652947 ], [ -0.69397912736564, 37.970996311767692 ], [ -0.69398867604817, 37.971010006772381 ], [ -0.693988676133947, 37.9710100069288 ], [ -0.693999894174691, 37.971037282743836 ], [ -0.694017275139523, 37.971051131203552 ], [ -0.694036049619114, 37.971065011560015 ], [ -0.694047978689794, 37.97106974650584 ], [ -0.694069872134045, 37.97107468145601 ], [ -0.694069872164352, 37.9710746814632 ], [ -0.694148248000579, 37.971094228297666 ], [ -0.694192741721429, 37.971104143597024 ], [ -0.694192741900346, 37.971104143650081 ], [ -0.694205416228012, 37.971108897792902 ], [ -0.694205416323574, 37.971108897833247 ], [ -0.694255176704792, 37.971132388021402 ], [ -0.694276377479862, 37.97113730483543 ], [ -0.694276377706967, 37.971137304910009 ], [ -0.694298113214708, 37.971146737713532 ], [ -0.694316633310534, 37.971147101808356 ], [ -0.694335830540415, 37.971147478278134 ], [ -0.6943971066919, 37.971144178859142 ], [ -0.694442915657937, 37.971136070539039 ], [ -0.694460808961448, 37.971131915867666 ], [ -0.694473065088121, 37.971127655222773 ], [ -0.694484711358558, 37.971118877085196 ], [ -0.694514681523612, 37.971092408818912 ], [ -0.694528618797288, 37.971079174404494 ], [ -0.694528618929545, 37.971079174298218 ], [ -0.694528619082146, 37.971079174210658 ], [ -0.694564738561981, 37.971061869167649 ], [ -0.694564738659062, 37.971061869126103 ], [ -0.69459856713711, 37.971049024727087 ], [ -0.694598567137108, 37.971049024727087 ], [ -0.694598567363768, 37.971049024663351 ], [ -0.694620049702532, 37.97104494483721 ], [ -0.694647362135481, 37.971036437708648 ], [ -0.694647362351218, 37.971036437660253 ], [ -0.694758825921686, 37.971020609887901 ], [ -0.694786131457542, 37.971012139547135 ], [ -0.694786131607253, 37.971012139509895 ], [ -0.694807613802411, 37.971008059672315 ], [ -0.694848111336547, 37.97098633941723 ], [ -0.694919928566316, 37.970942678172712 ], [ -0.694919928566318, 37.970942678172712 ], [ -0.694919928712945, 37.970942678097011 ], [ -0.694919928872501, 37.970942678040004 ], [ -0.694949378877591, 37.970934248774498 ], [ -0.694975939196386, 37.97092576735524 ], [ -0.694975939266341, 37.970925767334982 ], [ -0.69500823458053, 37.970917353280775 ], [ -0.695008234865909, 37.970917353237354 ], [ -0.695073799670578, 37.970914137535956 ], [ -0.695121001385853, 37.970906074284763 ], [ -0.695147562234145, 37.970897570358595 ], [ -0.695175713649864, 37.9708846145965 ], [ -0.695186665906617, 37.970875822749598 ], [ -0.695211550736697, 37.970853760252339 ], [ -0.695255602673667, 37.970787040217232 ], [ -0.695255602673666, 37.970787040217232 ], [ -0.695255602761237, 37.970787040105343 ], [ -0.695263710949981, 37.970778196900959 ], [ -0.695263711034178, 37.97077819681958 ], [ -0.695273963759814, 37.970769391147314 ], [ -0.695273963929238, 37.970769391028163 ], [ -0.695289159574614, 37.970760682247963 ], [ -0.695289159574616, 37.970760682247963 ], [ -0.695289159717731, 37.970760682178081 ], [ -0.69531008323316, 37.97075208567481 ], [ -0.69531008323316, 37.97075208567481 ], [ -0.695310083437388, 37.970752085609881 ], [ -0.695327976498694, 37.970747935296259 ], [ -0.695340232577753, 37.970743670081376 ], [ -0.695362234547567, 37.970721551118878 ], [ -0.695362234548685, 37.970721551117762 ], [ -0.695393087806966, 37.970690634911961 ], [ -0.695416115979065, 37.970659511256251 ], [ -0.695425809241171, 37.970646207151525 ], [ -0.695433595716296, 37.970623845561896 ], [ -0.695442971962974, 37.970574459020838 ], [ -0.695442972004297, 37.970574458880606 ], [ -0.695453787606759, 37.970547655425655 ], [ -0.69545378760676, 37.970547655425655 ], [ -0.695453787671261, 37.970547655299562 ], [ -0.69545378775901, 37.9705476551826 ], [ -0.695465582788293, 37.970534338099561 ], [ -0.695465582827079, 37.970534338058329 ], [ -0.695505243766316, 37.970494592261133 ], [ -0.695505243861191, 37.970494592177396 ], [ -0.695527849184209, 37.970476985900746 ], [ -0.695527849197801, 37.970476985890336 ], [ -0.695545329973732, 37.970463816285609 ], [ -0.695545330065502, 37.970463816223464 ], [ -0.695617145137707, 37.970420195028602 ], [ -0.695617145137705, 37.970420195028602 ], [ -0.69561714524598, 37.970420194970359 ], [ -0.695644592410311, 37.970407189147238 ], [ -0.695644592455013, 37.970407189127123 ], [ -0.695695060679588, 37.970385663902164 ], [ -0.695742825084434, 37.970359598132113 ], [ -0.695790738125161, 37.970328962065061 ], [ -0.695790738176384, 37.970328962034174 ], [ -0.695844332951388, 37.970298491365874 ], [ -0.695933063643641, 37.970237152153395 ], [ -0.695933063643643, 37.970237152153395 ], [ -0.695933063782694, 37.970237152071178 ], [ -0.695950398899423, 37.970228449169909 ], [ -0.695990038381629, 37.970188680376296 ], [ -0.695990038381631, 37.970188680376296 ], [ -0.695990038540482, 37.970188680246245 ], [ -0.696029305957401, 37.970162411805937 ], [ -0.696061557933529, 37.970131522837995 ], [ -0.6960615581105, 37.970131522701763 ], [ -0.696089844816338, 37.970114045750854 ], [ -0.69610163770192, 37.970100751220741 ], [ -0.696112008077038, 37.970087446778173 ], [ -0.696119535560074, 37.970074086695121 ], [ -0.696124386588145, 37.970056186692844 ], [ -0.69611824445234, 37.970001976986858 ], [ -0.696118244448141, 37.970001976884056 ], [ -0.696118950400053, 37.969979435784687 ], [ -0.696118950441276, 37.969979435565747 ], [ -0.696123661292898, 37.969966020147211 ], [ -0.696123661394576, 37.969966019950931 ], [ -0.696139250430277, 37.969943811036423 ], [ -0.696139250430276, 37.969943811036423 ], [ -0.696139250628537, 37.969943810830557 ], [ -0.69616190000807, 37.969926241334306 ], [ -0.696161900062421, 37.969926241294793 ], [ -0.696206945367498, 37.969895566857687 ], [ -0.696206945367499, 37.969895566857687 ], [ -0.696206945528896, 37.969895566765899 ], [ -0.696243757981321, 37.969878274769428 ], [ -0.696243757981322, 37.969878274769428 ], [ -0.696243758126278, 37.969878274711974 ], [ -0.696282603664191, 37.969865528142151 ], [ -0.696311472444022, 37.969852550041466 ], [ -0.696311472466219, 37.969852550031739 ], [ -0.696341762205321, 37.969839631321911 ], [ -0.69636138099633, 37.969826508146596 ], [ -0.696395500508284, 37.969782112048598 ], [ -0.696399319795859, 37.969773180343978 ], [ -0.696410231297636, 37.969741873186145 ], [ -0.696415787419666, 37.969701418378762 ], [ -0.696415787454178, 37.969701418235978 ], [ -0.696418912851873, 37.969692472815666 ], [ -0.696418912905079, 37.969692472696593 ], [ -0.69642870162069, 37.969674651172348 ], [ -0.696428701620689, 37.969674651172348 ], [ -0.696428701690758, 37.969674651065077 ], [ -0.696452474728079, 37.969643559895459 ], [ -0.696456575409088, 37.969625627122902 ], [ -0.69646213149927, 37.969585172270975 ], [ -0.696462131520547, 37.969585172169936 ], [ -0.696468517234332, 37.969562782894727 ], [ -0.696468517262547, 37.96956278281364 ], [ -0.696477725370173, 37.969540447933333 ], [ -0.696477725447053, 37.969540447790159 ], [ -0.696486697615598, 37.969527079798191 ], [ -0.696486697615596, 37.969527079798191 ], [ -0.696486697704703, 37.969527079686166 ], [ -0.69650729763152, 37.96950496889189 ], [ -0.696507297631519, 37.96950496889189 ], [ -0.696507297724863, 37.969504968804024 ], [ -0.696544538878031, 37.969474136829895 ], [ -0.696575951120122, 37.969447736801456 ], [ -0.696594311460728, 37.96943008324709 ], [ -0.696654853606696, 37.969359184606162 ], [ -0.69668767000192, 37.969310257135312 ], [ -0.696687670049153, 37.969310257071385 ], [ -0.696712841061029, 37.969279193086706 ], [ -0.69671284106998, 37.969279193075842 ], [ -0.696731364756921, 37.969257041566216 ], [ -0.696731364756919, 37.969257041566216 ], [ -0.696731364867734, 37.969257041454071 ], [ -0.696751801258145, 37.969239428506 ], [ -0.696824459585142, 37.969168767067899 ], [ -0.696824459629687, 37.969168767027128 ], [ -0.696850048801295, 37.96914671785872 ], [ -0.69685004884343, 37.969146717824287 ], [ -0.696901079680271, 37.969107189790613 ], [ -0.696931187583778, 37.969076222539179 ], [ -0.696957051166631, 37.969045208165326 ], [ -0.697029301255621, 37.968942981514338 ], [ -0.697029301271116, 37.968942981493107 ], [ -0.697049341984662, 37.968916354063062 ], [ -0.697049341984661, 37.968916354063062 ], [ -0.697049342054637, 37.968916353980767 ], [ -0.69710005059195, 37.968863275720224 ], [ -0.697100050619754, 37.968863275692271 ], [ -0.697177831428402, 37.968788213279019 ], [ -0.69719405391132, 37.968770481734794 ], [ -0.697227708702918, 37.96871706948847 ], [ -0.697267654930357, 37.968645767068615 ], [ -0.697267654959775, 37.968645767020071 ], [ -0.697319952121401, 37.968565699798333 ], [ -0.697319952136727, 37.96856569977566 ], [ -0.697372807085328, 37.968490144528289 ], [ -0.6973728071236, 37.968490144477578 ], [ -0.697426826398965, 37.968423623182836 ], [ -0.697473623629384, 37.968361460605287 ], [ -0.697473623684601, 37.968361460538794 ], [ -0.69748168540771, 37.968352629778195 ], [ -0.697481685547499, 37.968352629651797 ], [ -0.697481685714501, 37.968352629548164 ], [ -0.697524372645278, 37.968330897961017 ], [ -0.697571576541532, 37.968300301374107 ], [ -0.697595720539113, 37.96827821928774 ], [ -0.697595720580002, 37.968278219252305 ], [ -0.697627831513569, 37.968251832627068 ], [ -0.69764847617821, 37.968229722557339 ], [ -0.697667631904294, 37.9682075427474 ], [ -0.6976780244412, 37.968194238628406 ], [ -0.697683428758493, 37.968180836824395 ], [ -0.697683428758494, 37.968180836824395 ], [ -0.69768342885227, 37.968180836654554 ], [ -0.69771838838304, 37.968131949911154 ], [ -0.69773558467513, 37.968105266675302 ], [ -0.697735584717903, 37.968105266614806 ], [ -0.697763016951783, 37.968069745621563 ], [ -0.697788439742806, 37.968029715903668 ], [ -0.697790729237453, 37.968002704893081 ], [ -0.697790729241522, 37.968002704856353 ], [ -0.697794416695081, 37.9679757615867 ], [ -0.697794416742249, 37.967975761410038 ], [ -0.697794416832972, 37.967975761244375 ], [ -0.69783832398638, 37.967913542844443 ], [ -0.697853376955604, 37.967886781639137 ], [ -0.697866476146529, 37.967855517292861 ], [ -0.69786531269256, 37.967846488210931 ], [ -0.697856511119174, 37.967832772242915 ], [ -0.697856511119176, 37.967832772242915 ], [ -0.697856511023171, 37.967832772031407 ], [ -0.697853954003244, 37.967823715305357 ], [ -0.69785395397661, 37.967823715141932 ], [ -0.697853535585385, 37.967814700290262 ], [ -0.697853535592333, 37.967814700152452 ], [ -0.697856191143388, 37.967796738829065 ], [ -0.697856191143389, 37.967796738829065 ], [ -0.697856191193421, 37.967796738650449 ], [ -0.697869291584991, 37.967765438054933 ], [ -0.697869291604608, 37.967765438011767 ], [ -0.697889009452467, 37.967725296367576 ], [ -0.697889009452465, 37.967725296367576 ], [ -0.697889009508527, 37.967725296270793 ], [ -0.697915928143961, 37.967685258664879 ], [ -0.697915928179747, 37.967685258615482 ], [ -0.697936644925894, 37.967658648762757 ], [ -0.697936644925893, 37.967658648762757 ], [ -0.697936645056991, 37.967658648625644 ], [ -0.697946874270271, 37.967649842246111 ], [ -0.697946874270273, 37.967649842246111 ], [ -0.697946874418873, 37.967649842138947 ], [ -0.697990378902255, 37.967623638821721 ], [ -0.698007875301244, 37.967610473777185 ], [ -0.698035442144745, 37.967570448973191 ], [ -0.698046674865229, 37.967552655586019 ], [ -0.698046674905104, 37.967552655528245 ], [ -0.698053343514606, 37.967543779428169 ], [ -0.698053343514605, 37.967543779428169 ], [ -0.698053343581557, 37.967543779348922 ], [ -0.698065880330865, 37.96753051707514 ], [ -0.698088760737665, 37.967503909021005 ], [ -0.698088760737663, 37.967503909021005 ], [ -0.698088760910677, 37.967503908862952 ], [ -0.698106939902177, 37.967490757086622 ], [ -0.698132661877056, 37.967464240749344 ], [ -0.698166498146097, 37.967428845022447 ], [ -0.698181268584448, 37.967411120933093 ], [ -0.698215668215141, 37.967357723000163 ], [ -0.698221918318533, 37.96733983212453 ], [ -0.698221918348544, 37.967339832051046 ], [ -0.698230308177959, 37.967321947019023 ], [ -0.698237115918982, 37.967286058247225 ], [ -0.698237115936481, 37.967286058175127 ], [ -0.698249075275798, 37.967245728532816 ], [ -0.698249075275796, 37.967245728532816 ], [ -0.698249075365299, 37.967245728336657 ], [ -0.69826028521904, 37.9672279344977 ], [ -0.698264809444737, 37.967219016460795 ], [ -0.698268679591278, 37.967210085585556 ], [ -0.698268679591277, 37.967210085585556 ], [ -0.69826867971791, 37.967210085381637 ], [ -0.698316728276668, 37.967152453406072 ], [ -0.698316728317676, 37.967152453360086 ], [ -0.698333598636973, 37.967134734244866 ], [ -0.698333598694563, 37.967134734189152 ], [ -0.698353357277293, 37.967117107655731 ], [ -0.698353357277294, 37.967117107655731 ], [ -0.698353357366254, 37.967117107584734 ], [ -0.698396322791244, 37.967086427639373 ], [ -0.698419068436787, 37.967064304546213 ], [ -0.698425036642861, 37.967055432964607 ], [ -0.698427737469071, 37.967037472854095 ], [ -0.698419891559898, 37.967014805037834 ], [ -0.698419891519443, 37.96701480480035 ], [ -0.69841987306585, 37.966992254066234 ], [ -0.6984180099237, 37.966983211005022 ], [ -0.698418009923698, 37.966983211005022 ], [ -0.698418009916876, 37.966983210753256 ], [ -0.698420717618089, 37.966965250433674 ], [ -0.698420717618089, 37.966965250433674 ], [ -0.698420717670765, 37.966965250250148 ], [ -0.698428413537648, 37.966947351529186 ], [ -0.698428413537648, 37.966947351529186 ], [ -0.698428413622965, 37.966947351377989 ], [ -0.6984410400723, 37.966929571716001 ], [ -0.69845824093106, 37.966902906473088 ], [ -0.698458240931061, 37.966902906473088 ], [ -0.698458241051195, 37.966902906324762 ], [ -0.698497900774356, 37.966863118876674 ], [ -0.698555173336724, 37.966805667349277 ], [ -0.698555173355794, 37.966805667330668 ], [ -0.698569109230992, 37.966792427863375 ], [ -0.698569109230989, 37.966792427863375 ], [ -0.698569109361417, 37.966792427758264 ], [ -0.698601123068113, 37.966770540084084 ], [ -0.69861077124337, 37.966757185282844 ], [ -0.698610771281662, 37.966757185233583 ], [ -0.698621864255411, 37.966743890283837 ], [ -0.698623544370452, 37.966734921237467 ], [ -0.698625551302788, 37.966716946320851 ], [ -0.698625551315101, 37.966716946246244 ], [ -0.698630469758637, 37.966694492108651 ], [ -0.698635628069606, 37.96664507674631 ], [ -0.698635628096344, 37.966645076612977 ], [ -0.69863562814795, 37.966645076484312 ], [ -0.698644717927322, 37.966627187128204 ], [ -0.698647564883998, 37.966604728576634 ], [ -0.698647564902663, 37.966604728481215 ], [ -0.698649944786359, 37.966595768400452 ], [ -0.698649944786358, 37.966595768400452 ], [ -0.698649944843513, 37.966595768251025 ], [ -0.698649944932402, 37.966595768111659 ], [ -0.698649945050352, 37.966595767986512 ], [ -0.698649945193824, 37.966595767879383 ], [ -0.698684797122945, 37.96657393562937 ], [ -0.698684797165695, 37.966573935603861 ], [ -0.698723176452713, 37.966552136425392 ], [ -0.69873128377754, 37.966543288562619 ], [ -0.698731283833929, 37.966543288505989 ], [ -0.698740814223448, 37.966534468484149 ], [ -0.698757406197555, 37.966503236245281 ], [ -0.698757406316166, 37.966503236075773 ], [ -0.698781034675655, 37.9664766785423 ], [ -0.698781034675656, 37.9664766785423 ], [ -0.698781034895128, 37.966476678357594 ], [ -0.698808625208001, 37.966459205023931 ], [ -0.698808625279756, 37.96645920498203 ], [ -0.698849114762296, 37.966437446977928 ], [ -0.698880242497471, 37.966420043043975 ], [ -0.698885653203872, 37.966406641485186 ], [ -0.698885653257339, 37.966406641377262 ], [ -0.698890922340794, 37.966397738063748 ], [ -0.698889758633084, 37.966388713482509 ], [ -0.698883794154552, 37.96637504855768 ], [ -0.698883794110508, 37.966375048424624 ], [ -0.698880677879615, 37.966361479695038 ], [ -0.698880677861609, 37.966361479511626 ], [ -0.698880958934679, 37.966352478349499 ], [ -0.698880958975354, 37.966352478132052 ], [ -0.698884078226261, 37.96634353251595 ], [ -0.698884078317662, 37.966343532333887 ], [ -0.698884078456619, 37.96634353217177 ], [ -0.698893562277411, 37.966334711116261 ], [ -0.69889356229066, 37.966334711104153 ], [ -0.698927980699115, 37.96630382758643 ], [ -0.69892798071565, 37.96630382757192 ], [ -0.69893823236926, 37.966295021539601 ], [ -0.698938232544166, 37.966295021417309 ], [ -0.698938232746903, 37.966295021325841 ], [ -0.698950442567183, 37.966290759199204 ], [ -0.698950442689478, 37.966290759162987 ], [ -0.699001370540449, 37.966278266145494 ], [ -0.699010737081312, 37.966273925896111 ], [ -0.699010737271501, 37.966273925825732 ], [ -0.69901073747478, 37.966273925784236 ], [ -0.699010737684233, 37.96627392577301 ], [ -0.699045591525669, 37.96627460785475 ], [ -0.699069028672098, 37.966252516418862 ], [ -0.69908964957269, 37.966230405614368 ], [ -0.69911563475276, 37.96619488751135 ], [ -0.699115634843542, 37.966194887405408 ], [ -0.699133250911669, 37.966177182825291 ], [ -0.699151219536836, 37.96615051907289 ], [ -0.699167765748576, 37.966119285865858 ], [ -0.699175875958441, 37.966087923686622 ], [ -0.699174880845923, 37.966051841686586 ], [ -0.699165475305923, 37.966011129969644 ], [ -0.699165475292938, 37.966011129896714 ], [ -0.699159801396442, 37.965965954007835 ], [ -0.699159801398259, 37.965965953816116 ], [ -0.69915980145128, 37.965965953629052 ], [ -0.699175140279113, 37.96593019108672 ], [ -0.699175140290124, 37.965930191062206 ], [ -0.699191916852712, 37.965894496300692 ], [ -0.699191916852713, 37.965894496300692 ], [ -0.699191916900705, 37.965894496213096 ], [ -0.699214338014689, 37.965858872253023 ], [ -0.699214338030997, 37.965858872228097 ], [ -0.699274736982081, 37.965769960438394 ], [ -0.699291940082086, 37.965743241031191 ], [ -0.69929194011876, 37.96574324097864 ], [ -0.699318686478581, 37.965707760229421 ], [ -0.699335888937551, 37.965681022834573 ], [ -0.69934949624186, 37.965654269131946 ], [ -0.699349496241861, 37.965654269131946 ], [ -0.699349496362568, 37.965654268954815 ], [ -0.699365016729542, 37.965636563937565 ], [ -0.699376671453907, 37.965605230559007 ], [ -0.69938347729596, 37.965569341690191 ], [ -0.699383900556849, 37.965555783711004 ], [ -0.699383900565317, 37.965555783621348 ], [ -0.69938744739395, 37.965533356762471 ], [ -0.699380045475621, 37.965497189905157 ], [ -0.699380045465032, 37.965497189837095 ], [ -0.699376181817055, 37.965461074061956 ], [ -0.699376181813346, 37.965461073963631 ], [ -0.699376605088636, 37.965447551973135 ], [ -0.699376605096008, 37.965447551890669 ], [ -0.699379266972727, 37.965429554613081 ], [ -0.699382253552665, 37.965402614695194 ], [ -0.699382253576201, 37.965402614575716 ], [ -0.699388638544781, 37.965380207075555 ], [ -0.699388638544781, 37.965380207075555 ], [ -0.699388638579113, 37.965380206979987 ], [ -0.699413951602244, 37.965322125150472 ], [ -0.69941395164158, 37.965322125072284 ], [ -0.699426724389001, 37.965299824532408 ], [ -0.699426724389001, 37.965299824532408 ], [ -0.699426724461747, 37.965299824425294 ], [ -0.699454870470588, 37.965264348471557 ], [ -0.699454870502881, 37.965264348433074 ], [ -0.699478454939554, 37.965237753864066 ], [ -0.69948884675002, 37.965224449504781 ], [ -0.69951061097852, 37.965188853248456 ], [ -0.69951969981041, 37.965170981776559 ], [ -0.69952748326869, 37.965148619775455 ], [ -0.699530331011852, 37.965126161229968 ], [ -0.699525776924227, 37.965067495126405 ], [ -0.699520216729204, 37.96504033035756 ], [ -0.699514510293547, 37.965017704313397 ], [ -0.699514510293546, 37.965017704313397 ], [ -0.699514510271869, 37.96501770411475 ], [ -0.699514791253994, 37.965008702946548 ], [ -0.699514791274226, 37.965008702798258 ], [ -0.699514791325089, 37.965008702654643 ], [ -0.699523179354822, 37.964990857042551 ], [ -0.699523179390018, 37.964990856975973 ], [ -0.699538936415982, 37.964964109224354 ], [ -0.699538936470791, 37.964964109142571 ], [ -0.699545644467818, 37.96495523371982 ], [ -0.699545644467819, 37.96495523371982 ], [ -0.699545644566358, 37.964955233609246 ], [ -0.699545644684708, 37.964955233511603 ], [ -0.699557994675964, 37.964946468568812 ], [ -0.699578035482046, 37.964919804780038 ], [ -0.699596769832351, 37.964888650325925 ], [ -0.699615278299854, 37.964843947660398 ], [ -0.699619237347281, 37.964830517481744 ], [ -0.699620359576919, 37.964817027259379 ], [ -0.699620359587094, 37.964817027184701 ], [ -0.699623765170766, 37.964799085079498 ], [ -0.699621765394907, 37.964771990005218 ], [ -0.699621765395426, 37.964771989893492 ], [ -0.699622886351213, 37.964758504077842 ], [ -0.699622886379593, 37.964758503928692 ], [ -0.699622886439009, 37.96475850378539 ], [ -0.699622886527792, 37.96475850365195 ], [ -0.699644370251215, 37.964731886039388 ], [ -0.699655884749128, 37.964705073394256 ], [ -0.699655884749129, 37.964705073394256 ], [ -0.69965588484515, 37.964705073228167 ], [ -0.699655884981509, 37.964705073080857 ], [ -0.6996558851526, 37.964705072958324 ], [ -0.699678346002405, 37.964692004637101 ], [ -0.699678346059548, 37.964692004605936 ], [ -0.699712316750615, 37.964674660419149 ], [ -0.699736358115381, 37.964657081451882 ], [ -0.699762665980003, 37.964635081736013 ], [ -0.699777971920697, 37.964621868921562 ], [ -0.699777971943277, 37.964621868902626 ], [ -0.699805003204224, 37.964599847306864 ], [ -0.699824902223244, 37.964577722230061 ], [ -0.699824902256942, 37.964577722194484 ], [ -0.699842515534253, 37.964560053443037 ], [ -0.699866098445538, 37.964533458774362 ], [ -0.69988758134692, 37.96450686358093 ], [ -0.699911446300952, 37.96447126774833 ], [ -0.699911446319473, 37.964471267721805 ], [ -0.699950123794045, 37.964417988849895 ], [ -0.699969558586626, 37.964386811922736 ], [ -0.699969558591938, 37.964386811914338 ], [ -0.699983775063123, 37.964364593665138 ], [ -0.699995988944565, 37.964337758590105 ], [ -0.70000451726591, 37.964315411021182 ], [ -0.700004517271167, 37.964315411007789 ], [ -0.700009920869845, 37.96430200901613 ], [ -0.700014027163987, 37.964284040044831 ], [ -0.700016733202675, 37.964266079674076 ], [ -0.700018600277845, 37.964252608489737 ], [ -0.700019162101955, 37.964234606192548 ], [ -0.700019260891659, 37.964207552118488 ], [ -0.70001512042344, 37.964157904313332 ], [ -0.700011725929359, 37.964130817953517 ], [ -0.700006135908279, 37.964103693188157 ], [ -0.699999617861698, 37.9640855163574 ], [ -0.699999617852503, 37.964085516330137 ], [ -0.699979547223619, 37.964022041005677 ], [ -0.699979547210262, 37.964022040957985 ], [ -0.699975126604946, 37.964003945668161 ], [ -0.69997000088591, 37.963985832079501 ], [ -0.699970000864037, 37.963985831972231 ], [ -0.699966003994393, 37.963954195757694 ], [ -0.699966003991081, 37.963954195725734 ], [ -0.699963443784207, 37.963922624559927 ], [ -0.699963443782678, 37.963922624536188 ], [ -0.699961724236019, 37.963886546205636 ], [ -0.699961724235227, 37.96388654617683 ], [ -0.69996159374596, 37.963868516771733 ], [ -0.69996159374629, 37.96386851674432 ], [ -0.699962295965661, 37.963846016063727 ], [ -0.699962295968392, 37.963846016019723 ], [ -0.699964392899362, 37.963823502071257 ], [ -0.699964392901215, 37.963823502053721 ], [ -0.699970228527759, 37.963774045740578 ], [ -0.699970228543294, 37.963774045654269 ], [ -0.699973493612145, 37.963760601774027 ], [ -0.699973493612146, 37.963760601774027 ], [ -0.699973493697687, 37.963760601564438 ], [ -0.699978710830081, 37.963751714972467 ], [ -0.69997871083958, 37.9637517149567 ], [ -0.699986958748317, 37.963738350524146 ], [ -0.699986958933955, 37.963738350309114 ], [ -0.699997210092917, 37.963729544165297 ], [ -0.69999721021882, 37.963729544072358 ], [ -0.700011004381197, 37.963720807446116 ], [ -0.700017529292574, 37.963693901885875 ], [ -0.700017529307619, 37.963693901832613 ], [ -0.700026205457015, 37.963667033518604 ], [ -0.700026205478633, 37.963667033460005 ], [ -0.700039230760086, 37.96363571309135 ], [ -0.70003923076859, 37.963635713071653 ], [ -0.700049231500392, 37.963613412297008 ], [ -0.700049231541383, 37.963613412217761 ], [ -0.700059718076162, 37.963595604003714 ], [ -0.70005971807616, 37.963595604003714 ], [ -0.700059718138372, 37.963595603912239 ], [ -0.700070088039026, 37.963582262071391 ], [ -0.700117691408303, 37.963515609433877 ], [ -0.700128922961309, 37.963497815809824 ], [ -0.700145423214855, 37.963471123067137 ], [ -0.700183778558686, 37.963404289502535 ], [ -0.700264779821321, 37.963248160255631 ], [ -0.700314093769017, 37.963150019866937 ], [ -0.700314093786976, 37.963150019833215 ], [ -0.700344201471139, 37.963096537128521 ], [ -0.700366805839466, 37.963056415418123 ], [ -0.700366805847777, 37.96305641540372 ], [ -0.700398356934977, 37.963002960913258 ], [ -0.700398356954458, 37.963002960881866 ], [ -0.700421520474586, 37.962967387231402 ], [ -0.700446217743189, 37.962927306444719 ], [ -0.700446217791392, 37.962927306374567 ], [ -0.700476654825547, 37.962887337835909 ], [ -0.700511601739497, 37.962838491366647 ], [ -0.70051160179091, 37.96283849130144 ], [ -0.700549958560384, 37.962794172026172 ], [ -0.700549958565834, 37.96279417201994 ], [ -0.700577264122796, 37.962763184917328 ], [ -0.700577264127528, 37.962763184912014 ], [ -0.700608975584864, 37.96272774683613 ], [ -0.700608975661802, 37.96272774675937 ], [ -0.700628709733604, 37.962710119330744 ], [ -0.700628709733606, 37.962710119330744 ], [ -0.700628709813206, 37.962710119266433 ], [ -0.700652756078193, 37.962692540126184 ], [ -0.700714729692015, 37.962644217599482 ], [ -0.700714729770394, 37.962644217543776 ], [ -0.700735047766393, 37.96263107113905 ], [ -0.700746838035232, 37.962617794042359 ], [ -0.700746838056755, 37.962617794018918 ], [ -0.700776240969773, 37.962586847907566 ], [ -0.70080140212998, 37.96255578282527 ], [ -0.70081706216437, 37.962533570135527 ], [ -0.700817062188963, 37.962533570102337 ], [ -0.700827407873861, 37.962520264688692 ], [ -0.700846166046685, 37.962489074444548 ], [ -0.700853137355797, 37.962471197479744 ], [ -0.700853137387518, 37.962471197409009 ], [ -0.70085993979625, 37.962457822701609 ], [ -0.700866929304816, 37.962439909166577 ], [ -0.700873458959249, 37.962413021393552 ], [ -0.700879284651417, 37.962386115324719 ], [ -0.700881946007755, 37.962368118029261 ], [ -0.700883392959254, 37.962345631937957 ], [ -0.700884094858057, 37.96232313126508 ], [ -0.700883635200174, 37.962291565205199 ], [ -0.700880659208191, 37.962273493743368 ], [ -0.700875697569288, 37.96225084631395 ], [ -0.700857420463304, 37.962196453448989 ], [ -0.700857420444713, 37.962196453384109 ], [ -0.700849878851773, 37.962164747876145 ], [ -0.700849878843808, 37.96216474783823 ], [ -0.700840801292373, 37.962114999854258 ], [ -0.700840801284981, 37.962114999803681 ], [ -0.700836331301894, 37.962074402652377 ], [ -0.70083633129941, 37.962074402625014 ], [ -0.700835360826609, 37.962060817321479 ], [ -0.70083536082497, 37.962060817286506 ], [ -0.700834758455962, 37.96203378999877 ], [ -0.700834758458342, 37.962033789922529 ], [ -0.70083704656879, 37.962006814648547 ], [ -0.700837046574086, 37.962006814603242 ], [ -0.700842407270359, 37.9619708792208 ], [ -0.700842407277959, 37.961970879178494 ], [ -0.700849964568395, 37.961934946196422 ], [ -0.700849964589034, 37.961934946119293 ], [ -0.70086017337133, 37.96190362463804 ], [ -0.700860173409017, 37.961903624544043 ], [ -0.700870845300999, 37.961881318804238 ], [ -0.70087848879309, 37.961863418886786 ], [ -0.700878488793091, 37.961863418886786 ], [ -0.700878488921545, 37.961863418678831 ], [ -0.700885896540974, 37.96185453886384 ], [ -0.70090081063153, 37.961832334114725 ], [ -0.700900810659026, 37.961832334076114 ], [ -0.700914185798035, 37.961814585860949 ], [ -0.700914185798036, 37.961814585860949 ], [ -0.700914185899955, 37.961814585746865 ], [ -0.700928115783423, 37.961801310712019 ], [ -0.700928115848124, 37.961801310655432 ], [ -0.700982822886079, 37.96175735148509 ], [ -0.700997457961471, 37.96174408937371 ], [ -0.701031283302497, 37.961708728587652 ], [ -0.701062271890284, 37.961673271760475 ], [ -0.701084453618426, 37.961646707991385 ], [ -0.701094100142879, 37.961633370854486 ], [ -0.70110305237321, 37.961620033676141 ], [ -0.701107616797397, 37.961611080292144 ], [ -0.701112280644667, 37.961597662881715 ], [ -0.701117824268011, 37.961579757987003 ], [ -0.701120529760044, 37.961561802108669 ], [ -0.70112533855949, 37.961521332318313 ], [ -0.701125338561134, 37.961521332305466 ], [ -0.701130885574198, 37.961480876945771 ], [ -0.701139801335628, 37.961399959672697 ], [ -0.701139801341208, 37.961399959632487 ], [ -0.701145066465293, 37.961368541468183 ], [ -0.701145066480309, 37.961368541399246 ], [ -0.701152297879, 37.961341626715857 ], [ -0.701152297895208, 37.961341626663319 ], [ -0.701161665471698, 37.96131478978797 ], [ -0.701172619052424, 37.961283446790411 ], [ -0.701172619057657, 37.961283446775909 ], [ -0.701184271048601, 37.961252153476366 ], [ -0.701184271084926, 37.961252153393808 ], [ -0.701204754144184, 37.961211990026015 ], [ -0.701204754150562, 37.961211990013766 ], [ -0.70122134275655, 37.961180792321379 ], [ -0.701221342756551, 37.961180792321379 ], [ -0.701221342818134, 37.961180792222848 ], [ -0.701240658481232, 37.961154118297237 ], [ -0.701277197124077, 37.96110075655205 ], [ -0.701295089778642, 37.961074090856542 ], [ -0.701331908916276, 37.961011732416253 ], [ -0.701331908926694, 37.961011732399065 ], [ -0.701351342166167, 37.960980555190844 ], [ -0.701364298301882, 37.960953788488787 ], [ -0.701364298328485, 37.960953788438445 ], [ -0.70137706796254, 37.960931541702806 ], [ -0.701388581182132, 37.960904692734651 ], [ -0.701420973796081, 37.960824234369746 ], [ -0.701465690340378, 37.960712459743256 ], [ -0.701465690357276, 37.960712459704176 ], [ -0.701480209661653, 37.960681222420405 ], [ -0.70148020966636, 37.96068122241045 ], [ -0.701493121201115, 37.960654423241472 ], [ -0.701493121237334, 37.960654423174553 ], [ -0.701511899168302, 37.960623269133144 ], [ -0.701511899208311, 37.960623269072762 ], [ -0.701540888959334, 37.960583271923888 ], [ -0.701540888961773, 37.960583271920541 ], [ -0.701566889086995, 37.960547753454399 ], [ -0.701566889135072, 37.960547753394323 ], [ -0.701582363715424, 37.960530006483737 ], [ -0.701582363740627, 37.960530006455983 ], [ -0.701594892943332, 37.960516743605027 ], [ -0.701594892988454, 37.960516743560298 ], [ -0.701613881178224, 37.96049910137031 ], [ -0.701613881357994, 37.960499101236053 ], [ -0.70162844266863, 37.960490383702925 ], [ -0.70164875787213, 37.960477268546605 ], [ -0.701687990060749, 37.960450983837809 ], [ -0.701706911817923, 37.960437841464099 ], [ -0.701721540659554, 37.960424619702025 ], [ -0.701739153519749, 37.960406914641702 ], [ -0.701757751023506, 37.960380262686627 ], [ -0.70175775103291, 37.960380262673418 ], [ -0.701777088028334, 37.960353620634756 ], [ -0.701795121802168, 37.960322416034963 ], [ -0.701806634209902, 37.960295621089529 ], [ -0.701819126651498, 37.960259807070905 ], [ -0.701824810243158, 37.96023740380128 ], [ -0.701826817228066, 37.960219393710069 ], [ -0.70182836190399, 37.960169888565467 ], [ -0.701828361905383, 37.960169888537877 ], [ -0.701829624425225, 37.960151845795473 ], [ -0.70182962442995, 37.960151845749394 ], [ -0.701831443840857, 37.960138391571327 ], [ -0.701831443856715, 37.960138391489672 ], [ -0.701837133141003, 37.960115988249584 ], [ -0.701837133150098, 37.960115988216913 ], [ -0.701846642815444, 37.960084616924426 ], [ -0.701846642830459, 37.960084616879932 ], [ -0.701858294322775, 37.960053323492346 ], [ -0.701858294358948, 37.960053323410094 ], [ -0.701867380848587, 37.960035487650224 ], [ -0.701867380859307, 37.960035487629895 ], [ -0.701889283844293, 37.959995351900076 ], [ -0.701897671892741, 37.959977502554267 ], [ -0.701906340423618, 37.959950620497978 ], [ -0.701913172963537, 37.959914727394249 ], [ -0.701916836868067, 37.959887742970281 ], [ -0.701920475323433, 37.959838248106202 ], [ -0.701922483169866, 37.959797758688083 ], [ -0.701922023026431, 37.959766192563372 ], [ -0.701919430586785, 37.959667036936494 ], [ -0.701915596975235, 37.959608384837715 ], [ -0.701915596973716, 37.959608384791807 ], [ -0.70191557621221, 37.959585869947759 ], [ -0.701915576213406, 37.959585869905808 ], [ -0.701917142653253, 37.959558844446285 ], [ -0.701917142659901, 37.959558844381981 ], [ -0.701919819432354, 37.959540887849514 ], [ -0.701919819454362, 37.959540887750109 ], [ -0.70192378347072, 37.959527457460844 ], [ -0.701923783474894, 37.959527457447187 ], [ -0.701930867306034, 37.959505040904304 ], [ -0.701930867313396, 37.959505040882199 ], [ -0.701938700616818, 37.959482678635553 ], [ -0.701938700629082, 37.959482678602939 ], [ -0.70196028039132, 37.959429028753256 ], [ -0.70196028041447, 37.959429028701258 ], [ -0.701977754767594, 37.95939330746085 ], [ -0.701977754787184, 37.959393307423341 ], [ -0.701995087618212, 37.959362125050077 ], [ -0.701995087654834, 37.959362124990271 ], [ -0.702004034774766, 37.959348792084064 ], [ -0.702004034793806, 37.959348792056822 ], [ -0.702013731483826, 37.959335473798859 ], [ -0.702013731500845, 37.95933547377625 ], [ -0.702034468313047, 37.959308822962072 ], [ -0.702034468407635, 37.959308822857913 ], [ -0.702062330122491, 37.959282347344327 ], [ -0.702074796439803, 37.959269083227333 ], [ -0.7020747964398, 37.959269083227333 ], [ -0.70207479656761, 37.959269083113014 ], [ -0.702092291359995, 37.959255881310717 ], [ -0.702134231106353, 37.959189117211729 ], [ -0.702169043538687, 37.959122218185392 ], [ -0.702197889419945, 37.959064204696951 ], [ -0.702256425339613, 37.958943693096934 ], [ -0.702315935471402, 37.958814193821595 ], [ -0.702412218693349, 37.958599819410921 ], [ -0.702458124637481, 37.958497074264002 ], [ -0.702502702249978, 37.95838983809908 ], [ -0.702502702257532, 37.958389838081516 ], [ -0.702512652522097, 37.958367463986271 ], [ -0.702512652532937, 37.958367463962936 ], [ -0.702525607202518, 37.95834071506598 ], [ -0.702525607227718, 37.958340715018117 ], [ -0.70254592572631, 37.958305049251585 ], [ -0.702545925758711, 37.958305049199275 ], [ -0.70257276867623, 37.958265050368205 ], [ -0.702572768681199, 37.958265050360879 ], [ -0.702636842787444, 37.958171662269194 ], [ -0.702636842819006, 37.958171662226086 ], [ -0.702678359483858, 37.958118401794515 ], [ -0.702685860625397, 37.958105040636077 ], [ -0.702685860660289, 37.958105040579369 ], [ -0.702694806297927, 37.958091707673596 ], [ -0.702699515187194, 37.958078287535336 ], [ -0.70270361586557, 37.958060318287878 ], [ -0.702703615873176, 37.958060318257544 ], [ -0.702706063024212, 37.958051363964053 ], [ -0.702707300828769, 37.958033374867497 ], [ -0.7027095897876, 37.957983848183652 ], [ -0.702709407518806, 37.957965813281177 ], [ -0.702706986962583, 37.957929725775045 ], [ -0.702706986961329, 37.957929725705043 ], [ -0.702707688193309, 37.957907224958284 ], [ -0.70270768821116, 37.95790722482004 ], [ -0.702711792873595, 37.957889273630798 ], [ -0.702711792897034, 37.95788927354981 ], [ -0.702716501113566, 37.957875875790812 ], [ -0.702722745816937, 37.95785794838919 ], [ -0.702722745816939, 37.95785794838919 ], [ -0.702722745870323, 37.957857948269556 ], [ -0.702732531368282, 37.957840126087504 ], [ -0.70273253137639, 37.957840126073094 ], [ -0.702745346098403, 37.957817861983997 ], [ -0.70274534614386, 37.957817861913419 ], [ -0.702767621452157, 37.957786739925083 ], [ -0.702767621452159, 37.957786739925083 ], [ -0.702767621549774, 37.957786739810267 ], [ -0.702785277922777, 37.957769071423563 ], [ -0.702803728488854, 37.957746917464227 ], [ -0.702803728488853, 37.957746917464227 ], [ -0.702803728590052, 37.957746917360119 ], [ -0.702828613520103, 37.957724853023471 ], [ -0.702868123323653, 37.957689598158183 ], [ -0.702868123378378, 37.957689598112658 ], [ -0.702941763907668, 37.957632464004675 ], [ -0.703000173770507, 37.957584034533703 ], [ -0.703013356288639, 37.957570779836757 ], [ -0.703020768189098, 37.957561922479456 ], [ -0.703020768215326, 37.95756192244945 ], [ -0.703028875104633, 37.957553038220418 ], [ -0.703033532703454, 37.957539617086972 ], [ -0.703033532723696, 37.957539617034861 ], [ -0.703041225098387, 37.957521758494401 ], [ -0.703046022325024, 37.957503856971307 ], [ -0.703048029460186, 37.95748582887105 ], [ -0.703047006731848, 37.957472301208817 ], [ -0.703044724159272, 37.957454243330687 ], [ -0.703042166808582, 37.957445186758207 ], [ -0.703029218042407, 37.957404369970078 ], [ -0.703029218035489, 37.957404369946993 ], [ -0.703020276857915, 37.957372674162137 ], [ -0.7030054702872, 37.957322813491665 ], [ -0.703005470268223, 37.957322813411693 ], [ -0.703003047390083, 37.95730925831343 ], [ -0.703003047384486, 37.957309258276673 ], [ -0.703000765939121, 37.957291164303093 ], [ -0.703000765933494, 37.957291164214972 ], [ -0.703000723193891, 37.957268648930132 ], [ -0.703000723198304, 37.957268648849492 ], [ -0.70300272866488, 37.95725067466288 ], [ -0.703002728668444, 37.957250674635659 ], [ -0.703005434762858, 37.957232678090541 ], [ -0.703005434775338, 37.957232678026962 ], [ -0.703011963110292, 37.957205790015813 ], [ -0.703011963114739, 37.957205789998433 ], [ -0.703019185403764, 37.957178911037026 ], [ -0.703019185427347, 37.957178910964295 ], [ -0.703027714167472, 37.957156527081423 ], [ -0.70303707975305, 37.957129712524328 ], [ -0.703037079785327, 37.957129712446033 ], [ -0.703047752093953, 37.957107347896091 ], [ -0.703047752114889, 37.957107347855271 ], [ -0.703057537286312, 37.957089530141189 ], [ -0.703057537290589, 37.957089530133501 ], [ -0.703072590593094, 37.957062804138076 ], [ -0.703072590596629, 37.957062804131866 ], [ -0.703085407330368, 37.957040503994705 ], [ -0.703085407401497, 37.957040503889921 ], [ -0.70309942952009, 37.957022764443977 ], [ -0.70311877080084, 37.956996122216154 ], [ -0.703118770800842, 37.956996122216154 ], [ -0.703118770904977, 37.956996122096299 ], [ -0.703141504620282, 37.956974015691564 ], [ -0.70315702238611, 37.956956305467337 ], [ -0.703157022439301, 37.956956305411396 ], [ -0.703179760722876, 37.956934235105429 ], [ -0.703179760960759, 37.956934234932085 ], [ -0.703187725899074, 37.956929907444 ], [ -0.703187725914441, 37.956929907435779 ], [ -0.703204312757097, 37.956921206717524 ], [ -0.703204312757098, 37.956921206717524 ], [ -0.703204313004613, 37.956921206619647 ], [ -0.703219411289161, 37.95691695988949 ], [ -0.703219411289159, 37.95691695988949 ], [ -0.703219411490623, 37.95691695984879 ], [ -0.703219411698078, 37.956916959837798 ], [ -0.70326702230747, 37.956917889782758 ], [ -0.703267022631794, 37.956917889826777 ], [ -0.703286074918558, 37.956922803595013 ], [ -0.70328607499629, 37.956922803617566 ], [ -0.703300891716312, 37.956927594104137 ], [ -0.703300891716311, 37.956927594104137 ], [ -0.703300891978602, 37.956927594223316 ], [ -0.703316215666229, 37.956936899576945 ], [ -0.703325160467228, 37.956923567465601 ], [ -0.703325160467227, 37.956923567465601 ], [ -0.703325160578692, 37.956923567330328 ], [ -0.703338395143588, 37.956910282006838 ], [ -0.703347200421843, 37.956901447304482 ], [ -0.703347200421845, 37.956901447304482 ], [ -0.703347200626411, 37.956901447145398 ], [ -0.703361692863055, 37.956892723553388 ], [ -0.703378463538299, 37.956879544278657 ], [ -0.703378463538298, 37.956879544278657 ], [ -0.703378463673887, 37.956879544187586 ], [ -0.70339370209916, 37.956870835128321 ], [ -0.703393702099163, 37.956870835128321 ], [ -0.703393702368392, 37.956870835014435 ], [ -0.703408048824083, 37.956866609620505 ], [ -0.70340804887404, 37.956866609606827 ], [ -0.703424544880808, 37.956862430699069 ], [ -0.703424544930097, 37.956862430687544 ], [ -0.703443879458517, 37.956858284687506 ], [ -0.703443879570087, 37.956858284668293 ], [ -0.703473881664312, 37.956854351512213 ], [ -0.703473881878217, 37.956854351500382 ], [ -0.703579080181093, 37.956856406010971 ], [ -0.703599107801295, 37.956852291578038 ], [ -0.703599107802415, 37.95685229157781 ], [ -0.703619192280578, 37.956848182728095 ], [ -0.703636382041477, 37.95684401735118 ], [ -0.703651427959652, 37.956839805593894 ], [ -0.703651427992249, 37.956839805585211 ], [ -0.703667922619169, 37.956835627880999 ], [ -0.703651574596254, 37.95681279424749 ], [ -0.703632384785304, 37.956789864542884 ], [ -0.703609604101784, 37.95676690526976 ], [ -0.703586728792041, 37.956748445214963 ], [ -0.703567955785544, 37.956734570901659 ], [ -0.703546900403892, 37.956725135066797 ], [ -0.703532835009279, 37.956720341280551 ], [ -0.70353283496465, 37.956720341264422 ], [ -0.703495562194674, 37.956706100150747 ], [ -0.703495562101611, 37.956706100110864 ], [ -0.703485732915854, 37.956701407056748 ], [ -0.703485732849053, 37.956701407022273 ], [ -0.703468963620379, 37.956692072832041 ], [ -0.703468963556526, 37.956692072793778 ], [ -0.703447346981275, 37.956678142849839 ], [ -0.70343197677955, 37.95666883598625 ], [ -0.703431976779548, 37.95666883598625 ], [ -0.703431976646245, 37.95666883589147 ], [ -0.70338762718775, 37.956631911439885 ], [ -0.70337653936224, 37.956622688250619 ], [ -0.703368854405493, 37.956618032602158 ], [ -0.703368854405492, 37.956618032602158 ], [ -0.703368854246069, 37.956618032484826 ], [ -0.703368854117786, 37.956618032345595 ], [ -0.703358605879442, 37.956604324413938 ], [ -0.703358605878645, 37.956604324412865 ], [ -0.703348358934648, 37.956590575054165 ], [ -0.70334155891281, 37.956581440063005 ], [ -0.703341558912809, 37.956581440063005 ], [ -0.703341558829137, 37.956581439924967 ], [ -0.70333285102455, 37.956563256483904 ], [ -0.70333285098578, 37.956563256386673 ], [ -0.703327025353566, 37.956545129238215 ], [ -0.703327025340521, 37.95654512919274 ], [ -0.70332130117012, 37.956522466892466 ], [ -0.703321301168316, 37.956522466885168 ], [ -0.703316925724207, 37.956504368060635 ], [ -0.703316925709648, 37.956504367981566 ], [ -0.703313480013741, 37.956477285139357 ], [ -0.703313480008162, 37.956477285063706 ], [ -0.703312923989525, 37.956450200088746 ], [ -0.703312923990757, 37.956450200029721 ], [ -0.703314323938549, 37.956427730941499 ], [ -0.703314323945936, 37.956427730874246 ], [ -0.703317869568397, 37.956405249627238 ], [ -0.703317869572231, 37.956405249605162 ], [ -0.703324673725922, 37.95636935576988 ], [ -0.703324673736412, 37.956369355723012 ], [ -0.703332787762231, 37.956337957020246 ], [ -0.703332787774392, 37.956337956978317 ], [ -0.703350075286507, 37.956284258134318 ], [ -0.703358744646829, 37.956257353374184 ], [ -0.7033728212684, 37.956194568041859 ], [ -0.703372821280662, 37.956194567994565 ], [ -0.703376785384466, 37.956181119623515 ], [ -0.703376785387512, 37.956181119613454 ], [ -0.703382326888976, 37.956163250523176 ], [ -0.703382326912304, 37.956163250458474 ], [ -0.703391555471337, 37.956140862178835 ], [ -0.703391555497315, 37.956140862122297 ], [ -0.703405141233573, 37.956114107413704 ], [ -0.703405141259243, 37.956114107367007 ], [ -0.703415693931971, 37.956096304623138 ], [ -0.703430048503703, 37.956069528898055 ], [ -0.703430048615168, 37.956069528737721 ], [ -0.703445514949819, 37.956051817441562 ], [ -0.703486890809077, 37.956003054980599 ], [ -0.703494251467141, 37.95599419205486 ], [ -0.703494251469878, 37.955994192051577 ], [ -0.70350166255478, 37.955985352701809 ], [ -0.703511448110652, 37.955967512508344 ], [ -0.703520534750939, 37.955949640603059 ], [ -0.703527527472135, 37.955931763851105 ], [ -0.703533771216637, 37.955913854439842 ], [ -0.703538569188865, 37.955895921338659 ], [ -0.703540574459714, 37.955877947227322 ], [ -0.703540575891931, 37.955855432866684 ], [ -0.703536998386662, 37.95581029356385 ], [ -0.703536998385284, 37.955810293542399 ], [ -0.703536114559675, 37.955792267419561 ], [ -0.703536114560047, 37.955792267342773 ], [ -0.703537701892934, 37.955765241345311 ], [ -0.703537701893862, 37.955765241331719 ], [ -0.703541202218565, 37.955720280777683 ], [ -0.703541202218566, 37.955720280777683 ], [ -0.70354120225527, 37.955720280599678 ], [ -0.703541202336025, 37.955720280431031 ], [ -0.703552434068671, 37.955702450368669 ], [ -0.703552434082025, 37.955702450348134 ], [ -0.703561379310469, 37.955689117270147 ], [ -0.703561379310467, 37.955689117270147 ], [ -0.703561379394253, 37.955689117163843 ], [ -0.703569484993795, 37.955680268784853 ], [ -0.703585002389451, 37.955662558467658 ], [ -0.703585002401746, 37.955662558453895 ], [ -0.703601169228114, 37.955644824764725 ], [ -0.703601169228111, 37.955644824764725 ], [ -0.703601169354984, 37.955644824648026 ], [ -0.703601169505099, 37.955644824550156 ], [ -0.703609134743861, 37.955640479067249 ], [ -0.70362521141764, 37.955627280814717 ], [ -0.703625211417637, 37.955627280814717 ], [ -0.703625211640949, 37.955627280672545 ], [ -0.703651905664767, 37.955614294233769 ], [ -0.703725285844332, 37.955566157643467 ], [ -0.703741339628264, 37.955552963403662 ], [ -0.70374133966221, 37.955552963376903 ], [ -0.703752960779217, 37.955544183708895 ], [ -0.703763350332144, 37.955530878944003 ], [ -0.703769317576141, 37.955521988846193 ], [ -0.703795757929561, 37.955472934637925 ], [ -0.703795757961288, 37.955472934584058 ], [ -0.703827117473443, 37.955423976390293 ], [ -0.703827117473442, 37.955423976390293 ], [ -0.7038271175412, 37.955423976298398 ], [ -0.703834552467027, 37.955415137323783 ], [ -0.703834552547699, 37.955415137239122 ], [ -0.703844057630978, 37.955406298137476 ], [ -0.70384405763098, 37.955406298137476 ], [ -0.703844057728286, 37.95540629805754 ], [ -0.703862228125336, 37.955393104667287 ], [ -0.703867490029476, 37.955384201038434 ], [ -0.703868520877006, 37.955375219314902 ], [ -0.703865212858754, 37.955366148212633 ], [ -0.703852005261287, 37.955334368331989 ], [ -0.703846582805375, 37.955325219767438 ], [ -0.703838479918221, 37.955311549322197 ], [ -0.703819288024616, 37.955288660168399 ], [ -0.703794504937486, 37.955261124641318 ], [ -0.70379450488487, 37.955261124577284 ], [ -0.703784256976417, 37.955247412307578 ], [ -0.703757100919333, 37.955228873246242 ], [ -0.703757100789025, 37.955228873141429 ], [ -0.703757100681991, 37.955228873021227 ], [ -0.703750300874717, 37.955219733563702 ], [ -0.703739353434814, 37.955206006615178 ], [ -0.703739353303366, 37.955206006383108 ], [ -0.703736046364599, 37.955196899076171 ], [ -0.703736046334472, 37.955196898968971 ], [ -0.703734228099466, 37.955187861283484 ], [ -0.703734228086246, 37.955187861178494 ], [ -0.703733763471653, 37.955178845420633 ], [ -0.703733763471054, 37.955178845361694 ], [ -0.703734043838979, 37.95516984415174 ], [ -0.703734043843874, 37.955169844087585 ], [ -0.703737869639865, 37.955138397663355 ], [ -0.703741136183442, 37.955102398677788 ], [ -0.703741136185746, 37.955102398656059 ], [ -0.70374496195972, 37.955070916175075 ], [ -0.703744961967167, 37.955070916127255 ], [ -0.703747520712006, 37.955057458320091 ], [ -0.703749200049293, 37.955048484429355 ], [ -0.703749200058252, 37.955048484388115 ], [ -0.703761412831296, 37.95499915231418 ], [ -0.703761412838594, 37.954999152286952 ], [ -0.703788539256235, 37.954905082514706 ], [ -0.70378853927792, 37.954905082450509 ], [ -0.703795480660088, 37.954887204626132 ], [ -0.703795480670437, 37.954887204600816 ], [ -0.703803168150473, 37.95486930530037 ], [ -0.703803168172537, 37.954869305253339 ], [ -0.703809974425434, 37.95485594840715 ], [ -0.7038099744417, 37.954855948376839 ], [ -0.703817521106328, 37.954842569943494 ], [ -0.703817521140384, 37.954842569888271 ], [ -0.703826466209526, 37.954829236783404 ], [ -0.703826466209526, 37.954829236783404 ], [ -0.703826466320424, 37.954829236648685 ], [ -0.703839701084688, 37.954815928754051 ], [ -0.703851488988475, 37.954802669212697 ], [ -0.703866262195439, 37.954784944426443 ], [ -0.703879305119382, 37.954753678077743 ], [ -0.703879305133119, 37.954753678046728 ], [ -0.703887692043641, 37.954735792434349 ], [ -0.703893916661462, 37.954717905224527 ], [ -0.703896784155552, 37.954695445963367 ], [ -0.703897207558988, 37.954681887935031 ], [ -0.703896927960806, 37.954668392778309 ], [ -0.703893481112001, 37.954641305471654 ], [ -0.703888641971921, 37.954614159437178 ], [ -0.703880957879692, 37.954587007426731 ], [ -0.703875715940062, 37.954573379303675 ], [ -0.703875715938017, 37.954573379298282 ], [ -0.703867171208536, 37.954550657495609 ], [ -0.703846255988629, 37.954514226923166 ], [ -0.703811720778004, 37.9544594800157 ], [ -0.703811720756559, 37.954459479979739 ], [ -0.703786082762662, 37.954413909887627 ], [ -0.703725018784817, 37.954318117989665 ], [ -0.703725018775269, 37.954318117974317 ], [ -0.703697305074584, 37.954272510924696 ], [ -0.703664699938037, 37.954222303652628 ], [ -0.703664699919987, 37.954222303623567 ], [ -0.703645788660104, 37.954190413169627 ], [ -0.703645788660103, 37.954190413169627 ], [ -0.703645788614885, 37.954190413081569 ], [ -0.703631865825805, 37.95415858399749 ], [ -0.703631865818316, 37.954158583979769 ], [ -0.703622598862541, 37.954135887645833 ], [ -0.703622598839188, 37.954135887580279 ], [ -0.703612912740127, 37.954104141230495 ], [ -0.703612912721361, 37.954104141154993 ], [ -0.703606808194404, 37.954072500792762 ], [ -0.70360680819021, 37.954072500768881 ], [ -0.703603228166094, 37.954049911887282 ], [ -0.703603228159181, 37.954049911827731 ], [ -0.703601226857994, 37.954022821146999 ], [ -0.703601226856063, 37.954022821090653 ], [ -0.703601368496891, 37.953995803798016 ], [ -0.703601368499329, 37.953995803742693 ], [ -0.703602489024448, 37.95398229982618 ], [ -0.703602489034656, 37.953982299751246 ], [ -0.703608458145448, 37.953950877148728 ], [ -0.703608458162136, 37.953950877079443 ], [ -0.70363073587874, 37.953874721532664 ], [ -0.703644062753785, 37.953811903475646 ], [ -0.703646627171273, 37.953798444903818 ], [ -0.703648425102346, 37.953784931756545 ], [ -0.703648308964446, 37.953766920741266 ], [ -0.70364644542696, 37.95375787773235 ], [ -0.703646445424435, 37.953757877719518 ], [ -0.70364221015231, 37.953735280606118 ], [ -0.703635647638736, 37.9537171031131 ], [ -0.703627678216516, 37.953698934132831 ], [ -0.703615712560865, 37.953671684906908 ], [ -0.703615712535743, 37.953671684841872 ], [ -0.703611147005798, 37.953658047433834 ], [ -0.703603043081473, 37.953644381504745 ], [ -0.703573045667624, 37.953603267886088 ], [ -0.703573045622522, 37.95360326781767 ], [ -0.703562239670167, 37.953585006469098 ], [ -0.703562239670169, 37.953585006469098 ], [ -0.703562239619258, 37.953585006367412 ], [ -0.703550967789551, 37.953557770684441 ], [ -0.703550967776389, 37.953557770650363 ], [ -0.703541192855105, 37.953530559706749 ], [ -0.703533924062517, 37.95351236834702 ], [ -0.703533924031691, 37.953512368252255 ], [ -0.703528198862776, 37.953489741979695 ], [ -0.703528198852484, 37.95348974193255 ], [ -0.703521542992788, 37.953453553661667 ], [ -0.703521542989152, 37.95345355364006 ], [ -0.703513256931223, 37.95339933367493 ], [ -0.703513256925228, 37.953399333623274 ], [ -0.703509673116513, 37.953354215781083 ], [ -0.703509673114272, 37.953354215726932 ], [ -0.703509536921943, 37.953313649183862 ], [ -0.703509536923318, 37.953313649137129 ], [ -0.703512338724782, 37.953268638880388 ], [ -0.703512338727061, 37.953268638852549 ], [ -0.703516444853188, 37.953228191203557 ], [ -0.70351644485752, 37.95322819116916 ], [ -0.70352185527674, 37.953192234037687 ], [ -0.703521855285841, 37.953192233988702 ], [ -0.703531782562243, 37.953147398930625 ], [ -0.703531782568492, 37.953147398904655 ], [ -0.703542269168722, 37.953107039814483 ], [ -0.703542269178036, 37.953107039781742 ], [ -0.703553361173585, 37.953071175581549 ], [ -0.703553361185634, 37.953071175545787 ], [ -0.703569668365267, 37.953026483098661 ], [ -0.703569668376306, 37.953026483070175 ], [ -0.703593527841684, 37.95296837175524 ], [ -0.703593527863461, 37.95296837170693 ], [ -0.703613283774323, 37.952928192724265 ], [ -0.703633040771989, 37.95288801466009 ], [ -0.703633040840751, 37.952888014545046 ], [ -0.703645668602418, 37.952870252292875 ], [ -0.703656897568659, 37.952852458218295 ], [ -0.703656897590124, 37.952852458185944 ], [ -0.703675487989156, 37.952825765111228 ], [ -0.703675487989156, 37.952825765111228 ], [ -0.703675488060333, 37.952825765021871 ], [ -0.703703492432395, 37.95279479074533 ], [ -0.703729349466495, 37.952763738485359 ], [ -0.703729349466494, 37.952763738485359 ], [ -0.703729349542373, 37.952763738404464 ], [ -0.703743281593624, 37.95275050268198 ], [ -0.703743281778834, 37.952750502541733 ], [ -0.703757767422747, 37.952741778768477 ], [ -0.703768022169348, 37.952732972386244 ], [ -0.703768022317074, 37.952732972279847 ], [ -0.703782508006387, 37.952724249355853 ], [ -0.703782508006388, 37.952724249355853 ], [ -0.703782508106386, 37.952724249302022 ], [ -0.703800582128121, 37.952715595543978 ], [ -0.703800582355585, 37.952715595460617 ], [ -0.703816331855247, 37.952711419936648 ], [ -0.703843630230168, 37.952702928279358 ], [ -0.70384363023017, 37.952702928279358 ], [ -0.703843630473449, 37.952702928227424 ], [ -0.703875776405428, 37.952699018787627 ], [ -0.703900795871914, 37.952695001736586 ], [ -0.703936618012633, 37.952686694517219 ], [ -0.703936618012633, 37.952686694517219 ], [ -0.703936618184774, 37.95268669448852 ], [ -0.703936618360442, 37.952686694481194 ], [ -0.70395718706814, 37.952687096097556 ], [ -0.703997179457409, 37.952683375880198 ], [ -0.703997179545497, 37.952683375874734 ], [ -0.70408615620649, 37.952680608429603 ], [ -0.704086156279191, 37.952680608429176 ], [ -0.704251070525168, 37.95268382816743 ], [ -0.704380577798202, 37.952681838256773 ], [ -0.704438293936983, 37.952678481906851 ], [ -0.704476802269673, 37.952674728043498 ], [ -0.704476802436726, 37.952674728037017 ], [ -0.704494618712898, 37.952675075828751 ], [ -0.704515350057737, 37.952670980379303 ], [ -0.704556299390932, 37.95265827197543 ], [ -0.704556299503108, 37.952658271945836 ], [ -0.704594266662333, 37.952649965856402 ], [ -0.704617282003785, 37.952641412999121 ], [ -0.704633189204077, 37.952632716859121 ], [ -0.704633189243566, 37.952632716838487 ], [ -0.704650546625366, 37.952624048959287 ], [ -0.704650546748905, 37.952624048905754 ], [ -0.704662054332228, 37.952619772502025 ], [ -0.704679523242594, 37.952606601364153 ], [ -0.704691310588791, 37.952593341759354 ], [ -0.704691310588788, 37.952593341759354 ], [ -0.704691310698506, 37.952593341653937 ], [ -0.704707382487377, 37.952580089075539 ], [ -0.704721455444114, 37.952562354976919 ], [ -0.704738505139151, 37.952540173325382 ], [ -0.704753417890057, 37.952517909415043 ], [ -0.704764646381963, 37.952500119748443 ], [ -0.704773731118113, 37.952482283761469 ], [ -0.70478225756659, 37.952459899707073 ], [ -0.704782257571651, 37.952459899694141 ], [ -0.704787643553613, 37.952446492579334 ], [ -0.704793348266241, 37.952424089557638 ], [ -0.704795448199754, 37.952401598128425 ], [ -0.704796009179292, 37.952383577734146 ], [ -0.704795030507083, 37.952370050923427 ], [ -0.704790214606175, 37.952342918904961 ], [ -0.704781204368258, 37.952311203923067 ], [ -0.704775937999111, 37.952297592519535 ], [ -0.704766529712409, 37.952279395547457 ], [ -0.704759126253429, 37.952265707265518 ], [ -0.704746176324594, 37.952247441161049 ], [ -0.704746176316196, 37.952247441148991 ], [ -0.704730573152064, 37.952224622179692 ], [ -0.70471748194618, 37.952210858928055 ], [ -0.704708494027255, 37.952201640762041 ], [ -0.704708494000351, 37.952201640733293 ], [ -0.704696153641279, 37.952187887697626 ], [ -0.70468771841262, 37.952183222073188 ], [ -0.704676490876624, 37.952178501852238 ], [ -0.704676490755579, 37.952178501793398 ], [ -0.704668107880058, 37.952173832627366 ], [ -0.704652644065012, 37.95216902888037 ], [ -0.704642675725404, 37.952168834302888 ], [ -0.70462473660129, 37.952172985186806 ], [ -0.704624736601291, 37.952172985186806 ], [ -0.704624736430899, 37.952172985215256 ], [ -0.704588377977734, 37.952176781089861 ], [ -0.704569767731187, 37.952180918888686 ], [ -0.704569767731188, 37.952180918888686 ], [ -0.704569767559465, 37.952180918915793 ], [ -0.704491272968483, 37.952188393348443 ], [ -0.704491272804609, 37.952188393354632 ], [ -0.704452188423118, 37.952187630386533 ], [ -0.704383797124034, 37.952190795473292 ], [ -0.704383797029615, 37.952190795474564 ], [ -0.704341124319007, 37.952189962418807 ], [ -0.704341124091203, 37.952189962396027 ], [ -0.704313548503024, 37.952184922965678 ], [ -0.70431354833905, 37.952184922925177 ], [ -0.704313548184647, 37.952184922865591 ], [ -0.704293237186015, 37.952175519713393 ], [ -0.704269880119079, 37.952170562657628 ], [ -0.704269879924982, 37.952170562601012 ], [ -0.704269879747038, 37.952170562517516 ], [ -0.704245443862605, 37.952156573184531 ], [ -0.704218147459275, 37.952142532504674 ], [ -0.704218147459276, 37.952142532504674 ], [ -0.704218147316475, 37.95214253241776 ], [ -0.704198676888953, 37.952128607563658 ], [ -0.704198676875061, 37.952128607553576 ], [ -0.704179906073198, 37.952114728818685 ], [ -0.704165230488337, 37.95210543563001 ], [ -0.704165230288861, 37.952105435467104 ], [ -0.704152190336475, 37.952091673097485 ], [ -0.704152190336477, 37.952091673097485 ], [ -0.704152190219125, 37.952091672943801 ], [ -0.704146715641349, 37.952082559417512 ], [ -0.704135791166726, 37.952068838392762 ], [ -0.704135791166728, 37.952068838392762 ], [ -0.704135791054084, 37.952068838207147 ], [ -0.704127828462138, 37.952050633322216 ], [ -0.704127828426784, 37.95205063322355 ], [ -0.704121450337337, 37.952027994226697 ], [ -0.704121450320463, 37.952027994152203 ], [ -0.704116000786039, 37.951996330549761 ], [ -0.704116000781232, 37.951996330517488 ], [ -0.704105764707267, 37.951915038020196 ], [ -0.70410576470439, 37.951915037993253 ], [ -0.704104181420964, 37.951896993701588 ], [ -0.704104181418473, 37.951896993657861 ], [ -0.704102880605217, 37.951847402215797 ], [ -0.704100045461551, 37.951824827974676 ], [ -0.704096178127813, 37.951811244764698 ], [ -0.704089614507232, 37.951793067261868 ], [ -0.704080251818892, 37.951774875661847 ], [ -0.704049091877849, 37.951724695826378 ], [ -0.704028736634551, 37.951692777239721 ], [ -0.704028736604228, 37.951692777188192 ], [ -0.704021333450617, 37.951679084310946 ], [ -0.704013924488984, 37.951665431871319 ], [ -0.704013924440005, 37.951665431762223 ], [ -0.704007405196424, 37.95164729109495 ], [ -0.704007405167575, 37.951647290992206 ], [ -0.704001865540168, 37.951620167267201 ], [ -0.704001865531429, 37.951620167214649 ], [ -0.703999538451324, 37.951602072353829 ], [ -0.703999538447958, 37.951602072322103 ], [ -0.703998029119386, 37.951584029472571 ], [ -0.703998029117075, 37.951584029428915 ], [ -0.703996522412407, 37.951516420549019 ], [ -0.703996522413459, 37.951516420491259 ], [ -0.703998108283477, 37.95148943048396 ], [ -0.703998108287713, 37.951489430437633 ], [ -0.704000902755885, 37.951466934482227 ], [ -0.704000902759216, 37.951466934458622 ], [ -0.704004447872507, 37.951444489204093 ], [ -0.704004447879512, 37.951444489166285 ], [ -0.704024493896983, 37.951350240484587 ], [ -0.704031295832933, 37.951314351061008 ], [ -0.704040478875047, 37.951246946411885 ], [ -0.704048291869027, 37.951179537527096 ], [ -0.704066967270115, 37.95099064360727 ], [ -0.704066967270732, 37.950990643601294 ], [ -0.704107024031322, 37.950617455622229 ], [ -0.704108897876228, 37.950581433934687 ], [ -0.704110398576491, 37.950486859194243 ], [ -0.704110398577409, 37.950486859167668 ], [ -0.704112074346192, 37.95045533467254 ], [ -0.704112074351958, 37.950455334612279 ], [ -0.704113939070711, 37.950441863234069 ], [ -0.704113939071254, 37.950441863230225 ], [ -0.704118462691262, 37.950410429479277 ], [ -0.704118462725086, 37.950410429341204 ], [ -0.704121586255013, 37.95040148364555 ], [ -0.704127130447737, 37.950383542473574 ], [ -0.704127130469525, 37.950383542412489 ], [ -0.704132560631229, 37.9503701406449 ], [ -0.704143347023684, 37.950343335665281 ], [ -0.704143347061828, 37.950343335584186 ], [ -0.704155416273726, 37.950321016190038 ], [ -0.704155416295102, 37.950321016152856 ], [ -0.704177128000516, 37.950285417928015 ], [ -0.704184213534767, 37.950217972445429 ], [ -0.704184213539395, 37.950217972409909 ], [ -0.704194002126309, 37.950155085129929 ], [ -0.704194002133492, 37.950155085090856 ], [ -0.704207332252879, 37.950092266950463 ], [ -0.704207332260403, 37.950092266918553 ], [ -0.704225930803626, 37.950020544937843 ], [ -0.70422593081248, 37.950020544906536 ], [ -0.704252024765458, 37.949935424519531 ], [ -0.704252024774492, 37.949935424491976 ], [ -0.704275463394155, 37.949868298084688 ], [ -0.704275463404828, 37.949868298055989 ], [ -0.704287811476439, 37.949837017948717 ], [ -0.704301746353596, 37.949801227173516 ], [ -0.704301746385863, 37.949801227101624 ], [ -0.704313114755183, 37.949778934556271 ], [ -0.704329000902337, 37.94974768746841 ], [ -0.704329000935581, 37.949747687409243 ], [ -0.704353718637493, 37.949707642076611 ], [ -0.704353718648192, 37.949707642059728 ], [ -0.704376876777215, 37.949672035830758 ], [ -0.704376876806273, 37.949672035788851 ], [ -0.704393249221512, 37.949649840920827 ], [ -0.704393249272858, 37.949649840857454 ], [ -0.704428613052973, 37.949609967324818 ], [ -0.704441240151194, 37.949592200470754 ], [ -0.70444124017499, 37.949592200438815 ], [ -0.704451628788845, 37.949578895471973 ], [ -0.704460574274251, 37.949565521825669 ], [ -0.704469659686699, 37.949547690359999 ], [ -0.704479629216784, 37.949525366025448 ], [ -0.704499758360584, 37.949471687277764 ], [ -0.704499758373965, 37.949471687244468 ], [ -0.704511267927638, 37.949444855789103 ], [ -0.70451126794183, 37.949444855757896 ], [ -0.704547798918738, 37.949368982663685 ], [ -0.704547798938433, 37.949368982625444 ], [ -0.70456736645096, 37.949333342321957 ], [ -0.704583305397306, 37.949302073707948 ], [ -0.704583305428432, 37.949302073652383 ], [ -0.704613262027784, 37.949253110309257 ], [ -0.704613262027785, 37.949253110309257 ], [ -0.704613262083161, 37.949253110229343 ], [ -0.704633994382694, 37.949226476818701 ], [ -0.704646665747346, 37.949208746827246 ], [ -0.704662271984572, 37.949186482899066 ], [ -0.704662271984571, 37.949186482899066 ], [ -0.704662272100593, 37.949186482764041 ], [ -0.704680627010032, 37.949168809636582 ], [ -0.704693113253775, 37.949155563603206 ], [ -0.704693113294913, 37.949155563562122 ], [ -0.704716548037572, 37.949133506491563 ], [ -0.704716548037571, 37.949133506491563 ], [ -0.704716548155082, 37.949133506396258 ], [ -0.704766721126221, 37.949098422861887 ], [ -0.704766721126223, 37.949098422861887 ], [ -0.704766721254122, 37.949098422784488 ], [ -0.704783349098573, 37.949089763216591 ], [ -0.704799424032112, 37.9490765647774 ], [ -0.704808229784085, 37.949067675939581 ], [ -0.704843591944792, 37.949027838267767 ], [ -0.704843591954674, 37.949027838256818 ], [ -0.704859801109913, 37.949010145809311 ], [ -0.704867348707144, 37.9489967448947 ], [ -0.704873455281258, 37.948983356340094 ], [ -0.704880395739122, 37.948965478493498 ], [ -0.704882959670008, 37.948952020878025 ], [ -0.70488296170464, 37.948929470490249 ], [ -0.704880818847172, 37.948906914250692 ], [ -0.704876539749748, 37.948884293813855 ], [ -0.704869969774157, 37.9488661387606 ], [ -0.704860008262482, 37.948843425384972 ], [ -0.704851340010729, 37.948825229358533 ], [ -0.704836393284929, 37.948802399784867 ], [ -0.704823442603077, 37.948784138149698 ], [ -0.704823442597911, 37.948784138142337 ], [ -0.704813940187805, 37.94877044042952 ], [ -0.704801554699275, 37.948756691008199 ], [ -0.704789769577203, 37.948747418342556 ], [ -0.704774395162067, 37.948738111609316 ], [ -0.704735269162729, 37.94871483346629 ], [ -0.704719246455055, 37.948705514038714 ], [ -0.704719246436825, 37.948705514027885 ], [ -0.704703900408788, 37.948696207802918 ], [ -0.704703900324782, 37.948696207746671 ], [ -0.704691346768207, 37.94868694160693 ], [ -0.70469134676821, 37.94868694160693 ], [ -0.70469134661699, 37.948686941470264 ], [ -0.704674854060239, 37.94866858814575 ], [ -0.704674854042401, 37.948668588125322 ], [ -0.704663214696595, 37.948654848644608 ], [ -0.704663214663165, 37.948654848602708 ], [ -0.704656363978975, 37.948645712696049 ], [ -0.704656363908781, 37.948645712585886 ], [ -0.704644258566479, 37.94862296181843 ], [ -0.704644258497883, 37.948622961639543 ], [ -0.70463983303963, 37.948604825824638 ], [ -0.704639833024535, 37.948604825742734 ], [ -0.704636437241188, 37.948577739375892 ], [ -0.704636437236044, 37.948577739311411 ], [ -0.704634577885466, 37.948523631310223 ], [ -0.704634577885391, 37.948523631263512 ], [ -0.70463527829253, 37.948501130450289 ], [ -0.704635278298778, 37.948501130375639 ], [ -0.704638963179988, 37.948474146171236 ], [ -0.70463896318216, 37.948474146156485 ], [ -0.704642502253041, 37.94845169984972 ], [ -0.704642502264722, 37.948451699791306 ], [ -0.704649029204956, 37.94842480710512 ], [ -0.704649029209383, 37.948424807087811 ], [ -0.704663471527331, 37.94837101728227 ], [ -0.704675682355606, 37.948321685013532 ], [ -0.704675682363097, 37.948321684985608 ], [ -0.704696422533632, 37.948250004722418 ], [ -0.704704670369806, 37.94821410742658 ], [ -0.704711611769503, 37.948173715054665 ], [ -0.704711611771589, 37.948173715043083 ], [ -0.704716695439819, 37.948146758163709 ], [ -0.704720660315475, 37.948110813309079 ], [ -0.704723920206777, 37.948074814116168 ], [ -0.704723920224822, 37.948074814008471 ], [ -0.704742657697047, 37.94799859265612 ], [ -0.704751464822947, 37.947944688381348 ], [ -0.70475836386743, 37.947881744654076 ], [ -0.704762889024822, 37.947827761283321 ], [ -0.704767557325282, 37.947724246130441 ], [ -0.704768541024895, 37.947670193633414 ], [ -0.704767345249796, 37.947548513672331 ], [ -0.704767345250108, 37.947548513643113 ], [ -0.704769447535458, 37.947480970659853 ], [ -0.704769447536748, 37.947480970633748 ], [ -0.704773414382548, 37.947422475243791 ], [ -0.704773414382829, 37.947422475239811 ], [ -0.704777050582066, 37.947372957564319 ], [ -0.704777050583593, 37.947372957546555 ], [ -0.704794769259922, 37.947193087446891 ], [ -0.704802936516187, 37.947067090026714 ], [ -0.704802936517852, 37.947067090005802 ], [ -0.704807175738964, 37.947022143764364 ], [ -0.704807175742399, 37.947022143734614 ], [ -0.704810860459231, 37.946995159514124 ], [ -0.704810860462159, 37.946995159494676 ], [ -0.704815288982853, 37.946968224934665 ], [ -0.704815288987477, 37.946968224909355 ], [ -0.704827919592943, 37.946905393003291 ], [ -0.704827919608522, 37.946905392940323 ], [ -0.704835840425575, 37.946878495912429 ], [ -0.704843945750025, 37.946847132928333 ], [ -0.704843945764039, 37.94684713288072 ], [ -0.704857274839967, 37.94680682909275 ], [ -0.704857274862131, 37.946806829033982 ], [ -0.704889515615584, 37.946730867550095 ], [ -0.7048987395744, 37.946708533081853 ], [ -0.704898739612835, 37.946708533001861 ], [ -0.704908570723426, 37.946690675430027 ], [ -0.704908570747813, 37.946690675388624 ], [ -0.704919752779788, 37.946672884731285 ], [ -0.704919752779789, 37.946672884731285 ], [ -0.704919752849606, 37.946672884635454 ], [ -0.704934568521928, 37.946655160386129 ], [ -0.70493456857749, 37.946655160325321 ], [ -0.704943372382077, 37.946646325443773 ], [ -0.704943372382078, 37.946646325443773 ], [ -0.704943372555165, 37.946646325304322 ], [ -0.704963684197995, 37.946633177909675 ], [ -0.704979013718767, 37.946619964827207 ], [ -0.704979013822486, 37.946619964748422 ], [ -0.704992099351954, 37.946611213424212 ], [ -0.704992099351954, 37.946611213424212 ], [ -0.704992099576154, 37.946611213307129 ], [ -0.705002906904286, 37.946606923139825 ], [ -0.705020933726456, 37.946598268263934 ], [ -0.705020933744696, 37.946598268255357 ], [ -0.705039711184533, 37.946589628005619 ], [ -0.705039711184534, 37.946589628005619 ], [ -0.705039711373794, 37.946589627936071 ], [ -0.705039711575914, 37.946589627895051 ], [ -0.705039711784094, 37.946589627883945 ], [ -0.705050379029309, 37.946589836057605 ], [ -0.705075389836766, 37.946585841107989 ], [ -0.705090485184269, 37.946581613000539 ], [ -0.705116337376614, 37.946573074766107 ], [ -0.705116337376612, 37.946573074766107 ], [ -0.705116337539068, 37.946573074723496 ], [ -0.705137067222558, 37.946568978189106 ], [ -0.705176009338925, 37.946551724792883 ], [ -0.705202051551558, 37.946538725198707 ], [ -0.705202051586227, 37.946538725182066 ], [ -0.705230186308346, 37.946525766420031 ], [ -0.705254040521889, 37.946512683594058 ], [ -0.705281615765166, 37.946495212831941 ], [ -0.705322399549688, 37.946464487481634 ], [ -0.705322399556361, 37.946464487476661 ], [ -0.705363884005344, 37.946433735208096 ], [ -0.705404691587838, 37.946403010304785 ], [ -0.705432553660494, 37.946376502355129 ], [ -0.705432553708269, 37.946376502312489 ], [ -0.705458824643882, 37.946354501363921 ], [ -0.7054780162473, 37.946332361407563 ], [ -0.705495071135508, 37.946310139149006 ], [ -0.705495071144216, 37.946310139137843 ], [ -0.705509135981801, 37.946292400217416 ], [ -0.705524185823935, 37.946265678339216 ], [ -0.705535555467961, 37.946243349671356 ], [ -0.705547062947753, 37.946216554134821 ], [ -0.705555542879159, 37.94619416818626 ], [ -0.705563507840089, 37.946167303544428 ], [ -0.705569334648906, 37.946140401684417 ], [ -0.705572880201648, 37.946117915857442 ], [ -0.705574973374897, 37.946095442259391 ], [ -0.705574833936565, 37.946077430685797 ], [ -0.705574561489696, 37.946063877054335 ], [ -0.705572418458753, 37.946041320818338 ], [ -0.705564272443258, 37.946005099087635 ], [ -0.705542337984804, 37.945910071498552 ], [ -0.705542337966463, 37.945910071353474 ], [ -0.705539881293047, 37.945806380379651 ], [ -0.705529634240524, 37.945792672915864 ], [ -0.705519991421241, 37.945783496151599 ], [ -0.705519991395921, 37.945783496126609 ], [ -0.705511003634052, 37.945774296126444 ], [ -0.705496374654939, 37.945765004062878 ], [ -0.705496374654941, 37.945765004062878 ], [ -0.705496374566725, 37.94576500400062 ], [ -0.705484588498497, 37.945755771896515 ], [ -0.705467778689734, 37.945746396856805 ], [ -0.705455712982834, 37.945746161436375 ], [ -0.705455712776313, 37.945746161417297 ], [ -0.705455712577628, 37.945746161368767 ], [ -0.705440972453628, 37.945741353753519 ], [ -0.705423291526184, 37.945736525723774 ], [ -0.705341127942722, 37.945725915841798 ], [ -0.705341127864279, 37.945725915829421 ], [ -0.70528737346473, 37.945715860236675 ], [ -0.705215172051681, 37.945705443750583 ], [ -0.705215171945591, 37.945705443731093 ], [ -0.705193277471493, 37.945700533414019 ], [ -0.705193277393765, 37.945700533394174 ], [ -0.705176370950112, 37.945695679858922 ], [ -0.705176370889659, 37.945695679840014 ], [ -0.705162301143636, 37.945690904185945 ], [ -0.705148191737133, 37.945686123250837 ], [ -0.705148191737132, 37.945686123250837 ], [ -0.705148191594359, 37.945686123192701 ], [ -0.70512858375439, 37.945676697815784 ], [ -0.705128583672603, 37.945676697772527 ], [ -0.705112510372356, 37.945667377411993 ], [ -0.705112510372354, 37.945667377411993 ], [ -0.705112510252996, 37.945667377332256 ], [ -0.705094438971774, 37.945653516904208 ], [ -0.705080515107937, 37.945644237603375 ], [ -0.70508051506433, 37.945644237572765 ], [ -0.705061738684502, 37.945630363360024 ], [ -0.705017260438774, 37.945597938125502 ], [ -0.705017260438771, 37.945597938125502 ], [ -0.705017260230775, 37.94559793792223 ], [ -0.705010415592588, 37.945588797647673 ], [ -0.70501041559259, 37.945588797647673 ], [ -0.705010415507327, 37.945588797507448 ], [ -0.705010415453809, 37.945588797357722 ], [ -0.705010415433633, 37.94558879720293 ], [ -0.705010136139888, 37.945575283956302 ], [ -0.705010136164975, 37.945575283752845 ], [ -0.70501255996048, 37.945566324354722 ], [ -0.705012559960479, 37.945566324354722 ], [ -0.705012559995265, 37.945566324254685 ], [ -0.705016376897662, 37.945557392043405 ], [ -0.705016376897662, 37.945557392043405 ], [ -0.705016377006773, 37.945557391859538 ], [ -0.705016377165141, 37.945557391699701 ], [ -0.705027324501902, 37.945548598640308 ], [ -0.705027324680767, 37.945548598523303 ], [ -0.70502732488588, 37.945548598437512 ], [ -0.705027325108714, 37.945548598386416 ], [ -0.705027325340001, 37.945548598372199 ], [ -0.705070693356503, 37.945549444699566 ], [ -0.705082200835888, 37.945545132220097 ], [ -0.705082201086814, 37.945545132153057 ], [ -0.705082201350515, 37.945545132133788 ], [ -0.70510069247693, 37.945545492981658 ], [ -0.70511359759307, 37.94554123936215 ], [ -0.705125238473994, 37.945532459945724 ], [ -0.705125238651467, 37.945532459836201 ], [ -0.705133907748127, 37.945528127968402 ], [ -0.705144854961345, 37.945519334982215 ], [ -0.705155102827991, 37.945510528307658 ], [ -0.705180115860743, 37.945483964833151 ], [ -0.705239191676311, 37.945413032537012 ], [ -0.705251163909346, 37.945395252792778 ], [ -0.705251163909348, 37.945395252792778 ], [ -0.705272034247728, 37.945364138844262 ], [ -0.705286939438653, 37.945341879200576 ], [ -0.705295323665551, 37.945324029520052 ], [ -0.705300125644406, 37.945306109947957 ], [ -0.70530129282002, 37.945292589020305 ], [ -0.705299569350078, 37.945279043216786 ], [ -0.705294448951339, 37.945260934522814 ], [ -0.705277073433859, 37.94522453268889 ], [ -0.705277073423046, 37.94522453266525 ], [ -0.705271113670933, 37.945210908652051 ], [ -0.705254767984024, 37.945188075269506 ], [ -0.705254767920652, 37.945188075166115 ], [ -0.705250061831199, 37.945178958612594 ], [ -0.705250061774148, 37.945178958468709 ], [ -0.705247503919903, 37.945169919878893 ], [ -0.705247503919902, 37.945169919878893 ], [ -0.705247503898067, 37.945169919771949 ], [ -0.705245781404058, 37.945156342318178 ], [ -0.70524578140406, 37.945156342318178 ], [ -0.705245781402575, 37.945156342150661 ], [ -0.705246760878176, 37.94514735456324 ], [ -0.705246760886912, 37.94514735450516 ], [ -0.705248485244169, 37.945138381452779 ], [ -0.705248485336821, 37.945138381209262 ], [ -0.705253700942049, 37.94512947633406 ], [ -0.705259107699601, 37.945116074093633 ], [ -0.705259107699601, 37.945116074093633 ], [ -0.705259107807007, 37.94511607390529 ], [ -0.705265813193219, 37.945107198060548 ], [ -0.705281418885955, 37.945084952044851 ], [ -0.705281418885953, 37.945084952044851 ], [ -0.705281418945245, 37.94508495196937 ], [ -0.705312402727742, 37.94504952975295 ], [ -0.705342682363991, 37.94501406227144 ], [ -0.705356002075377, 37.94499630885165 ], [ -0.705360569412952, 37.944987391383322 ], [ -0.70536834981308, 37.944964992719747 ], [ -0.705372358886198, 37.944951563236934 ], [ -0.705373478437126, 37.944938072871565 ], [ -0.705373758499542, 37.944929071710433 ], [ -0.705372034871862, 37.944915530336516 ], [ -0.705372034871729, 37.944915530335464 ], [ -0.705370894541297, 37.944906465420324 ], [ -0.705367609495131, 37.944897393852095 ], [ -0.705360205554227, 37.944883741785247 ], [ -0.705349119242962, 37.944874518879494 ], [ -0.705349119140227, 37.944874518780871 ], [ -0.705340877004722, 37.944865351394078 ], [ -0.705331793746524, 37.944860691177958 ], [ -0.705283447252409, 37.94483717924701 ], [ -0.705235099299506, 37.944813716853332 ], [ -0.705221730335797, 37.944808954003527 ], [ -0.705221730335798, 37.944808954003527 ], [ -0.705221730129757, 37.944808953908407 ], [ -0.705221729953283, 37.944808953781369 ], [ -0.705211365718468, 37.944799744885856 ], [ -0.705176506208801, 37.94477651414654 ], [ -0.7051765062088, 37.94477651414654 ], [ -0.705176506032587, 37.944776513999251 ], [ -0.705163415940954, 37.944762750767005 ], [ -0.705154473192672, 37.944753569562302 ], [ -0.705154473192668, 37.944753569562302 ], [ -0.705154473040749, 37.944753569353601 ], [ -0.705149766428428, 37.944744470808217 ], [ -0.705149766405653, 37.944744470760348 ], [ -0.705145811495602, 37.944735386883522 ], [ -0.705145811495604, 37.944735386883522 ], [ -0.705145811446886, 37.9447353867278 ], [ -0.705145811433824, 37.944735386567693 ], [ -0.705146091524303, 37.9447263853328 ], [ -0.705146091527047, 37.944726385288639 ], [ -0.705148191576488, 37.944703875776234 ], [ -0.70514774954392, 37.944694860666765 ], [ -0.705140368404066, 37.94468120902625 ], [ -0.705117917476878, 37.944649212809281 ], [ -0.705117917476881, 37.944649212809281 ], [ -0.705117917418472, 37.944649212713003 ], [ -0.705108511039431, 37.944631015752684 ], [ -0.70510851102265, 37.94463101571823 ], [ -0.705091885003904, 37.944594668974069 ], [ -0.705091884998969, 37.944594668963049 ], [ -0.705087879052385, 37.944585543537883 ], [ -0.705087879027438, 37.944585543473366 ], [ -0.705083318097432, 37.944571946670706 ], [ -0.705083318097434, 37.944571946670706 ], [ -0.705083318070532, 37.944571946565695 ], [ -0.705080895106854, 37.944558391484364 ], [ -0.705080895106855, 37.944558391484364 ], [ -0.705080895096452, 37.94455839139242 ], [ -0.705079592873079, 37.944531345877905 ], [ -0.705079592872599, 37.944531345821389 ], [ -0.705080154186424, 37.944513307328883 ], [ -0.705080154199038, 37.944513307215487 ], [ -0.70508187841755, 37.944504338667691 ], [ -0.705081878425028, 37.94450433863328 ], [ -0.705085141674624, 37.944490890010108 ], [ -0.705085141761848, 37.944490889797557 ], [ -0.705090402154561, 37.944482008278719 ], [ -0.705090402206218, 37.94448200820149 ], [ -0.705097068317961, 37.944473113563745 ], [ -0.705097068317959, 37.944473113563745 ], [ -0.705097068464876, 37.944473113408606 ], [ -0.705097068650315, 37.944473113281958 ], [ -0.7051050326382, 37.944468763182122 ], [ -0.705113137207775, 37.944459896741641 ], [ -0.705113137207777, 37.944459896741641 ], [ -0.705113137391826, 37.944459896583943 ], [ -0.70511313761778, 37.944459896465219 ], [ -0.705123945187635, 37.944455588259729 ], [ -0.705133308075727, 37.944451265379783 ], [ -0.705133308075729, 37.944451265379783 ], [ -0.705133308189652, 37.944451265333768 ], [ -0.705145514000786, 37.944447002420979 ], [ -0.705145514029153, 37.944447002411444 ], [ -0.705197965251118, 37.944430012531036 ], [ -0.705197965251117, 37.944430012531036 ], [ -0.70519796552996, 37.94443001247204 ], [ -0.705233643332977, 37.944426207580406 ], [ -0.705251580698958, 37.944422052024869 ], [ -0.705278875044665, 37.944413582452505 ], [ -0.705301188390928, 37.944405012128485 ], [ -0.705312835894694, 37.944396196755903 ], [ -0.705312835894693, 37.944396196755903 ], [ -0.705312835991992, 37.944396196690136 ], [ -0.705327319847258, 37.9443874726052 ], [ -0.705327319888733, 37.944387472581354 ], [ -0.705335261131675, 37.944383122009754 ], [ -0.705344092646069, 37.944374292390933 ], [ -0.705347209967875, 37.944365346764499 ], [ -0.705349028879964, 37.944351870116819 ], [ -0.705346748108028, 37.944333780804278 ], [ -0.705342372789815, 37.944315681247772 ], [ -0.705335668271916, 37.944302042807344 ], [ -0.705323277833115, 37.944288288824993 ], [ -0.705323277833113, 37.944288288824993 ], [ -0.705323277729484, 37.944288288684717 ], [ -0.705315174358545, 37.944274622768354 ], [ -0.705315174358543, 37.944274622768354 ], [ -0.705315174312689, 37.944274622678847 ], [ -0.705309232766178, 37.944260962899904 ], [ -0.705309232766176, 37.944260962899904 ], [ -0.705309232705059, 37.944260962642325 ], [ -0.705308326971981, 37.94424293156623 ], [ -0.705308326975359, 37.944242931452379 ], [ -0.70531128806912, 37.944215969126454 ], [ -0.705311288077737, 37.944215969069255 ], [ -0.705313875611102, 37.94420247571432 ], [ -0.705313875626113, 37.944202475651259 ], [ -0.70532025606513, 37.944180085699593 ], [ -0.705322074988219, 37.94416660896006 ], [ -0.705323379841777, 37.944148625588753 ], [ -0.705322497972699, 37.94413055898471 ], [ -0.70532152435883, 37.944117050251712 ], [ -0.705318497161396, 37.944098959812585 ], [ -0.705312259366904, 37.94407178201628 ], [ -0.705300430058696, 37.944040029138009 ], [ -0.705291907419577, 37.944017348388748 ], [ -0.705277095123996, 37.943990003279538 ], [ -0.705262892148553, 37.943967211663498 ], [ -0.705245266985709, 37.943939793629056 ], [ -0.705225309239999, 37.943916907765228 ], [ -0.705212963593614, 37.943903177089126 ], [ -0.705200573645918, 37.943889408637872 ], [ -0.705147941497734, 37.943843330098787 ], [ -0.705147941483728, 37.943843330086295 ], [ -0.705087118259082, 37.943788053401668 ], [ -0.705087118259081, 37.943788053401668 ], [ -0.705087118117227, 37.943788053240006 ], [ -0.705087118023104, 37.943788053057808 ], [ -0.705087117981202, 37.943788052863752 ], [ -0.705086093795151, 37.943774525077629 ], [ -0.705086093797522, 37.943774524944459 ], [ -0.705088098249352, 37.943756549755513 ], [ -0.705088098283309, 37.943756549602767 ], [ -0.705088098349843, 37.943756549456907 ], [ -0.705093315018623, 37.943747608510222 ], [ -0.705093315018621, 37.943747608510222 ], [ -0.705093315074305, 37.943747608426598 ], [ -0.705106685790276, 37.943729856002719 ], [ -0.705111252955124, 37.943720942996649 ], [ -0.705115769077407, 37.943712024504279 ], [ -0.705124715597462, 37.943676136318167 ], [ -0.70512471567516, 37.943676136124658 ], [ -0.705132265982273, 37.943662775661402 ], [ -0.705132265982274, 37.943662775661402 ], [ -0.705132266155168, 37.943662775444714 ], [ -0.705141768939014, 37.943653954180384 ], [ -0.705141768939012, 37.943653954180384 ], [ -0.705151248977437, 37.943645132470571 ], [ -0.705151248977439, 37.943645132470571 ], [ -0.705151249154351, 37.943645132337835 ], [ -0.705151249362902, 37.943645132238004 ], [ -0.705162823824523, 37.943640857026864 ], [ -0.705197478295443, 37.943623484743625 ], [ -0.70519747829544, 37.943623484743625 ], [ -0.705197478468829, 37.943623484672415 ], [ -0.705210451886391, 37.943619232224123 ], [ -0.70523627902288, 37.943610734001453 ], [ -0.705248507360309, 37.943606467087221 ], [ -0.705259431472, 37.943597673672535 ], [ -0.705259431498595, 37.943597673651816 ], [ -0.705271077749828, 37.943588894303865 ], [ -0.705283049425918, 37.943571119178749 ], [ -0.70528985037163, 37.94355770359266 ], [ -0.705295956373408, 37.94354431497775 ], [ -0.705309143268542, 37.943508550055583 ], [ -0.705313286670731, 37.943490581505252 ], [ -0.705319067969767, 37.943463674210172 ], [ -0.705319067974028, 37.943463674191534 ], [ -0.70532232529879, 37.943450229948638 ], [ -0.705322325298789, 37.943450229948638 ], [ -0.705322325385472, 37.943450229736854 ], [ -0.705327592616332, 37.943441307787758 ], [ -0.70532759267013, 37.943441307707459 ], [ -0.70533429844081, 37.94343241384675 ], [ -0.705343247423609, 37.943419080679945 ], [ -0.70534324742361, 37.943419080679945 ], [ -0.705343247521951, 37.943419080558137 ], [ -0.705343247643632, 37.943419080450361 ], [ -0.70536071436434, 37.943405908973631 ], [ -0.705397234123288, 37.943375064308931 ], [ -0.705397234131609, 37.943375064301989 ], [ -0.705434479430041, 37.943344269807447 ], [ -0.705434479460466, 37.943344269783225 ], [ -0.705480360648106, 37.943309106631858 ], [ -0.705497110734548, 37.943295925666241 ], [ -0.705511734337864, 37.943282698763461 ], [ -0.705525104702222, 37.943264950818289 ], [ -0.705540015193088, 37.943242686718769 ], [ -0.705552820592801, 37.94322042212189 ], [ -0.705565867353709, 37.943189155531222 ], [ -0.70558548562117, 37.94313096097094 ], [ -0.705597502393428, 37.943086130389538 ], [ -0.705603190088509, 37.943063726884574 ], [ -0.705608452722942, 37.943032272344198 ], [ -0.705612135776718, 37.943005323217918 ], [ -0.705614375688668, 37.942978310789634 ], [ -0.705617362051241, 37.942928802924285 ], [ -0.705617502722949, 37.942901785610559 ], [ -0.705615919152047, 37.942883741345128 ], [ -0.705608333860098, 37.942807007093556 ], [ -0.705608333857436, 37.942807007057183 ], [ -0.705607473549683, 37.942788939919218 ], [ -0.70560747354922, 37.942788939863085 ], [ -0.705608733543785, 37.942748436530877 ], [ -0.705608733548732, 37.942748436466282 ], [ -0.705612581497108, 37.942716954283185 ], [ -0.705612581500586, 37.942716954258323 ], [ -0.705630293955877, 37.942604650714742 ], [ -0.705640035671738, 37.942496732418128 ], [ -0.705644000359077, 37.942438232410275 ], [ -0.705645680798742, 37.942406707950525 ], [ -0.705647081823995, 37.942361706297802 ], [ -0.705645640018545, 37.942316608633568 ], [ -0.705641502623364, 37.942244441866769 ], [ -0.705636518367763, 37.94219927958909 ], [ -0.705630237355045, 37.942149568373274 ], [ -0.705625536541848, 37.942117973496075 ], [ -0.705617523938816, 37.942077253233819 ], [ -0.705598903820146, 37.941991296096461 ], [ -0.705588754492347, 37.941950534152227 ], [ -0.705580372039904, 37.941923350538239 ], [ -0.705571850650184, 37.941900633796386 ], [ -0.70556244338548, 37.941882435991104 ], [ -0.705562443363619, 37.941882435945296 ], [ -0.705552478344714, 37.941859709039448 ], [ -0.705536267051397, 37.941832354667277 ], [ -0.705522064383446, 37.941809563098083 ], [ -0.705508369981933, 37.941791282546902 ], [ -0.70548988247825, 37.941768371359046 ], [ -0.705474700513964, 37.941754566492079 ], [ -0.70547470043656, 37.941754566413273 ], [ -0.705450664917343, 37.94172707740929 ], [ -0.705433316666041, 37.941713231194896 ], [ -0.705413827041377, 37.941699307096265 ], [ -0.705413826963182, 37.941699307034689 ], [ -0.705397894601342, 37.941685483905886 ], [ -0.705383971541481, 37.941676205657458 ], [ -0.705370602048262, 37.941671443749819 ], [ -0.705356538761498, 37.941666668262236 ], [ -0.705340326975042, 37.941661827427694 ], [ -0.705320531941984, 37.941656958152166 ], [ -0.70529566226553, 37.941656472891331 ], [ -0.705259981828226, 37.941660259746072 ], [ -0.705259981615075, 37.941660259752716 ], [ -0.705259981404108, 37.941660259727726 ], [ -0.705234551634022, 37.941655280469249 ], [ -0.705217499884062, 37.941654947741057 ], [ -0.705217499656079, 37.941654947718234 ], [ -0.705189926933665, 37.941649904090326 ], [ -0.705152386804462, 37.941644669560965 ], [ -0.705152386647506, 37.941644669529829 ], [ -0.705095932357784, 37.941630019542679 ], [ -0.705095932357786, 37.941630019542679 ], [ -0.705095932251536, 37.94163001951037 ], [ -0.705055131042285, 37.941615715518758 ], [ -0.705004412593845, 37.941601217979276 ], [ -0.70500441238105, 37.941601217897777 ], [ -0.70500441219412, 37.941601217783209 ], [ -0.705004412041126, 37.94160121764051 ], [ -0.705004411928675, 37.941601217475856 ], [ -0.705004411861623, 37.941601217296359 ], [ -0.705004411842865, 37.941601217109749 ], [ -0.705006654594757, 37.941529174800451 ], [ -0.705006837155032, 37.941523307559677 ], [ -0.705013802768292, 37.941299514015057 ], [ -0.705013802795611, 37.941299513839795 ], [ -0.70501380286558, 37.941299513672107 ], [ -0.705013802975512, 37.941299513518466 ], [ -0.705013803121181, 37.941299513384756 ], [ -0.705013803296989, 37.941299513276114 ], [ -0.70501380349618, 37.941299513196739 ], [ -0.705013803711099, 37.941299513149652 ], [ -0.705013803933488, 37.941299513136684 ], [ -0.705308507059045, 37.941305265581121 ], [ -0.705308507293922, 37.941305265605237 ], [ -0.705308507517402, 37.94130526566736 ], [ -0.705308507719797, 37.941305265764775 ], [ -0.705798428313814, 37.941600468573313 ], [ -0.705804311557569, 37.941411396525901 ], [ -0.705805391463026, 37.941376677569949 ], [ -0.70580539149034, 37.941376677394672 ], [ -0.705805391560306, 37.941376677226998 ], [ -0.705805391670236, 37.94137667707335 ], [ -0.705805391815902, 37.941376676939633 ], [ -0.705805391991708, 37.941376676830991 ], [ -0.7058053921909, 37.941376676751617 ], [ -0.705805392405818, 37.941376676704522 ], [ -0.705805392628207, 37.941376676691554 ], [ -0.706378209826189, 37.941387851540249 ], [ -0.706378210038199, 37.941387851560258 ], [ -0.706378210241754, 37.941387851611289 ], [ -0.706378210429679, 37.941387851691545 ], [ -0.706528651985996, 37.941467373703297 ], [ -0.706665959788571, 37.94151061524768 ], [ -0.706804597597916, 37.941513319582697 ], [ -0.706804597869083, 37.941513319614153 ], [ -0.706933189034987, 37.941541080917226 ], [ -0.706933189034986, 37.941541080917226 ], [ -0.706933189253708, 37.941541080984308 ], [ -0.706933189450412, 37.941541081085468 ], [ -0.706933189616736, 37.941541081216428 ], [ -0.706933189745607, 37.941541081371625 ], [ -0.706933189831547, 37.94154108154445 ], [ -0.706933189870903, 37.941541081727571 ], [ -0.70694781101496, 37.941718128064451 ], [ -0.706947811017288, 37.941718128111432 ], [ -0.706951156483469, 37.941920375214025 ], [ -0.706965343563709, 37.942393681003992 ], [ -0.706965343563739, 37.942393681005008 ], [ -0.70697917505763, 37.942878424974673 ], [ -0.706979175057827, 37.942878425006604 ], [ -0.706976545023844, 37.943040500016799 ], [ -0.707500906628323, 37.94314036903279 ], [ -0.707500906647188, 37.943140369036527 ], [ -0.708221288217041, 37.943287926188447 ], [ -0.708703775347824, 37.943368823592195 ], [ -0.708703775403235, 37.943368823602626 ], [ -0.708831105586834, 37.943395509391799 ], [ -0.710351978150921, 37.943658421240876 ], [ -0.710351978198924, 37.943658421250042 ], [ -0.710728876493592, 37.943737285214553 ], [ -0.710728876493593, 37.943737285214553 ], [ -0.7107288766732, 37.943737285265222 ], [ -0.710728876839597, 37.943737285338933 ], [ -0.710728876988114, 37.94373728543362 ], [ -0.710773591386814, 37.943771058505071 ], [ -0.710773591386812, 37.943771058505071 ], [ -0.710773591544983, 37.943771058653446 ], [ -0.710773591659323, 37.943771058825241 ], [ -0.710773591724517, 37.943771059012441 ], [ -0.710773591737538, 37.943771059206348 ], [ -0.710769762806599, 37.943826265779727 ], [ -0.710769762798965, 37.94382626584558 ], [ -0.71073294893223, 37.944052289391422 ], [ -0.710718036477783, 37.944393038392363 ], [ -0.710725686828135, 37.944658693733395 ], [ -0.710725686828306, 37.944658693740649 ], [ -0.710732189700532, 37.945007869772923 ], [ -0.711065745880384, 37.945016651326227 ], [ -0.711065745914366, 37.945016651327528 ], [ -0.711456832264985, 37.945036231362423 ], [ -0.71145683232369, 37.945036231366565 ], [ -0.711759783537505, 37.945063930960757 ], [ -0.711759783751305, 37.945063930997051 ], [ -0.711759783952385, 37.945063931065079 ], [ -0.711759784133315, 37.945063931162302 ], [ -0.711759784287413, 37.945063931285155 ], [ -0.711759784408982, 37.945063931429083 ], [ -0.711759784493534, 37.94506393158877 ], [ -0.711759784537943, 37.945063931758312 ], [ -0.711759784540568, 37.945063931931465 ], [ -0.711759784501314, 37.945063932101803 ], [ -0.711713834234047, 37.94519203714686 ], [ -0.711688802223875, 37.945271218209697 ], [ -0.711688802221893, 37.945271218215872 ], [ -0.711539183576955, 37.945730654239469 ], [ -0.712725684112555, 37.945994067132546 ], [ -0.712725684159762, 37.945994067143914 ], [ -0.713361263784216, 37.946159016926046 ], [ -0.713361263843418, 37.946159016942865 ], [ -0.713973839339518, 37.946348276260068 ], [ -0.714719474843402, 37.946576203653628 ], [ -0.7147194748434, 37.946576203653628 ], [ -0.71471947504419, 37.946576203733883 ], [ -0.714719475221116, 37.946576203843847 ], [ -0.714719475367267, 37.94657620397922 ], [ -0.714719475476924, 37.946576204134729 ], [ -0.714719475545807, 37.946576204304272 ], [ -0.714719475571222, 37.946576204481232 ], [ -0.71471947555217, 37.946576204658697 ], [ -0.714719475489405, 37.946576204829732 ], [ -0.714539895024238, 37.946930348548797 ], [ -0.714539894985013, 37.946930348617641 ], [ -0.714432271532511, 37.947099920732811 ], [ -0.714801253003491, 37.947240607590842 ], [ -0.714801253060389, 37.947240607614113 ], [ -0.714876407815505, 37.947273509960034 ], [ -0.715839618416738, 37.9476951954885 ], [ -0.71583961841674, 37.9476951954885 ], [ -0.715839618558073, 37.947695195561721 ], [ -0.726618713117371, 37.954231973677388 ], [ -0.726628838060689, 37.954238112325164 ], [ -0.726660857357785, 37.954257526058669 ], [ -0.726660857357786, 37.954257526058669 ], [ -0.726660857357795, 37.954257526058676 ], [ -0.726660857357799, 37.954257526058676 ], [ -0.726894721156729, 37.954399324934847 ], [ -0.726912067555498, 37.954409842935434 ], [ -0.726912067711678, 37.954409843050001 ], [ -0.726912067838168, 37.954409843185601 ], [ -0.726912067930535, 37.954409843337473 ], [ -0.726912067985545, 37.954409843500343 ], [ -0.726926015089773, 37.954475098468322 ], [ -0.726926015102894, 37.954475098555136 ], [ -0.726940337421331, 37.954635594043587 ], [ -0.727249903685692, 37.954595800754532 ], [ -0.727249903895774, 37.954595800743164 ], [ -0.727413612659703, 37.954598964716865 ], [ -0.727413612857238, 37.954598964734423 ], [ -0.727413613047899, 37.954598964778945 ], [ -0.727413613225861, 37.954598964849083 ], [ -0.727413613385695, 37.954598964942647 ], [ -0.728517171734188, 37.955371795847007 ], [ -0.728517171734187, 37.955371795847007 ], [ -0.72851717188152, 37.955371795971828 ], [ -0.728517171996449, 37.955371796116388 ], [ -0.72851717207484, 37.955371796275564 ], [ -0.728517172113875, 37.955371796443572 ], [ -0.728517172112148, 37.955371796614408 ], [ -0.728517172069722, 37.955371796781904 ], [ -0.728517171988124, 37.955371796940049 ], [ -0.728517171870289, 37.955371797083153 ], [ -0.728392920338407, 37.955495282924211 ], [ -0.728668079117844, 37.955634114258572 ], [ -0.728668079117847, 37.955634114258572 ], [ -0.728668079302059, 37.955634114374334 ], [ -0.728668079452275, 37.955634114517608 ], [ -0.728668079562076, 37.95563411468229 ], [ -0.72866807962677, 37.955634114861319 ], [ -0.728668079643592, 37.955634115047069 ], [ -0.728668079611824, 37.955634115231568 ], [ -0.728668079532825, 37.955634115406973 ], [ -0.728668079409968, 37.955634115565751 ], [ -0.728628267749355, 37.955675308170967 ], [ -0.728962499518518, 37.955773317399192 ], [ -0.728962499729376, 37.95577331748153 ], [ -0.729562159565723, 37.956072116615637 ], [ -0.730462812291673, 37.956238278441774 ], [ -0.73046281250947, 37.956238278500912 ], [ -0.730462812707776, 37.956238278593524 ], [ -0.730462812878469, 37.956238278715865 ], [ -0.730462813014559, 37.956238278862912 ], [ -0.730462813110471, 37.956238279028646 ], [ -0.730462813162281, 37.956238279206268 ], [ -0.730462813167865, 37.956238279388515 ], [ -0.730462813126993, 37.956238279567934 ], [ -0.730462813041344, 37.956238279737143 ], [ -0.730371858133705, 37.956375762451003 ], [ -0.730665992743113, 37.956602694905293 ], [ -0.730827180629153, 37.956609620871369 ], [ -0.730827180833191, 37.956609620894952 ], [ -0.730827181028503, 37.956609620947305 ], [ -0.730827181208672, 37.956609621026708 ], [ -0.730827181367781, 37.956609621130568 ], [ -0.731154144516379, 37.956865797217453 ], [ -0.731366247979943, 37.957018664646299 ], [ -0.731552099401419, 37.957006990534495 ], [ -0.73155209956807, 37.957006990533714 ], [ -0.732110067854554, 37.957036827226851 ], [ -0.732110068064245, 37.957036827253795 ], [ -0.732110068263952, 37.95703682731115 ], [ -0.732110068446715, 37.957036827396884 ], [ -0.732110068606163, 37.957036827508041 ], [ -0.732110068736735, 37.957036827640714 ], [ -0.732110068833879, 37.957036827790297 ], [ -0.732110068894211, 37.957036827951576 ], [ -0.732110068915625, 37.957036828118916 ], [ -0.732110068897377, 37.957036828286505 ], [ -0.732018243841643, 37.957437514408262 ], [ -0.732068216254156, 37.957457550922868 ], [ -0.732312139923186, 37.957359257065839 ], [ -0.732312139923185, 37.957359257065839 ], [ -0.732312140123642, 37.957359257003198 ], [ -0.732312140335423, 37.9573592569716 ], [ -0.732312140550929, 37.957359256972175 ], [ -0.732312140762428, 37.957359257004946 ], [ -0.732312140962332, 37.957359257068688 ], [ -0.732312141143471, 37.95735925716113 ], [ -0.732312141299347, 37.957359257278952 ], [ -0.732312141424363, 37.957359257417949 ], [ -0.732312141514038, 37.95735925757311 ], [ -0.732312141565152, 37.957359257738872 ], [ -0.732312141565151, 37.957359257738872 ], [ -0.732446292058985, 37.958088555840611 ], [ -0.733003718467244, 37.957773086443304 ], [ -0.733003718533991, 37.957773086408281 ], [ -0.733075178183352, 37.957738383090835 ], [ -0.733145981913439, 37.957703726557 ], [ -0.73314598198162, 37.957703726526141 ], [ -0.733176960239201, 37.957690811386861 ], [ -0.733267190567681, 37.957647485616306 ], [ -0.73326719061416, 37.95764748559516 ], [ -0.733367390637609, 37.957604347418489 ], [ -0.733491135230354, 37.957545755446908 ], [ -0.733504532366431, 37.957539412045143 ], [ -0.733504532366432, 37.957539412045143 ], [ -0.733504532529498, 37.957539411981358 ], [ -0.73361228056327, 37.957505443819123 ], [ -0.733652529220415, 37.957492693697816 ], [ -0.73365252947341, 37.957492693643424 ], [ -0.73371747518035, 37.957484939530822 ], [ -0.733717475220781, 37.957484939526587 ], [ -0.73396355258201, 37.957462667131495 ], [ -0.734146269527402, 37.957443632984706 ], [ -0.734146269616636, 37.957443632978226 ], [ -0.734220340649937, 37.957440578067775 ], [ -0.734283887743419, 37.957432777775615 ], [ -0.734283887963829, 37.957432777765732 ], [ -0.734283888182503, 37.957432777789727 ], [ -0.734283888391209, 37.957432777846698 ], [ -0.73428388858209, 37.957432777934521 ], [ -0.734283888747957, 37.957432778049849 ], [ -0.734283888882568, 37.957432778188405 ], [ -0.734283888980855, 37.957432778344923 ], [ -0.734283889039117, 37.957432778513521 ], [ -0.734283889055159, 37.957432778687853 ], [ -0.734283610702104, 37.957441798066178 ], [ -0.734281757889961, 37.957941872827462 ], [ -0.734322158776066, 37.957969707241368 ], [ -0.734322158848922, 37.957969707296229 ], [ -0.73438942710417, 37.958025039259304 ], [ -0.734389427130469, 37.958025039281686 ], [ -0.734483629527203, 37.958107983310072 ], [ -0.734542533835147, 37.958158652916801 ], [ -0.734605680943337, 37.958209440283355 ], [ -0.734605680943336, 37.958209440283355 ], [ -0.734605681031588, 37.958209440363241 ], [ -0.734614673439815, 37.958218620299348 ], [ -0.734675721999432, 37.958269368078867 ], [ -0.734675722005681, 37.958269368084103 ], [ -0.734763052766842, 37.958343135840764 ], [ -0.73476305278073, 37.958343135852708 ], [ -0.734789380372186, 37.958366193640266 ], [ -0.73484828635273, 37.958416859532242 ], [ -0.734941910283816, 37.958495290044645 ], [ -0.734941910339561, 37.958495290094959 ], [ -0.735173295154921, 37.958720505085267 ] ] ] ] } }
]
}
