{
"type": "FeatureCollection",
"name": "valencia_distritos_4326",
"crs": { "type": "name", "properties": { "name": "urn:ogc:def:crs:OGC:1.3:CRS84" } },
"features": [
{ "type": "Feature", "properties": { "INE_MUN": "46250", "DISTRITO": 14 }, "geometry": { "type": "MultiPolygon", "coordinates": [ [ [ [ -0.351364511691698, 39.481608250668785 ], [ -0.351469652156722, 39.481540369910228 ], [ -0.351688435243764, 39.481399123650178 ], [ -0.351900770534814, 39.481262031707182 ], [ -0.352136971765568, 39.481107194533173 ], [ -0.352270437429065, 39.481019500494483 ], [ -0.352338554700215, 39.480974780031637 ], [ -0.352346859963971, 39.480969289252137 ], [ -0.352346859966902, 39.480969289250204 ], [ -0.352528375689737, 39.480850087058357 ], [ -0.352702646503894, 39.480729706943066 ], [ -0.35274606278031, 39.480698575346075 ], [ -0.352876806126429, 39.480604764687591 ], [ -0.352876806127621, 39.480604764686731 ], [ -0.353079145705433, 39.48045998806797 ], [ -0.353221823902425, 39.480357832020637 ], [ -0.353421059809769, 39.480190511784059 ], [ -0.35361784654953, 39.480025183977411 ], [ -0.353779757825866, 39.479889151763473 ], [ -0.353822197765555, 39.479853511219062 ], [ -0.353970406785223, 39.479663217850067 ], [ -0.354114521322228, 39.479477906501657 ], [ -0.354201920217048, 39.479365490724334 ], [ -0.354221692945922, 39.479340073222659 ], [ -0.354446910454167, 39.47897589424889 ], [ -0.354527452364924, 39.478810810091403 ], [ -0.354527452365907, 39.478810810089399 ], [ -0.354596947333912, 39.478669388089187 ], [ -0.354596947335956, 39.478669388085066 ], [ -0.354647298340211, 39.478568416471461 ], [ -0.354661518914693, 39.478539957221919 ], [ -0.354661518914695, 39.478539957221919 ], [ -0.354661519015878, 39.478539957066182 ], [ -0.354661519153897, 39.478539956928479 ], [ -0.354661519323578, 39.478539956813947 ], [ -0.354661519518557, 39.478539956726934 ], [ -0.354661519731522, 39.478539956670666 ], [ -0.354661519954491, 39.478539956647239 ], [ -0.354933083491212, 39.478532022591907 ], [ -0.355502517714793, 39.478441353367629 ], [ -0.355653371180279, 39.478417296992006 ], [ -0.355653371406265, 39.478417296973561 ], [ -0.355653371632566, 39.478417296989541 ], [ -0.355653371850527, 39.478417297039343 ], [ -0.35565337205181, 39.478417297121084 ], [ -0.355653372228718, 39.478417297231601 ], [ -0.356261816961189, 39.478880434454197 ], [ -0.356672885996451, 39.479193178447183 ], [ -0.357013658471245, 39.479452471348871 ], [ -0.357013658471243, 39.479452471348871 ], [ -0.357013658471249, 39.479452471348885 ], [ -0.357013658471253, 39.479452471348885 ], [ -0.35793726186399, 39.480155238714858 ], [ -0.35807759565819, 39.480262043615824 ], [ -0.358077595658188, 39.480262043615824 ], [ -0.358077595658255, 39.480262043615873 ], [ -0.358077595658339, 39.48026204361593 ], [ -0.35809425659187, 39.480274728376216 ], [ -0.358468682211423, 39.480559674298689 ], [ -0.358881024294211, 39.480873362045379 ], [ -0.359183162906303, 39.481103249751136 ], [ -0.359545611153587, 39.481378992377877 ], [ -0.359547001511686, 39.48138003745418 ], [ -0.359547001516699, 39.48138003745796 ], [ -0.359581251708233, 39.481406094304148 ], [ -0.359712006109396, 39.481505630238033 ], [ -0.359712006113511, 39.481505630241188 ], [ -0.359723850644953, 39.481514736960889 ], [ -0.360031462420824, 39.481748642241804 ], [ -0.360031462421763, 39.481748642242515 ], [ -0.360083762286108, 39.481788500533902 ], [ -0.360352813745386, 39.481993246837604 ], [ -0.360462884584245, 39.482076943140065 ], [ -0.360621176751213, 39.482197364295722 ], [ -0.361101344195582, 39.482562673565383 ], [ -0.361158184655326, 39.482605922695178 ], [ -0.36123043115844, 39.482660917733476 ], [ -0.361230431158457, 39.48266091773349 ], [ -0.361328281287298, 39.482735353977262 ], [ -0.361328281301308, 39.482735353988112 ], [ -0.361348122532829, 39.482750970784679 ], [ -0.361401112752963, 39.482791488291269 ], [ -0.361592021130346, 39.482937337277676 ], [ -0.361810974903514, 39.483104609512836 ], [ -0.361996852783259, 39.483246262663307 ], [ -0.361996852783262, 39.483246262663307 ], [ -0.362054571114365, 39.483290121364575 ], [ -0.362070547231331, 39.483302199942905 ], [ -0.362070547267099, 39.483302199971163 ], [ -0.362227640060982, 39.483431888767697 ], [ -0.362478006021043, 39.483613549010066 ], [ -0.362478006030728, 39.483613549017171 ], [ -0.362638265973641, 39.483732533797195 ], [ -0.36263826597875, 39.483732533801017 ], [ -0.362788801652739, 39.483845672595834 ], [ -0.362788801668472, 39.483845672607892 ], [ -0.362800822476455, 39.483855057788233 ], [ -0.3628008226124, 39.483855057915981 ], [ -0.362800822715861, 39.483855058060854 ], [ -0.362800822783341, 39.483855058217969 ], [ -0.362800822812557, 39.483855058381991 ], [ -0.362800822802524, 39.483855058547384 ], [ -0.362800822753579, 39.483855058708571 ], [ -0.362787516099485, 39.483885845943988 ], [ -0.362741660095792, 39.483991738306237 ], [ -0.362704093946732, 39.484078414825518 ], [ -0.362670391497351, 39.484156187378794 ], [ -0.362670391495941, 39.484156187382027 ], [ -0.362640171401878, 39.484225057227825 ], [ -0.362640171384317, 39.484225057265121 ], [ -0.362523553860729, 39.484456763353613 ], [ -0.362417744392031, 39.484667178295155 ], [ -0.362350534243324, 39.484803584047512 ], [ -0.363092551516553, 39.485019942690727 ], [ -0.363555311556386, 39.485154999255386 ], [ -0.363555311764607, 39.485154999335393 ], [ -0.363555311948114, 39.485154999445925 ], [ -0.36355531209957, 39.485154999582512 ], [ -0.363555312212913, 39.485154999739756 ], [ -0.363555312283613, 39.485154999911316 ], [ -0.363555312308841, 39.485155000090352 ], [ -0.363555312287587, 39.485155000269692 ], [ -0.363555312220701, 39.485155000442177 ], [ -0.363540498113546, 39.485182762645316 ], [ -0.363493794874961, 39.485271884272059 ], [ -0.363454429065911, 39.485347095602989 ], [ -0.36348894452036, 39.485372512800851 ], [ -0.363562655741824, 39.485426895524881 ], [ -0.363711460338216, 39.485536597572114 ], [ -0.363884407174897, 39.485664134946475 ], [ -0.364051562470036, 39.485787428187507 ], [ -0.364172803950931, 39.485876802222343 ], [ -0.364344271269418, 39.486003232418533 ], [ -0.364468990758946, 39.486095193979153 ], [ -0.364604319536459, 39.486194999424313 ], [ -0.364721251633719, 39.486281207087778 ], [ -0.364748576641129, 39.486260003710662 ], [ -0.364796214594282, 39.486223095035264 ], [ -0.364861458256563, 39.486172508513256 ], [ -0.364927241173065, 39.486121493653471 ], [ -0.365035068762661, 39.486037870045699 ], [ -0.365099136819947, 39.485988234176503 ], [ -0.365145594892685, 39.485952203978805 ], [ -0.365246063627767, 39.485874281609135 ], [ -0.36531180260652, 39.485823337596592 ], [ -0.365347757787363, 39.485795428402106 ], [ -0.365347757787361, 39.485795428402106 ], [ -0.365347757816627, 39.485795428383419 ], [ -0.365347757840298, 39.485795428363495 ], [ -0.365470994253731, 39.485711045632904 ], [ -0.365470994253734, 39.485711045632904 ], [ -0.36547099445556, 39.48571104552196 ], [ -0.365470994683127, 39.485711045446635 ], [ -0.365470994926114, 39.485711045410362 ], [ -0.365470995173506, 39.485711045414767 ], [ -0.365470995414086, 39.485711045459666 ], [ -0.365603898512901, 39.485747824400462 ], [ -0.365603898517784, 39.485747824401827 ], [ -0.365772116071748, 39.485795033246859 ], [ -0.365898495340337, 39.485830478403599 ], [ -0.36623809329797, 39.485925832436749 ], [ -0.366495135485397, 39.485997967309075 ], [ -0.366561624383459, 39.486016613361599 ], [ -0.366613888752789, 39.486031103779794 ], [ -0.366613888777651, 39.486031103786935 ], [ -0.366938822206902, 39.486127727005091 ], [ -0.3669388222069, 39.486127727005091 ], [ -0.367014786164257, 39.48615020452511 ], [ -0.367203824820746, 39.486206000001978 ], [ -0.367203824838241, 39.486206000007265 ], [ -0.367478857868938, 39.486291144514475 ], [ -0.367478857870132, 39.486291144514858 ], [ -0.367583301849938, 39.486323581809039 ], [ -0.367590849927858, 39.48632041527182 ], [ -0.367590849927859, 39.48632041527182 ], [ -0.36759085015714, 39.486320415198911 ], [ -0.367590850401153, 39.486320415165352 ], [ -0.367590850648806, 39.486320415172635 ], [ -0.367590850888834, 39.486320415220447 ], [ -0.367605594063166, 39.486324695058208 ], [ -0.367779879258963, 39.486375398745608 ], [ -0.367929101689793, 39.486418814825527 ], [ -0.368081054869633, 39.486463012367928 ], [ -0.368224627371233, 39.486504731652829 ], [ -0.36829699860348, 39.486517681266399 ], [ -0.368491409855148, 39.486552381601129 ], [ -0.368700533198392, 39.486589697589594 ], [ -0.368912305873565, 39.486627520027419 ], [ -0.369056955542554, 39.486653339704354 ], [ -0.369373879395335, 39.486709870472872 ], [ -0.369525249906565, 39.48673687773185 ], [ -0.369525250128317, 39.486736877790158 ], [ -0.369525250330475, 39.486736877881754 ], [ -0.369525250504833, 39.486736878002887 ], [ -0.369525250644307, 39.486736878148655 ], [ -0.369525250743236, 39.486736878313131 ], [ -0.369525250797604, 39.48673687848963 ], [ -0.369525250805201, 39.486736878670989 ], [ -0.36952525076572, 39.48673687884984 ], [ -0.369525250680763, 39.486736879018942 ], [ -0.369458826459988, 39.486837659937954 ], [ -0.36945882645877, 39.486837659939781 ], [ -0.369321990687658, 39.487044096112776 ], [ -0.36932199063357, 39.487044096185777 ], [ -0.369184345514725, 39.487211234736016 ], [ -0.369111634887561, 39.487299567134386 ], [ -0.369111634832541, 39.4872995671955 ], [ -0.369064089040543, 39.487347975827255 ], [ -0.36901461287017, 39.48739836680145 ], [ -0.368936322511328, 39.487478032435014 ], [ -0.368862432071012, 39.487553240108767 ], [ -0.368862432027126, 39.48755324015076 ], [ -0.368773409819995, 39.487633378855612 ], [ -0.368773409815983, 39.487633378859201 ], [ -0.368716787310156, 39.487683810571625 ], [ -0.368648782401682, 39.487744449075315 ], [ -0.368648782401683, 39.487744449075315 ], [ -0.368648782316809, 39.48774444914342 ], [ -0.368526932795903, 39.487832443117945 ], [ -0.368526932788436, 39.48783244312331 ], [ -0.368419041601406, 39.487909001156034 ], [ -0.368419041522519, 39.487909001207235 ], [ -0.36838713478227, 39.487927908688881 ], [ -0.36833647504863, 39.487957903707759 ], [ -0.368330500873899, 39.487962326801892 ], [ -0.368330500873896, 39.487962326801892 ], [ -0.368330500872927, 39.487962326802489 ], [ -0.368330500872159, 39.487962326803171 ], [ -0.36831899034933, 39.487970813617906 ], [ -0.368318990349328, 39.487970813617906 ], [ -0.368318990253773, 39.487970813681095 ], [ -0.368274661828546, 39.48799705670806 ], [ -0.368156785114517, 39.488066933548161 ], [ -0.367972069098548, 39.488176380740434 ], [ -0.36787864360713, 39.488231734979372 ], [ -0.367745859946888, 39.488310422112193 ], [ -0.367586864572576, 39.488404658968783 ], [ -0.367457758724054, 39.488483041702857 ], [ -0.367327820376219, 39.488561941452041 ], [ -0.367176628775456, 39.488653773534502 ], [ -0.367106739714543, 39.488696192332398 ], [ -0.367036900569255, 39.488738518526709 ], [ -0.36669365816596, 39.488947452314484 ], [ -0.366693658159666, 39.488947452318286 ], [ -0.366508300057476, 39.4890586933248 ], [ -0.366508300057478, 39.4890586933248 ], [ -0.366130789626454, 39.489286014874878 ], [ -0.36613078961897, 39.489286014879333 ], [ -0.365892647610741, 39.4894270214889 ], [ -0.365456667137126, 39.489685166637038 ], [ -0.365456667130279, 39.489685166641053 ], [ -0.365449769457595, 39.489689188509082 ], [ -0.365449769457593, 39.489689188509082 ], [ -0.365449769260275, 39.489689188601901 ], [ -0.365449769043172, 39.489689188662673 ], [ -0.365449768814852, 39.489689188688992 ], [ -0.365449768584319, 39.48968918867984 ], [ -0.365449768360669, 39.489689188635559 ], [ -0.365449768152728, 39.489689188557897 ], [ -0.365449767968697, 39.489689188449923 ], [ -0.365449767968699, 39.489689188449923 ], [ -0.364771578207396, 39.48920202992214 ], [ -0.364771578207395, 39.48920202992214 ], [ -0.36477157805772, 39.489202029791521 ], [ -0.364771577943405, 39.489202029640978 ], [ -0.364771577868753, 39.489202029476154 ], [ -0.364771577836573, 39.489202029303272 ], [ -0.364771577848076, 39.489202029128819 ], [ -0.364771577902826, 39.489202028959383 ], [ -0.364771577998768, 39.489202028801301 ], [ -0.364771578132288, 39.489202028660564 ], [ -0.364771578298363, 39.489202028542458 ], [ -0.364771578298365, 39.489202028542458 ], [ -0.364772993016676, 39.489201203010758 ], [ -0.364895245588418, 39.489120303116096 ], [ -0.364960990456787, 39.48907683586274 ], [ -0.365089393705321, 39.488991886148654 ], [ -0.365296631590871, 39.48885487490886 ], [ -0.365411654838794, 39.488778774374019 ], [ -0.365494477506751, 39.488709344344201 ], [ -0.365716714891573, 39.488522989101561 ], [ -0.365767370478342, 39.488480521591391 ], [ -0.365767370478341, 39.488480521591391 ], [ -0.365767370676278, 39.488480521459024 ], [ -0.365767370907394, 39.488480521364288 ], [ -0.36576737115999, 39.488480521311999 ], [ -0.36606004836029, 39.488446622395543 ], [ -0.365847879380459, 39.48828052112767 ], [ -0.365709440687275, 39.488172093676837 ], [ -0.365709440683828, 39.488172093674123 ], [ -0.365520775842922, 39.488023072546987 ], [ -0.365340897345322, 39.487880898807518 ], [ -0.365236757067446, 39.487798814446009 ], [ -0.365236757059263, 39.487798814439508 ], [ -0.365235414316174, 39.487797734475912 ], [ -0.36514263617204, 39.487724929945891 ], [ -0.365142636172039, 39.487724929945891 ], [ -0.365022146796365, 39.487630611028479 ], [ -0.364802488085186, 39.487458656791404 ], [ -0.364710716328656, 39.487386964801658 ], [ -0.364579030405323, 39.487284071009 ], [ -0.364435401876832, 39.487171865899505 ], [ -0.364288358642525, 39.487056967015398 ], [ -0.364173549675545, 39.486967297578474 ], [ -0.364095981773692, 39.486906625328714 ], [ -0.363984771868491, 39.486868054269507 ], [ -0.363925306006286, 39.486918139352404 ], [ -0.363762898378464, 39.487054787872431 ], [ -0.363708106103378, 39.487100884880817 ], [ -0.36353787949048, 39.487244103234623 ], [ -0.363455396121991, 39.487313503582726 ], [ -0.363406162898017, 39.487354930309309 ], [ -0.363383750050381, 39.487374550905514 ], [ -0.36338375005038, 39.487374550905514 ], [ -0.363366019199784, 39.48739010758883 ], [ -0.363366018962084, 39.48739010774775 ], [ -0.363360970247446, 39.487392650674678 ], [ -0.363352336404755, 39.487401918323854 ], [ -0.363352336324123, 39.487401918401041 ], [ -0.363281417521779, 39.487462636237758 ], [ -0.36311871589776, 39.487601888785591 ], [ -0.363001341590281, 39.487702342960695 ], [ -0.362858674281756, 39.487824470081982 ], [ -0.362858524158376, 39.487824614634093 ], [ -0.363139779323292, 39.488029793218573 ], [ -0.363139779323294, 39.488029793218573 ], [ -0.36313977948054, 39.488029793359829 ], [ -0.363139779596852, 39.488029793523147 ], [ -0.363139779667241, 39.488029793701536 ], [ -0.363139779688684, 39.488029793887343 ], [ -0.363139779660264, 39.488029794072567 ], [ -0.363139779583197, 39.488029794249293 ], [ -0.363139779460792, 39.488029794409911 ], [ -0.363139779298302, 39.488029794547565 ], [ -0.363098269070255, 39.488058355320938 ], [ -0.363098269070254, 39.488058355320938 ], [ -0.363098268951615, 39.488058355392496 ], [ -0.36301304968241, 39.488103208416106 ], [ -0.363013049668771, 39.488103208423183 ], [ -0.362952351345402, 39.488134193962331 ], [ -0.362952351292806, 39.488134193987648 ], [ -0.362900409953934, 39.488157735207331 ], [ -0.362807818225844, 39.488199694707376 ], [ -0.362807817970753, 39.488199694793117 ], [ -0.362439824660925, 39.488284585485516 ], [ -0.362345893394337, 39.488350752767666 ], [ -0.362329722323533, 39.488539035864292 ], [ -0.362329722287448, 39.488539036034794 ], [ -0.362329722209997, 39.488539036196826 ], [ -0.362329722094034, 39.488539036344399 ], [ -0.362329721943828, 39.488539036472112 ], [ -0.362329721764909, 39.488539036575226 ], [ -0.362329721563865, 39.488539036649989 ], [ -0.362329721348097, 39.488539036693609 ], [ -0.362329721125549, 39.488539036704488 ], [ -0.362019195644611, 39.488531081019282 ], [ -0.362019195642516, 39.488531081019232 ], [ -0.3618754070655, 39.488527195813532 ], [ -0.361823002055268, 39.488525779872887 ], [ -0.361823002047151, 39.488525779872646 ], [ -0.361724402817837, 39.48852258084537 ], [ -0.361412815562302, 39.488512423816061 ], [ -0.360942232109979, 39.488497010816999 ], [ -0.360785272805834, 39.488491877404179 ], [ -0.360503560749217, 39.488483873941654 ], [ -0.360231513745986, 39.489024561403781 ], [ -0.360213611355622, 39.489060905887989 ], [ -0.359742955507497, 39.490019749368933 ], [ -0.359616514480036, 39.490277305651702 ], [ -0.359611960263515, 39.490286582972971 ], [ -0.359611960263514, 39.490286582972971 ], [ -0.359580564275861, 39.490350574871208 ], [ -0.359580564260727, 39.490350574900496 ], [ -0.359573290564804, 39.490363967764125 ], [ -0.359554401337532, 39.490402559000138 ], [ -0.359530246538337, 39.490451864511783 ], [ -0.359505779559882, 39.490501860200105 ], [ -0.359483429345875, 39.490547567174488 ], [ -0.359455612367405, 39.490604388324947 ], [ -0.359418653569036, 39.490679874141868 ], [ -0.359393930696215, 39.490730328839909 ], [ -0.359321407493035, 39.490878548401547 ], [ -0.359269384866675, 39.490984741367242 ], [ -0.359239134169967, 39.491046564658006 ], [ -0.359233872500289, 39.491057327641961 ], [ -0.359233872392892, 39.491057327807724 ], [ -0.359233872243941, 39.49105732795293 ], [ -0.359233872059757, 39.491057328071399 ], [ -0.359233871848155, 39.491057328158114 ], [ -0.35923387161811, 39.491057328209401 ], [ -0.359233871379382, 39.491057328223086 ], [ -0.359227349275966, 39.491057179993362 ], [ -0.359163359890536, 39.491166239027919 ], [ -0.35916335988989, 39.491166239029013 ], [ -0.359154301514187, 39.491181622743895 ], [ -0.359135705093029, 39.49122505912446 ], [ -0.359135705092642, 39.491225059125377 ], [ -0.359101386000322, 39.491304938030574 ], [ -0.359035576222581, 39.491458220642627 ], [ -0.359035576195258, 39.491458220699748 ], [ -0.359019007260438, 39.491489559396712 ], [ -0.358981105302581, 39.491561185891747 ], [ -0.35894796935994, 39.491623809256836 ], [ -0.35889518538363, 39.49172354707585 ], [ -0.35886169065551, 39.49178685953482 ], [ -0.3587495432164, 39.491999176991222 ], [ -0.358690286205201, 39.492125190197918 ], [ -0.358611604837387, 39.492292714644606 ], [ -0.358547526130248, 39.492429059309607 ], [ -0.358547526120082, 39.492429059330433 ], [ -0.358506860171342, 39.492509353190265 ], [ -0.358364322654225, 39.492791029556493 ], [ -0.358364322653744, 39.492791029557438 ], [ -0.358244463302997, 39.493027102877321 ], [ -0.358244463301339, 39.493027102880575 ], [ -0.358112729892332, 39.493283637898905 ], [ -0.358024341241411, 39.493455775265986 ], [ -0.357966545717855, 39.493568335210192 ], [ -0.357847354520614, 39.493800508059081 ], [ -0.357847354415447, 39.493800508216644 ], [ -0.357847354272451, 39.493800508355207 ], [ -0.357847354097172, 39.493800508469327 ], [ -0.357691147760512, 39.493883353732627 ], [ -0.357526286259819, 39.493970784960304 ], [ -0.357620259684605, 39.494047275012299 ], [ -0.357620259684603, 39.494047275012299 ], [ -0.357620259817714, 39.494047275142961 ], [ -0.35762025991751, 39.494047275290377 ], [ -0.357620259980583, 39.494047275449503 ], [ -0.357620260004774, 39.494047275614896 ], [ -0.357620259989258, 39.494047275780922 ], [ -0.357614993840772, 39.494071803533991 ], [ -0.357634169706475, 39.494089986249435 ], [ -0.357661621999445, 39.494091813198317 ], [ -0.357661622220869, 39.494091813230014 ], [ -0.35766162243025, 39.494091813294204 ], [ -0.357661622619726, 39.494091813388465 ], [ -0.357661622782184, 39.494091813509257 ], [ -0.357693029071802, 39.49412018456178 ], [ -0.357701410556041, 39.494127753324399 ], [ -0.357701410557507, 39.494127753325721 ], [ -0.357718401799384, 39.494143157294047 ], [ -0.357718401799386, 39.494143157294047 ], [ -0.357718401931838, 39.494143157441776 ], [ -0.357718402023749, 39.49414315760697 ], [ -0.357718402071451, 39.494143157783022 ], [ -0.357718402073042, 39.494143157962888 ], [ -0.357718402028456, 39.494143158139416 ], [ -0.357718401939473, 39.494143158305555 ], [ -0.357718401809644, 39.49414315845469 ], [ -0.357718401644149, 39.49414315858084 ], [ -0.357718401449594, 39.494143158679002 ], [ -0.357718401233739, 39.494143158745231 ], [ -0.357718401005199, 39.4941431587769 ], [ -0.357718400773095, 39.494143158772744 ], [ -0.357718400546686, 39.494143158732939 ], [ -0.35771840033501, 39.494143158659043 ], [ -0.356723407307072, 39.493698354448384 ], [ -0.356723407160488, 39.493698354370714 ], [ -0.356723407030883, 39.49369835427666 ], [ -0.355957297620715, 39.493050326780889 ], [ -0.355957297620716, 39.493050326780889 ], [ -0.355957297527905, 39.493050326691559 ], [ -0.35549959691802, 39.492547385484393 ], [ -0.355499596915522, 39.49254738548165 ], [ -0.355499418379457, 39.49254718773085 ], [ -0.355421507045173, 39.492461574642803 ], [ -0.354251136426413, 39.491304156420213 ], [ -0.354251091507301, 39.491304114868981 ], [ -0.354251091483358, 39.491304114846074 ], [ -0.354200001088302, 39.491253583630993 ], [ -0.351941698282824, 39.48943268633063 ], [ -0.35179704583679, 39.489316037273255 ], [ -0.351794250878219, 39.489314937633736 ], [ -0.3505253852194, 39.488818625025957 ], [ -0.350121899903667, 39.488728304031099 ], [ -0.349936053865519, 39.488724066483009 ], [ -0.349134232635642, 39.488714822218249 ], [ -0.349134232504715, 39.488714822210994 ], [ -0.348196036941176, 39.488621337385155 ], [ -0.348196036840101, 39.488621337371548 ], [ -0.348186408486183, 39.488619698756843 ], [ -0.346359369211172, 39.488309148889911 ], [ -0.346359369211171, 39.488309148889911 ], [ -0.346359369069881, 39.488309148858519 ], [ -0.345467669544018, 39.488062777112766 ], [ -0.344622369741003, 39.487829210829631 ], [ -0.344368953843914, 39.487759197874126 ], [ -0.344368953650323, 39.487759197804529 ], [ -0.344368953476422, 39.487759197708669 ], [ -0.344328016419288, 39.48773191605634 ], [ -0.343993167974123, 39.487508916938502 ], [ -0.343654671950672, 39.487283455290694 ], [ -0.342920943076038, 39.487096024209414 ], [ -0.342855572709011, 39.487079322614591 ], [ -0.342855417264488, 39.487079283025231 ], [ -0.342855417059865, 39.487079282955598 ], [ -0.342855416876231, 39.48707928285689 ], [ -0.342855416720378, 39.487079282732772 ], [ -0.342855416598068, 39.487079282587835 ], [ -0.342855416513827, 39.48707928242743 ], [ -0.34285541647077, 39.48707928225749 ], [ -0.342855416470488, 39.487079282084323 ], [ -0.342855416512992, 39.487079281914312 ], [ -0.342855416596711, 39.487079281753743 ], [ -0.342855416718546, 39.487079281608565 ], [ -0.342855416873997, 39.487079281484142 ], [ -0.342923333229145, 39.487034475648592 ], [ -0.342944622124766, 39.487019480972123 ], [ -0.342944622180016, 39.487019480935594 ], [ -0.343164877458885, 39.486882804578826 ], [ -0.343164877458884, 39.486882804578826 ], [ -0.343766331760313, 39.486508272709123 ], [ -0.344437670389552, 39.486085453437695 ], [ -0.345115666814267, 39.485655156394593 ], [ -0.345754529238471, 39.485235551096252 ], [ -0.346315927849327, 39.484866847188997 ], [ -0.346315927851021, 39.484866847187888 ], [ -0.346808658962289, 39.484544486468103 ], [ -0.346999308090204, 39.484419540647124 ], [ -0.347684262857123, 39.483970644323406 ], [ -0.348247797636537, 39.48360162819872 ], [ -0.348836565216415, 39.48321624852241 ], [ -0.348836565220288, 39.483216248519874 ], [ -0.349170448466403, 39.482999623771612 ], [ -0.349170448478408, 39.482999623763938 ], [ -0.349622365716393, 39.482714308615208 ], [ -0.35004592473712, 39.4824469038617 ], [ -0.350428121363847, 39.482205602246992 ], [ -0.350622777768114, 39.482082701069466 ], [ -0.350810643837026, 39.481960546522508 ], [ -0.350810643842889, 39.481960546518728 ], [ -0.350998733359464, 39.481839868777193 ], [ -0.350998733365255, 39.481839868773498 ], [ -0.351182722885027, 39.481723362899771 ], [ -0.351364511691698, 39.481608250668785 ] ] ] ] } },
{ "type": "Feature", "properties": { "INE_MUN": "46250", "DISTRITO": 6 }, "geometry": { "type": "MultiPolygon", "coordinates": [ [ [ [ -0.359558899842947, 39.463448483814432 ], [ -0.359837830755933, 39.463384639742905 ], [ -0.359837830755932, 39.463384639742905 ], [ -0.359837830976217, 39.463384639709986 ], [ -0.359837831200555, 39.463384639710505 ], [ -0.359837831420584, 39.46338463974444 ], [ -0.359837831628094, 39.463384639810521 ], [ -0.359837831815351, 39.463384639906288 ], [ -0.359837831975368, 39.463384640028167 ], [ -0.359837832102181, 39.463384640171604 ], [ -0.35983783219106, 39.463384640331277 ], [ -0.359837832191057, 39.463384640331277 ], [ -0.360152022031466, 39.464143223566772 ], [ -0.361051306300416, 39.465876778280901 ], [ -0.361270596182133, 39.466299592123541 ], [ -0.361626994121487, 39.466915144221396 ], [ -0.361626994140118, 39.466915144255424 ], [ -0.361736873101399, 39.467127893815416 ], [ -0.361770233143866, 39.467192545929088 ], [ -0.361855188530055, 39.467356978524187 ], [ -0.361855188548154, 39.467356978561611 ], [ -0.361972959036089, 39.467617914837213 ], [ -0.36197295903609, 39.467617914837213 ], [ -0.361972959036094, 39.46761791483722 ], [ -0.361972959036101, 39.467617914837234 ], [ -0.36205862392025, 39.467807736581669 ], [ -0.362355955218408, 39.468312394385414 ], [ -0.362355955220627, 39.468312394389208 ], [ -0.362357565113185, 39.468315160587032 ], [ -0.362400332766278, 39.468387751071567 ], [ -0.362438410049765, 39.468452325340671 ], [ -0.362741490523308, 39.46885788545044 ], [ -0.36274149054234, 39.468857885476936 ], [ -0.363131213481924, 39.469422370800707 ], [ -0.363716854423465, 39.470270570733334 ], [ -0.363721656616555, 39.470276526345963 ], [ -0.364044448057846, 39.470676666490824 ], [ -0.364044448057845, 39.470676666490824 ], [ -0.364190106561616, 39.470856443310971 ], [ -0.364922097743784, 39.471759712091995 ], [ -0.365273257971708, 39.47219004905859 ], [ -0.36527325797336, 39.472190049060629 ], [ -0.365987108678199, 39.473070018572294 ], [ -0.365987108682717, 39.4730700185779 ], [ -0.3660002444394, 39.473086478066641 ], [ -0.366000244440862, 39.473086478068481 ], [ -0.366008061844664, 39.473096326183779 ], [ -0.366008061844666, 39.473096326183779 ], [ -0.366008061845593, 39.473096326185271 ], [ -0.366008061846833, 39.473096326186536 ], [ -0.366008993601142, 39.473097509436329 ], [ -0.366595187795678, 39.473833679016785 ], [ -0.366595187801417, 39.473833679024068 ], [ -0.367167630513856, 39.474568044093751 ], [ -0.367167630519478, 39.474568044101026 ], [ -0.36744769891089, 39.474935103309832 ], [ -0.367916463858609, 39.475496247344481 ], [ -0.368811429172227, 39.476433754615023 ], [ -0.368811429284627, 39.476433754759263 ], [ -0.368811429360379, 39.476433754917224 ], [ -0.368811429396833, 39.476433755083349 ], [ -0.368811429392711, 39.476433755251826 ], [ -0.368811429348161, 39.47643375541675 ], [ -0.368811429264736, 39.476433755572373 ], [ -0.368811429145364, 39.476433755713217 ], [ -0.368776489027821, 39.476467594321832 ], [ -0.368695082387714, 39.47654682011845 ], [ -0.368391202791188, 39.476842405844053 ], [ -0.368391202789715, 39.476842405845474 ], [ -0.36815591634902, 39.477070317221632 ], [ -0.36815591634178, 39.477070317228559 ], [ -0.368136608503883, 39.47708864432078 ], [ -0.368136608503885, 39.47708864432078 ], [ -0.368136608380452, 39.47708864442108 ], [ -0.36813660823862, 39.477088644505514 ], [ -0.367939588259215, 39.477188237126796 ], [ -0.367613303130852, 39.477353114794496 ], [ -0.367435793181831, 39.477442855972328 ], [ -0.367371864696425, 39.477475185190571 ], [ -0.367360316967785, 39.47748101334107 ], [ -0.366445540120032, 39.479344605133477 ], [ -0.366445540120034, 39.479344605133477 ], [ -0.366445540119968, 39.479344605133591 ], [ -0.366445540119929, 39.47934460513369 ], [ -0.36641128918244, 39.47941432613414 ], [ -0.364649915962309, 39.483001369392014 ], [ -0.364649915956871, 39.483001369400441 ], [ -0.364649915953293, 39.483001369409806 ], [ -0.364196690048746, 39.48386846935017 ], [ -0.364110210653369, 39.484126836549777 ], [ -0.36411021057992, 39.484126836707212 ], [ -0.363809309145731, 39.48462215484561 ], [ -0.363813144160225, 39.484625101691833 ], [ -0.363813890563707, 39.484625654641178 ], [ -0.36381389056371, 39.484625654641178 ], [ -0.36381389071318, 39.484625654776217 ], [ -0.363813890825469, 39.484625654931392 ], [ -0.363813890896195, 39.48462565510065 ], [ -0.363813890922596, 39.484625655277398 ], [ -0.363813890903643, 39.484625655454693 ], [ -0.363813890840075, 39.484625655625656 ], [ -0.363810446722433, 39.484632347566524 ], [ -0.363776732739359, 39.484701526718297 ], [ -0.363704570198198, 39.484849554796313 ], [ -0.363651036086334, 39.484959444368627 ], [ -0.363588468293257, 39.485087799607598 ], [ -0.363588468291598, 39.485087799610994 ], [ -0.363555312232257, 39.485155000419667 ], [ -0.363555312130822, 39.485155000577102 ], [ -0.36355531199181, 39.485155000716247 ], [ -0.363555311820529, 39.485155000831782 ], [ -0.363555311623521, 39.485155000919313 ], [ -0.363555311408306, 39.485155000975475 ], [ -0.363555311183107, 39.485155000998134 ], [ -0.363555310956521, 39.485155000986417 ], [ -0.3635553107372, 39.485155000940786 ], [ -0.363092550697696, 39.485019944376226 ], [ -0.362350532331901, 39.48480358541444 ], [ -0.362350532126984, 39.484803585336088 ], [ -0.362350531945814, 39.484803585228185 ], [ -0.362350531795397, 39.484803585094888 ], [ -0.362350531681548, 39.484803584941361 ], [ -0.362350531608669, 39.484803584773545 ], [ -0.362350531579578, 39.484803584597913 ], [ -0.362350531595401, 39.484803584421279 ], [ -0.362350531655523, 39.484803584250457 ], [ -0.36241774222223, 39.484667177649733 ], [ -0.362417742225091, 39.484667177643985 ], [ -0.362523551695294, 39.484456762699459 ], [ -0.362640169209716, 39.484225056629214 ], [ -0.362670389294701, 39.484156186804114 ], [ -0.362704091743504, 39.484078414252167 ], [ -0.36274165789249, 39.483991737733078 ], [ -0.362787513895879, 39.483885845371539 ], [ -0.362800820322265, 39.483855058662947 ], [ -0.362788800026737, 39.483845673882691 ], [ -0.362638264363193, 39.483732535095733 ], [ -0.362478004427661, 39.483613550321181 ], [ -0.36222763844506, 39.483431890062469 ], [ -0.362227638392042, 39.483431890021436 ], [ -0.362070545589994, 39.483302201218144 ], [ -0.362054569490251, 39.483290122652839 ], [ -0.362054569488151, 39.483290122651255 ], [ -0.361996851156039, 39.483246263949198 ], [ -0.361996851154842, 39.483246263948288 ], [ -0.361810973273061, 39.483104610796275 ], [ -0.361810973272041, 39.483104610795486 ], [ -0.361592019498683, 39.482937338560184 ], [ -0.361401111120949, 39.482791489573501 ], [ -0.361348120894401, 39.482750972062014 ], [ -0.361348120882512, 39.482750972052777 ], [ -0.361328279652042, 39.482735355257027 ], [ -0.361230429530335, 39.482660919018691 ], [ -0.361230429530333, 39.482660919018691 ], [ -0.361230429530206, 39.482660919018571 ], [ -0.361230429530065, 39.482660919018471 ], [ -0.361158183026844, 39.482605923980095 ], [ -0.361101342567333, 39.482562674850492 ], [ -0.360621175123046, 39.48219736558088 ], [ -0.360462882956306, 39.482076944425394 ], [ -0.360352812117322, 39.481993248122834 ], [ -0.36008376065711, 39.481788501818421 ], [ -0.360031460792158, 39.481748643526572 ], [ -0.360031460792161, 39.481748643526572 ], [ -0.359723849014292, 39.481514738244122 ], [ -0.359723849009715, 39.481514738240627 ], [ -0.359712004478674, 39.481505631521244 ], [ -0.359581250079837, 39.481406095589122 ], [ -0.359546999890832, 39.481380038744845 ], [ -0.359545609532115, 39.481378993668081 ], [ -0.359545609527106, 39.481378993664308 ], [ -0.359183161278125, 39.481103251036274 ], [ -0.358881022666059, 39.480873363330531 ], [ -0.358468680583199, 39.48055967558377 ], [ -0.358094254963326, 39.480274729661048 ], [ -0.358077594029619, 39.480262044900627 ], [ -0.357937260235671, 39.48015523999986 ], [ -0.357013656843041, 39.479452472633952 ], [ -0.35667288436831, 39.47919317973232 ], [ -0.356261815332905, 39.478880435739207 ], [ -0.355653371042072, 39.478417298852762 ], [ -0.355502518182853, 39.4784413551317 ], [ -0.354933083864805, 39.478532024371006 ], [ -0.354933083864807, 39.478532024371006 ], [ -0.354933083674727, 39.478532024388791 ], [ -0.354661520042038, 39.478539958446945 ], [ -0.354661519786247, 39.478539958432471 ], [ -0.354661519540785, 39.47853995837486 ], [ -0.354615856553462, 39.478524802147007 ], [ -0.354514885018066, 39.478496711408987 ], [ -0.35436764091355, 39.478455779126264 ], [ -0.354202536160267, 39.478409894177474 ], [ -0.353952576394565, 39.478340443179867 ], [ -0.353649130927188, 39.478256115432494 ], [ -0.353404074946844, 39.478187968599293 ], [ -0.353115379342366, 39.478107741063845 ], [ -0.352885265314449, 39.478044843263426 ], [ -0.352733142190535, 39.478003260858046 ], [ -0.352701899844826, 39.477994706991588 ], [ -0.352701899809693, 39.477994706981477 ], [ -0.352701238967204, 39.477994507246976 ], [ -0.352701238967206, 39.477994507246976 ], [ -0.352701238770732, 39.477994507170251 ], [ -0.352701238596435, 39.477994507066235 ], [ -0.352701238450564, 39.477994506938593 ], [ -0.352701238338347, 39.477994506791958 ], [ -0.352701238263808, 39.477994506631546 ], [ -0.352701238229617, 39.477994506463133 ], [ -0.352701238237003, 39.477994506292738 ], [ -0.352701238285697, 39.477994506126471 ], [ -0.352714309272134, 39.477963732715381 ], [ -0.352783459133738, 39.477791364293083 ], [ -0.352847676018484, 39.477631170481864 ], [ -0.35292744799115, 39.477432345576609 ], [ -0.352957895580427, 39.477356416083204 ], [ -0.352957895598022, 39.477356416042731 ], [ -0.353017160547482, 39.47723009485027 ], [ -0.353073054210601, 39.477110944375646 ], [ -0.353135421661535, 39.47697805432972 ], [ -0.353210013924509, 39.476819182164476 ], [ -0.35325901821358, 39.476714653533342 ], [ -0.353259018213581, 39.476714653533342 ], [ -0.353259018301916, 39.476714653387248 ], [ -0.353259018422471, 39.476714653255719 ], [ -0.353259018571382, 39.47671465314297 ], [ -0.353378438706066, 39.47663918707002 ], [ -0.353494303831073, 39.476480462086897 ], [ -0.353494303833638, 39.476480462083408 ], [ -0.35394826030779, 39.475865003747408 ], [ -0.353894231005441, 39.475849693107278 ], [ -0.353776317669769, 39.475816327818215 ], [ -0.353776317669771, 39.475816327818215 ], [ -0.353776317669716, 39.475816327818201 ], [ -0.35374522456103, 39.475807538906011 ], [ -0.352476256283391, 39.475448173682672 ], [ -0.352454778595729, 39.475442094417964 ], [ -0.35245477859573, 39.475442094417964 ], [ -0.352454778390664, 39.475442094341531 ], [ -0.352454778208749, 39.475442094235596 ], [ -0.352454778056964, 39.475442094104217 ], [ -0.352454777941129, 39.475442093952417 ], [ -0.352454777865686, 39.475442093786043 ], [ -0.352454777833529, 39.47544209361147 ], [ -0.352454777845892, 39.47544209343539 ], [ -0.352454777902299, 39.475442093264554 ], [ -0.352482856177159, 39.475382216648235 ], [ -0.35251403680367, 39.475315754133149 ], [ -0.352545691514093, 39.47524828351883 ], [ -0.352577289594496, 39.475180925114856 ], [ -0.352607752716529, 39.475115936273397 ], [ -0.352627381145862, 39.475074078317036 ], [ -0.352644061534638, 39.475038536801783 ], [ -0.352644061537743, 39.475038536795239 ], [ -0.352672544988073, 39.474979277447922 ], [ -0.352692807289647, 39.474937101496394 ], [ -0.352710896801549, 39.474899528164677 ], [ -0.352754630929176, 39.474808550444536 ], [ -0.3527903494164, 39.474734294141534 ], [ -0.352827926086047, 39.47465612621135 ], [ -0.352862816608107, 39.47458362124285 ], [ -0.35289165640813, 39.474523690691093 ], [ -0.352931150831032, 39.474441507061258 ], [ -0.352975236482431, 39.474349857091383 ], [ -0.352992967058305, 39.474312973712919 ], [ -0.353052567493724, 39.474189038375762 ], [ -0.35309019256245, 39.47411080388499 ], [ -0.353137231338155, 39.474012964527134 ], [ -0.353143253503695, 39.474000372318571 ], [ -0.353196733298832, 39.473887810682612 ], [ -0.353271613472483, 39.473729980938984 ], [ -0.353297438721724, 39.473675530108189 ], [ -0.353381165167295, 39.473498975258195 ], [ -0.353459351245237, 39.473334283921204 ], [ -0.35349832296551, 39.473252053032105 ], [ -0.353586806068118, 39.473065623730676 ], [ -0.353640937576087, 39.472951468636616 ], [ -0.353683472636553, 39.472861850558481 ], [ -0.353726834826156, 39.472770494589334 ], [ -0.353726834828102, 39.472770494585262 ], [ -0.353770553020034, 39.472679740381757 ], [ -0.353855249944112, 39.472504072079914 ], [ -0.353894783480986, 39.472422019592187 ], [ -0.353998282527001, 39.472207370467231 ], [ -0.354069287397812, 39.472059987644144 ], [ -0.354099203932867, 39.471997995735727 ], [ -0.354198165293798, 39.471792629321918 ], [ -0.354264309637336, 39.471655392177084 ], [ -0.354341044159218, 39.471496221916425 ], [ -0.354341044266023, 39.471496221749796 ], [ -0.354341044414735, 39.471496221603729 ], [ -0.354341044599003, 39.471496221484486 ], [ -0.354341044810958, 39.471496221397125 ], [ -0.354341045041555, 39.47149622134539 ], [ -0.354341045280948, 39.471496221331471 ], [ -0.354341045518916, 39.47149622135602 ], [ -0.354341045745301, 39.471496221417929 ], [ -0.354341371313482, 39.471496341041615 ], [ -0.354459594510078, 39.471243650263773 ], [ -0.354459594511862, 39.471243650259979 ], [ -0.354558377235872, 39.471035423648743 ], [ -0.354558377241374, 39.471035423637396 ], [ -0.354619684624617, 39.470911377592458 ], [ -0.354762061259786, 39.470623093077691 ], [ -0.354811408144145, 39.470523259590216 ], [ -0.354816304345198, 39.470513371320912 ], [ -0.354816958361981, 39.470511908791813 ], [ -0.354854699717465, 39.470422365794342 ], [ -0.354854699743517, 39.470422365738777 ], [ -0.354949942233681, 39.470238301656991 ], [ -0.355179051467681, 39.469795643488787 ], [ -0.35534615932779, 39.469472795827144 ], [ -0.355387771851542, 39.469392375614774 ], [ -0.355425918432596, 39.469318485345596 ], [ -0.355425918432594, 39.469318485345596 ], [ -0.355425918432686, 39.469318485345461 ], [ -0.35542591843274, 39.469318485345312 ], [ -0.355426765065108, 39.469316846998424 ], [ -0.355426765065107, 39.469316846998424 ], [ -0.355426765171708, 39.46931684683986 ], [ -0.355426765316623, 39.469316846700771 ], [ -0.355426765494139, 39.469316846586594 ], [ -0.355426765697257, 39.469316846501862 ], [ -0.355426765917972, 39.4693168464499 ], [ -0.355426766147584, 39.469316846432761 ], [ -0.355426766377039, 39.469316846451115 ], [ -0.355426766597293, 39.469316846504221 ], [ -0.355428929471557, 39.469317557514827 ], [ -0.355462903243729, 39.469238870626569 ], [ -0.355462903251984, 39.469238870608123 ], [ -0.355615290345842, 39.468909812895483 ], [ -0.355616018790498, 39.468908225911548 ], [ -0.355616018794516, 39.468908225902929 ], [ -0.355695859292909, 39.468739733654004 ], [ -0.355695859293592, 39.468739733652562 ], [ -0.355834426093037, 39.468448833088523 ], [ -0.35598440911879, 39.468134021541317 ], [ -0.356027700848942, 39.46804316297245 ], [ -0.356153950381847, 39.467778161225766 ], [ -0.356201785528816, 39.467677775568951 ], [ -0.356346653151445, 39.46737368015939 ], [ -0.356477239660611, 39.467099665205822 ], [ -0.356481768511768, 39.46708948922408 ], [ -0.356481768523684, 39.467089489198571 ], [ -0.356483160633219, 39.46708664256613 ], [ -0.356728013412634, 39.466572220214303 ], [ -0.356780712871028, 39.466461652398351 ], [ -0.356780712875397, 39.46646165239143 ], [ -0.356780712878261, 39.466461652383565 ], [ -0.356781171668984, 39.466460739426843 ], [ -0.357064518263626, 39.46586560922519 ], [ -0.357064518270088, 39.465865609211946 ], [ -0.357064700620063, 39.465865244005954 ], [ -0.357073489861503, 39.465846755193475 ], [ -0.35707348986193, 39.46584675519258 ], [ -0.357161610990766, 39.465661990171597 ], [ -0.357269545671091, 39.465435222684086 ], [ -0.35747445344439, 39.465004855529415 ], [ -0.357474453444392, 39.465004855529415 ], [ -0.357474453527229, 39.465004855392223 ], [ -0.357514937736742, 39.464950296348889 ], [ -0.357554991700144, 39.464864232826685 ], [ -0.357810886816219, 39.464314176970888 ], [ -0.357843743685829, 39.464243525807426 ], [ -0.357843743685828, 39.464243525807426 ], [ -0.357843743783979, 39.464243525647646 ], [ -0.357861707942087, 39.464220443673554 ], [ -0.357861707943437, 39.464220443671827 ], [ -0.358023241709499, 39.464013938509396 ], [ -0.358023241710801, 39.464013938507726 ], [ -0.358023540858651, 39.464013557930919 ], [ -0.358052851184758, 39.463976270268297 ], [ -0.358052851302804, 39.46397627014364 ], [ -0.358248789708644, 39.463802811718374 ], [ -0.358248789708643, 39.463802811718374 ], [ -0.358248789954362, 39.46380281155416 ], [ -0.358450433066079, 39.463702308529463 ], [ -0.358450433066077, 39.463702308529463 ], [ -0.358450433362499, 39.463702308423912 ], [ -0.358930541159868, 39.463591361129836 ], [ -0.358930541164774, 39.463591361128707 ], [ -0.359558899842945, 39.463448483814432 ], [ -0.359558899842947, 39.463448483814432 ] ] ] ] } },
{ "type": "Feature", "properties": { "INE_MUN": "46250", "DISTRITO": 7 }, "geometry": { "type": "MultiPolygon", "coordinates": [ [ [ [ -0.397256419894807, 39.463898902811323 ], [ -0.397256419895766, 39.463898902811202 ], [ -0.397260849437514, 39.463898709225781 ], [ -0.397260849567528, 39.463898709225745 ], [ -0.397368172484101, 39.463903343309106 ], [ -0.397368172758201, 39.463903343346836 ], [ -0.397368173012853, 39.463903343434026 ], [ -0.397374537159027, 39.463906274060271 ], [ -0.397434922621042, 39.463904360661616 ], [ -0.397499887087928, 39.463902306513866 ], [ -0.397499887096215, 39.463902306513646 ], [ -0.397507414106635, 39.463902110211137 ], [ -0.397866166448987, 39.463890789637219 ], [ -0.398888650402135, 39.463858458231407 ], [ -0.399515346752724, 39.463838670928574 ], [ -0.399779870932475, 39.463830288996924 ], [ -0.399933340038777, 39.463825420929339 ], [ -0.400669897955005, 39.46380219432006 ], [ -0.400757405050281, 39.46379948489799 ], [ -0.400757405274189, 39.463799484907838 ], [ -0.400757405491481, 39.463799484950883 ], [ -0.400757405694059, 39.463799485025454 ], [ -0.400757405874376, 39.463799485128824 ], [ -0.400757406025709, 39.46379948525712 ], [ -0.400757406142421, 39.463799485405559 ], [ -0.400757406220159, 39.463799485568622 ], [ -0.400757406256031, 39.463799485740218 ], [ -0.40075773467444, 39.463803460211224 ], [ -0.400767035159544, 39.463800385030417 ], [ -0.400767035159545, 39.463800385030417 ], [ -0.400767035350524, 39.463800384981916 ], [ -0.40076703554943, 39.463800384959661 ], [ -0.400797885503596, 39.46379902541134 ], [ -0.400889843686502, 39.463794293856424 ], [ -0.400889843703603, 39.463794293855642 ], [ -0.400891938844065, 39.46379421008411 ], [ -0.401140341464609, 39.463781483495033 ], [ -0.401865293062797, 39.463742655798185 ], [ -0.401988885937875, 39.46373608558573 ], [ -0.402557792335587, 39.46370603514643 ], [ -0.402557792336891, 39.463706035146366 ], [ -0.4031651263723, 39.463674483867216 ], [ -0.403350876735939, 39.463615682293899 ], [ -0.403350876739859, 39.463615682292669 ], [ -0.403485452004639, 39.463573523187023 ], [ -0.403485452004637, 39.463573523187023 ], [ -0.403485452191197, 39.463573523142287 ], [ -0.403485452384783, 39.463573523122413 ], [ -0.404099972766407, 39.463550871457322 ], [ -0.404314490681374, 39.463542947750305 ], [ -0.404837825954696, 39.463523493292556 ], [ -0.405004010438905, 39.463517335802798 ], [ -0.405229394634162, 39.463508954845707 ], [ -0.405448238471425, 39.463500022039611 ], [ -0.405546357351244, 39.463496032419016 ], [ -0.405637563183284, 39.463492294693026 ], [ -0.4056375631912, 39.463492294692728 ], [ -0.405798158759105, 39.46348656444426 ], [ -0.405880770207178, 39.463483630161726 ], [ -0.405971963661389, 39.463480224323767 ], [ -0.405972441268871, 39.463480194445943 ], [ -0.405972441516627, 39.463480194450995 ], [ -0.405972441757362, 39.463480194496682 ], [ -0.405983039666692, 39.463483164784435 ], [ -0.405982784954329, 39.46348111099978 ], [ -0.405982784955596, 39.463481110817753 ], [ -0.405982785004061, 39.463481110639655 ], [ -0.405982785097742, 39.463481110472735 ], [ -0.405982785232811, 39.463481110323841 ], [ -0.405982785403749, 39.463481110199041 ], [ -0.405982785603577, 39.46348111010343 ], [ -0.405982785824123, 39.463481110040924 ], [ -0.405982786056381, 39.463481110014079 ], [ -0.40599346396919, 39.463480722232447 ], [ -0.406341844858308, 39.463467666571262 ], [ -0.406329618378442, 39.463448282652955 ], [ -0.406329618378445, 39.463448282652955 ], [ -0.406329618300564, 39.463448282492216 ], [ -0.406329618263458, 39.463448282322943 ], [ -0.406329618268478, 39.463448282151276 ], [ -0.40632961831544, 39.463448281983467 ], [ -0.406329618402636, 39.463448281825642 ], [ -0.406329618526896, 39.463448281683497 ], [ -0.406329618683706, 39.463448281562208 ], [ -0.40632961886736, 39.463448281466214 ], [ -0.406329619071184, 39.463448281398982 ], [ -0.406329619287767, 39.463448281362943 ], [ -0.406515473493906, 39.463431506821316 ], [ -0.407128774883608, 39.463376245799886 ], [ -0.407128774892052, 39.463376245799154 ], [ -0.407273851915271, 39.46336400612693 ], [ -0.407273851990655, 39.46336400612249 ], [ -0.407553027151377, 39.463354623399731 ], [ -0.407553027154941, 39.46335462339961 ], [ -0.408434504689099, 39.463327095505534 ], [ -0.40843447848714, 39.46332514087446 ], [ -0.408434478506223, 39.463325140702288 ], [ -0.408434478567379, 39.463325140536114 ], [ -0.40843447866836, 39.463325140382054 ], [ -0.408434478805445, 39.463325140245779 ], [ -0.408434478973586, 39.463325140132312 ], [ -0.408434479166593, 39.463325140045825 ], [ -0.408434479377355, 39.463325139989522 ], [ -0.408434479598116, 39.463325139965441 ], [ -0.408549784402404, 39.463321234638315 ], [ -0.408624958289416, 39.463318555069591 ], [ -0.408624958289487, 39.463318555069591 ], [ -0.408803808341007, 39.463312139411386 ], [ -0.40995703407587, 39.463267520996951 ], [ -0.409957034079384, 39.463267520996823 ], [ -0.410538505155389, 39.463246387783833 ], [ -0.410736471971931, 39.46323923293815 ], [ -0.412073306098731, 39.463190694918232 ], [ -0.412325570862602, 39.463181534779373 ], [ -0.412798371007157, 39.463163411004381 ], [ -0.41279837123519, 39.463163411013042 ], [ -0.412798371456633, 39.463163411056115 ], [ -0.412798371662933, 39.46316341113193 ], [ -0.412798371846123, 39.463163411237545 ], [ -0.412798371999127, 39.463163411368889 ], [ -0.412798372116039, 39.463163411520902 ], [ -0.412798372192344, 39.463163411687681 ], [ -0.412798372225091, 39.463163411862823 ], [ -0.412798372213019, 39.463163412039535 ], [ -0.412798372156592, 39.463163412211017 ], [ -0.412768926663345, 39.463226298489054 ], [ -0.412957084802608, 39.463219232402366 ], [ -0.413023587593558, 39.46321672632363 ], [ -0.413023587813867, 39.463216726331581 ], [ -0.413023588028269, 39.463216726371648 ], [ -0.413023588229038, 39.463216726442418 ], [ -0.413023588408937, 39.46321672654129 ], [ -0.413023588561484, 39.463216726664768 ], [ -0.413023588681181, 39.463216726808355 ], [ -0.413023588763714, 39.463216726966898 ], [ -0.413023588806108, 39.463216727134643 ], [ -0.413023588806837, 39.463216727305607 ], [ -0.413023588765872, 39.463216727473586 ], [ -0.413023588684693, 39.463216727632542 ], [ -0.413023588566222, 39.463216727776739 ], [ -0.41302358856622, 39.463216727776739 ], [ -0.412765534603721, 39.463473322022722 ], [ -0.412432109962146, 39.464090872703061 ], [ -0.412405053886749, 39.464233829796562 ], [ -0.412546423190822, 39.465876924608537 ], [ -0.412546423183701, 39.465876924784553 ], [ -0.41254642313252, 39.465876924956135 ], [ -0.412546423039236, 39.465876925116703 ], [ -0.412546422907413, 39.465876925260147 ], [ -0.412546422742099, 39.465876925380954 ], [ -0.412546422549611, 39.465876925474518 ], [ -0.412546422337312, 39.465876925537245 ], [ -0.412546422113322, 39.465876925566747 ], [ -0.411759267732796, 39.465919946083055 ], [ -0.411756342571114, 39.465930195411566 ], [ -0.411756342571108, 39.46593019541158 ], [ -0.411756342571105, 39.465930195411595 ], [ -0.411604260198189, 39.466462982902449 ], [ -0.4122795268925, 39.466729846536083 ], [ -0.412528792137823, 39.466784090247792 ], [ -0.412538143503398, 39.466786104692538 ], [ -0.412554905137417, 39.466785905820274 ], [ -0.412554905137466, 39.466785905820252 ], [ -0.41317562207337, 39.466777881906793 ], [ -0.413494604035701, 39.466773731355424 ], [ -0.413494604254078, 39.466773731368583 ], [ -0.413494604465387, 39.466773731413276 ], [ -0.413494604662114, 39.466773731487933 ], [ -0.413494604837271, 39.466773731589868 ], [ -0.413494604984632, 39.46677373171547 ], [ -0.413494605098956, 39.466773731860286 ], [ -0.413494605176183, 39.466773732019149 ], [ -0.413494605213566, 39.466773732186439 ], [ -0.413494605209775, 39.466773732356188 ], [ -0.413487887821897, 39.46682014871319 ], [ -0.413468014130386, 39.466958248140926 ], [ -0.413460938397428, 39.46700771935641 ], [ -0.414089526212612, 39.466975050065109 ], [ -0.414129260879733, 39.466972966674618 ], [ -0.414413165798997, 39.466958141395423 ], [ -0.414596145977406, 39.466948596235142 ], [ -0.41467766682237, 39.46694301349531 ], [ -0.414677666995224, 39.466943013493484 ], [ -0.414841862231539, 39.466950761463607 ], [ -0.414841862454601, 39.466950761491198 ], [ -0.414841862666563, 39.466950761551701 ], [ -0.414841862859416, 39.466950761642856 ], [ -0.415033209955631, 39.46706234127852 ], [ -0.415033209955629, 39.46706234127852 ], [ -0.415033210103848, 39.467062341381499 ], [ -0.415033210227218, 39.467062341502562 ], [ -0.415033210322117, 39.467062341638176 ], [ -0.415155506241774, 39.467279710351541 ], [ -0.415155506245246, 39.467279710357786 ], [ -0.415199337253473, 39.467359246944881 ], [ -0.41538449351834, 39.467695208476144 ], [ -0.417780482288607, 39.468543973776768 ], [ -0.417780482288609, 39.468543973776768 ], [ -0.417780482489276, 39.468543973867668 ], [ -0.417780482662587, 39.4685439739877 ], [ -0.417780482801605, 39.468543974132061 ], [ -0.417780482900769, 39.468543974294995 ], [ -0.417824178067547, 39.468639536991205 ], [ -0.418050019750008, 39.468763391315491 ], [ -0.418050019930756, 39.468763391438202 ], [ -0.418050020075068, 39.46876339158711 ], [ -0.418050020176774, 39.46876339175585 ], [ -0.418050020231524, 39.468763391937181 ], [ -0.418050020236977, 39.468763392123371 ], [ -0.418050020192897, 39.46876339230645 ], [ -0.418020370951794, 39.468840943071328 ], [ -0.41797290860757, 39.468965016185507 ], [ -0.41796848185572, 39.468976597814965 ], [ -0.417946855270088, 39.469033497401675 ], [ -0.41808784372534, 39.469058823824774 ], [ -0.418087843941746, 39.469058823881525 ], [ -0.418087844139639, 39.469058823969988 ], [ -0.418087844311375, 39.469058824086758 ], [ -0.418087844450312, 39.469058824227311 ], [ -0.418087844551076, 39.469058824386224 ], [ -0.418087844609774, 39.469058824557344 ], [ -0.418087844624135, 39.469058824734063 ], [ -0.418087844593604, 39.469058824909546 ], [ -0.418087844519361, 39.469058825076999 ], [ -0.41808784440428, 39.469058825229943 ], [ -0.418087844252805, 39.469058825362502 ], [ -0.418087844070796, 39.469058825469517 ], [ -0.417785387403882, 39.469202712814145 ], [ -0.417785387346469, 39.469202712839746 ], [ -0.417685053533074, 39.469244540345237 ], [ -0.41766529259436, 39.469252901999752 ], [ -0.417665292594358, 39.469252901999752 ], [ -0.417665292593248, 39.469252902000115 ], [ -0.417665292592168, 39.469252902000669 ], [ -0.417658503454722, 39.46925576010058 ], [ -0.417658503446879, 39.469255760103863 ], [ -0.417625429201376, 39.469269430331586 ], [ -0.417549408379818, 39.469301248598022 ], [ -0.417546361578735, 39.46930254573342 ], [ -0.417546361568913, 39.469302545737555 ], [ -0.417447529731319, 39.469343667685443 ], [ -0.417447529690106, 39.469343667701771 ], [ -0.417181825375631, 39.469443867317125 ], [ -0.417098487148264, 39.46947537401234 ], [ -0.41709848708233, 39.469475374035319 ], [ -0.41706355789726, 39.469486552466201 ], [ -0.416835619813598, 39.469559343387452 ], [ -0.416835619763638, 39.469559343402373 ], [ -0.416766063964295, 39.469578701465103 ], [ -0.416766063782619, 39.469578701503117 ], [ -0.416686849313302, 39.469590038650473 ], [ -0.41656264789804, 39.469607776465857 ], [ -0.416562647805931, 39.469607776476074 ], [ -0.416534331366894, 39.46961002532656 ], [ -0.416509687919717, 39.469612117087884 ], [ -0.416509687916891, 39.469612117088126 ], [ -0.416354858518161, 39.469624962163074 ], [ -0.416354858482251, 39.469624962165604 ], [ -0.416336826292246, 39.469626020710415 ], [ -0.41622787727912, 39.469632858689671 ], [ -0.416180139807997, 39.469653125700582 ], [ -0.415895482116376, 39.469774007776145 ], [ -0.415895482103882, 39.469774007781368 ], [ -0.415860384057852, 39.469788482933588 ], [ -0.415838667006178, 39.469797522385882 ], [ -0.415838667002409, 39.469797522387445 ], [ -0.41576266893335, 39.469828876918406 ], [ -0.415748495937915, 39.469834794977473 ], [ -0.415748495933338, 39.46983479497937 ], [ -0.415380800248349, 39.469986689002845 ], [ -0.414891431718458, 39.47020111562869 ], [ -0.414704023977988, 39.470301740313019 ], [ -0.414480619899171, 39.47042173016915 ], [ -0.414381752267302, 39.470479105125229 ], [ -0.414381752181951, 39.47047910517032 ], [ -0.41398017052248, 39.470671549921967 ], [ -0.413659339990204, 39.470825291139001 ], [ -0.413659339990203, 39.470825291139001 ], [ -0.413659339773561, 39.470825291220116 ], [ -0.41350558796923, 39.470868291033668 ], [ -0.413505587969231, 39.470868291033668 ], [ -0.413356966657945, 39.470910035489808 ], [ -0.413069741998395, 39.470992016228578 ], [ -0.413069741991813, 39.470992016230433 ], [ -0.412655709674429, 39.471107996748025 ], [ -0.412649694283943, 39.471109727632935 ], [ -0.412363075054904, 39.471221588832769 ], [ -0.412166888839034, 39.471354693339492 ], [ -0.411679724591437, 39.471860161594691 ], [ -0.411627010698359, 39.471914836944983 ], [ -0.411627010698357, 39.471914836944983 ], [ -0.41128232706148, 39.472272486852503 ], [ -0.411282327040985, 39.472272486873138 ], [ -0.411024097026669, 39.472524865547761 ], [ -0.411024097026669, 39.472524865547761 ], [ -0.411024096852575, 39.472524865684846 ], [ -0.411024096644887, 39.472524865790142 ], [ -0.411024096413082, 39.472524865858865 ], [ -0.411024096167735, 39.472524865887856 ], [ -0.411022187429773, 39.472524931470268 ], [ -0.410971204305295, 39.472527304591722 ], [ -0.410031547895382, 39.472570859934116 ], [ -0.409928397835728, 39.472589465107099 ], [ -0.409928397835727, 39.472589465107099 ], [ -0.409928397661391, 39.472589465127903 ], [ -0.409335850907686, 39.472624757157746 ], [ -0.408926867456641, 39.472649105121278 ], [ -0.408804854327657, 39.4726563880375 ], [ -0.4088048542667, 39.472656388039894 ], [ -0.407890553318761, 39.472673627014245 ], [ -0.407430170840327, 39.472682101875641 ], [ -0.40724345152813, 39.472685516212344 ], [ -0.407243451528109, 39.472685516212344 ], [ -0.407243451528102, 39.472685516212344 ], [ -0.407148448949144, 39.47268725147535 ], [ -0.406971691462637, 39.472690504762348 ], [ -0.406971691462602, 39.472690504762348 ], [ -0.40697169146259, 39.472690504762348 ], [ -0.40695630377531, 39.472690787478747 ], [ -0.406961126569449, 39.472740379686492 ], [ -0.406968554894506, 39.472816556592683 ], [ -0.406986024752129, 39.472995505138698 ], [ -0.40698602475466, 39.472995505173621 ], [ -0.406994932739557, 39.473183708436451 ], [ -0.407011033532218, 39.473498676706072 ], [ -0.407016186493984, 39.473504678750984 ], [ -0.407016186493983, 39.473504678750984 ], [ -0.407016186605554, 39.473504678915596 ], [ -0.407016186671127, 39.473504679094454 ], [ -0.407016186687904, 39.473504679279941 ], [ -0.407016186655172, 39.473504679464135 ], [ -0.407016186574324, 39.473504679639198 ], [ -0.407016186448808, 39.473504679797657 ], [ -0.407016186283976, 39.473504679932759 ], [ -0.407016186086856, 39.473504680038758 ], [ -0.40701618586585, 39.473504680111112 ], [ -0.406799743613898, 39.473555883622531 ], [ -0.405479175905063, 39.47386844459831 ], [ -0.405479175839331, 39.473868444612243 ], [ -0.403697168896557, 39.474203085031512 ], [ -0.402126164287962, 39.474498110541354 ], [ -0.402126164287888, 39.474498110541376 ], [ -0.402126164287808, 39.474498110541397 ], [ -0.402026721041975, 39.474516773498564 ], [ -0.401546429283272, 39.474606954691325 ], [ -0.401392512408772, 39.474635858277928 ], [ -0.3990182588016, 39.475081676050976 ], [ -0.398905580574508, 39.475102841831045 ], [ -0.397465725120894, 39.475373141574799 ], [ -0.396470403505866, 39.475559990864546 ], [ -0.396266415860981, 39.475652138244584 ], [ -0.396230625704524, 39.475668308037285 ], [ -0.396230483657607, 39.475668376917319 ], [ -0.396230483657606, 39.475668376917319 ], [ -0.396230483441332, 39.475668376999373 ], [ -0.396230483207876, 39.475668377045132 ], [ -0.396230482967267, 39.4756683770526 ], [ -0.396230482729835, 39.475668377021478 ], [ -0.396230482505779, 39.475668376953095 ], [ -0.396230482304723, 39.475668376850386 ], [ -0.396230482135301, 39.475668376717778 ], [ -0.396230482004791, 39.475668376560947 ], [ -0.396090801989398, 39.47545473413826 ], [ -0.396008796294424, 39.475330183870632 ], [ -0.395845823206548, 39.475082438834015 ], [ -0.395845823198748, 39.475082438821929 ], [ -0.395676756078123, 39.474815611443859 ], [ -0.395539706100096, 39.474599329167695 ], [ -0.395373614316377, 39.474337121995632 ], [ -0.395353200463016, 39.474304930889247 ], [ -0.395353200463015, 39.474304930889247 ], [ -0.395353200384856, 39.47430493072909 ], [ -0.39535320034723, 39.474304930560351 ], [ -0.395353200351495, 39.474304930389145 ], [ -0.395353200397497, 39.474304930221663 ], [ -0.395353200483574, 39.474304930063965 ], [ -0.395353200606615, 39.474304929921729 ], [ -0.395353200762168, 39.474304929800127 ], [ -0.395353200944609, 39.47430492970355 ], [ -0.395354020888651, 39.474304579183197 ], [ -0.395347042095649, 39.474295054372618 ], [ -0.395347042092829, 39.47429505436876 ], [ -0.395346660709043, 39.474294527813527 ], [ -0.395335587457071, 39.474279297959015 ], [ -0.39531959441988, 39.474257445357658 ], [ -0.395319594418989, 39.474257445356436 ], [ -0.394956610237915, 39.473759663459369 ], [ -0.394635393457565, 39.473319220173138 ], [ -0.394330162473994, 39.472900756516147 ], [ -0.394330162473997, 39.472900756516147 ], [ -0.394330162473916, 39.472900756515998 ], [ -0.394330162473805, 39.472900756515891 ], [ -0.394330162473808, 39.472900756515891 ], [ -0.394279978817714, 39.472831902983636 ], [ -0.393843319740665, 39.472233094795683 ], [ -0.39349765911152, 39.471759092823888 ], [ -0.393333978343074, 39.471535850471042 ], [ -0.393333661810937, 39.471535456006784 ], [ -0.393333661785113, 39.471535455972983 ], [ -0.393104577156679, 39.471220076971804 ], [ -0.393017598517653, 39.471100876019904 ], [ -0.393017598517654, 39.471100876019904 ], [ -0.393017598517522, 39.471100876019669 ], [ -0.393017598517346, 39.471100876019484 ], [ -0.392996877723621, 39.471072443306433 ], [ -0.392947011120018, 39.471004038654122 ], [ -0.392438136604877, 39.470306241480088 ], [ -0.392149240907304, 39.469909967092597 ], [ -0.392149240907306, 39.469909967092597 ], [ -0.392149240907302, 39.469909967092583 ], [ -0.39164925709639, 39.46922443424917 ], [ -0.391649257095166, 39.469224434247486 ], [ -0.391636533770223, 39.469206901292679 ], [ -0.391602697574423, 39.469160570730146 ], [ -0.39160269757336, 39.46916057072869 ], [ -0.391581460485525, 39.469131364934121 ], [ -0.391546136910064, 39.469082879407004 ], [ -0.391524413261391, 39.469055342839198 ], [ -0.391524413237142, 39.469055342806982 ], [ -0.391523822185895, 39.469054518750589 ], [ -0.391522915283642, 39.469053282207334 ], [ -0.391522915280615, 39.46905328220317 ], [ -0.391277401759031, 39.468714361119389 ], [ -0.390974706936799, 39.46829921052985 ], [ -0.390926385898272, 39.46823290724776 ], [ -0.390862624655641, 39.468145459533929 ], [ -0.390707017017037, 39.467932115297828 ], [ -0.390298723831734, 39.467372050824608 ], [ -0.390030769476033, 39.467004595878812 ], [ -0.390030769476033, 39.467004595878812 ], [ -0.390030769382227, 39.467004595713298 ], [ -0.390030769332968, 39.467004595536579 ], [ -0.390030769330239, 39.467004595355817 ], [ -0.390030769374154, 39.467004595178267 ], [ -0.390030769462939, 39.467004595011083 ], [ -0.390030769593017, 39.467004594861024 ], [ -0.390030769759148, 39.467004594734135 ], [ -0.390030769954631, 39.467004594635512 ], [ -0.390030770171591, 39.467004594569133 ], [ -0.390030770401282, 39.467004594537698 ], [ -0.390030770634447, 39.467004594542452 ], [ -0.39003560300963, 39.467005072253002 ], [ -0.390029849333956, 39.466997341138175 ], [ -0.390029849333958, 39.466997341138175 ], [ -0.390029849241741, 39.466997340981187 ], [ -0.390029849189823, 39.466997340813485 ], [ -0.390029849180111, 39.466997340641178 ], [ -0.390029849212961, 39.466997340470591 ], [ -0.390029849287167, 39.466997340307998 ], [ -0.390029849400007, 39.466997340159338 ], [ -0.390029849547341, 39.46699734003009 ], [ -0.390029849723766, 39.466997339924987 ], [ -0.390029849922809, 39.466997339847872 ], [ -0.390029850137166, 39.46699733980158 ], [ -0.390029850358977, 39.466997339787817 ], [ -0.390029850580103, 39.466997339807101 ], [ -0.390163048756433, 39.467019115417258 ], [ -0.390348682527316, 39.467049445677226 ], [ -0.39043678585358, 39.467063861617639 ], [ -0.39045044905648, 39.467065091820935 ], [ -0.390450449176895, 39.467065091836794 ], [ -0.390649868643868, 39.467099789642418 ], [ -0.390800359949615, 39.4671252004838 ], [ -0.391030042891076, 39.467163991443044 ], [ -0.391030042896414, 39.467163991443947 ], [ -0.391358508770917, 39.467220720649813 ], [ -0.391546489837864, 39.467253147595656 ], [ -0.392036842028759, 39.467334872770714 ], [ -0.392036842202614, 39.467334872810916 ], [ -0.392036842366276, 39.467334872871611 ], [ -0.392045597813131, 39.467338798540212 ], [ -0.392048029402251, 39.467334831562106 ], [ -0.39204802952611, 39.467334831404216 ], [ -0.39204802968894, 39.467334831269255 ], [ -0.392048029883886, 39.467334831162894 ], [ -0.392048030102737, 39.467334831089602 ], [ -0.392048030336281, 39.46733483105249 ], [ -0.392048030574681, 39.467334831053101 ], [ -0.392048030807902, 39.467334831091414 ], [ -0.392048031026122, 39.467334831165815 ], [ -0.392054725848669, 39.467337783080971 ], [ -0.392066891028571, 39.467339754215274 ], [ -0.392153349666836, 39.46735372566053 ], [ -0.392369891896387, 39.467388693050346 ], [ -0.392591689806861, 39.467424575236755 ], [ -0.392591689930199, 39.46742457526225 ], [ -0.392619041731278, 39.467431499609127 ], [ -0.392619801039718, 39.467431683100472 ], [ -0.392621008953343, 39.467429828048076 ], [ -0.392621009069341, 39.467429827905079 ], [ -0.392621009217749, 39.467429827781402 ], [ -0.392621009393345, 39.467429827681379 ], [ -0.39262100958995, 39.467429827608527 ], [ -0.392621009800651, 39.467429827565404 ], [ -0.392621010018031, 39.467429827553545 ], [ -0.392621010234445, 39.467429827573362 ], [ -0.393183807195718, 39.46752348837596 ], [ -0.393183807197215, 39.467523488376209 ], [ -0.393306534145037, 39.467544043550163 ], [ -0.393306724904993, 39.46754407034873 ], [ -0.393306724904991, 39.46754407034873 ], [ -0.393306724923015, 39.467544070352773 ], [ -0.393306724943068, 39.467544070354613 ], [ -0.394016972985278, 39.467662967266207 ], [ -0.394212656649064, 39.467695678852856 ], [ -0.394931854406112, 39.467816063633236 ], [ -0.395167279913255, 39.467855458043893 ], [ -0.39529376771512, 39.467874747555925 ], [ -0.395315357791245, 39.46778999622903 ], [ -0.395352425617509, 39.467644979742957 ], [ -0.395237032427534, 39.467357801214504 ], [ -0.395183717849007, 39.46722624040703 ], [ -0.395091395173344, 39.466998158971748 ], [ -0.395069529514912, 39.466993425819965 ], [ -0.39506759226833, 39.466993013035534 ], [ -0.39506759226833, 39.466993013035534 ], [ -0.39506759205514, 39.466993012972061 ], [ -0.395067591862088, 39.466993012877495 ], [ -0.39506759169663, 39.466993012755481 ], [ -0.395067591565163, 39.466993012610743 ], [ -0.395067591472767, 39.466993012448867 ], [ -0.395059716986192, 39.466974475953556 ], [ -0.395059716973712, 39.466974475922271 ], [ -0.395034784051064, 39.466907703077595 ], [ -0.394977574937568, 39.466762010121542 ], [ -0.394868110533716, 39.466482972750391 ], [ -0.39474399290511, 39.466166838157882 ], [ -0.394613836613761, 39.46583517556919 ], [ -0.394596320197518, 39.46579050538611 ], [ -0.394478202249654, 39.465489629932115 ], [ -0.394478202204467, 39.465489629754494 ], [ -0.394478202206026, 39.465489629573469 ], [ -0.39447820225427, 39.46548962939633 ], [ -0.394478202347249, 39.465489629230269 ], [ -0.394478202481206, 39.465489629081958 ], [ -0.394532241892501, 39.465441045217396 ], [ -0.394532241899379, 39.465441045211271 ], [ -0.394553359760485, 39.465422401920939 ], [ -0.394553359760488, 39.465422401920939 ], [ -0.394553359921052, 39.465422401803785 ], [ -0.394553360107287, 39.465422401712253 ], [ -0.394553360312482, 39.465422401649647 ], [ -0.394553360529242, 39.465422401618213 ], [ -0.39455336074976, 39.465422401619108 ], [ -0.394558388707376, 39.465422793523125 ], [ -0.394557581309161, 39.465420303733453 ], [ -0.394557581275911, 39.465420303564009 ], [ -0.394557581284676, 39.465420303392754 ], [ -0.394557581335139, 39.465420303225905 ], [ -0.394557581425471, 39.465420303069493 ], [ -0.394557581552403, 39.465420302929161 ], [ -0.394777150028549, 39.465221001377955 ], [ -0.39487964705701, 39.465127968484609 ], [ -0.394995835102348, 39.465022477773054 ], [ -0.395541557671794, 39.464527169440728 ], [ -0.395779749577972, 39.464310960181066 ], [ -0.396003013685814, 39.46410823458163 ], [ -0.396184045278522, 39.463943845346556 ], [ -0.39618404527852, 39.463943845346556 ], [ -0.39618404545612, 39.46394384521605 ], [ -0.39618404566505, 39.463943845117285 ], [ -0.396184045896036, 39.463943845054636 ], [ -0.39619737447824, 39.463941414001042 ], [ -0.396197374478239, 39.463941414001042 ], [ -0.396197374715591, 39.463941413977373 ], [ -0.396396504512023, 39.463937592515002 ], [ -0.397052517042222, 39.463908082706638 ], [ -0.397256419893798, 39.463898902811302 ], [ -0.397256419894807, 39.463898902811323 ] ] ] ] } },
{ "type": "Feature", "properties": { "INE_MUN": "46250", "DISTRITO": 8 }, "geometry": { "type": "MultiPolygon", "coordinates": [ [ [ [ -0.391965183655145, 39.454027587075707 ], [ -0.391970081668428, 39.454020152085015 ], [ -0.391970081675061, 39.45402015207511 ], [ -0.392201523332065, 39.45367933648923 ], [ -0.392420023766126, 39.453357490959228 ], [ -0.392580041130018, 39.453121858373549 ], [ -0.392591474183384, 39.453104935006031 ], [ -0.392592132491958, 39.453103954298761 ], [ -0.392592132494504, 39.453103954294996 ], [ -0.393511975826998, 39.451749272170851 ], [ -0.393628073212928, 39.451578209515418 ], [ -0.394318021082235, 39.450553063195024 ], [ -0.394332734787983, 39.450531217781858 ], [ -0.394332734787985, 39.450531217781858 ], [ -0.394332734917302, 39.450531217629688 ], [ -0.39433273508348, 39.450531217500831 ], [ -0.394332735279721, 39.450531217400538 ], [ -0.394332735497986, 39.45053121733293 ], [ -0.394332735729338, 39.450531217300778 ], [ -0.394332735964302, 39.450531217305375 ], [ -0.394332736193261, 39.450531217346558 ], [ -0.394332736406837, 39.450531217422643 ], [ -0.394332736596285, 39.450531217530489 ], [ -0.394332736753847, 39.450531217665713 ], [ -0.394332736873074, 39.45053121782275 ], [ -0.394419781370036, 39.450678111642837 ], [ -0.394419781389083, 39.450678111676815 ], [ -0.394477852957011, 39.450787789930111 ], [ -0.394477853024319, 39.450787790106936 ], [ -0.39450748073207, 39.450910923492401 ], [ -0.39500661671202, 39.450955765953871 ], [ -0.395006616799358, 39.450955765964345 ], [ -0.395773954700487, 39.451071078882549 ], [ -0.395773954700488, 39.451071078882549 ], [ -0.395773954917502, 39.451071078932586 ], [ -0.395773955117875, 39.451071079014312 ], [ -0.395773955293988, 39.451071079124617 ], [ -0.395773955439156, 39.451071079259329 ], [ -0.395773955547861, 39.451071079413282 ], [ -0.395773955615972, 39.451071079580686 ], [ -0.395773955640903, 39.451071079755152 ], [ -0.395773955621705, 39.451071079930045 ], [ -0.395773955559108, 39.451071080098735 ], [ -0.395773955559107, 39.451071080098735 ], [ -0.395669896413941, 39.451274391606297 ], [ -0.395603936348837, 39.45142717561513 ], [ -0.395561182137287, 39.451603762971381 ], [ -0.395561182053388, 39.451603763177424 ], [ -0.395477451531372, 39.45174679227334 ], [ -0.395440036765116, 39.451942224046107 ], [ -0.395440036752428, 39.451942224100712 ], [ -0.395410167557303, 39.452051406845115 ], [ -0.39557362417985, 39.45208042045109 ], [ -0.395573624216326, 39.45208042045806 ], [ -0.397098850290144, 39.452391695697585 ], [ -0.397098850339177, 39.452391695708506 ], [ -0.398043134217858, 39.452619202224191 ], [ -0.398043134442419, 39.452619202299161 ], [ -0.398043134641757, 39.452619202408954 ], [ -0.398247592378239, 39.452759092343655 ], [ -0.398247592378236, 39.452759092343655 ], [ -0.39824759252467, 39.452759092464134 ], [ -0.398247592640183, 39.452759092603358 ], [ -0.398247592720867, 39.452759092756637 ], [ -0.398247592763999, 39.452759092918754 ], [ -0.398247592768121, 39.452759093084268 ], [ -0.398247592733093, 39.452759093247572 ], [ -0.398247592660097, 39.452759093403145 ], [ -0.398247592551603, 39.452759093545716 ], [ -0.398037754187521, 39.452984561338084 ], [ -0.397605723298379, 39.45345541603843 ], [ -0.397605723253085, 39.453455416084566 ], [ -0.397220485892658, 39.453822705620482 ], [ -0.397759950080608, 39.454224174116661 ], [ -0.397759950087462, 39.454224174121805 ], [ -0.398272816654434, 39.454612165649237 ], [ -0.398764836112911, 39.454208096648479 ], [ -0.399750822935052, 39.453398215101167 ], [ -0.400056189879078, 39.453145751946622 ], [ -0.400461300259925, 39.452810683422079 ], [ -0.40085452141441, 39.452485572598476 ], [ -0.400854521414408, 39.452485572598476 ], [ -0.400854521414419, 39.452485572598469 ], [ -0.402037931805385, 39.451506968772279 ], [ -0.402708003903942, 39.450952837951974 ], [ -0.402825030354007, 39.450856006097389 ], [ -0.402984025346849, 39.450685059086148 ], [ -0.402984025348887, 39.450685059083959 ], [ -0.40332265838683, 39.450323255535722 ], [ -0.403322658388094, 39.450323255534371 ], [ -0.40362218505483, 39.450004473940581 ], [ -0.403622185082889, 39.450004473911925 ], [ -0.403838653894428, 39.449792427524713 ], [ -0.403838692811589, 39.449792005255077 ], [ -0.403838692850837, 39.449792005078713 ], [ -0.403838692934292, 39.44979200491187 ], [ -0.403838693058657, 39.449792004761107 ], [ -0.40394717365896, 39.44968552148832 ], [ -0.4044341841067, 39.449207581876912 ], [ -0.405019097680952, 39.448546204658285 ], [ -0.405379487036189, 39.448118351880062 ], [ -0.406056432912844, 39.447192268288937 ], [ -0.406056432912842, 39.447192268288937 ], [ -0.406056433038027, 39.447192268150026 ], [ -0.406056433194563, 39.447192268031742 ], [ -0.406056433376907, 39.447192267938298 ], [ -0.406056433578604, 39.447192267873007 ], [ -0.406056433792509, 39.447192267838147 ], [ -0.406056434011048, 39.447192267834986 ], [ -0.406056434226479, 39.447192267863628 ], [ -0.406056434431174, 39.447192267923064 ], [ -0.406056434617886, 39.447192268011172 ], [ -0.406056434780001, 39.447192268124844 ], [ -0.406056434911777, 39.447192268260039 ], [ -0.406059365016016, 39.447195949769664 ], [ -0.406063136386166, 39.447193084343802 ], [ -0.406063136569473, 39.447193084230243 ], [ -0.406063136778475, 39.447193084147578 ], [ -0.406063137004642, 39.447193084099162 ], [ -0.406063137238746, 39.447193084086976 ], [ -0.40606313747123, 39.447193084111518 ], [ -0.406063137692611, 39.447193084171779 ], [ -0.406063137893853, 39.447193084265301 ], [ -0.406063138066742, 39.447193084388296 ], [ -0.406063138204227, 39.447193084535684 ], [ -0.40606313820423, 39.447193084535684 ], [ -0.40979288064953, 39.452186359175769 ], [ -0.409792880649527, 39.452186359175769 ], [ -0.40979288064954, 39.452186359175784 ], [ -0.40979288064956, 39.452186359175805 ], [ -0.409802789093949, 39.45219962482993 ], [ -0.409802789192003, 39.452199624999437 ], [ -0.409802789243097, 39.452199625180938 ], [ -0.40980278924506, 39.452199625366731 ], [ -0.409802789197808, 39.452199625548865 ], [ -0.40980278910335, 39.452199625719608 ], [ -0.409802788965709, 39.452199625871685 ], [ -0.409798210016402, 39.452203712949419 ], [ -0.409728312365388, 39.452266103248391 ], [ -0.414687829724366, 39.458957132217854 ], [ -0.414687829724367, 39.458957132217854 ], [ -0.414687829813683, 39.458957132369207 ], [ -0.41468782986554, 39.458957132530728 ], [ -0.414687829878161, 39.458957132696881 ], [ -0.414687829851119, 39.458957132861997 ], [ -0.414561266786212, 39.459398297681943 ], [ -0.41456126674422, 39.459398297793676 ], [ -0.414518264370456, 39.45949014507211 ], [ -0.414033753608929, 39.460524922905854 ], [ -0.414456692862664, 39.461104957255991 ], [ -0.414456692862665, 39.461104957255991 ], [ -0.414456692944657, 39.46110495739471 ], [ -0.414456692995256, 39.461104957542162 ], [ -0.41452403139044, 39.461399885909664 ], [ -0.414524031390441, 39.461399885909664 ], [ -0.414524031407838, 39.46139988604353 ], [ -0.414524031399311, 39.461399886177901 ], [ -0.414478562874376, 39.461682858274344 ], [ -0.414478562857013, 39.46168285835347 ], [ -0.414400566424099, 39.461962301398557 ], [ -0.414400566424098, 39.461962301398557 ], [ -0.414400566367737, 39.461962301541682 ], [ -0.414263962321765, 39.462227836293003 ], [ -0.414263962321767, 39.462227836293003 ], [ -0.414263962236487, 39.462227836425789 ], [ -0.414073005620735, 39.462472350260846 ], [ -0.414073005620733, 39.462472350260846 ], [ -0.414073005508688, 39.462472350380807 ], [ -0.413832895376827, 39.46268932549858 ], [ -0.413832895376828, 39.46268932549858 ], [ -0.413832895260064, 39.462689325589977 ], [ -0.413486094243578, 39.462924541647929 ], [ -0.413486094040308, 39.462924541758461 ], [ -0.413486093811379, 39.462924541832997 ], [ -0.413486093567245, 39.462924541868105 ], [ -0.4128937750956, 39.462959690465176 ], [ -0.412798372156573, 39.463163412211067 ], [ -0.412798372058748, 39.463163412369674 ], [ -0.412798371923034, 39.463163412510511 ], [ -0.412798371754604, 39.463163412628241 ], [ -0.412798371559875, 39.463163412718359 ], [ -0.412798371346269, 39.46316341277744 ], [ -0.412798371121927, 39.463163412803212 ], [ -0.412325570977358, 39.463181536578212 ], [ -0.412325570974345, 39.463181536578325 ], [ -0.412073306207461, 39.463190696717298 ], [ -0.410736472080391, 39.463239234737223 ], [ -0.410538505263914, 39.463246389582899 ], [ -0.409957034188203, 39.463267522795874 ], [ -0.408803808454228, 39.46331214121026 ], [ -0.408803808450027, 39.463312141210409 ], [ -0.408624958396488, 39.463318556868721 ], [ -0.40854978450795, 39.463321236437473 ], [ -0.408549784505299, 39.463321236437572 ], [ -0.408434480822195, 39.463325141726735 ], [ -0.408434507024193, 39.463327096360771 ], [ -0.408434507005022, 39.463327096533312 ], [ -0.408434506943593, 39.463327096699828 ], [ -0.408434506842179, 39.463327096854144 ], [ -0.408434506704532, 39.463327096990561 ], [ -0.408434506535741, 39.463327097104013 ], [ -0.408434506342049, 39.463327097190351 ], [ -0.408434506130621, 39.463327097246335 ], [ -0.408434505909276, 39.463327097269918 ], [ -0.407553027251114, 39.463354625199081 ], [ -0.407273852129062, 39.463364007920546 ], [ -0.407128775148027, 39.463376247589217 ], [ -0.406515473762415, 39.46343150861027 ], [ -0.406329621186692, 39.463448283004745 ], [ -0.406341847720842, 39.463467667009127 ], [ -0.406341847720839, 39.463467667009127 ], [ -0.406341847800743, 39.463467667175749 ], [ -0.406341847836864, 39.463467667351281 ], [ -0.406341847827793, 39.463467667528917 ], [ -0.406341847773885, 39.463467667701693 ], [ -0.40634184767724, 39.463467667862908 ], [ -0.406341847541625, 39.463467668006253 ], [ -0.406341847372323, 39.463467668126164 ], [ -0.406341847175934, 39.463467668217959 ], [ -0.406341846960108, 39.463467668278057 ], [ -0.406341846733255, 39.463467668304126 ], [ -0.405993464081389, 39.463480724031356 ], [ -0.40599346408049, 39.463480724031328 ], [ -0.40599346407966, 39.46348072403142 ], [ -0.405982787383929, 39.463481111768864 ], [ -0.405983042155287, 39.463483166029214 ], [ -0.405983042154156, 39.463483166210224 ], [ -0.405983042106343, 39.463483166387398 ], [ -0.405983042013777, 39.463483166553601 ], [ -0.4059830418802, 39.46348316670209 ], [ -0.405983041711009, 39.463483166826862 ], [ -0.405983041513043, 39.463483166922884 ], [ -0.405983041294298, 39.463483166986286 ], [ -0.405983041063615, 39.463483167014495 ], [ -0.405983040830317, 39.463483167006359 ], [ -0.40598304060383, 39.463483166962234 ], [ -0.405972441204431, 39.463480196256846 ], [ -0.405971963829331, 39.463480226120147 ], [ -0.405971963791787, 39.46348022612203 ], [ -0.405880770318173, 39.463483631960706 ], [ -0.405880770315444, 39.463483631960806 ], [ -0.405798158865708, 39.463486566243404 ], [ -0.405637563302353, 39.463492296491701 ], [ -0.405546357473438, 39.463496034217535 ], [ -0.405448238593377, 39.463500023838151 ], [ -0.405229394755082, 39.46350895664429 ], [ -0.40522939474966, 39.463508956644503 ], [ -0.405004010550044, 39.463517337601765 ], [ -0.404837826065819, 39.463523495091515 ], [ -0.404314490792322, 39.463542949549272 ], [ -0.404099972876892, 39.463550873256317 ], [ -0.403485452692266, 39.463573524914139 ], [ -0.403350877613871, 39.4636156839614 ], [ -0.40316512707679, 39.463674485589635 ], [ -0.403165126899376, 39.463674485633305 ], [ -0.403165126715241, 39.463674485654451 ], [ -0.402557792493565, 39.463706036943279 ], [ -0.402557792493565, 39.463706036943279 ], [ -0.401988886096346, 39.46373608738255 ], [ -0.401865293222374, 39.463742657594956 ], [ -0.401140341622281, 39.463781485291911 ], [ -0.401140341618825, 39.463781485292095 ], [ -0.400891938989572, 39.463794211881613 ], [ -0.4008919389728, 39.463794211882366 ], [ -0.400889843832413, 39.463794295653898 ], [ -0.40079788565194, 39.463799027208701 ], [ -0.400797885640939, 39.46379902720922 ], [ -0.400767035884253, 39.463800386748837 ], [ -0.400757734075843, 39.463803462367196 ], [ -0.400757734075842, 39.463803462367196 ], [ -0.400757733864687, 39.463803462419207 ], [ -0.40075773364463, 39.463803462439195 ], [ -0.400757733423678, 39.463803462426448 ], [ -0.400757733209871, 39.463803462381421 ], [ -0.400757733010978, 39.463803462305748 ], [ -0.400757732834237, 39.463803462202172 ], [ -0.400757732686076, 39.463803462074488 ], [ -0.400757732571883, 39.463803461927306 ], [ -0.400757732495812, 39.46380346176602 ], [ -0.40075773246063, 39.463803461596456 ], [ -0.400757404009763, 39.463799486732654 ], [ -0.400669898048602, 39.463802196119623 ], [ -0.399933340133499, 39.463825422728846 ], [ -0.39977987102743, 39.46383029079643 ], [ -0.399515346847462, 39.463838672728087 ], [ -0.399515346847377, 39.463838672728087 ], [ -0.3995153468473, 39.463838672728109 ], [ -0.398888650496774, 39.46385846003092 ], [ -0.397866166543592, 39.463890791436739 ], [ -0.397507414197011, 39.463902112010786 ], [ -0.397507414188823, 39.463902112011027 ], [ -0.397499887179414, 39.4639023083135 ], [ -0.397434922715845, 39.463904362461136 ], [ -0.397434922715806, 39.463904362461136 ], [ -0.397374536909483, 39.463906275870691 ], [ -0.397374536686757, 39.463906275861135 ], [ -0.397374536470493, 39.463906275818758 ], [ -0.397374536268664, 39.463906275745138 ], [ -0.397368172070762, 39.463903345095069 ], [ -0.397260849503313, 39.463898711026793 ], [ -0.397256420026561, 39.463898904609366 ], [ -0.397052517176897, 39.463908084504624 ], [ -0.396396504627145, 39.463937594313848 ], [ -0.396396504588596, 39.463937594315112 ], [ -0.396197374893322, 39.463941415775544 ], [ -0.396184046798685, 39.4639438467402 ], [ -0.396003015453029, 39.464108235750928 ], [ -0.395779751345046, 39.464310961350513 ], [ -0.395541559438719, 39.46452717061031 ], [ -0.394995836869375, 39.465022478942551 ], [ -0.394879648824062, 39.465127969654077 ], [ -0.394777151795509, 39.465221002547509 ], [ -0.394557583708813, 39.465420303745219 ], [ -0.394558391364192, 39.465422794327914 ], [ -0.394558391397513, 39.465422794498352 ], [ -0.394558391388322, 39.465422794670587 ], [ -0.394558391336957, 39.465422794838311 ], [ -0.394558391245297, 39.465422794995391 ], [ -0.394558391116704, 39.465422795136028 ], [ -0.394558390955889, 39.465422795255108 ], [ -0.394558390768745, 39.465422795348275 ], [ -0.394558390562131, 39.465422795412053 ], [ -0.394558390343619, 39.465422795444162 ], [ -0.394558390121218, 39.465422795443416 ], [ -0.394553361112118, 39.465422403457431 ], [ -0.394532243648731, 39.465441046396634 ], [ -0.394478204658861, 39.46548962988232 ], [ -0.394596322420562, 39.465790504862099 ], [ -0.394613838836842, 39.465835175045257 ], [ -0.394743995128086, 39.466166837633665 ], [ -0.394868112756737, 39.466482972226267 ], [ -0.394977577160584, 39.466762009597367 ], [ -0.395034786276331, 39.466907702559155 ], [ -0.39503478628087, 39.466907702571 ], [ -0.39505971919985, 39.466974475405848 ], [ -0.395067593484971, 39.466993011426943 ], [ -0.395069530133544, 39.466993424083945 ], [ -0.395069530138088, 39.466993424084912 ], [ -0.395091396405634, 39.46699815736855 ], [ -0.395091396405633, 39.46699815736855 ], [ -0.395091396620563, 39.466998157433515 ], [ -0.395091396814697, 39.466998157530107 ], [ -0.395091396980381, 39.466998157654508 ], [ -0.395091397111087, 39.466998157801854 ], [ -0.395091397201657, 39.466998157966295 ], [ -0.395183720065957, 39.467226239867607 ], [ -0.395237034644859, 39.467357800676005 ], [ -0.395237034645702, 39.46735780067808 ], [ -0.395352427923791, 39.46764497942582 ], [ -0.395352427965603, 39.467644979571418 ], [ -0.39535242797583, 39.467644979720376 ], [ -0.395352427954193, 39.467644979868595 ], [ -0.395315360070726, 39.467789996578468 ], [ -0.395293769769847, 39.467874748787658 ], [ -0.395293769704075, 39.467874748956582 ], [ -0.395293769597064, 39.467874749112333 ], [ -0.395293769452924, 39.467874749248907 ], [ -0.395293769277186, 39.467874749361087 ], [ -0.395293769076598, 39.467874749444547 ], [ -0.395293768858865, 39.467874749496083 ], [ -0.395293768632347, 39.467874749513719 ], [ -0.395293768405737, 39.467874749496779 ], [ -0.395293768405739, 39.467874749496779 ], [ -0.395167279454107, 39.467855459809414 ], [ -0.395167279433225, 39.467855459806067 ], [ -0.394931853915683, 39.467816065393677 ], [ -0.394212656158864, 39.467695680613339 ], [ -0.394016972495066, 39.467662969026691 ], [ -0.393306724471607, 39.467544072118216 ], [ -0.393306533711609, 39.467544045319634 ], [ -0.393306533673421, 39.467544045313758 ], [ -0.393183806707931, 39.467523490136841 ], [ -0.392621010623609, 39.467429829480182 ], [ -0.392619802670684, 39.467431684592952 ], [ -0.392619802545433, 39.467431684745144 ], [ -0.392619802383533, 39.467431684874917 ], [ -0.392619802191492, 39.467431684977051 ], [ -0.392619801977025, 39.467431685047451 ], [ -0.392619801748753, 39.467431685083277 ], [ -0.392619801515848, 39.467431685083085 ], [ -0.392619801287671, 39.467431685046904 ], [ -0.392619041031698, 39.467431501326587 ], [ -0.392619041016792, 39.467431501322906 ], [ -0.392591689269511, 39.467424576989643 ], [ -0.392369891422078, 39.46738869481343 ], [ -0.392153349192749, 39.467353727423657 ], [ -0.39206689055371, 39.467339755978266 ], [ -0.392054725194839, 39.467337784814973 ], [ -0.392054725021508, 39.467337784775758 ], [ -0.392054724858103, 39.467337784716236 ], [ -0.392048030964321, 39.4673348332106 ], [ -0.392045599371294, 39.467338800195087 ], [ -0.392045599246801, 39.467338800353609 ], [ -0.392045599083021, 39.46733880048901 ], [ -0.392045598886913, 39.467338800595492 ], [ -0.392045598666804, 39.46733880066855 ], [ -0.392045598432046, 39.4673388007051 ], [ -0.392045598192608, 39.467338800703558 ], [ -0.392045597958662, 39.46733880066401 ], [ -0.392045597740142, 39.467338800588131 ], [ -0.392036841361252, 39.467334874501638 ], [ -0.391546489345423, 39.467253149355763 ], [ -0.391546489337273, 39.467253149354377 ], [ -0.391358508265843, 39.46722072240776 ], [ -0.391030042392877, 39.467163993202156 ], [ -0.390800359454968, 39.46712520224353 ], [ -0.390649868145104, 39.467099791401438 ], [ -0.390649868137931, 39.467099791400209 ], [ -0.390450448727613, 39.467065093604447 ], [ -0.390436785532092, 39.467063863401812 ], [ -0.390436785426177, 39.467063863388411 ], [ -0.390348682047703, 39.467049447439443 ], [ -0.390163048277021, 39.467019117179532 ], [ -0.390029852647156, 39.46699734198566 ], [ -0.390035606193013, 39.467005072926057 ], [ -0.390035606193011, 39.467005072926057 ], [ -0.390035606288981, 39.46700507309162 ], [ -0.390035606340166, 39.467005073268723 ], [ -0.390035606344493, 39.467005073450196 ], [ -0.390035606301782, 39.467005073628656 ], [ -0.390035606213769, 39.467005073796848 ], [ -0.390035606084031, 39.467005073947938 ], [ -0.390035605917834, 39.4670050740758 ], [ -0.390035605721936, 39.467005074175241 ], [ -0.39003560550429, 39.467005074242195 ], [ -0.39003560527374, 39.467005074273978 ], [ -0.390035605039652, 39.467005074269267 ], [ -0.390030770340474, 39.467004596328998 ], [ -0.390030770130312, 39.467004596292632 ], [ -0.390030769932422, 39.467004596226815 ], [ -0.390030769753597, 39.46700459613384 ], [ -0.390030769599984, 39.467004596016885 ], [ -0.390030769476858, 39.467004595879949 ], [ -0.39002533475524, 39.466997168012874 ], [ -0.390023158625236, 39.466996785891055 ], [ -0.390023158625236, 39.466996785891055 ], [ -0.390023158418441, 39.466996785838546 ], [ -0.390023158227906, 39.466996785757068 ], [ -0.390023158060316, 39.466996785649478 ], [ -0.390023157921551, 39.466996785519555 ], [ -0.39002315781648, 39.46699678537184 ], [ -0.390001064747709, 39.46695739902664 ], [ -0.389953742223151, 39.46687596854548 ], [ -0.389837756358682, 39.466676463197892 ], [ -0.389725079077423, 39.466482644544428 ], [ -0.38966541019835, 39.466380013647225 ], [ -0.38956275274579, 39.466203446605455 ], [ -0.389501231450783, 39.466119908787434 ], [ -0.389366252327875, 39.465936989493542 ], [ -0.389312556138959, 39.465864230703865 ], [ -0.389162086026531, 39.465660301451841 ], [ -0.389080711475969, 39.465549948545004 ], [ -0.388954069952369, 39.465378287934683 ], [ -0.388862770063951, 39.465254577922977 ], [ -0.388678771038869, 39.465005128991656 ], [ -0.38846759300901, 39.46471891392784 ], [ -0.388437321934656, 39.464677901201213 ], [ -0.388232395628683, 39.46440012693089 ], [ -0.388177300749413, 39.464325418566794 ], [ -0.38817665736014, 39.464326177615916 ], [ -0.388176657360139, 39.464326177615916 ], [ -0.38817665721098, 39.464326177757961 ], [ -0.388176657027823, 39.46432617787368 ], [ -0.388176656818247, 39.464326177958277 ], [ -0.388176656590923, 39.464326178008257 ], [ -0.388176656355252, 39.464326178021565 ], [ -0.388176656120987, 39.464326177997627 ], [ -0.388176655897816, 39.464326177937423 ], [ -0.388176655694973, 39.464326177843482 ], [ -0.38817665552085, 39.464326177719677 ], [ -0.388176655382648, 39.46432617757111 ], [ -0.388176655382649, 39.46432617757111 ], [ -0.388175609665584, 39.464324771215864 ], [ -0.388175609664071, 39.464324771213818 ], [ -0.388075566574035, 39.464189409385227 ], [ -0.388075566573457, 39.464189409384431 ], [ -0.388037051176415, 39.464137175461047 ], [ -0.388017618453811, 39.464110797809276 ], [ -0.388014991428993, 39.464107234335366 ], [ -0.387885183226729, 39.463931348342797 ], [ -0.387879652693283, 39.463923845812211 ], [ -0.387806162513325, 39.463824353702343 ], [ -0.387806162499158, 39.463824353682604 ], [ -0.387795772480263, 39.463809431274214 ], [ -0.387766994872361, 39.463770614071919 ], [ -0.38776699486442, 39.463770614061033 ], [ -0.387578769719712, 39.463508357881551 ], [ -0.387578769718192, 39.463508357879455 ], [ -0.387502601865315, 39.463401554189218 ], [ -0.38739621121679, 39.463252485424412 ], [ -0.387366005382402, 39.463212433338647 ], [ -0.387282732149732, 39.463102186058492 ], [ -0.387077264190012, 39.462830118211521 ], [ -0.386978705332265, 39.462699616652657 ], [ -0.386978705321915, 39.462699616638673 ], [ -0.386938373266979, 39.462643949690808 ], [ -0.386938373266978, 39.462643949690808 ], [ -0.386938373175599, 39.462643949529479 ], [ -0.386938373126493, 39.462643949357471 ], [ -0.38693837312154, 39.462643949181327 ], [ -0.38693837316093, 39.462643949007791 ], [ -0.386938373243154, 39.462643948843549 ], [ -0.386938373365066, 39.462643948694847 ], [ -0.386938373521997, 39.462643948567383 ], [ -0.386938373707941, 39.462643948466066 ], [ -0.387775812898, 39.462276769975759 ], [ -0.387984794787167, 39.462185119946511 ], [ -0.387971723565079, 39.462165494010101 ], [ -0.387840116364129, 39.461988237842384 ], [ -0.38754108616605, 39.461585724515778 ], [ -0.38748262063864, 39.461507033478526 ], [ -0.387482620616067, 39.461507033446679 ], [ -0.387467149907344, 39.461484119878207 ], [ -0.387465215334624, 39.461486309318047 ], [ -0.387465215334623, 39.461486309318047 ], [ -0.38746521518339, 39.461486309456774 ], [ -0.387465214999314, 39.461486309569167 ], [ -0.387465214789884, 39.461486309650645 ], [ -0.387465214563625, 39.461486309697882 ], [ -0.387465214329737, 39.461486309708974 ], [ -0.387465214097741, 39.461486309683444 ], [ -0.387465213877071, 39.461486309622337 ], [ -0.387465213676707, 39.461486309528176 ], [ -0.387465213504802, 39.461486309404741 ], [ -0.387465213368348, 39.461486309257076 ], [ -0.387464671309918, 39.461485576365995 ], [ -0.387464671220435, 39.461485576213768 ], [ -0.38746467116882, 39.461485576051338 ], [ -0.387464671156851, 39.461485575884318 ], [ -0.387464671184946, 39.461485575718442 ], [ -0.387464671252131, 39.461485575559486 ], [ -0.387464671356094, 39.461485575412887 ], [ -0.38747720138272, 39.461471244769257 ], [ -0.387502860269397, 39.461441953708281 ], [ -0.387580088702523, 39.461353746518228 ], [ -0.38775946098664, 39.461148942141484 ], [ -0.387899142252137, 39.460989500304272 ], [ -0.388050764335076, 39.460816417926345 ], [ -0.388050764336412, 39.460816417924825 ], [ -0.388228001976798, 39.460614979149227 ], [ -0.388427863487936, 39.460387850804949 ], [ -0.388427863487935, 39.460387850804949 ], [ -0.388538744798706, 39.460261486423462 ], [ -0.38880053330204, 39.459963111615771 ], [ -0.388800533303338, 39.459963111614293 ], [ -0.388857649447053, 39.459898289720563 ], [ -0.388419700084842, 39.459641422431709 ], [ -0.388278424160202, 39.459558524122897 ], [ -0.388277400465973, 39.459557929058668 ], [ -0.388277400465974, 39.459557929058668 ], [ -0.388277400294179, 39.459557928936064 ], [ -0.388277400157486, 39.459557928789295 ], [ -0.38827740006142, 39.459557928624307 ], [ -0.38827740000986, 39.459557928447779 ], [ -0.388277400004892, 39.459557928266804 ], [ -0.388277400046715, 39.459557928088707 ], [ -0.388277400133639, 39.459557927920713 ], [ -0.389074127907303, 39.458377675008826 ], [ -0.389446739758508, 39.457825515771077 ], [ -0.389638432455715, 39.457541469424001 ], [ -0.389717748487265, 39.457423952301696 ], [ -0.390291016545059, 39.456557706435525 ], [ -0.390341139912224, 39.456481969447843 ], [ -0.390353322818761, 39.456463513637402 ], [ -0.390353322819353, 39.456463513636507 ], [ -0.390361975071493, 39.456450442404979 ], [ -0.390894238382077, 39.455646095668442 ], [ -0.391325819136298, 39.454993819558027 ], [ -0.391325819140854, 39.454993819551227 ], [ -0.391326175865208, 39.454993291535999 ], [ -0.391700849132674, 39.454427004291119 ], [ -0.391701077045603, 39.4544266580629 ], [ -0.391701077046745, 39.454426658061173 ], [ -0.391964476026292, 39.454028643249679 ], [ -0.391964476028971, 39.454028643245664 ], [ -0.391965183655145, 39.454027587075707 ] ] ] ] } },
{ "type": "Feature", "properties": { "INE_MUN": "46250", "DISTRITO": 3 }, "geometry": { "type": "MultiPolygon", "coordinates": [ [ [ [ -0.382985526372343, 39.457116021191304 ], [ -0.382985526372345, 39.457116021191304 ], [ -0.383105587557144, 39.457284661702474 ], [ -0.383240370492935, 39.457468084609012 ], [ -0.383416376781022, 39.457707636128333 ], [ -0.383416376782148, 39.457707636129847 ], [ -0.38348128555109, 39.457796383036012 ], [ -0.383481285551087, 39.457796383036012 ], [ -0.38348128563435, 39.457796383176884 ], [ -0.383481285685226, 39.457796383326752 ], [ -0.383481285702208, 39.457796383481138 ], [ -0.383481285684795, 39.457796383635504 ], [ -0.383479370164529, 39.457804862478547 ], [ -0.3834795986885, 39.457805105756094 ], [ -0.383481588484369, 39.457805335189086 ], [ -0.383481588697589, 39.457805335229956 ], [ -0.383481588897077, 39.457805335301188 ], [ -0.383481589075701, 39.457805335400259 ], [ -0.383481589227077, 39.457805335523631 ], [ -0.38348158934579, 39.457805335666876 ], [ -0.383481589427598, 39.457805335824887 ], [ -0.383481589469577, 39.457805335992013 ], [ -0.383481589470225, 39.457805336162281 ], [ -0.38348158942952, 39.457805336329599 ], [ -0.383481589348917, 39.457805336487979 ], [ -0.383481589231297, 39.457805336631772 ], [ -0.383481589080864, 39.457805336755825 ], [ -0.383479102777282, 39.457807032785887 ], [ -0.383478595155957, 39.457809106594546 ], [ -0.383478595154761, 39.457809106599349 ], [ -0.383456958165645, 39.457894946517854 ], [ -0.383415086298258, 39.458060867935238 ], [ -0.383376956336959, 39.458212054966495 ], [ -0.383217573457844, 39.458843565847729 ], [ -0.38317072723579, 39.459029281031391 ], [ -0.383045163633339, 39.459526759479353 ], [ -0.383015871991458, 39.4596428533062 ], [ -0.382945706519645, 39.459929773540061 ], [ -0.382946844885439, 39.459929911666471 ], [ -0.38325037406175, 39.459963737487357 ], [ -0.384218948618796, 39.459546935457652 ], [ -0.384608284673914, 39.459379298618856 ], [ -0.384608284673917, 39.459379298618856 ], [ -0.384608284882128, 39.459379298548875 ], [ -0.384608285103921, 39.459379298511593 ], [ -0.384608285330833, 39.459379298508459 ], [ -0.384608285554199, 39.459379298539581 ], [ -0.384608285765498, 39.459379298603771 ], [ -0.384608285956664, 39.459379298698586 ], [ -0.384608286120401, 39.459379298820409 ], [ -0.38460828625046, 39.459379298964571 ], [ -0.384608286250459, 39.459379298964571 ], [ -0.384608761457285, 39.459379953789309 ], [ -0.384608761460188, 39.459379953793317 ], [ -0.384736852412731, 39.459558592969543 ], [ -0.385265114485992, 39.46029530371711 ], [ -0.385436761817571, 39.460534587497747 ], [ -0.385467797310795, 39.460577906430316 ], [ -0.385821263424546, 39.461070796248606 ], [ -0.385821263425129, 39.461070796249409 ], [ -0.385826012343204, 39.461077434459874 ], [ -0.385826554376892, 39.461078167352319 ], [ -0.38582655437992, 39.461078167357662 ], [ -0.385826554384743, 39.461078167363119 ], [ -0.38586532654135, 39.461132304137585 ], [ -0.385874827771402, 39.461145490552767 ], [ -0.385874827771976, 39.461145490553577 ], [ -0.385893833522939, 39.46117193102382 ], [ -0.385893833523662, 39.461171931024822 ], [ -0.385957573185254, 39.461260871892392 ], [ -0.385982631413738, 39.461295920379904 ], [ -0.385982631419439, 39.461295920387983 ], [ -0.386359069549557, 39.461835360363928 ], [ -0.386935810711553, 39.462645070524268 ], [ -0.38693837370859, 39.462643948465782 ], [ -0.386938373708591, 39.462643948465782 ], [ -0.386938373917245, 39.462643948394366 ], [ -0.386938374139879, 39.462643948355932 ], [ -0.386938374367907, 39.462643948351953 ], [ -0.386938374592545, 39.462643948382585 ], [ -0.386938374805131, 39.462643948446654 ], [ -0.386938374997471, 39.462643948541682 ], [ -0.386938375162151, 39.462643948664017 ], [ -0.38693837529282, 39.462643948808918 ], [ -0.386938375292819, 39.462643948808918 ], [ -0.386978707342603, 39.462699615749663 ], [ -0.387077266195167, 39.462830117301635 ], [ -0.387282734154861, 39.463102185148578 ], [ -0.387366007387888, 39.463212432429216 ], [ -0.38739621322964, 39.463252484524745 ], [ -0.387396213243251, 39.463252484543276 ], [ -0.387502603898587, 39.463401553317624 ], [ -0.387578771751025, 39.463508357007228 ], [ -0.387766996890968, 39.46377061318006 ], [ -0.387795774502592, 39.46380943038735 ], [ -0.387795774517671, 39.46380943040834 ], [ -0.38780616453694, 39.463824352817255 ], [ -0.387879654710178, 39.463923844918021 ], [ -0.387885185243837, 39.463931347448899 ], [ -0.387885185243835, 39.463931347448899 ], [ -0.388014993446088, 39.464107233441446 ], [ -0.388017620471349, 39.464110796915953 ], [ -0.388037053193902, 39.464137174567668 ], [ -0.388075568590149, 39.464189408489979 ], [ -0.388175611679511, 39.464324770317646 ], [ -0.388176656453911, 39.464326175405127 ], [ -0.388177299847321, 39.464325416351151 ], [ -0.388177299847323, 39.464325416351151 ], [ -0.388177299996774, 39.464325416208865 ], [ -0.388177300180328, 39.464325416093018 ], [ -0.388177300390364, 39.464325416008414 ], [ -0.388177300618164, 39.464325415958569 ], [ -0.388177300854271, 39.464325415945538 ], [ -0.388177301088883, 39.464325415969874 ], [ -0.38817730131226, 39.464325416030569 ], [ -0.388177301515133, 39.464325416125099 ], [ -0.388177301689074, 39.464325416249537 ], [ -0.388177301826869, 39.464325416398722 ], [ -0.388232397645798, 39.464400126036992 ], [ -0.388437323951571, 39.464677900307017 ], [ -0.388467595025897, 39.4647189130336 ], [ -0.388678773055924, 39.465005128097637 ], [ -0.388862772080951, 39.46525457702888 ], [ -0.388954071969334, 39.465378287040537 ], [ -0.389080713493146, 39.465549947651134 ], [ -0.389162088043676, 39.4656603005579 ], [ -0.389312558155908, 39.465864229809668 ], [ -0.389366254344807, 39.465936988599331 ], [ -0.389501233468246, 39.466119907893905 ], [ -0.389562754791224, 39.466203445749919 ], [ -0.38956275484145, 39.466203445826359 ], [ -0.38966541231677, 39.466380012907273 ], [ -0.389725081195862, 39.466482643804518 ], [ -0.389837758477135, 39.46667646245799 ], [ -0.389953744341676, 39.466875967805699 ], [ -0.390001066869413, 39.46695739829233 ], [ -0.390001066875572, 39.466957398303109 ], [ -0.390023159712703, 39.466996784235356 ], [ -0.390025335769305, 39.466997166344278 ], [ -0.390025335769304, 39.466997166344278 ], [ -0.390025335997791, 39.466997166404305 ], [ -0.390025336205356, 39.466997166499624 ], [ -0.390025336383048, 39.466997166626101 ], [ -0.390025336523206, 39.466997166778313 ], [ -0.390030771498062, 39.467004594991494 ], [ -0.390030771498887, 39.46700459499263 ], [ -0.390298725854669, 39.467372049938525 ], [ -0.390707019039938, 39.467932114411667 ], [ -0.390862626678509, 39.468145458647712 ], [ -0.390862626678542, 39.468145458647776 ], [ -0.39086262667859, 39.468145458647832 ], [ -0.390926387921341, 39.468232906361813 ], [ -0.390974708959876, 39.468299209643924 ], [ -0.391277403782999, 39.46871436023465 ], [ -0.391277403784587, 39.468714360236824 ], [ -0.39152291730523, 39.469053281319319 ], [ -0.391523824208558, 39.469054517864052 ], [ -0.391523824213979, 39.469054517871527 ], [ -0.391524415256404, 39.469055341915606 ], [ -0.391546138903115, 39.469082878480926 ], [ -0.391546138923582, 39.469082878507898 ], [ -0.391581462509377, 39.469131364049211 ], [ -0.391602699597209, 39.469160569843758 ], [ -0.391636535792999, 39.469206900406277 ], [ -0.391636535794556, 39.46920690040843 ], [ -0.391649259120183, 39.469224433364175 ], [ -0.392149242930285, 39.469909966206451 ], [ -0.392149242930287, 39.469909966206451 ], [ -0.39214924293033, 39.469909966206522 ], [ -0.392149242930394, 39.4699099662066 ], [ -0.392438138627902, 39.470306240593999 ], [ -0.392947013143076, 39.471004037768054 ], [ -0.392996879746848, 39.471072442420592 ], [ -0.393017600540328, 39.471100875133303 ], [ -0.393017600540345, 39.47110087513331 ], [ -0.393017600540346, 39.47110087513331 ], [ -0.393104579179473, 39.471220076085352 ], [ -0.393104579180582, 39.47122007608688 ], [ -0.393333663797603, 39.471535455072342 ], [ -0.393333980328552, 39.471535849535123 ], [ -0.393333980352089, 39.471535849565768 ], [ -0.393497661132104, 39.471759091934388 ], [ -0.393497661133437, 39.471759091936214 ], [ -0.393843321763703, 39.47223309390953 ], [ -0.394279980840905, 39.47283190209766 ], [ -0.394330164497125, 39.472900755630093 ], [ -0.394635395480557, 39.473319219286871 ], [ -0.394956612260991, 39.473759662573222 ], [ -0.395319596441626, 39.474257444469671 ], [ -0.395335589479636, 39.474279297072144 ], [ -0.395335589481244, 39.474279297074332 ], [ -0.395346662734534, 39.474294526930656 ], [ -0.395346662735463, 39.474294526931942 ], [ -0.395347044118241, 39.474295053485783 ], [ -0.395354023490323, 39.474304579086684 ], [ -0.395354023490325, 39.474304579086684 ], [ -0.395354023583407, 39.474304579249321 ], [ -0.395354023633414, 39.47430457942297 ], [ -0.395354023638396, 39.47430457960084 ], [ -0.395354023598155, 39.474304579776003 ], [ -0.395354023514266, 39.474304579941617 ], [ -0.39535402339, 39.474304580091207 ], [ -0.395354023230212, 39.474304580218949 ], [ -0.395354023041135, 39.474304580319853 ], [ -0.395353203037435, 39.474304930865713 ], [ -0.395373616402194, 39.474337121201607 ], [ -0.395539708186077, 39.474599328373905 ], [ -0.395676758164054, 39.474815610649983 ], [ -0.395845825280858, 39.475082438022021 ], [ -0.396008798364593, 39.475330183052321 ], [ -0.396090804060061, 39.475454733320717 ], [ -0.396090804061557, 39.475454733322998 ], [ -0.396230484077772, 39.475668375746913 ], [ -0.396230484077772, 39.475668375746913 ], [ -0.396230484157988, 39.475668375905087 ], [ -0.396230484198427, 39.475668376072122 ], [ -0.396230484197652, 39.475668376242069 ], [ -0.396230484155688, 39.475668376408883 ], [ -0.396230484074032, 39.475668376566617 ], [ -0.396230483955588, 39.475668376709642 ], [ -0.39623048380458, 39.475668376832871 ], [ -0.396230483626382, 39.475668376931935 ], [ -0.394365434988813, 39.476510782370376 ], [ -0.392285500400065, 39.477450100652177 ], [ -0.392285500400063, 39.477450100652177 ], [ -0.392285500400026, 39.477450100652185 ], [ -0.391287115210354, 39.477901023154438 ], [ -0.391287115099114, 39.47790102319864 ], [ -0.39118489466129, 39.47793640231 ], [ -0.390657907762142, 39.478197150649585 ], [ -0.390657907762141, 39.478197150649585 ], [ -0.390657907491055, 39.47819715074823 ], [ -0.390601240068671, 39.478211206781062 ], [ -0.390601240068669, 39.478211206781062 ], [ -0.390601240068628, 39.478211206781069 ], [ -0.388556103031984, 39.478719422865716 ], [ -0.387374326722035, 39.479205448209214 ], [ -0.387290313936647, 39.479246697949499 ], [ -0.387290313936642, 39.479246697949499 ], [ -0.387013189536509, 39.479382768059082 ], [ -0.386069221269213, 39.479846286236857 ], [ -0.383480080701949, 39.481117581224545 ], [ -0.383480080699159, 39.481117581225902 ], [ -0.38347639195036, 39.481119381004056 ], [ -0.383418668181188, 39.481147711155295 ], [ -0.383418668131008, 39.481147711178579 ], [ -0.383396542444973, 39.481157397405489 ], [ -0.383386713447265, 39.481161733628248 ], [ -0.383386713239006, 39.481161733700176 ], [ -0.38338671301663, 39.481161733739192 ], [ -0.383386712788699, 39.481161733743839 ], [ -0.38338671256399, 39.481161733713883 ], [ -0.383386712351151, 39.481161733650509 ], [ -0.383386712158381, 39.481161733556164 ], [ -0.3833867119931, 39.481161733434426 ], [ -0.383386711861669, 39.481161733290044 ], [ -0.382884831908624, 39.480476251713966 ], [ -0.382884831908622, 39.480476251713966 ], [ -0.382884831818843, 39.480476251558812 ], [ -0.382884831768303, 39.480476251393341 ], [ -0.382884831758807, 39.480476251223472 ], [ -0.382884831790691, 39.480476251055222 ], [ -0.382884831862819, 39.480476250894625 ], [ -0.38294523343911, 39.480374051975076 ], [ -0.382936933139703, 39.480363054885743 ], [ -0.382936933043907, 39.480363054723988 ], [ -0.382936932991034, 39.480363054550779 ], [ -0.382936932983152, 39.480363054372916 ], [ -0.382936933020566, 39.480363054197312 ], [ -0.382967550270548, 39.480274796308436 ], [ -0.382967550272274, 39.480274796303519 ], [ -0.382967680265249, 39.480274429870519 ], [ -0.382967680347251, 39.48027442970514 ], [ -0.382967680469456, 39.480274429555372 ], [ -0.382967680627134, 39.480274429427077 ], [ -0.382967680814179, 39.480274429325171 ], [ -0.382967681023351, 39.480274429253633 ], [ -0.38296768124655, 39.480274429215214 ], [ -0.382967681475137, 39.480274429211406 ], [ -0.382967681700262, 39.480274429242364 ], [ -0.382997534041703, 39.480280934522675 ], [ -0.383076872547593, 39.4800673191559 ], [ -0.383281683532141, 39.47951465088142 ], [ -0.383471738975178, 39.478992369921485 ], [ -0.383643318861527, 39.478519378645416 ], [ -0.383725267543134, 39.478292001209589 ], [ -0.383752050661864, 39.478130172048424 ], [ -0.383817551571861, 39.477726785022931 ], [ -0.383826219503658, 39.477673400343662 ], [ -0.383836206226494, 39.477605177232327 ], [ -0.383836206277673, 39.477605177051508 ], [ -0.383836206375477, 39.477605176882626 ], [ -0.383836206515778, 39.477605176732787 ], [ -0.383836206692642, 39.477605176608378 ], [ -0.383836206898599, 39.477605176514608 ], [ -0.383836207124944, 39.477605176455462 ], [ -0.383836207362112, 39.477605176433443 ], [ -0.383836207600082, 39.477605176449465 ], [ -0.38383866871701, 39.477605542508016 ], [ -0.383838787623232, 39.477604847955384 ], [ -0.383848686472115, 39.477544054219109 ], [ -0.383848686474958, 39.477544054202831 ], [ -0.383932920283672, 39.477093062890638 ], [ -0.383953656739389, 39.476981961144254 ], [ -0.383999329886283, 39.476711114573725 ], [ -0.38406894420057, 39.476299621887989 ], [ -0.384124851915469, 39.475969061955844 ], [ -0.384148075665601, 39.475832205919723 ], [ -0.384165290601907, 39.475728663396261 ], [ -0.384165290655898, 39.47572866321768 ], [ -0.384165290755461, 39.475728663051278 ], [ -0.384165290896462, 39.475728662903968 ], [ -0.384169888865586, 39.475724762304857 ], [ -0.384136950230586, 39.475510537751795 ], [ -0.384132619684576, 39.475510422256392 ], [ -0.384132619453608, 39.475510422232091 ], [ -0.38413261923354, 39.475510422172576 ], [ -0.384132619033231, 39.475510422080198 ], [ -0.384132618860741, 39.475510421958717 ], [ -0.384132618723011, 39.475510421812977 ], [ -0.384132618625582, 39.475510421648877 ], [ -0.384132618572376, 39.475510421473011 ], [ -0.384132618565532, 39.475510421292441 ], [ -0.384133266321409, 39.475503373054906 ], [ -0.384124518539425, 39.475441974926454 ], [ -0.384113740461421, 39.475366234948574 ], [ -0.384110633156475, 39.475345706015993 ], [ -0.384073741220941, 39.475102201856117 ], [ -0.38403404339452, 39.474841608779691 ], [ -0.384023379594638, 39.474771663117927 ], [ -0.384023379594409, 39.474771663116414 ], [ -0.384011606103783, 39.474693301674058 ], [ -0.384011606099298, 39.474693301637863 ], [ -0.38399536614052, 39.474526994813914 ], [ -0.383960853691971, 39.474173808837286 ], [ -0.383960853691874, 39.474173808836298 ], [ -0.383935456742648, 39.473910046729834 ], [ -0.383925129366622, 39.473813451580725 ], [ -0.383925129366626, 39.473813451580561 ], [ -0.383925129366583, 39.473813451580376 ], [ -0.383925129369486, 39.473813451408859 ], [ -0.383927657565691, 39.473795463715113 ], [ -0.38393117037101, 39.473743792650559 ], [ -0.383955520009619, 39.473367279124744 ], [ -0.383973959988481, 39.473082346669543 ], [ -0.38397771897558, 39.473024073155528 ], [ -0.38397771897698, 39.473024073137466 ], [ -0.383986251393921, 39.47292980339828 ], [ -0.383998973287736, 39.472763135015981 ], [ -0.383998973322969, 39.472763134842928 ], [ -0.383998973400768, 39.472763134678452 ], [ -0.383998973518187, 39.472763134528748 ], [ -0.38399897367078, 39.472763134399507 ], [ -0.383998973852775, 39.472763134295604 ], [ -0.383998974057282, 39.47276313422099 ], [ -0.383998974276562, 39.472763134178464 ], [ -0.384004331852988, 39.472762516190727 ], [ -0.384012509810375, 39.472639551576435 ], [ -0.38401615059976, 39.472449725237048 ], [ -0.384021466808986, 39.472189757121349 ], [ -0.384008241020078, 39.471954502570838 ], [ -0.384002688146872, 39.471874082145121 ], [ -0.383990714048891, 39.471822670561863 ], [ -0.383990714048892, 39.471822670561863 ], [ -0.383942517297366, 39.471617194758061 ], [ -0.383921002432605, 39.471562468454728 ], [ -0.383618907305924, 39.470794368352493 ], [ -0.383563662555786, 39.470653862819368 ], [ -0.38353297404626, 39.470575808750745 ], [ -0.383455515639579, 39.470378903382283 ], [ -0.383455515639577, 39.470378903382283 ], [ -0.383455515591671, 39.470378903179878 ], [ -0.383455515604304, 39.470378902974318 ], [ -0.383455515676816, 39.470378902776353 ], [ -0.383455671693017, 39.47037860954638 ], [ -0.383412610395506, 39.470343641210448 ], [ -0.383412093838456, 39.470343314305637 ], [ -0.383412093838454, 39.470343314305637 ], [ -0.383412093808118, 39.470343314282147 ], [ -0.383412093774529, 39.47034331426206 ], [ -0.383064073159145, 39.470087952722729 ], [ -0.382598756898057, 39.46974723765203 ], [ -0.381939010827227, 39.469266919455158 ], [ -0.38193901082383, 39.469266919452672 ], [ -0.381225158869264, 39.468742995569841 ], [ -0.380883275133514, 39.468574501831128 ], [ -0.380646524102766, 39.468471469907861 ], [ -0.380278705821469, 39.468347090611516 ], [ -0.380109218050243, 39.46829011787927 ], [ -0.379804732174308, 39.468204672988549 ], [ -0.379801926725814, 39.468203889031422 ], [ -0.379801926714615, 39.46820388902826 ], [ -0.379723109551479, 39.468181152963815 ], [ -0.379566014107832, 39.46813650363957 ], [ -0.379565373032803, 39.468136399107721 ], [ -0.379565372955012, 39.468136399092842 ], [ -0.378890885284124, 39.467988144588148 ], [ -0.37889088524203, 39.467988144578214 ], [ -0.378890551352473, 39.467988060477644 ], [ -0.378851124785192, 39.467979423663003 ], [ -0.378127509663893, 39.467820367717543 ], [ -0.377504788885152, 39.46768362512303 ], [ -0.377131062345393, 39.467601498013856 ], [ -0.376532527725676, 39.467469997796925 ], [ -0.376486538660858, 39.467459865218224 ], [ -0.376486538660856, 39.467459865218224 ], [ -0.376486538454418, 39.467459865155689 ], [ -0.376486538267052, 39.467459865063923 ], [ -0.376486538105579, 39.467459864946257 ], [ -0.376486537975877, 39.467459864806941 ], [ -0.376486537882665, 39.46745986465109 ], [ -0.376486537829335, 39.467459864484354 ], [ -0.376486537817827, 39.467459864312801 ], [ -0.376486537848563, 39.467459864142668 ], [ -0.376486537848562, 39.467459864142668 ], [ -0.376487351835646, 39.467457224923415 ], [ -0.376496532181389, 39.467426991432937 ], [ -0.376496532192875, 39.467426991398227 ], [ -0.376570674300954, 39.467220108676976 ], [ -0.376782513593965, 39.466628922312424 ], [ -0.376811604047127, 39.466547788031093 ], [ -0.376842454759798, 39.466461532330612 ], [ -0.376843759670948, 39.466457890697292 ], [ -0.376866605961332, 39.466393994338688 ], [ -0.376913016867699, 39.466263753009684 ], [ -0.377055784232183, 39.465863496266678 ], [ -0.37721079605898, 39.465428755176497 ], [ -0.377363678909151, 39.465000016101222 ], [ -0.377509886849568, 39.464590350045562 ], [ -0.377639163796073, 39.46422849433494 ], [ -0.37779488357598, 39.463792457482086 ], [ -0.377937506955864, 39.463393299740218 ], [ -0.378006810575731, 39.463199608234603 ], [ -0.378552427896089, 39.461671407569582 ], [ -0.378588550878511, 39.461570153438508 ], [ -0.378716859569016, 39.4612108599461 ], [ -0.378716859577116, 39.461210859924471 ], [ -0.37881435954929, 39.460962196899843 ], [ -0.379000320034981, 39.460487354491647 ], [ -0.379367808933329, 39.459548993646258 ], [ -0.379729237175388, 39.458625994436602 ], [ -0.380133562972091, 39.457593463233145 ], [ -0.380523445213007, 39.456597856279863 ], [ -0.380918899282806, 39.45558787362399 ], [ -0.380981285740794, 39.455428505357638 ], [ -0.380996071484187, 39.455388267323038 ], [ -0.380996071484189, 39.455388267323038 ], [ -0.380996071568688, 39.455388267157389 ], [ -0.380996071693592, 39.455388267007898 ], [ -0.380996071854018, 39.455388266880362 ], [ -0.380996072043684, 39.455388266779813 ], [ -0.380996072255171, 39.455388266710166 ], [ -0.380996072480205, 39.45538826667417 ], [ -0.380996072709978, 39.455388266673204 ], [ -0.3809960729355, 39.455388266707317 ], [ -0.380996072935502, 39.455388266707317 ], [ -0.381085021788124, 39.455408977893669 ], [ -0.38108502188431, 39.455408977919674 ], [ -0.38133314101671, 39.455485694213046 ], [ -0.381333141016708, 39.455485694213046 ], [ -0.381333141141604, 39.45548569425852 ], [ -0.381409519461405, 39.455517914513997 ], [ -0.381409519465013, 39.455517914515532 ], [ -0.381539347076612, 39.45557314478279 ], [ -0.381539347115786, 39.45557314480024 ], [ -0.38175875756582, 39.45567528402453 ], [ -0.381758757565821, 39.45567528402453 ], [ -0.381758757709585, 39.455675284103549 ], [ -0.381758757836276, 39.455675284198499 ], [ -0.382070843949723, 39.455947646745969 ], [ -0.382070844008557, 39.455947646801647 ], [ -0.382104531808882, 39.455982260775237 ], [ -0.382104531811378, 39.455982260777809 ], [ -0.38213477477514, 39.456013567485307 ], [ -0.382134774781524, 39.456013567491993 ], [ -0.382280473999621, 39.456167327189128 ], [ -0.382280474003195, 39.456167327192922 ], [ -0.382366381779021, 39.456258985464686 ], [ -0.382366381849007, 39.456258985548814 ], [ -0.382412667966252, 39.456322076292359 ], [ -0.382662641028785, 39.456662905361817 ], [ -0.382662641032222, 39.456662905366535 ], [ -0.382736317995122, 39.456764782307175 ], [ -0.382736317999671, 39.456764782313535 ], [ -0.382944746513203, 39.457058514008295 ], [ -0.382985526372343, 39.457116021191304 ] ] ] ] } },
{ "type": "Feature", "properties": { "INE_MUN": "46250", "DISTRITO": 9 }, "geometry": { "type": "MultiPolygon", "coordinates": [ [ [ [ -0.383845195819907, 39.447074368540221 ], [ -0.383845195820824, 39.447074368536242 ], [ -0.383850729740737, 39.447058772680577 ], [ -0.383862640664249, 39.447024149557222 ], [ -0.38409129239759, 39.446357976292155 ], [ -0.384167323116204, 39.446136165567289 ], [ -0.3841960949232, 39.446047811182858 ], [ -0.384196094927399, 39.446047811170331 ], [ -0.384302484198358, 39.44573980412396 ], [ -0.384531574382814, 39.445070521691726 ], [ -0.38475114899457, 39.444430249277055 ], [ -0.384952872076768, 39.443821839883924 ], [ -0.385174360512887, 39.443153144289262 ], [ -0.38517436051649, 39.443153144278661 ], [ -0.385234470280244, 39.4429804247672 ], [ -0.385232082136514, 39.442979497496282 ], [ -0.385232082136516, 39.442979497496282 ], [ -0.385232081947247, 39.442979497404146 ], [ -0.385232081784242, 39.442979497285613 ], [ -0.385232081653536, 39.44297949714506 ], [ -0.385232081559964, 39.442979496987711 ], [ -0.385232081506996, 39.442979496819362 ], [ -0.38523208149659, 39.442979496646274 ], [ -0.385232081529132, 39.442979496474862 ], [ -0.385618095693908, 39.441769525285771 ], [ -0.386833996876357, 39.437337877947868 ], [ -0.386833996944101, 39.437337877781829 ], [ -0.386833997051786, 39.437337877629027 ], [ -0.386833997195384, 39.43733787749516 ], [ -0.386833997369529, 39.437337877385211 ], [ -0.386833997567705, 39.437337877303328 ], [ -0.386833997782505, 39.437337877252531 ], [ -0.386833998005895, 39.437337877234739 ], [ -0.386833998229522, 39.437337877250627 ], [ -0.386841812309707, 39.437339031282242 ], [ -0.386844473227283, 39.437339424430412 ], [ -0.387196279442191, 39.437391407830837 ], [ -0.387196279442192, 39.437391407830837 ], [ -0.38719627967342, 39.43739140788481 ], [ -0.38719627988525, 39.437391407974729 ], [ -0.387196280068524, 39.437391408096659 ], [ -0.387196280215317, 39.437391408245325 ], [ -0.387196280319282, 39.437391408414335 ], [ -0.387196280375923, 39.437391408596362 ], [ -0.387196280382793, 39.437391408783533 ], [ -0.387196280339593, 39.43739140896777 ], [ -0.387193849266978, 39.437397866738266 ], [ -0.389774892339346, 39.437727437866535 ], [ -0.389774892339542, 39.437727437866563 ], [ -0.389774892339794, 39.437727437866585 ], [ -0.389827179158036, 39.437734129931997 ], [ -0.390043144612387, 39.437761690681413 ], [ -0.390043144694032, 39.437761690694174 ], [ -0.392955313838039, 39.438301943388808 ], [ -0.393068551300065, 39.438322932345407 ], [ -0.39306855134839, 39.438322932355234 ], [ -0.395542761741911, 39.438869715041811 ], [ -0.395542761741909, 39.438869715041811 ], [ -0.395542762020957, 39.438869715135581 ], [ -0.398337399075387, 39.440169357282194 ], [ -0.398337399075386, 39.440169357282194 ], [ -0.398337399229439, 39.440169357367814 ], [ -0.401032609239619, 39.44194247093845 ], [ -0.401032609239622, 39.44194247093845 ], [ -0.401032609336771, 39.441942471010236 ], [ -0.403016815698406, 39.443588617687993 ], [ -0.403016815698408, 39.443588617687993 ], [ -0.403016815797501, 39.443588617782211 ], [ -0.404333771170256, 39.445029540629001 ], [ -0.404333771210826, 39.445029540676508 ], [ -0.406056434911551, 39.447192268259762 ], [ -0.406056435018529, 39.447192268433064 ], [ -0.406056435075651, 39.447192268620029 ], [ -0.406056435080317, 39.447192268812131 ], [ -0.406056435032314, 39.447192269000617 ], [ -0.406056434933824, 39.447192269176945 ], [ -0.40537948903917, 39.448118352792704 ], [ -0.405379489001166, 39.448118352841085 ], [ -0.405019099618781, 39.44854620565156 ], [ -0.405019099604237, 39.448546205668421 ], [ -0.404434186000372, 39.449207582920543 ], [ -0.404434185953835, 39.449207582969535 ], [ -0.403947175481885, 39.44968552260471 ], [ -0.403838695103252, 39.449792005659901 ], [ -0.403838656186046, 39.449792427930035 ], [ -0.403838656146694, 39.449792428106669 ], [ -0.403838656062993, 39.449792428273774 ], [ -0.403838655938259, 39.449792428424722 ], [ -0.403622186918816, 39.450004475015582 ], [ -0.40332266026668, 39.450323256593848 ], [ -0.402984027229966, 39.450685060140799 ], [ -0.402825032194715, 39.450856007197629 ], [ -0.402825032194716, 39.450856007197629 ], [ -0.402825032100182, 39.450856007286653 ], [ -0.402708005598961, 39.450952839183572 ], [ -0.402037933500183, 39.451506970004075 ], [ -0.400854523109145, 39.45248557383033 ], [ -0.40046130195476, 39.452810684653862 ], [ -0.400056191573905, 39.453145753178426 ], [ -0.399750824628089, 39.453398216334449 ], [ -0.399750824625513, 39.453398216336566 ], [ -0.398764837802366, 39.454208097884717 ], [ -0.398272817533111, 39.454612167551325 ], [ -0.398272817359355, 39.45461216766828 ], [ -0.398272817159269, 39.454612167756395 ], [ -0.398272816940708, 39.454612167812186 ], [ -0.398272816712244, 39.454612167833496 ], [ -0.398272816482846, 39.454612167819477 ], [ -0.398272816261514, 39.454612167770669 ], [ -0.398272816056935, 39.454612167688985 ], [ -0.398272815877136, 39.454612167577672 ], [ -0.397759948467857, 39.454224175413003 ], [ -0.397220483512106, 39.453822706345427 ], [ -0.397220483512104, 39.453822706345427 ], [ -0.397220483370972, 39.453822706218851 ], [ -0.397220483262479, 39.453822706074227 ], [ -0.397220483190373, 39.453822705916529 ], [ -0.397220483157141, 39.453822705751215 ], [ -0.397220483163932, 39.453822705583988 ], [ -0.39722048321051, 39.453822705420613 ], [ -0.397220483295269, 39.453822705266738 ], [ -0.397220483415281, 39.453822705127692 ], [ -0.397605721426946, 39.453455414970882 ], [ -0.398037752296308, 39.452984560292109 ], [ -0.398037752300863, 39.452984560287184 ], [ -0.398247590051581, 39.45275909315388 ], [ -0.398043133290953, 39.452619203886854 ], [ -0.397098849674129, 39.452391697434258 ], [ -0.395573623643121, 39.452080422203466 ], [ -0.395410165924633, 39.452051408402944 ], [ -0.395410165924634, 39.452051408402944 ], [ -0.395410165710855, 39.4520514083476 ], [ -0.395410165514883, 39.452051408261305 ], [ -0.395410165344099, 39.452051408147291 ], [ -0.395410165204931, 39.452051408009829 ], [ -0.39541016510262, 39.452051407854142 ], [ -0.395410165041014, 39.452051407686085 ], [ -0.395410165022439, 39.452051407511938 ], [ -0.395410165047588, 39.45205140733831 ], [ -0.395440034472432, 39.451942223754223 ], [ -0.395477449257357, 39.451746791883977 ], [ -0.395477449257358, 39.451746791883977 ], [ -0.395477449348607, 39.451746791644027 ], [ -0.395561179879953, 39.451603762532173 ], [ -0.395603934080364, 39.451427175221966 ], [ -0.395603934120487, 39.451427175102275 ], [ -0.395669894221055, 39.45127439101131 ], [ -0.395669894242886, 39.451274390964997 ], [ -0.395773952883119, 39.451071080443988 ], [ -0.395006616400744, 39.450955767738982 ], [ -0.394507479613623, 39.450910925204994 ], [ -0.394507479374017, 39.450910925163193 ], [ -0.394507479151102, 39.450910925083285 ], [ -0.394507478954843, 39.450910924968817 ], [ -0.394507478794012, 39.450910924824932 ], [ -0.394507478675798, 39.450910924658032 ], [ -0.394507478605491, 39.450910924475608 ], [ -0.394477850762559, 39.450787790528295 ], [ -0.394419779249108, 39.450678112377894 ], [ -0.394332735750876, 39.450531220243214 ], [ -0.394318023141629, 39.450553064028419 ], [ -0.393628075271873, 39.451578210349517 ], [ -0.39362807527002, 39.45157821035226 ], [ -0.393511977882784, 39.451749273009611 ], [ -0.393511977882727, 39.451749273009675 ], [ -0.393511977882684, 39.45174927300976 ], [ -0.393511977882682, 39.45174927300976 ], [ -0.392592134551627, 39.453103955131851 ], [ -0.392591476243458, 39.453104935838525 ], [ -0.392591476242044, 39.453104935840628 ], [ -0.392580043187566, 39.45312185920978 ], [ -0.392580043186412, 39.453121859211471 ], [ -0.392420025821868, 39.453357491798137 ], [ -0.392201525387823, 39.453679337328133 ], [ -0.391970083734265, 39.454020152908932 ], [ -0.39196518572246, 39.454027587897379 ], [ -0.391965185718805, 39.454027587902878 ], [ -0.391964478091933, 39.454028644073873 ], [ -0.39170107911452, 39.454426658882156 ], [ -0.391700851200909, 39.45442700511142 ], [ -0.39170085119982, 39.454427005113075 ], [ -0.391326177930347, 39.45499329236101 ], [ -0.391326177925788, 39.454993292367824 ], [ -0.3913258212013, 39.454993820383237 ], [ -0.390894240449214, 39.455646096490455 ], [ -0.390894240449202, 39.455646096490469 ], [ -0.390894240449192, 39.45564609649049 ], [ -0.390361977138563, 39.456450443227126 ], [ -0.390361977138524, 39.456450443227183 ], [ -0.390361977138501, 39.456450443227219 ], [ -0.390353324886953, 39.456463514457838 ], [ -0.390353324886954, 39.456463514457838 ], [ -0.390341141979866, 39.456481970269124 ], [ -0.390341141979865, 39.456481970269124 ], [ -0.390341141979558, 39.456481970269479 ], [ -0.390341141979315, 39.456481970269955 ], [ -0.390291018612163, 39.456557707257609 ], [ -0.389717750552365, 39.457423953126849 ], [ -0.389717750548076, 39.457423953133272 ], [ -0.389638434514294, 39.457541470258889 ], [ -0.389446741817131, 39.457825516605915 ], [ -0.389074129965887, 39.458377675843749 ], [ -0.38907412996585, 39.458377675843792 ], [ -0.389074129965822, 39.458377675843849 ], [ -0.388277402650226, 39.459557928077217 ], [ -0.388278425555778, 39.459558522682997 ], [ -0.388278425555776, 39.459558522682997 ], [ -0.388278425557621, 39.459558522684297 ], [ -0.388278425559972, 39.459558522685441 ], [ -0.388419701486911, 39.459641420995595 ], [ -0.388857651731444, 39.459898288801952 ], [ -0.388857651894011, 39.459898288917678 ], [ -0.388857652025407, 39.459898289055154 ], [ -0.388857652120883, 39.459898289209413 ], [ -0.388857652177, 39.459898289374905 ], [ -0.388857652191725, 39.459898289545606 ], [ -0.388857652164532, 39.459898289715404 ], [ -0.388857652096399, 39.459898289878154 ], [ -0.388857651989787, 39.459898290027958 ], [ -0.388800535223195, 39.459963112628614 ], [ -0.388538746719836, 39.460261487436341 ], [ -0.388427865409036, 39.460387851817856 ], [ -0.38842786540818, 39.46038785181883 ], [ -0.388228003896223, 39.460614980164038 ], [ -0.388050766256344, 39.460816418939089 ], [ -0.387899144174254, 39.46098950131605 ], [ -0.387759462908829, 39.461148943153184 ], [ -0.387580090624901, 39.461353747529714 ], [ -0.387502862191717, 39.461441954719831 ], [ -0.387477203305451, 39.461471245780338 ], [ -0.387464673686297, 39.461485575957944 ], [ -0.387465214463516, 39.461486307116758 ], [ -0.387467149082243, 39.46148411762487 ], [ -0.387467149082244, 39.46148411762487 ], [ -0.387467149236693, 39.461484117483714 ], [ -0.387467149425103, 39.461484117370034 ], [ -0.387467149639516, 39.461484117288613 ], [ -0.387467149870877, 39.461484117242883 ], [ -0.387467150109409, 39.461484117234789 ], [ -0.38746715034504, 39.461484117264661 ], [ -0.387467150567815, 39.461484117331246 ], [ -0.387467150768323, 39.461484117431723 ], [ -0.387467150938095, 39.461484117561859 ], [ -0.387467151069961, 39.461484117716147 ], [ -0.387482622663722, 39.461507032595421 ], [ -0.387541088179465, 39.461585723616984 ], [ -0.387840118377728, 39.46198823694381 ], [ -0.387971725592085, 39.462165493129604 ], [ -0.387971725617483, 39.462165493165671 ], [ -0.387984797364612, 39.462185119890414 ], [ -0.387984797447193, 39.462185120050322 ], [ -0.38798479748899, 39.462185120219495 ], [ -0.387984797488472, 39.462185120391723 ], [ -0.387984797445657, 39.462185120560733 ], [ -0.387984797362113, 39.462185120720342 ], [ -0.387984797240897, 39.462185120864675 ], [ -0.387984797086441, 39.462185120988515 ], [ -0.387984796904395, 39.46218512108728 ], [ -0.387775814042023, 39.462276771543323 ], [ -0.386938374851858, 39.462643950033666 ], [ -0.386935810832813, 39.462645072539587 ], [ -0.386935810832812, 39.462645072539587 ], [ -0.38693581062316, 39.462645072611259 ], [ -0.38693581039944, 39.462645072649622 ], [ -0.386935810170355, 39.462645072653217 ], [ -0.386935809944814, 39.462645072621889 ], [ -0.386935809731594, 39.462645072556853 ], [ -0.386935809538987, 39.462645072460639 ], [ -0.386935809374488, 39.462645072337004 ], [ -0.386935809244493, 39.462645072190746 ], [ -0.386359067513262, 39.461835361231216 ], [ -0.386359067508462, 39.461835361224402 ], [ -0.385982629378752, 39.461295921249032 ], [ -0.385957571153629, 39.461260872766204 ], [ -0.385893831492815, 39.461171931899713 ], [ -0.385874825742942, 39.461145491430983 ], [ -0.38587482574294, 39.461145491430983 ], [ -0.38586532451217, 39.4611323050148 ], [ -0.385865324510718, 39.461132305012789 ], [ -0.385826552357308, 39.461078168242764 ], [ -0.385826010323366, 39.461077435349978 ], [ -0.385826010320226, 39.461077435344436 ], [ -0.385826010315248, 39.461077435338822 ], [ -0.385821261393233, 39.461070797122844 ], [ -0.385821261393234, 39.461070797122844 ], [ -0.385467795279848, 39.460577907305058 ], [ -0.385436759786698, 39.460534588372589 ], [ -0.385265112455334, 39.460295304592229 ], [ -0.384736850381994, 39.459558593844534 ], [ -0.38460875943056, 39.459379954669849 ], [ -0.384608284792019, 39.459379300628193 ], [ -0.38421894974671, 39.459546937032187 ], [ -0.383250374847433, 39.459963739209172 ], [ -0.383250374847434, 39.459963739209172 ], [ -0.38325037461607, 39.459963739284682 ], [ -0.38325037436918, 39.459963739319903 ], [ -0.383250374118295, 39.459963739313189 ], [ -0.382946844547276, 39.459929913448285 ], [ -0.382946844532936, 39.459929913446622 ], [ -0.382945704975222, 39.459929775175617 ], [ -0.382945704750398, 39.459929775130107 ], [ -0.382945704541757, 39.459929775050803 ], [ -0.382945704357646, 39.459929774940925 ], [ -0.382945704205432, 39.45992977480482 ], [ -0.382945704091204, 39.459929774647975 ], [ -0.382945704019533, 39.459929774476642 ], [ -0.382945703993289, 39.459929774297663 ], [ -0.382945704013517, 39.459929774118216 ], [ -0.383015869709387, 39.45964285296818 ], [ -0.383015869710661, 39.459642852963057 ], [ -0.383045161353206, 39.459526759133581 ], [ -0.383170724955661, 39.459029280685684 ], [ -0.383217571177721, 39.458843565502029 ], [ -0.38337695405685, 39.458212054620809 ], [ -0.383415084018149, 39.458060867589573 ], [ -0.383456955885519, 39.457894946172281 ], [ -0.383478592873965, 39.457809106256455 ], [ -0.38347910056909, 39.45780703214632 ], [ -0.383479100644109, 39.457807031956825 ], [ -0.383479100770781, 39.457807031784661 ], [ -0.383479100942971, 39.457807031638133 ], [ -0.383481585667641, 39.457805336685134 ], [ -0.38347959786513, 39.457805107481981 ], [ -0.383479597641973, 39.457805107438368 ], [ -0.383479597434282, 39.45780510736153 ], [ -0.383479597250209, 39.457805107254451 ], [ -0.383479597096978, 39.457805107121345 ], [ -0.383479367996189, 39.45780486322974 ], [ -0.383479367996188, 39.45780486322974 ], [ -0.383479367878723, 39.457804863073989 ], [ -0.383479367803667, 39.457804862903217 ], [ -0.383479367774034, 39.457804862724274 ], [ -0.383479367791015, 39.457804862544329 ], [ -0.38348128332441, 39.457796383643164 ], [ -0.383416374761095, 39.457707637018139 ], [ -0.383416374761098, 39.457707637018139 ], [ -0.383240368474171, 39.457468085500381 ], [ -0.383105585534368, 39.457284662588393 ], [ -0.383105585526701, 39.457284662577791 ], [ -0.382985524338285, 39.457116022061534 ], [ -0.382985524337349, 39.45711602206022 ], [ -0.382944744477429, 39.45705851487611 ], [ -0.382736315966461, 39.456764783184951 ], [ -0.382662639007328, 39.456662906249512 ], [ -0.382412665946694, 39.45632207718262 ], [ -0.382366379861488, 39.456258986482737 ], [ -0.382280472125139, 39.456167328253116 ], [ -0.382134772912692, 39.456013568561929 ], [ -0.382104529952783, 39.455982261858409 ], [ -0.382070842181945, 39.45594764791511 ], [ -0.381758756217398, 39.455675285497591 ], [ -0.381539345939206, 39.455573146353274 ], [ -0.381409518348034, 39.455517916094713 ], [ -0.381333140091905, 39.455485695866088 ], [ -0.381085021071002, 39.455408979607185 ], [ -0.3809960722672, 39.455388268432202 ], [ -0.380996072267202, 39.455388268432202 ], [ -0.38099607205709, 39.455388268365297 ], [ -0.380996071867788, 39.455388268267974 ], [ -0.380996071706538, 39.455388268143956 ], [ -0.3809960715795, 39.455388267997989 ], [ -0.380996071491536, 39.455388267835644 ], [ -0.380996071446008, 39.455388267663125 ], [ -0.380996071444656, 39.455388267487045 ], [ -0.380996071487532, 39.45538826731412 ], [ -0.380996651362279, 39.455386748893368 ], [ -0.380997910046375, 39.455383088156353 ], [ -0.381138639412036, 39.454973144441411 ], [ -0.381234416044706, 39.454693702948681 ], [ -0.381257561009545, 39.454626108742765 ], [ -0.381258045287165, 39.454624660227559 ], [ -0.381258045288489, 39.454624660224745 ], [ -0.381258045289071, 39.454624660221938 ], [ -0.381258045289071, 39.454624660221938 ], [ -0.381259082431092, 39.454621638608472 ], [ -0.381293954128829, 39.454520066979413 ], [ -0.381717473161242, 39.453283922545097 ], [ -0.381717691053504, 39.453283224775028 ], [ -0.381717691059942, 39.453283224755381 ], [ -0.381755998999392, 39.453171599940745 ], [ -0.38190447773204, 39.452738217515254 ], [ -0.38239780562559, 39.451298702494135 ], [ -0.382418695191439, 39.451237863372739 ], [ -0.382451408091873, 39.451142328157971 ], [ -0.382670357059777, 39.450503262723231 ], [ -0.383009169201905, 39.449514517940663 ], [ -0.383090879297042, 39.449275918276136 ], [ -0.383202292408845, 39.44895086826984 ], [ -0.383845195818145, 39.44707436854393 ], [ -0.383845195819907, 39.447074368540221 ] ] ] ] } },
{ "type": "Feature", "properties": { "INE_MUN": "46250", "DISTRITO": 4 }, "geometry": { "type": "MultiPolygon", "coordinates": [ [ [ [ -0.398905580027278, 39.47510284008068 ], [ -0.399018258254305, 39.475081674300618 ], [ -0.401392511861517, 39.47463585652757 ], [ -0.401392511861526, 39.47463585652757 ], [ -0.401546428736059, 39.474606952940952 ], [ -0.402026720494913, 39.474516771748171 ], [ -0.40212616374087, 39.474498108790975 ], [ -0.403697168349304, 39.474203083281139 ], [ -0.403697168349304, 39.474203083281139 ], [ -0.403697168349333, 39.474203083281139 ], [ -0.405479175258907, 39.473868442868103 ], [ -0.406799742935302, 39.473555881899998 ], [ -0.407016185187415, 39.473504678388544 ], [ -0.407016185187416, 39.473504678388544 ], [ -0.407016185395139, 39.473504678355106 ], [ -0.407016185607246, 39.473504678351496 ], [ -0.407016185816664, 39.473504678377815 ], [ -0.407016186016415, 39.473504678433237 ], [ -0.407016186199835, 39.473504678515852 ], [ -0.40701618636081, 39.473504678622973 ], [ -0.407016186493975, 39.47350467875097 ], [ -0.407027735108922, 39.473518129856643 ], [ -0.407059292289148, 39.473551635102922 ], [ -0.407080636161365, 39.473570507321369 ], [ -0.407083372914736, 39.473572559309574 ], [ -0.407102510403188, 39.473586679704646 ], [ -0.407124545631501, 39.473599770161336 ], [ -0.407148056983281, 39.473611456656442 ], [ -0.407178513387916, 39.473624685470135 ], [ -0.407209926735164, 39.473636435652381 ], [ -0.407257738315092, 39.473650308406732 ], [ -0.407352266058689, 39.473669057561551 ], [ -0.407495428256125, 39.47369236363766 ], [ -0.407616506711901, 39.473709015763475 ], [ -0.407616506784977, 39.473709015775405 ], [ -0.407913843464129, 39.473765386978286 ], [ -0.407913843599904, 39.473765387010964 ], [ -0.407955106353406, 39.473777509849405 ], [ -0.408284043029545, 39.473847171172103 ], [ -0.408284043233706, 39.473847171231796 ], [ -0.408320615152404, 39.473861031612152 ], [ -0.408431116296859, 39.473884253159035 ], [ -0.40843111637872, 39.473884253178767 ], [ -0.408452612369018, 39.473890119837051 ], [ -0.4085205307319, 39.473908625098694 ], [ -0.408520530831969, 39.473908625130072 ], [ -0.408755247605065, 39.473992272883912 ], [ -0.408755247676972, 39.473992272911921 ], [ -0.409007252145432, 39.474099038540544 ], [ -0.409007252145431, 39.474099038540544 ], [ -0.409007252320838, 39.474099038631806 ], [ -0.409007252472016, 39.474099038746203 ], [ -0.40900725259397, 39.474099038879906 ], [ -0.409007252682665, 39.474099039028523 ], [ -0.409007252735169, 39.474099039187138 ], [ -0.409007252749747, 39.474099039350499 ], [ -0.409006950896082, 39.47410967639572 ], [ -0.409011490727076, 39.474119520383148 ], [ -0.409019802297442, 39.474127804430999 ], [ -0.40903127311209, 39.474134276132411 ], [ -0.409045080227801, 39.474138088321347 ], [ -0.409053787541291, 39.474138210387451 ], [ -0.409063240886216, 39.474134988937777 ], [ -0.409073715030011, 39.474127291191806 ], [ -0.40907371503001, 39.474127291191806 ], [ -0.409073715204657, 39.474127291086035 ], [ -0.409073715402043, 39.474127291007875 ], [ -0.409073715614985, 39.474127290960212 ], [ -0.409073715835732, 39.474127290944743 ], [ -0.409073716056256, 39.474127290962038 ], [ -0.409073716268529, 39.47412729101147 ], [ -0.409073716464827, 39.474127291091257 ], [ -0.409073716464825, 39.474127291091257 ], [ -0.409131945244113, 39.474156759934679 ], [ -0.409131945307664, 39.474156759969233 ], [ -0.409170811655701, 39.474179436872717 ], [ -0.409170811743214, 39.474179436929205 ], [ -0.409198132517057, 39.474198901523003 ], [ -0.409198132558276, 39.474198901553855 ], [ -0.409257071653291, 39.474245250687581 ], [ -0.409290445138204, 39.474267156396778 ], [ -0.409325364510528, 39.474284524585137 ], [ -0.409422130358608, 39.474323784632986 ], [ -0.409422130358607, 39.474323784632986 ], [ -0.409422130476692, 39.474323784688039 ], [ -0.409458272253734, 39.474342986410321 ], [ -0.409458272330547, 39.47434298645485 ], [ -0.40949744633789, 39.4743677151151 ], [ -0.409497446394959, 39.474367715153576 ], [ -0.409534915345138, 39.474394694037784 ], [ -0.409534915374509, 39.474394694059683 ], [ -0.40961753037164, 39.474458507413487 ], [ -0.409663132649868, 39.474492162900603 ], [ -0.409866723428509, 39.474625577616514 ], [ -0.409866723461879, 39.474625577639259 ], [ -0.410025069831006, 39.474737663326934 ], [ -0.410025069885678, 39.474737663368266 ], [ -0.410058815337403, 39.47476491044484 ], [ -0.410058815388877, 39.47476491048927 ], [ -0.410085328060046, 39.474789374790497 ], [ -0.410085328116928, 39.474789374847461 ], [ -0.410118874618145, 39.474825901080798 ], [ -0.410118874662752, 39.474825901133137 ], [ -0.41015070931078, 39.474866239584046 ], [ -0.410150709351063, 39.474866239639383 ], [ -0.410150736882351, 39.4748662807892 ], [ -0.410171752877408, 39.474897000825692 ], [ -0.410171752906215, 39.474897000870797 ], [ -0.410194521440435, 39.474935313874589 ], [ -0.410194521467931, 39.474935313924824 ], [ -0.410211541446235, 39.474969219616611 ], [ -0.4102115414681, 39.474969219664061 ], [ -0.410225192866362, 39.47500168093984 ], [ -0.410225192886491, 39.475001680993245 ], [ -0.410234404637825, 39.475029264139835 ], [ -0.410234404654827, 39.475029264198845 ], [ -0.410241674370486, 39.475059186903586 ], [ -0.410241674381258, 39.475059186956535 ], [ -0.410246955656316, 39.475091352691905 ], [ -0.410246955662694, 39.475091352741813 ], [ -0.410250616294271, 39.475131325454925 ], [ -0.410250616296972, 39.475131325501415 ], [ -0.410253128270291, 39.475232928202537 ], [ -0.41025312826972, 39.4752329282529 ], [ -0.410248332149692, 39.475333963568339 ], [ -0.410249976342783, 39.475402561043786 ], [ -0.410249976341726, 39.475402561102385 ], [ -0.41024836481558, 39.475429389543208 ], [ -0.410248364803628, 39.475429389636723 ], [ -0.41024137519055, 39.475465007965497 ], [ -0.410241375175312, 39.475465008028131 ], [ -0.410223907534004, 39.475525058128348 ], [ -0.410213601124014, 39.475567985263737 ], [ -0.41021360110581, 39.475567985326855 ], [ -0.410195197747606, 39.475622519147983 ], [ -0.410190557306219, 39.475646234972707 ], [ -0.4101910350062, 39.475661555978213 ], [ -0.410193625904427, 39.475671302552364 ], [ -0.410200371861682, 39.475683258815316 ], [ -0.410210411846899, 39.475694941688026 ], [ -0.410227939589395, 39.475710183288619 ], [ -0.410240750740871, 39.475719049648973 ], [ -0.410261732340838, 39.475731120555153 ], [ -0.410281366276451, 39.475739566895641 ], [ -0.4103055435345, 39.475746339765649 ], [ -0.410350987700773, 39.475755933381308 ], [ -0.410350987731987, 39.475755933388264 ], [ -0.410499867851587, 39.475790854905846 ], [ -0.410499867899368, 39.475790854917946 ], [ -0.410541302825981, 39.475802111348443 ], [ -0.410541302877667, 39.475802111363564 ], [ -0.410588650115054, 39.475816967922519 ], [ -0.410588650159961, 39.475816967937469 ], [ -0.410681707609388, 39.475849761578566 ], [ -0.410705686430374, 39.475857971381075 ], [ -0.410707520598774, 39.475858507726869 ], [ -0.410707520657409, 39.475858507745457 ], [ -0.410755290074575, 39.475874833072687 ], [ -0.410859822359123, 39.475908968707223 ], [ -0.410859822443651, 39.475908968737983 ], [ -0.411110054590995, 39.476009726531302 ], [ -0.411210884919703, 39.476046054107314 ], [ -0.411210884980672, 39.476046054130997 ], [ -0.411261945718139, 39.476067357888049 ], [ -0.41126194571814, 39.476067357888049 ], [ -0.41126194585098, 39.476067357952807 ], [ -0.411299070947973, 39.476088292696268 ], [ -0.411299070947974, 39.476088292696268 ], [ -0.411299071041902, 39.476088292755271 ], [ -0.411338152201495, 39.476115568238292 ], [ -0.411338152275668, 39.476115568294922 ], [ -0.411369969806634, 39.476142141432412 ], [ -0.411369969867056, 39.476142141487109 ], [ -0.411387887320834, 39.476159738482288 ], [ -0.411387887373072, 39.476159738537824 ], [ -0.411400629196143, 39.476174432005386 ], [ -0.4114006292518, 39.476174432076434 ], [ -0.41141994282094, 39.47620187079086 ], [ -0.411419942865649, 39.476201870861559 ], [ -0.411436291306222, 39.476230869619457 ], [ -0.411436291322529, 39.476230869649882 ], [ -0.411508889932725, 39.476373667882058 ], [ -0.411508889941805, 39.476373667900504 ], [ -0.411585348248989, 39.476534299469442 ], [ -0.411585348253505, 39.476534299479106 ], [ -0.411709981905763, 39.476805632554026 ], [ -0.411742629674212, 39.476872835905844 ], [ -0.41179983797225, 39.476981323324921 ], [ -0.411861583117519, 39.477088160436686 ], [ -0.411895066172453, 39.477140525867846 ], [ -0.411930382414516, 39.477192234834263 ], [ -0.412005663705696, 39.477293616685252 ], [ -0.412077410022229, 39.477381082188785 ], [ -0.412236910266349, 39.477558526295979 ], [ -0.41223691029935, 39.477558526334789 ], [ -0.412302041191522, 39.477639605798601 ], [ -0.412302041222751, 39.477639605839883 ], [ -0.412319144538148, 39.477663657414972 ], [ -0.412319144580082, 39.477663657480043 ], [ -0.412333376037276, 39.477688163111338 ], [ -0.412333376037277, 39.477688163111338 ], [ -0.412333376079412, 39.477688163194735 ], [ -0.412342455477173, 39.477709156867888 ], [ -0.41234245550767, 39.477709156951626 ], [ -0.412347536250005, 39.477726224719966 ], [ -0.412347536268172, 39.477726224795632 ], [ -0.41235157857274, 39.47774825583199 ], [ -0.412351578582783, 39.477748255912601 ], [ -0.412353377750873, 39.477775417081475 ], [ -0.412353377751994, 39.477775417151477 ], [ -0.412352284886322, 39.47780740121636 ], [ -0.412352284882566, 39.477807401268691 ], [ -0.412348831564504, 39.477838931878679 ], [ -0.412348831564505, 39.477838931878679 ], [ -0.412348831546244, 39.477838931978575 ], [ -0.412329522674096, 39.477913995121988 ], [ -0.412323903743798, 39.47796800310708 ], [ -0.412324810847259, 39.478003891915513 ], [ -0.412329035024872, 39.47804011133109 ], [ -0.412333859115866, 39.478057673255648 ], [ -0.412341828020171, 39.478073971878139 ], [ -0.412356830693842, 39.478093071247656 ], [ -0.412442351956627, 39.478179013550466 ], [ -0.412461215781132, 39.478196816126783 ], [ -0.412486698860412, 39.478220887588961 ], [ -0.412525309897178, 39.478254458367751 ], [ -0.412570205081463, 39.478289259119713 ], [ -0.412679002430543, 39.478363842287422 ], [ -0.412679002464435, 39.478363842311602 ], [ -0.412750180304075, 39.478416678324152 ], [ -0.412750180319406, 39.478416678335741 ], [ -0.412812121799863, 39.478464385341141 ], [ -0.412812121849958, 39.478464385382217 ], [ -0.412869542396879, 39.478514541206039 ], [ -0.412869542462707, 39.478514541269021 ], [ -0.412910924639682, 39.478558006794302 ], [ -0.412910924676197, 39.478558006834966 ], [ -0.412987564507418, 39.478648531149894 ], [ -0.413072538136615, 39.478745366944068 ], [ -0.413226384468232, 39.478917427208344 ], [ -0.413250958092919, 39.478944910641978 ], [ -0.41325095809292, 39.478944910641985 ], [ -0.413250958201643, 39.478944910792627 ], [ -0.413250958271284, 39.478944910956585 ], [ -0.413250958299277, 39.478944911127826 ], [ -0.413250958284601, 39.478944911300054 ], [ -0.413250958227791, 39.478944911466947 ], [ -0.413250958130935, 39.478944911622385 ], [ -0.41325095799759, 39.478944911760642 ], [ -0.413250957832658, 39.478944911876631 ], [ -0.41325095783266, 39.478944911876631 ], [ -0.4130185391364, 39.479079292109574 ], [ -0.412748196860184, 39.479241758506468 ], [ -0.412748196852237, 39.479241758511208 ], [ -0.412466476495003, 39.479408065421538 ], [ -0.412326757501634, 39.479495762391565 ], [ -0.412265708904411, 39.479536950760938 ], [ -0.412253537895047, 39.479545404778051 ], [ -0.41221020087734, 39.479576411158355 ], [ -0.412139282674502, 39.479629537996793 ], [ -0.412049627492286, 39.47969995798006 ], [ -0.411830438007905, 39.479879943914916 ], [ -0.411732696485824, 39.479962913030683 ], [ -0.411554931719181, 39.480117381054583 ], [ -0.411344231464145, 39.480303329800186 ], [ -0.411344231445419, 39.480303329816309 ], [ -0.411244311111297, 39.48038734000469 ], [ -0.410281746911355, 39.481419692308954 ], [ -0.412444726774412, 39.482000943663024 ], [ -0.413026529117123, 39.48215731080716 ], [ -0.413026529117122, 39.48215731080716 ], [ -0.413026529117146, 39.482157310807175 ], [ -0.413827911349948, 39.482372637642015 ], [ -0.414736321055023, 39.482616709908463 ], [ -0.414736321200682, 39.482616709956439 ], [ -0.418791513927006, 39.484213038388951 ], [ -0.419685925961555, 39.484565099839678 ], [ -0.4196859261262, 39.484565099918491 ], [ -0.421664491014059, 39.485698790206264 ], [ -0.422088315388359, 39.485941585471693 ], [ -0.425174393841719, 39.487696368544896 ], [ -0.426071205043228, 39.487958378520617 ], [ -0.42607120504323, 39.487958378520617 ], [ -0.426071205257432, 39.487958378603643 ], [ -0.426071205445126, 39.487958378718915 ], [ -0.426071205598337, 39.487958378861542 ], [ -0.426071205710559, 39.4879583790255 ], [ -0.426071205777028, 39.487958379203789 ], [ -0.426071205794918, 39.487958379388857 ], [ -0.426071205763473, 39.487958379572824 ], [ -0.426071205684025, 39.487958379747894 ], [ -0.42607120555995, 39.487958379906637 ], [ -0.424935534373603, 39.489121221914338 ], [ -0.425763647038633, 39.490310704095414 ], [ -0.425763647127911, 39.49031070426151 ], [ -0.425763647172792, 39.490310704438045 ], [ -0.425763647171485, 39.490310704617968 ], [ -0.425763647124041, 39.490310704794084 ], [ -0.425763647032356, 39.490310704959398 ], [ -0.42576364690009, 39.490310705107269 ], [ -0.424765493935037, 39.491217630271287 ], [ -0.427408881691263, 39.495381545942912 ], [ -0.428018747033368, 39.496342121650549 ], [ -0.428018747111164, 39.496342121809384 ], [ -0.428018747149069, 39.49634212197671 ], [ -0.428018747145737, 39.496342122146579 ], [ -0.42801874710129, 39.496342122312939 ], [ -0.428018747017302, 39.496342122469869 ], [ -0.428018746896769, 39.496342122611786 ], [ -0.428018746743978, 39.49634212273363 ], [ -0.428018746564366, 39.496342122831088 ], [ -0.428018746364328, 39.496342122900664 ], [ -0.428018746150981, 39.496342122939915 ], [ -0.428018745931918, 39.496342122947404 ], [ -0.428018745714941, 39.496342122922876 ], [ -0.427244764922631, 39.49619583652796 ], [ -0.42724476484731, 39.496195836511632 ], [ -0.427048882345091, 39.496147792774259 ], [ -0.4268628187893, 39.496102140883991 ], [ -0.426662736171166, 39.49605307557718 ], [ -0.426348479856114, 39.495976008604899 ], [ -0.426119228458582, 39.495919727946593 ], [ -0.425871008521776, 39.495858860932621 ], [ -0.425710718171743, 39.495819553801873 ], [ -0.425648565820726, 39.495828432405339 ], [ -0.425548116731388, 39.495842832654418 ], [ -0.425477439803415, 39.495853000687383 ], [ -0.425403894317751, 39.495863545648618 ], [ -0.425330540980312, 39.495874082208097 ], [ -0.425246703577504, 39.495886079164194 ], [ -0.425136527441343, 39.495901903119822 ], [ -0.425055225405807, 39.495913569641537 ], [ -0.424986465414847, 39.495923463644424 ], [ -0.42492024930035, 39.495932955434135 ], [ -0.424844214510723, 39.495943836755025 ], [ -0.424774309691641, 39.495953872823442 ], [ -0.424700810457137, 39.495964419262343 ], [ -0.424632051539414, 39.495974281546978 ], [ -0.424555250319781, 39.495985290732165 ], [ -0.424480938567799, 39.495995985684743 ], [ -0.424417165547293, 39.496005125040227 ], [ -0.424351037517225, 39.496014618275908 ], [ -0.424353303425023, 39.496028005235097 ], [ -0.424356938197855, 39.496049544843096 ], [ -0.424361789882945, 39.496078120295806 ], [ -0.42436816265077, 39.496115696857103 ], [ -0.424374649870801, 39.496154141704118 ], [ -0.424380673506079, 39.49618967993419 ], [ -0.424387405863425, 39.496229201362979 ], [ -0.424387405863628, 39.496229201364173 ], [ -0.424394983238515, 39.49627414772327 ], [ -0.424401320830008, 39.496311449633318 ], [ -0.424406637835155, 39.496342854262302 ], [ -0.424412775979921, 39.496379228346157 ], [ -0.424420594319331, 39.496425396236489 ], [ -0.424425911340607, 39.496456769333236 ], [ -0.424431430275572, 39.496489161299159 ], [ -0.424431430275754, 39.496489161300232 ], [ -0.42444053589733, 39.49654310531794 ], [ -0.424451759154362, 39.496609293329868 ], [ -0.424458059963228, 39.496646333164414 ], [ -0.4244580599634, 39.496646333165437 ], [ -0.424463725089674, 39.496679931048938 ], [ -0.424470725494894, 39.496721170090751 ], [ -0.424479710867556, 39.496774435777276 ], [ -0.424489526111441, 39.496832308954588 ], [ -0.424498719428402, 39.496886588236833 ], [ -0.424504975011579, 39.496923405448271 ], [ -0.424504975018862, 39.496923405626667 ], [ -0.424504974980584, 39.496923405802683 ], [ -0.42450497489825, 39.496923405969383 ], [ -0.424504974775095, 39.496923406120231 ], [ -0.424504974615959, 39.496923406249302 ], [ -0.42447128723915, 39.496945794219826 ], [ -0.424439399104668, 39.49696700587026 ], [ -0.42443939890953, 39.496967005975264 ], [ -0.424439398690908, 39.496967006047342 ], [ -0.424439398457939, 39.496967006083459 ], [ -0.424439398220355, 39.49696700608213 ], [ -0.424439397988084, 39.496967006043384 ], [ -0.424439397770831, 39.496967005968884 ], [ -0.424409782943801, 39.496953894809842 ], [ -0.4244097829438, 39.496953894809842 ], [ -0.424363343634232, 39.496933383810948 ], [ -0.424330489845449, 39.496918872031422 ], [ -0.424287048576918, 39.496899643651943 ], [ -0.424255700041475, 39.496885777819756 ], [ -0.424221394358179, 39.496870625728711 ], [ -0.424221394356276, 39.496870625727851 ], [ -0.424192718694409, 39.496857904695162 ], [ -0.424192718535357, 39.496857904610273 ], [ -0.424188622671842, 39.496855304852687 ], [ -0.424188622669367, 39.496855304851103 ], [ -0.42415442294142, 39.496833475041505 ], [ -0.42412496671503, 39.496814687258968 ], [ -0.424124966714117, 39.496814687258386 ], [ -0.424097004584898, 39.49679681545647 ], [ -0.424059499420649, 39.496772867336489 ], [ -0.424019574579174, 39.496747406130531 ], [ -0.424019574577902, 39.496747406129707 ], [ -0.423980724767343, 39.496722558821801 ], [ -0.423931122326289, 39.496690888558447 ], [ -0.423890214516343, 39.496665094712391 ], [ -0.423890214502293, 39.496665094703403 ], [ -0.423838074018232, 39.496631151056924 ], [ -0.423797413108595, 39.496604970768075 ], [ -0.423753034152218, 39.496576352218632 ], [ -0.423753034152215, 39.496576352218632 ], [ -0.423728894031493, 39.496560817278528 ], [ -0.423712049646471, 39.49654999815548 ], [ -0.423686134776495, 39.496542504825776 ], [ -0.423649565180909, 39.49653195543182 ], [ -0.423609031302186, 39.4965202821096 ], [ -0.423559644997607, 39.496506065714236 ], [ -0.423538867093586, 39.496503834765122 ], [ -0.423538867091641, 39.496503834764901 ], [ -0.423499826249478, 39.496499590761395 ], [ -0.423448045793133, 39.496494753449447 ], [ -0.423422509825792, 39.496494943033923 ], [ -0.423378061820842, 39.496495268181057 ], [ -0.423319606364002, 39.496495670065258 ], [ -0.423259957445064, 39.496497500378567 ], [ -0.423179918332579, 39.496500764919965 ], [ -0.423110797506574, 39.496503565255871 ], [ -0.423021698961872, 39.496507179211399 ], [ -0.422963122346847, 39.496509569180404 ], [ -0.42288789904788, 39.496512625020536 ], [ -0.422801613641683, 39.496516134537345 ], [ -0.422724625461211, 39.496519278150402 ], [ -0.422649547379489, 39.496522337056781 ], [ -0.422567121767571, 39.496525675263428 ], [ -0.422477207907137, 39.496529324767522 ], [ -0.422408709163312, 39.496532124069937 ], [ -0.422408709161961, 39.496532124069994 ], [ -0.422344272190724, 39.496534699030867 ], [ -0.422344272190724, 39.496534699030875 ], [ -0.42227267560088, 39.49653762862475 ], [ -0.422207041753063, 39.496540307584915 ], [ -0.422134771650143, 39.49654336989579 ], [ -0.422081951904967, 39.496545887140563 ], [ -0.422021024639726, 39.496548796541084 ], [ -0.42196663224622, 39.496551391451561 ], [ -0.421922880516391, 39.496553483706137 ], [ -0.421874260524177, 39.496555818369529 ], [ -0.421830415843026, 39.496557908526782 ], [ -0.421773450455737, 39.496560590396612 ], [ -0.421727262993319, 39.496562831229021 ], [ -0.421727262968616, 39.496562831230015 ], [ -0.421661173262072, 39.496564944820506 ], [ -0.421597581131239, 39.49656901105427 ], [ -0.421597581107439, 39.496569011055605 ], [ -0.421522576075573, 39.496572607778504 ], [ -0.421522575825708, 39.496572607769608 ], [ -0.421510293276626, 39.496571132536616 ], [ -0.42149703725925, 39.496571613118959 ], [ -0.42149703725696, 39.496571613119052 ], [ -0.421320637636148, 39.496577737851794 ], [ -0.420414066333516, 39.496623438654751 ], [ -0.420414066323219, 39.496623438655234 ], [ -0.419883352842244, 39.496646526524493 ], [ -0.419883352836549, 39.496646526524721 ], [ -0.419540884713036, 39.496660118239838 ], [ -0.419374177857039, 39.496668094874074 ], [ -0.418758139824669, 39.496699462485395 ], [ -0.418758139783942, 39.496699462486909 ], [ -0.418545821012174, 39.496704487749845 ], [ -0.418262574018905, 39.496710995159681 ], [ -0.417986640046968, 39.496718186896608 ], [ -0.417786605147586, 39.496727132308969 ], [ -0.417679163947821, 39.496731978625334 ], [ -0.41738595824254, 39.496745091251967 ], [ -0.417153672481045, 39.496755498864303 ], [ -0.416899248811222, 39.496766927343771 ], [ -0.416664720921314, 39.496777432775801 ], [ -0.416527947795049, 39.49678354385685 ], [ -0.416163132566276, 39.496799912424351 ], [ -0.415850840796391, 39.496813889502107 ], [ -0.415588544994373, 39.496825653526727 ], [ -0.41525068978179, 39.496840739632361 ], [ -0.415057903955358, 39.496854400049777 ], [ -0.414922895233718, 39.496864351108577 ], [ -0.414739025460251, 39.496880461565567 ], [ -0.414595244286239, 39.496893053933356 ], [ -0.414396209889225, 39.496912313729041 ], [ -0.414396209889226, 39.496912313729055 ], [ -0.414224214752408, 39.496929259670672 ], [ -0.414224214752406, 39.496929259670672 ], [ -0.414224214536727, 39.496929259676271 ], [ -0.414224214323425, 39.496929259650891 ], [ -0.414078143640594, 39.496900919317312 ], [ -0.413935570283339, 39.496873281851776 ], [ -0.41393557028334, 39.496873281851776 ], [ -0.413935570091033, 39.496873281800262 ], [ -0.413811144743364, 39.496830179967318 ], [ -0.413713147519697, 39.496796265173231 ], [ -0.413713147409048, 39.496796265129305 ], [ -0.413524038764503, 39.49671098534855 ], [ -0.413410907019017, 39.496659981510227 ], [ -0.413185302893911, 39.496558298990308 ], [ -0.413011514360496, 39.496479908865609 ], [ -0.412814583626821, 39.496391134038454 ], [ -0.412684213239801, 39.496332362934389 ], [ -0.412472998107714, 39.496237143462928 ], [ -0.412472998103791, 39.496237143461144 ], [ -0.412417168634452, 39.496211747561908 ], [ -0.412372912098438, 39.496196577628375 ], [ -0.412258667771862, 39.496165452890097 ], [ -0.411907963061895, 39.496069890544575 ], [ -0.411700593293125, 39.496013353599061 ], [ -0.411471961541411, 39.49595104543539 ], [ -0.41126072957002, 39.49589347934679 ], [ -0.411016587531029, 39.495826932921432 ], [ -0.410779237386552, 39.495762275135604 ], [ -0.410779237373595, 39.495762275132002 ], [ -0.410540601746737, 39.495694796389778 ], [ -0.410390247496765, 39.495656356209302 ], [ -0.410390247466313, 39.495656356201152 ], [ -0.410112791620229, 39.495578749428525 ], [ -0.409875374865107, 39.495515931529297 ], [ -0.40987537485484, 39.495515931526548 ], [ -0.409729114499536, 39.495476045748426 ], [ -0.409517885383829, 39.495418512611565 ], [ -0.409517885383828, 39.495418512611565 ], [ -0.409517885179647, 39.495418512538045 ], [ -0.409377248393057, 39.495354364841099 ], [ -0.409377248349517, 39.49535436482023 ], [ -0.409269012500062, 39.4952998851427 ], [ -0.409269012421121, 39.495299885099236 ], [ -0.409136053948712, 39.495220021287281 ], [ -0.409015195218012, 39.495154188095057 ], [ -0.409015195185716, 39.495154188076818 ], [ -0.408881741873384, 39.495076047130105 ], [ -0.408781249982232, 39.495018492019902 ], [ -0.408672775046127, 39.494956390413051 ], [ -0.408603526321656, 39.494916689215685 ], [ -0.408539182851915, 39.494883448590464 ], [ -0.408457544153018, 39.494841236776452 ], [ -0.408403154578002, 39.494813145919657 ], [ -0.408324693803819, 39.494781952423672 ], [ -0.408324693803818, 39.494781952423672 ], [ -0.408324693608813, 39.494781952325944 ], [ -0.408324693442782, 39.494781952200128 ], [ -0.408324693312354, 39.494781952051234 ], [ -0.406889873059074, 39.492728598874983 ], [ -0.40676184871166, 39.492561519023603 ], [ -0.406696565107363, 39.492588450155345 ], [ -0.40650556527234, 39.492667247515485 ], [ -0.406347501847236, 39.492735027755323 ], [ -0.406074102332519, 39.492852316629651 ], [ -0.405735952479359, 39.492997383778757 ], [ -0.405447159661611, 39.493121304787913 ], [ -0.405174390954608, 39.493238308298132 ], [ -0.404861304670571, 39.493372626504531 ], [ -0.404375627393108, 39.493580941752661 ], [ -0.40410029008853, 39.493699069969125 ], [ -0.403987737717527, 39.493748066837227 ], [ -0.403845117505503, 39.493810194179765 ], [ -0.403845117504464, 39.493810194180206 ], [ -0.403820818520458, 39.493820753712896 ], [ -0.403820818520462, 39.493820753712903 ], [ -0.403658253338288, 39.493891569209737 ], [ -0.403512294442541, 39.493955129607443 ], [ -0.403275369372241, 39.494058286617573 ], [ -0.403071607351418, 39.494147049538903 ], [ -0.402899894867482, 39.49422178914778 ], [ -0.402899894672228, 39.494221789215281 ], [ -0.402899894464318, 39.49422178925392 ], [ -0.402899894250787, 39.494221789262426 ], [ -0.40289989403886, 39.494221789240477 ], [ -0.40270183857921, 39.494186660249184 ], [ -0.402701838553938, 39.494186660244466 ], [ -0.402515270874598, 39.494150148200298 ], [ -0.40248582433366, 39.494163272305876 ], [ -0.402485824333658, 39.494163272305876 ], [ -0.402485824122862, 39.494163272379282 ], [ -0.402485823897482, 39.49416327241893 ], [ -0.402485823666435, 39.494163272423236 ], [ -0.402485823438855, 39.494163272392058 ], [ -0.402485823223741, 39.494163272326574 ], [ -0.402485823029599, 39.494163272229429 ], [ -0.402485822864104, 39.494163272104451 ], [ -0.4024858227338, 39.494163271956552 ], [ -0.402182717259896, 39.493732772870437 ], [ -0.402182717252793, 39.493732772860191 ], [ -0.402130334833064, 39.493656032256396 ], [ -0.402076685251213, 39.493577415591851 ], [ -0.402005780248216, 39.493473527169961 ], [ -0.401944957256526, 39.493384286328769 ], [ -0.401891753785445, 39.493306346207106 ], [ -0.401842895058588, 39.493234756222002 ], [ -0.401794345340201, 39.493163582128069 ], [ -0.401740703240362, 39.493086033032604 ], [ -0.401668575360865, 39.492987062905179 ], [ -0.401592272133139, 39.492882385968336 ], [ -0.401532512416694, 39.492800367627964 ], [ -0.401465770265819, 39.492708841066317 ], [ -0.40138091235663, 39.492592365735931 ], [ -0.401380912355363, 39.492592365734197 ], [ -0.40127278764539, 39.492443180620874 ], [ -0.401272787637811, 39.492443180610245 ], [ -0.401267409439143, 39.492435519956601 ], [ -0.401221413853828, 39.492370002621733 ], [ -0.401153988979818, 39.492273884141355 ], [ -0.401091807912227, 39.492185261120305 ], [ -0.401031842234413, 39.492099751512747 ], [ -0.400975949255951, 39.49202008869706 ], [ -0.400920553829926, 39.491941118049638 ], [ -0.400871348926451, 39.491871037002397 ], [ -0.400825812929864, 39.491806123484373 ], [ -0.400786890870313, 39.491754055807782 ], [ -0.400735174128101, 39.491684928402812 ], [ -0.400657467480859, 39.491581012242918 ], [ -0.400602125950178, 39.491507010106801 ], [ -0.40056823453919, 39.491461731312803 ], [ -0.400512169491549, 39.491386712970893 ], [ -0.40046072601811, 39.491317942001842 ], [ -0.40040012493981, 39.491236886225622 ], [ -0.400400124938725, 39.491236886224165 ], [ -0.40033917101973, 39.491155006325236 ], [ -0.400339171012982, 39.491155006316049 ], [ -0.400288486459003, 39.491085036062429 ], [ -0.40024541119498, 39.491025565531551 ], [ -0.400200889260118, 39.490964201398398 ], [ -0.400152513381816, 39.490897494379915 ], [ -0.400103821984367, 39.490830239753208 ], [ -0.400056039413866, 39.490764339646802 ], [ -0.400009297483503, 39.490699844756264 ], [ -0.399973514048502, 39.49065044607071 ], [ -0.399931431845553, 39.490592421037782 ], [ -0.399931431845554, 39.490592421037782 ], [ -0.39993143174422, 39.490592420851918 ], [ -0.399931431698839, 39.490592420653229 ], [ -0.399931431711688, 39.490592420451726 ], [ -0.399940347362258, 39.490550053349082 ], [ -0.399957882652883, 39.490466740412693 ], [ -0.399974143684906, 39.490389539360848 ], [ -0.399990175934998, 39.49031329712885 ], [ -0.400013213013271, 39.490203870042457 ], [ -0.400028609637024, 39.490130671460051 ], [ -0.399974306439133, 39.490047890917765 ], [ -0.399933123477622, 39.489985088816475 ], [ -0.399889953963383, 39.489919250424066 ], [ -0.399841918575115, 39.489845960955115 ], [ -0.399803755217267, 39.489787785223513 ], [ -0.399588811756494, 39.489756330770192 ], [ -0.399442693036323, 39.489734961957915 ], [ -0.399294964398357, 39.489713317353761 ], [ -0.398734628137701, 39.490007097212008 ], [ -0.39873462794902, 39.490007097292271 ], [ -0.398734627744466, 39.490007097344225 ], [ -0.398734627531059, 39.490007097366039 ], [ -0.398734627316121, 39.490007097356987 ], [ -0.398734627107026, 39.490007097317374 ], [ -0.398734626910942, 39.490007097248565 ], [ -0.398734626734601, 39.490007097152919 ], [ -0.398734626584049, 39.490007097033711 ], [ -0.398734626464453, 39.490007096895035 ], [ -0.39856328344461, 39.489761952952023 ], [ -0.398383932104224, 39.489505394578096 ], [ -0.398229811024177, 39.489284990143688 ], [ -0.398109554562741, 39.489112873356326 ], [ -0.397962258008507, 39.488902215763474 ], [ -0.397804293843327, 39.488676283397204 ], [ -0.397639194845447, 39.488440020088895 ], [ -0.397515505158019, 39.488263083572491 ], [ -0.397410711180898, 39.488113173149642 ], [ -0.397150127959559, 39.487740423106821 ], [ -0.397110589678415, 39.487690980008956 ], [ -0.397110589678414, 39.487690980008956 ], [ -0.397110589583823, 39.487690979862343 ], [ -0.397100305530129, 39.487670583353257 ], [ -0.39701319510325, 39.487555936433196 ], [ -0.396908526671641, 39.487418172245867 ], [ -0.396840665537892, 39.487328883721531 ], [ -0.396752016056347, 39.487212194006574 ], [ -0.396726320512899, 39.487178425397808 ], [ -0.396726320472059, 39.487178425339302 ], [ -0.396633918700181, 39.487033498956777 ], [ -0.396508034315635, 39.486836214477286 ], [ -0.396462550935864, 39.486764941133124 ], [ -0.396351611250312, 39.486591036756245 ], [ -0.396300733320289, 39.486511204851986 ], [ -0.396175700072481, 39.48634100696686 ], [ -0.3961234972943, 39.486269892825035 ], [ -0.396112417238978, 39.486254793521063 ], [ -0.396112417238954, 39.486254793521027 ], [ -0.395953151152905, 39.486037887858721 ], [ -0.395953151144068, 39.48603788784645 ], [ -0.395892400410378, 39.485952064366522 ], [ -0.395856665414529, 39.485905432138502 ], [ -0.395856665414528, 39.485905432138502 ], [ -0.395856665316609, 39.485905431975603 ], [ -0.395856665262382, 39.485905431800894 ], [ -0.395856665254006, 39.485905431621312 ], [ -0.395856665291814, 39.485905431444017 ], [ -0.3958566653743, 39.485905431276066 ], [ -0.39585666549818, 39.485905431124152 ], [ -0.395856665658522, 39.485905430994315 ], [ -0.395856665848937, 39.485905430891755 ], [ -0.395959223894535, 39.485861234817087 ], [ -0.395959223896844, 39.485861234816092 ], [ -0.396098333555175, 39.48580160721437 ], [ -0.396021310642596, 39.485698241035813 ], [ -0.396021310639124, 39.48569824103113 ], [ -0.395871261751213, 39.485494049633274 ], [ -0.395724203854694, 39.485294002464364 ], [ -0.395585580537004, 39.48510534660717 ], [ -0.395446496711008, 39.484916121719792 ], [ -0.395351698187335, 39.4847871168258 ], [ -0.395282224044852, 39.484692571548308 ], [ -0.395282224040597, 39.484692571542489 ], [ -0.395264565226679, 39.484668118548662 ], [ -0.395128854904536, 39.484741992100076 ], [ -0.395128854900033, 39.484741992102514 ], [ -0.394999055096504, 39.484811940124331 ], [ -0.394999055016843, 39.484811940163645 ], [ -0.394724527158766, 39.484935546470787 ], [ -0.394418865323779, 39.485073097809895 ], [ -0.394055264069761, 39.485236803304893 ], [ -0.39381895230398, 39.485343161275907 ], [ -0.393614121918369, 39.485435356763887 ], [ -0.393303560395247, 39.485575137495417 ], [ -0.392915305837184, 39.48574991125701 ], [ -0.392794186622782, 39.485806511285375 ], [ -0.392794186575141, 39.485806511306478 ], [ -0.392728447250309, 39.485834040106269 ], [ -0.392656275086978, 39.485866513121813 ], [ -0.39272113810768, 39.485953078406752 ], [ -0.392721138111581, 39.485953078412003 ], [ -0.392795198925396, 39.486053467602744 ], [ -0.392834632225163, 39.486106859264446 ], [ -0.392896911028339, 39.486191205124612 ], [ -0.392954378768791, 39.486269118833739 ], [ -0.392997940378413, 39.486328120953715 ], [ -0.393093620920189, 39.486457755601975 ], [ -0.393138127180061, 39.486518054509773 ], [ -0.393185362811735, 39.486582008241804 ], [ -0.393211877466791, 39.486617917566015 ], [ -0.393271746940823, 39.486699092133726 ], [ -0.393329947041446, 39.486777963508665 ], [ -0.393329947041445, 39.486777963508665 ], [ -0.393329947115682, 39.486777963629237 ], [ -0.393329947166085, 39.486777963756985 ], [ -0.393340372750994, 39.486813677888492 ], [ -0.393358406814631, 39.486873968437585 ], [ -0.393386547481499, 39.486968399330244 ], [ -0.39338654751103, 39.486968399513657 ], [ -0.393386547491615, 39.486968399697872 ], [ -0.393386265331873, 39.486969572620318 ], [ -0.393386265331875, 39.486969572620318 ], [ -0.393386265257967, 39.486969572809343 ], [ -0.393386265132655, 39.486969572981337 ], [ -0.393386264961967, 39.486969573128029 ], [ -0.393386264754115, 39.486969573242348 ], [ -0.393285836805686, 39.487012837330631 ], [ -0.392654016270964, 39.487284948887968 ], [ -0.392581320836184, 39.48731626645705 ], [ -0.392332204948848, 39.487423555546201 ], [ -0.392102247515783, 39.487522597700924 ], [ -0.392063287445903, 39.487539398556628 ], [ -0.392063287436959, 39.487539398559669 ], [ -0.392063287429766, 39.487539398563449 ], [ -0.391933989004693, 39.487593097914761 ], [ -0.391810615934085, 39.487646123832526 ], [ -0.391724173618533, 39.487683295209614 ], [ -0.391724173611714, 39.487683295212527 ], [ -0.391612691484651, 39.487730479867139 ], [ -0.391527726137205, 39.487766390586884 ], [ -0.391316610768884, 39.487855693107385 ], [ -0.391060157347136, 39.487964156094911 ], [ -0.390832646537666, 39.488060355192971 ], [ -0.390546720274598, 39.488181330586997 ], [ -0.390546720260189, 39.48818133059298 ], [ -0.3905205085086, 39.488192052495599 ], [ -0.390459862309148, 39.488216834058974 ], [ -0.390459862302515, 39.488216834061667 ], [ -0.390386665274689, 39.488246278649122 ], [ -0.390346871709153, 39.488262339495677 ], [ -0.390346871708005, 39.488262339496131 ], [ -0.390192100962561, 39.488324635749535 ], [ -0.390022436031851, 39.488393002500224 ], [ -0.389887247878765, 39.488447418571994 ], [ -0.389799780852278, 39.488482682633496 ], [ -0.389698487686281, 39.488523472831552 ], [ -0.389525776531246, 39.488593058669608 ], [ -0.389504311183248, 39.488601688656026 ], [ -0.389480336098045, 39.488651904336955 ], [ -0.389480336098044, 39.488651904336955 ], [ -0.389480336000347, 39.488651904493288 ], [ -0.389480335865728, 39.488651904632185 ], [ -0.389480335699196, 39.488651904748487 ], [ -0.389480335506949, 39.488651904837837 ], [ -0.38948033529614, 39.488651904896912 ], [ -0.389480335074612, 39.488651904923536 ], [ -0.389480334850608, 39.488651904916715 ], [ -0.389480334632463, 39.488651904876683 ], [ -0.389480334428295, 39.488651904804946 ], [ -0.389480334245698, 39.488651904704192 ], [ -0.389480334091472, 39.488651904578127 ], [ -0.38944718184794, 39.488618948829156 ], [ -0.389447181847939, 39.488618948829156 ], [ -0.389447181727806, 39.488618948682486 ], [ -0.389447181646257, 39.48861894852066 ], [ -0.389447181606327, 39.488618948349703 ], [ -0.389447181609505, 39.488618948176004 ], [ -0.38944718165567, 39.488618948006007 ], [ -0.389447181743105, 39.488618947846035 ], [ -0.389447181868553, 39.488618947702044 ], [ -0.38944718202735, 39.488618947579418 ], [ -0.389447182213583, 39.488618947482678 ], [ -0.389447182420322, 39.488618947415475 ], [ -0.38948264663191, 39.488610425901228 ], [ -0.389467934157448, 39.488596294904738 ], [ -0.389418377747081, 39.488548745721758 ], [ -0.389374938987118, 39.488507014007233 ], [ -0.389338211615088, 39.488471761742176 ], [ -0.389298812317118, 39.488433935980012 ], [ -0.389249301928154, 39.488386405777476 ], [ -0.38919271386923, 39.488332090561649 ], [ -0.389144125167317, 39.488285410733653 ], [ -0.389075444578863, 39.488219477178973 ], [ -0.389017158156124, 39.488163515647912 ], [ -0.388947558741574, 39.488096696528501 ], [ -0.388862977308506, 39.488015441940604 ], [ -0.388792458100183, 39.487947733613382 ], [ -0.38876561158011, 39.487921982269604 ], [ -0.388765611579323, 39.487921982268851 ], [ -0.388722220548053, 39.487880269405217 ], [ -0.38866829841804, 39.48782852279826 ], [ -0.388607022274608, 39.487769674124486 ], [ -0.388553193060015, 39.487717965587727 ], [ -0.388502070794417, 39.487668921405444 ], [ -0.388432842698657, 39.487602458067528 ], [ -0.388333688652616, 39.487507263294027 ], [ -0.388277052596746, 39.487452869986519 ], [ -0.388248463244615, 39.487425421734706 ], [ -0.388248463220336, 39.487425421710562 ], [ -0.3882286990981, 39.487405068232633 ], [ -0.388225737253299, 39.487404078471364 ], [ -0.388224922062963, 39.487404280751633 ], [ -0.388224922062964, 39.487404280751633 ], [ -0.388224921841504, 39.487404280788624 ], [ -0.388224921614994, 39.487404280791608 ], [ -0.388224921392036, 39.487404280760494 ], [ -0.388224921181106, 39.487404280696445 ], [ -0.388224920990218, 39.487404280601922 ], [ -0.388224920826626, 39.487404280480483 ], [ -0.388224920696548, 39.487404280336769 ], [ -0.388224920604925, 39.487404280176229 ], [ -0.38822492055524, 39.487404280004959 ], [ -0.388224920549382, 39.48740427982947 ], [ -0.388224920587571, 39.487404279656445 ], [ -0.388225720272204, 39.487402014340546 ], [ -0.388189767698751, 39.487366261475941 ], [ -0.388082104610584, 39.487259245782056 ], [ -0.388031605351553, 39.487208981194954 ], [ -0.38792646532778, 39.487104458051867 ], [ -0.387814809381217, 39.486993406506244 ], [ -0.38777229900482, 39.486951181589518 ], [ -0.387752348619395, 39.486933165959556 ], [ -0.387752348584396, 39.486933165926381 ], [ -0.387726456728369, 39.486907399772981 ], [ -0.387633761734917, 39.486815187388906 ], [ -0.387523987182332, 39.486706077820848 ], [ -0.387452273651416, 39.486634783388311 ], [ -0.387402321155161, 39.486590246922724 ], [ -0.38740232114513, 39.486590246913671 ], [ -0.38737138230953, 39.486561912317178 ], [ -0.38735165388592, 39.486544496234131 ], [ -0.386444214673157, 39.48596444639243 ], [ -0.386149693852179, 39.485776105325399 ], [ -0.386149693800147, 39.485776105290057 ], [ -0.386138843395626, 39.485768280317856 ], [ -0.385128757145725, 39.485043347137037 ], [ -0.385128757145726, 39.485043347137037 ], [ -0.385093882649603, 39.485018319687583 ], [ -0.38411910462429, 39.484318748401932 ], [ -0.383646214404474, 39.483979362975987 ], [ -0.383646214404472, 39.483979362975987 ], [ -0.383646214404428, 39.483979362975951 ], [ -0.383646214404348, 39.483979362975909 ], [ -0.382990081832036, 39.483508320493598 ], [ -0.38297153389544, 39.483495002191809 ], [ -0.382944255537192, 39.48347699187601 ], [ -0.382944255501557, 39.483476991851497 ], [ -0.382869134066527, 39.483423121047402 ], [ -0.382756501816998, 39.483342338397534 ], [ -0.382656387469107, 39.483270472521816 ], [ -0.382580570005017, 39.483216108391026 ], [ -0.382506191038662, 39.483162790103059 ], [ -0.382396482381822, 39.483084050394105 ], [ -0.382320621055943, 39.483029626550973 ], [ -0.382258810102123, 39.482985284709173 ], [ -0.382144741557809, 39.482903469143771 ], [ -0.382039572229415, 39.482827985345089 ], [ -0.381970713559773, 39.482778610816005 ], [ -0.381822745672864, 39.482672473195443 ], [ -0.381822745672863, 39.482672473195443 ], [ -0.381822745512465, 39.482672473053448 ], [ -0.38182274539378, 39.482672472888659 ], [ -0.381433876394707, 39.481967761702101 ], [ -0.381433876394706, 39.481967761702101 ], [ -0.38143387632718, 39.481967761537682 ], [ -0.381433876301361, 39.481967761366306 ], [ -0.381433876318197, 39.481967761194241 ], [ -0.381433876377069, 39.481967761027846 ], [ -0.381433876475817, 39.481967760873196 ], [ -0.381433876610814, 39.481967760735984 ], [ -0.381433876777107, 39.481967760621231 ], [ -0.381433876968585, 39.48196776053318 ], [ -0.381991776596281, 39.481764415724832 ], [ -0.382098563651643, 39.481725494645282 ], [ -0.38338671230045, 39.481161732061778 ], [ -0.383396541296903, 39.481157395839588 ], [ -0.383396541298652, 39.481157395838977 ], [ -0.383396541300244, 39.481157395838117 ], [ -0.383418666962391, 39.481147709621659 ], [ -0.383476390707783, 39.481119379482081 ], [ -0.383476390710393, 39.481119379480809 ], [ -0.383480079458759, 39.481117579702868 ], [ -0.386069220025326, 39.479846284715542 ], [ -0.386069220025359, 39.479846284715535 ], [ -0.387013188292645, 39.479382766537753 ], [ -0.387290312692824, 39.479246696428156 ], [ -0.387374325515928, 39.479205446669347 ], [ -0.387374325593124, 39.479205446634602 ], [ -0.388556102033946, 39.478719421237287 ], [ -0.388556102033945, 39.478719421237287 ], [ -0.388556102223867, 39.478719421175214 ], [ -0.39060123935963, 39.478211205065932 ], [ -0.390657906638807, 39.478197149068613 ], [ -0.391184893483367, 39.477936400756029 ], [ -0.391184893483369, 39.477936400756029 ], [ -0.391184893634836, 39.477936400692798 ], [ -0.391287114094285, 39.47790102157397 ], [ -0.392285499229944, 39.477450099096117 ], [ -0.394365433818681, 39.476510780814323 ], [ -0.394365433818683, 39.476510780814323 ], [ -0.39436543381874, 39.476510780814294 ], [ -0.396230482440258, 39.475668375383108 ], [ -0.396230624487237, 39.47566830650306 ], [ -0.396230624487239, 39.47566830650306 ], [ -0.396230624502697, 39.475668306497191 ], [ -0.396230624518367, 39.47566830648848 ], [ -0.396266414690649, 39.475652136688623 ], [ -0.396470402482202, 39.475559989242342 ], [ -0.396470402482205, 39.475559989242342 ], [ -0.396470402793797, 39.47555998914514 ], [ -0.397465724573802, 39.47537313982442 ], [ -0.39890558002725, 39.47510284008068 ], [ -0.398905580027278, 39.47510284008068 ] ] ] ] } },
{ "type": "Feature", "properties": { "INE_MUN": "46250", "DISTRITO": 18 }, "geometry": { "type": "MultiPolygon", "coordinates": [ [ [ [ -0.411870327847356, 39.501355476653735 ], [ -0.411688135925933, 39.500887288320001 ], [ -0.411688135925936, 39.500887288320001 ], [ -0.411688135882166, 39.500887288149187 ], [ -0.411688135881651, 39.500887287975061 ], [ -0.411688135924408, 39.500887287804105 ], [ -0.411688136008839, 39.500887287642719 ], [ -0.411688136131783, 39.500887287496944 ], [ -0.41168813628865, 39.500887287372215 ], [ -0.411688136473567, 39.500887287273216 ], [ -0.411688136679623, 39.500887287203646 ], [ -0.411948243872287, 39.500821808377083 ], [ -0.411540587333832, 39.500104245823593 ], [ -0.411540587333833, 39.500104245823593 ], [ -0.411540587262452, 39.500104245654157 ], [ -0.41154058723554, 39.500104245477161 ], [ -0.411540587254151, 39.500104245299518 ], [ -0.411540587317554, 39.500104245128199 ], [ -0.412618799728658, 39.498002727407382 ], [ -0.411408143272062, 39.497407058878707 ], [ -0.409376964761841, 39.498577964655809 ], [ -0.409376964566658, 39.498577964746772 ], [ -0.409376964352327, 39.498577964806486 ], [ -0.409376964127076, 39.498577964832698 ], [ -0.409376963899557, 39.498577964824349 ], [ -0.409376963678506, 39.498577964781802 ], [ -0.409376963472411, 39.498577964706648 ], [ -0.408519611206502, 39.498181632872686 ], [ -0.406801340099641, 39.498728838068224 ], [ -0.406801339878639, 39.49872883811944 ], [ -0.406801339648937, 39.498728838135825 ], [ -0.406801339419583, 39.498728838116747 ], [ -0.406801339199607, 39.498728838062952 ], [ -0.405020982131248, 39.498137285474542 ], [ -0.404939086843967, 39.498278627090883 ], [ -0.404802633640255, 39.498513932483043 ], [ -0.404395508193201, 39.499216215604172 ], [ -0.404258440867122, 39.499452671405393 ], [ -0.404163822064565, 39.499615869009666 ], [ -0.404163822064566, 39.499615869009666 ], [ -0.404163821950072, 39.499615869164145 ], [ -0.404163821798567, 39.49961586929814 ], [ -0.40416382161598, 39.499615869406405 ], [ -0.404163821409456, 39.499615869484714 ], [ -0.404163821187074, 39.499615869529997 ], [ -0.40416382095754, 39.499615869540477 ], [ -0.404163820729834, 39.499615869515743 ], [ -0.404163820512867, 39.499615869456782 ], [ -0.403664945038828, 39.499435571840074 ], [ -0.402364684203116, 39.498965640533193 ], [ -0.402339023272622, 39.498956359832853 ], [ -0.401822443462497, 39.498769640996088 ], [ -0.401777992554739, 39.49882371993472 ], [ -0.401959858070481, 39.498913875131343 ], [ -0.40195985807048, 39.498913875131343 ], [ -0.401959858252308, 39.498913875242749 ], [ -0.401959858401985, 39.498913875379884 ], [ -0.401959858513563, 39.498913875537298 ], [ -0.401959858582598, 39.498913875708737 ], [ -0.401959858606347, 39.498913875887403 ], [ -0.401959858583868, 39.498913876066126 ], [ -0.401959858516055, 39.49891387623785 ], [ -0.401950779366784, 39.498930663817525 ], [ -0.401945691014813, 39.498940054322091 ], [ -0.401945690905364, 39.498940054478616 ], [ -0.401945690758311, 39.498940054615396 ], [ -0.401945690579399, 39.498940054727107 ], [ -0.401945690375616, 39.498940054809367 ], [ -0.401945690154932, 39.498940054858956 ], [ -0.401945689925968, 39.498940054873934 ], [ -0.40188196504664, 39.498939328128714 ], [ -0.401761536675784, 39.498937963978406 ], [ -0.401677901519585, 39.49894559701449 ], [ -0.401660117356987, 39.49896726148809 ], [ -0.401660117204763, 39.498967261636388 ], [ -0.401660117015858, 39.498967261756739 ], [ -0.401660116798636, 39.498967261843781 ], [ -0.40166011656271, 39.498967261893675 ], [ -0.401498394464013, 39.498987631143365 ], [ -0.40149839445844, 39.498987631144061 ], [ -0.401471048270682, 39.49899096992263 ], [ -0.401471048033289, 39.498990969932542 ], [ -0.401471047798258, 39.498990969904838 ], [ -0.40147104757542, 39.498990969840655 ], [ -0.401471047374099, 39.498990969742692 ], [ -0.401471047202716, 39.498990969615036 ], [ -0.40146656048098, 39.498986864871689 ], [ -0.401316171576864, 39.49885706205707 ], [ -0.401316171574757, 39.498857062055237 ], [ -0.40122901771379, 39.498781425311101 ], [ -0.401105000149247, 39.498673870097491 ], [ -0.400962438745875, 39.498550203025609 ], [ -0.400860888583587, 39.49846212264643 ], [ -0.400860888582696, 39.49846212264567 ], [ -0.400686733278425, 39.498310716699486 ], [ -0.400686733251925, 39.498310716675597 ], [ -0.400582666574576, 39.498213612404292 ], [ -0.400455309996174, 39.498094770361448 ], [ -0.400366343004639, 39.498011673671961 ], [ -0.400249434427028, 39.497902547827614 ], [ -0.400160050457981, 39.497819108327946 ], [ -0.400079735516662, 39.497744119244601 ], [ -0.399987779234145, 39.497658262652308 ], [ -0.399819552662276, 39.497501231475233 ], [ -0.399685528291098, 39.497376041336381 ], [ -0.399488998675564, 39.497192584993314 ], [ -0.399367214343446, 39.497078920426908 ], [ -0.399234067549519, 39.496954592641927 ], [ -0.399074728604835, 39.496805808699399 ], [ -0.398952439378442, 39.496691687369506 ], [ -0.39883843434987, 39.496585263804391 ], [ -0.398734515537788, 39.49648819635091 ], [ -0.398636803646064, 39.496396966734309 ], [ -0.398556261170841, 39.49632177332871 ], [ -0.398461225405331, 39.496233003426106 ], [ -0.398376076825085, 39.496153496056095 ], [ -0.398343906320794, 39.49612347462412 ], [ -0.398241965310098, 39.496028315843439 ], [ -0.398241965181615, 39.496028315695995 ], [ -0.398241965093057, 39.496028315531852 ], [ -0.398241965047877, 39.496028315357428 ], [ -0.398241965047842, 39.496028315179515 ], [ -0.398241965092949, 39.496028315005077 ], [ -0.398241965181443, 39.496028314840899 ], [ -0.398241965309864, 39.496028314693426 ], [ -0.398241965473206, 39.496028314568385 ], [ -0.398357010000428, 39.495956168010252 ], [ -0.398357010052153, 39.495956167979642 ], [ -0.398577494262081, 39.495833063469405 ], [ -0.398577494270198, 39.4958330634649 ], [ -0.3990767441416, 39.495559322416149 ], [ -0.39907674414992, 39.495559322411644 ], [ -0.399691268507004, 39.495228579281708 ], [ -0.399691268694666, 39.495228579199548 ], [ -0.399691268898679, 39.495228579145667 ], [ -0.399691269112028, 39.4952285791219 ], [ -0.399691269327373, 39.495228579129048 ], [ -0.399691269537311, 39.495228579166898 ], [ -0.39969126973462, 39.495228579234109 ], [ -0.399691269912514, 39.495228579328419 ], [ -0.399691270064877, 39.495228579446533 ], [ -0.399691270186467, 39.49522857958442 ], [ -0.399836310639262, 39.495431140545897 ], [ -0.399923289052269, 39.495547033037198 ], [ -0.400299186407087, 39.495380337712305 ], [ -0.400619386671697, 39.495238318404773 ], [ -0.400619386728595, 39.495238318381141 ], [ -0.400816848570933, 39.49516168439807 ], [ -0.401074278095159, 39.495061837915308 ], [ -0.401312713104028, 39.494969328020879 ], [ -0.401552263031069, 39.494876368698449 ], [ -0.401782962397723, 39.494786896675755 ], [ -0.401824781312215, 39.494620697318787 ], [ -0.401870851143945, 39.494437484839366 ], [ -0.401870851217187, 39.494437484655556 ], [ -0.401870851339147, 39.494437484487989 ], [ -0.401870851504262, 39.49443748434431 ], [ -0.401870851704996, 39.494437484231092 ], [ -0.402088015245489, 39.494340645799447 ], [ -0.402298593133148, 39.494246721813326 ], [ -0.402485823174557, 39.49416327074475 ], [ -0.402515270123435, 39.494150146457329 ], [ -0.402515270123437, 39.494150146457329 ], [ -0.402515270326727, 39.494150146385884 ], [ -0.402515270543897, 39.494150146345874 ], [ -0.402515270766934, 39.494150146338768 ], [ -0.402515270987614, 39.494150146364824 ], [ -0.402701839110817, 39.494186658495863 ], [ -0.402899894120183, 39.494221787407291 ], [ -0.403071606212543, 39.494147047968859 ], [ -0.40327536823323, 39.494058285047579 ], [ -0.403512293303684, 39.493955128037406 ], [ -0.403658252199222, 39.493891567639764 ], [ -0.403820817381251, 39.493820752143009 ], [ -0.403820817382293, 39.493820752142554 ], [ -0.403845116366298, 39.493810192609857 ], [ -0.403845116366295, 39.493810192609857 ], [ -0.403987736578605, 39.493748065267212 ], [ -0.404100288953282, 39.493699068397504 ], [ -0.404100288959573, 39.493699068394797 ], [ -0.40437562626717, 39.493580940177026 ], [ -0.404861303544655, 39.493372624928881 ], [ -0.405174389828666, 39.493238306722496 ], [ -0.405447158535586, 39.493121303212298 ], [ -0.405735951353281, 39.492997382203178 ], [ -0.406074101206544, 39.492852315054037 ], [ -0.406347500721449, 39.492735026179638 ], [ -0.406505564155254, 39.492667245936069 ], [ -0.406505564171816, 39.492667245929098 ], [ -0.406696564014913, 39.492588448565641 ], [ -0.406761848598485, 39.492561517029905 ], [ -0.406761848598484, 39.492561517029905 ], [ -0.406761848802657, 39.492561516964145 ], [ -0.406761849019209, 39.492561516929541 ], [ -0.406761849240303, 39.492561516927324 ], [ -0.406761849457937, 39.492561516957579 ], [ -0.406761849664233, 39.492561517019247 ], [ -0.406761849851726, 39.492561517110055 ], [ -0.406761850013627, 39.49256151722674 ], [ -0.406761850144079, 39.492561517365068 ], [ -0.406889875069617, 39.492728597970931 ], [ -0.406889875092301, 39.492728598001911 ], [ -0.40832469518522, 39.494781950948585 ], [ -0.408403155698211, 39.494813144340739 ], [ -0.408403155698212, 39.494813144340739 ], [ -0.408403155812262, 39.494813144392644 ], [ -0.408457545442874, 39.494841235278152 ], [ -0.408539184141892, 39.494883447092221 ], [ -0.40860352763489, 39.494916687729436 ], [ -0.408603527681449, 39.494916687754788 ], [ -0.408672776428206, 39.494956388964923 ], [ -0.40878125136386, 39.495018490571518 ], [ -0.408881743259965, 39.495076045684563 ], [ -0.40888174326983, 39.49507604569029 ], [ -0.409015196571411, 39.495154186630693 ], [ -0.409136055307898, 39.495220019826064 ], [ -0.409136055351567, 39.495220019851047 ], [ -0.409269013807136, 39.495299883652898 ], [ -0.409377249594289, 39.495354363299064 ], [ -0.40951788626153, 39.495418510941569 ], [ -0.409729115270911, 39.495476044049461 ], [ -0.409875375621929, 39.495515929826411 ], [ -0.410112792381222, 39.495578747726718 ], [ -0.410112792400275, 39.495578747731898 ], [ -0.410390248240681, 39.495656354502962 ], [ -0.410540602492523, 39.495694794683914 ], [ -0.410540602526794, 39.495694794693129 ], [ -0.410779238164311, 39.495762273438373 ], [ -0.411016588302298, 39.495826931222446 ], [ -0.411260730341431, 39.49589347764784 ], [ -0.411471962312767, 39.495951043736412 ], [ -0.411700594064622, 39.496013351900118 ], [ -0.411907963833344, 39.496069888845632 ], [ -0.412258668543061, 39.496165451191075 ], [ -0.41237291291254, 39.496196575941042 ], [ -0.412372912997228, 39.496196575967041 ], [ -0.41241716963581, 39.496211745935732 ], [ -0.412417169754035, 39.496211745982698 ], [ -0.41247299927952, 39.496237141907464 ], [ -0.412684214408905, 39.496332361377711 ], [ -0.412814584795903, 39.496391132481769 ], [ -0.413011515529838, 39.496479907309052 ], [ -0.41318530406318, 39.496558297433701 ], [ -0.413410908188064, 39.496659979953513 ], [ -0.413524039933789, 39.496710983791957 ], [ -0.413713148524652, 39.496796263548482 ], [ -0.413811145691845, 39.496830178323044 ], [ -0.413935570946613, 39.496873280123808 ], [ -0.414078144205068, 39.496900917570194 ], [ -0.414224214676031, 39.496929257862668 ], [ -0.414396209595961, 39.49691231194241 ], [ -0.414396209598543, 39.496912311942161 ], [ -0.41459524400484, 39.496893052145587 ], [ -0.414595244018334, 39.496893052144337 ], [ -0.414739025199076, 39.496880459775944 ], [ -0.414922894982803, 39.496864349318045 ], [ -0.414922895003341, 39.496864349316397 ], [ -0.41505790373571, 39.496854398256808 ], [ -0.41505790373993, 39.496854398256502 ], [ -0.41525068958964, 39.496840737837438 ], [ -0.415250689628627, 39.496840737835178 ], [ -0.415588544860321, 39.496825651728699 ], [ -0.415850840662185, 39.496813887704086 ], [ -0.416163132432043, 39.496799910626343 ], [ -0.416527947660928, 39.496783542058822 ], [ -0.416664720787306, 39.496777430977765 ], [ -0.416899248676856, 39.496766925545771 ], [ -0.417153672346662, 39.496755497066282 ], [ -0.417385958108453, 39.496745089453952 ], [ -0.417679163813283, 39.496731976827334 ], [ -0.417786605013054, 39.496727130510976 ], [ -0.417986639927143, 39.496718185097947 ], [ -0.417986639955044, 39.496718185096967 ], [ -0.418262573943608, 39.496710993359613 ], [ -0.418262573948239, 39.496710993359493 ], [ -0.41854582094223, 39.496704485949628 ], [ -0.418758139692633, 39.496699460687203 ], [ -0.419374177706594, 39.496668093076821 ], [ -0.419374177711178, 39.496668093076586 ], [ -0.419540884575998, 39.496660116441952 ], [ -0.419540884588186, 39.496660116441404 ], [ -0.419883352714114, 39.496646524726202 ], [ -0.420414066187898, 39.49662343685727 ], [ -0.421320637496969, 39.496577736053986 ], [ -0.421320637520407, 39.496577736052984 ], [ -0.421497037152882, 39.496571611319837 ], [ -0.421497037152887, 39.496571611319837 ], [ -0.421510293284789, 39.496571130733315 ], [ -0.421510293517179, 39.496571130742957 ], [ -0.421522576057526, 39.496572605974904 ], [ -0.421597580951595, 39.496569009258607 ], [ -0.421661173094553, 39.496564943024055 ], [ -0.42166117314222, 39.496564943021781 ], [ -0.421727262860466, 39.496562829430921 ], [ -0.421773450312201, 39.496560588599024 ], [ -0.421773450314344, 39.496560588598939 ], [ -0.421830415701144, 39.496557906729109 ], [ -0.421874260380893, 39.49655581657192 ], [ -0.421922880372884, 39.496553481908542 ], [ -0.421966632103178, 39.496551389653959 ], [ -0.422021024496787, 39.496548794743468 ], [ -0.422081951762103, 39.49654588534294 ], [ -0.422134771511087, 39.496543368097981 ], [ -0.422134771518974, 39.496543368097633 ], [ -0.422207041628439, 39.496540305786482 ], [ -0.422207041630766, 39.496540305786382 ], [ -0.42227267547843, 39.496537626826232 ], [ -0.422344272068123, 39.496534697232342 ], [ -0.422344272069552, 39.496534697232278 ], [ -0.422408709040865, 39.496532122271404 ], [ -0.422477207785105, 39.496529322968996 ], [ -0.422567121646086, 39.496525673464873 ], [ -0.422649547257774, 39.496522335258227 ], [ -0.422724625338999, 39.496519276351862 ], [ -0.422801613519576, 39.496516132738805 ], [ -0.422887898926085, 39.496512623221975 ], [ -0.422963122224861, 39.49650956738185 ], [ -0.42302169883998, 39.496507177412838 ], [ -0.423110797385109, 39.496503563457289 ], [ -0.423179918210777, 39.496500763121418 ], [ -0.423259957331002, 39.496497498579707 ], [ -0.423259957346112, 39.496497498579153 ], [ -0.423319606289781, 39.496495668265077 ], [ -0.423319606325466, 39.496495668264409 ], [ -0.423378061799553, 39.496495266380116 ], [ -0.42342250980368, 39.496494941232974 ], [ -0.423448045846244, 39.496494751647944 ], [ -0.423448045996525, 39.496494751654382 ], [ -0.423499826539079, 39.496499588974366 ], [ -0.423499826561438, 39.496499588976633 ], [ -0.423538867413112, 39.496503832981176 ], [ -0.423559645442721, 39.49650606394377 ], [ -0.423559645687983, 39.496506063991639 ], [ -0.423609032111978, 39.496520280421379 ], [ -0.423649565990912, 39.496531953743677 ], [ -0.42368613558848, 39.496542503138194 ], [ -0.423712050643409, 39.496549996521381 ], [ -0.423712050643411, 39.496549996521381 ], [ -0.423712050819264, 39.496549996585671 ], [ -0.423712050978818, 39.496549996671796 ], [ -0.423728895515977, 39.496560815892565 ], [ -0.423753035637544, 39.496576350833188 ], [ -0.423753035638454, 39.496576350833784 ], [ -0.423797414595065, 39.496604969383384 ], [ -0.423838075505721, 39.496631149672879 ], [ -0.423838075510556, 39.496631149676013 ], [ -0.423890215990693, 39.496665093319933 ], [ -0.423931123796333, 39.496690887163254 ], [ -0.423931123801854, 39.496690887166778 ], [ -0.423980726246499, 39.496722557432413 ], [ -0.424019576057811, 39.496747404740788 ], [ -0.42401957605781, 39.496747404740788 ], [ -0.424059500898564, 39.496772865946298 ], [ -0.424097006063791, 39.496796814066904 ], [ -0.424124968193177, 39.49681468586892 ], [ -0.424154424419246, 39.49683347365125 ], [ -0.424188624146755, 39.496855303460585 ], [ -0.424192719933602, 39.49685790316952 ], [ -0.424221395509481, 39.496870624164053 ], [ -0.424221395509483, 39.496870624164053 ], [ -0.424255701193401, 39.496885776255397 ], [ -0.42428704972978, 39.496899642088003 ], [ -0.424330490997715, 39.496918870467212 ], [ -0.42436334478556, 39.496933382246311 ], [ -0.424409784095093, 39.496953893245212 ], [ -0.424409784096125, 39.49695389324566 ], [ -0.424439398212374, 39.49696700409001 ], [ -0.424471285725232, 39.496945792853083 ], [ -0.424504972624667, 39.496923405199809 ], [ -0.424498717123582, 39.496886588471504 ], [ -0.424489523806587, 39.496832309189067 ], [ -0.424479708562626, 39.496774436011293 ], [ -0.424470723189983, 39.496721170324861 ], [ -0.424463722784816, 39.49667993128336 ], [ -0.424458057658482, 39.496646333399511 ], [ -0.424451756849598, 39.496609293564823 ], [ -0.424440533592415, 39.496543105552021 ], [ -0.424431427970753, 39.496489161533788 ], [ -0.424425909035869, 39.496456769568304 ], [ -0.424420592014476, 39.496425396470869 ], [ -0.424412773674981, 39.496379228580054 ], [ -0.424406635530212, 39.496342854496156 ], [ -0.424401318525199, 39.496311449867967 ], [ -0.424394980933694, 39.496274147957834 ], [ -0.424387403558733, 39.496229201598304 ], [ -0.424380671201348, 39.496189680169273 ], [ -0.424374647565886, 39.496154141938099 ], [ -0.424368160345866, 39.496115697091163 ], [ -0.424361787578166, 39.496078120530562 ], [ -0.424356935892984, 39.496049545077319 ], [ -0.424353301120086, 39.496028005468915 ], [ -0.424351035068997, 39.496014617663164 ], [ -0.424351035061178, 39.496014617492662 ], [ -0.424351035095006, 39.496014617324064 ], [ -0.424351035169269, 39.496014617163446 ], [ -0.4243510352813, 39.496014617016563 ], [ -0.424351035427079, 39.496014616888694 ], [ -0.424351035601371, 39.496014616784414 ], [ -0.424351035797922, 39.49601461670747 ], [ -0.424351036009674, 39.496014616660638 ], [ -0.424351036009676, 39.496014616660638 ], [ -0.424417165124122, 39.496005123269299 ], [ -0.424480938144112, 39.495995983913886 ], [ -0.424555249896043, 39.495985288961322 ], [ -0.424632051116371, 39.495974279776028 ], [ -0.42470081003389, 39.495964417491415 ], [ -0.4247743092682, 39.495953871052542 ], [ -0.424844214087826, 39.495943834984054 ], [ -0.42492024887777, 39.4959329536631 ], [ -0.424986464991151, 39.495923461873574 ], [ -0.425055224981898, 39.495913567870716 ], [ -0.425136527017816, 39.495901901348944 ], [ -0.425246703154544, 39.49588607739323 ], [ -0.425330540557327, 39.495874080437133 ], [ -0.425403893894365, 39.495863543877711 ], [ -0.425477439379708, 39.495852998916519 ], [ -0.425548116307712, 39.495842830883547 ], [ -0.425648565398495, 39.495828430634262 ], [ -0.425710718035321, 39.495819551989975 ], [ -0.425710718035322, 39.495819551989975 ], [ -0.425710718318211, 39.49581955197678 ], [ -0.425710718596812, 39.495819552017018 ], [ -0.425871009223235, 39.495858859215545 ], [ -0.426119229160396, 39.495919726229594 ], [ -0.426348480557958, 39.495976006887915 ], [ -0.426662736872656, 39.496053073860118 ], [ -0.426862819490947, 39.496102139166958 ], [ -0.427048883046798, 39.496147791057247 ], [ -0.427244765511617, 39.496195834785439 ], [ -0.428018746265872, 39.496342121173164 ], [ -0.428018746504203, 39.496342121240268 ], [ -0.42801874671808, 39.496342121345812 ], [ -0.428018746897318, 39.496342121484801 ], [ -0.428018747033389, 39.496342121650578 ], [ -0.428169311613996, 39.496579291290381 ], [ -0.428257446715085, 39.496718103373212 ], [ -0.428621666333259, 39.497291766817462 ], [ -0.428621666333272, 39.497291766817483 ], [ -0.429002641939177, 39.497891739937408 ], [ -0.429114705530285, 39.498068237783997 ], [ -0.429158504453333, 39.49813725060713 ], [ -0.430160448857456, 39.499715239121862 ], [ -0.430160448857454, 39.499715239121862 ], [ -0.430160448917784, 39.499715239236018 ], [ -0.430331910205388, 39.500115966933151 ], [ -0.430331910205386, 39.500115966933151 ], [ -0.430331910260833, 39.50011596714576 ], [ -0.430549217242885, 39.502252280892783 ], [ -0.43074244448301, 39.504151564929046 ], [ -0.430838918241909, 39.504330726975972 ], [ -0.431490907726645, 39.505427502492481 ], [ -0.431490907726647, 39.505427502492481 ], [ -0.431490907780303, 39.505427502600533 ], [ -0.431566636100504, 39.505615209430808 ], [ -0.431722307341719, 39.505646140932939 ], [ -0.431722307584573, 39.505646141004398 ], [ -0.431722307800872, 39.505646141115861 ], [ -0.431722307979818, 39.505646141261764 ], [ -0.431988201808455, 39.50591828956567 ], [ -0.432431830660183, 39.50608167284323 ], [ -0.432431830854607, 39.506081672933817 ], [ -0.43243183102261, 39.506081673051938 ], [ -0.432431831157794, 39.506081673193094 ], [ -0.432431831255009, 39.506081673351915 ], [ -0.432431831310552, 39.50608167352231 ], [ -0.432431831322308, 39.506081673697835 ], [ -0.432431831289827, 39.506081673871783 ], [ -0.432431831214346, 39.506081674037532 ], [ -0.432431831098743, 39.506081674188771 ], [ -0.432431830947422, 39.506081674319731 ], [ -0.432431830766143, 39.506081674425424 ], [ -0.432431830561817, 39.506081674501822 ], [ -0.432431830342223, 39.506081674546024 ], [ -0.429941255430009, 39.506386046344247 ], [ -0.429331498281895, 39.506483630219165 ], [ -0.428970200606219, 39.506557034118956 ], [ -0.428384587238228, 39.50667816840626 ], [ -0.428384586967326, 39.506678168436459 ], [ -0.427854465467574, 39.506688414347138 ], [ -0.42734522124392, 39.50669825436124 ], [ -0.427270715379484, 39.506706216854475 ], [ -0.427282390261094, 39.506893264369332 ], [ -0.427282390249508, 39.506893264546832 ], [ -0.427282390193148, 39.50689326471911 ], [ -0.427282390094209, 39.506893264879452 ], [ -0.427282389956546, 39.50689326502161 ], [ -0.42728238978552, 39.506893265140079 ], [ -0.427282389587791, 39.506893265230204 ], [ -0.427282389371063, 39.506893265288511 ], [ -0.427282389143776, 39.506893265312698 ], [ -0.427096651962361, 39.506898691741341 ], [ -0.4270986477993, 39.50701367861533 ], [ -0.427098647780924, 39.507013678787374 ], [ -0.427098647720501, 39.507013678953527 ], [ -0.427098647620258, 39.507013679107722 ], [ -0.427098647483871, 39.50701367924426 ], [ -0.42709864731636, 39.507013679358117 ], [ -0.427098647123878, 39.507013679445123 ], [ -0.427098646913498, 39.507013679502073 ], [ -0.427098646692955, 39.507013679526899 ], [ -0.426293837230408, 39.507043765976491 ], [ -0.426299105292703, 39.50740306887257 ], [ -0.426299105273994, 39.507403069044031 ], [ -0.42629910521353, 39.507403069209595 ], [ -0.426299105113514, 39.507403069363228 ], [ -0.426299104977602, 39.507403069499325 ], [ -0.426299104810752, 39.50740306961292 ], [ -0.426299104619058, 39.507403069699855 ], [ -0.426299104409522, 39.507403069756961 ], [ -0.426299104189788, 39.507403069782136 ], [ -0.425834741894144, 39.507421506159865 ], [ -0.42583474165201, 39.507421506149853 ], [ -0.42516935518867, 39.507339508605618 ], [ -0.424413066691159, 39.507246308596528 ], [ -0.424413066502736, 39.50724630856061 ], [ -0.42441306632465, 39.50724630850091 ], [ -0.424342751318236, 39.507217115193683 ], [ -0.424342751318237, 39.507217115193683 ], [ -0.424342751139531, 39.507217115102129 ], [ -0.424342750985548, 39.50721711498673 ], [ -0.424342750861518, 39.5072171148514 ], [ -0.424342750771653, 39.507217114700737 ], [ -0.424342750719009, 39.507217114539863 ], [ -0.424342750705371, 39.507217114374235 ], [ -0.424348786692978, 39.507053571734552 ], [ -0.423606677108914, 39.5071812298956 ], [ -0.423606676883166, 39.507181229916782 ], [ -0.423606676656411, 39.50718122990353 ], [ -0.42360667643733, 39.507181229856315 ], [ -0.423606676234303, 39.507181229776968 ], [ -0.423606676055101, 39.507181229668532 ], [ -0.423344593012263, 39.506987835307008 ], [ -0.420710976560413, 39.505768031891499 ], [ -0.416833848397081, 39.50405219719643 ], [ -0.41683384839708, 39.50405219719643 ], [ -0.416833848209481, 39.504052197093067 ], [ -0.416833848051857, 39.504052196963087 ], [ -0.416833847930389, 39.5040521968116 ], [ -0.416833847849839, 39.50405219664453 ], [ -0.416833847813371, 39.50405219646845 ], [ -0.416833847822411, 39.504052196290239 ], [ -0.416833847876605, 39.504052196116916 ], [ -0.41683384797383, 39.504052195955254 ], [ -0.416833848110272, 39.504052195811624 ], [ -0.416833848280576, 39.504052195691628 ], [ -0.416833848478066, 39.504052195599989 ], [ -0.41695764079647, 39.504006989373345 ], [ -0.417051877735266, 39.503972558870622 ], [ -0.416612617662551, 39.503741747253564 ], [ -0.415852665280982, 39.503361298754832 ], [ -0.415516574751676, 39.50319303758873 ], [ -0.415516574739897, 39.503193037582754 ], [ -0.414900338419892, 39.502876256004058 ], [ -0.414388780828446, 39.502963337486342 ], [ -0.414388780828447, 39.502963337486342 ], [ -0.414388780627626, 39.502963337506543 ], [ -0.414388780425328, 39.50296333749943 ], [ -0.414388780227695, 39.502963337465225 ], [ -0.414220836300227, 39.502922091794893 ], [ -0.414220836300226, 39.502922091794893 ], [ -0.414220836059882, 39.502922091711632 ], [ -0.414220835849887, 39.502922091588623 ], [ -0.413637678119331, 39.502491880062479 ], [ -0.413601067586029, 39.502500438602546 ], [ -0.41360106758603, 39.502500438602546 ], [ -0.413601067337883, 39.5025004386384 ], [ -0.413601067085604, 39.502500438631877 ], [ -0.413601066841085, 39.502500438583333 ], [ -0.413601066615857, 39.502500438495048 ], [ -0.413387203862956, 39.502392539698086 ], [ -0.413362503792877, 39.502406046795009 ], [ -0.413362503792878, 39.502406046795009 ], [ -0.413362503591633, 39.502406046883245 ], [ -0.413362503371818, 39.502406046938873 ], [ -0.413362503142141, 39.502406046959706 ], [ -0.413362502911685, 39.502406046944891 ], [ -0.413362502689577, 39.502406046895032 ], [ -0.413362502484604, 39.502406046812098 ], [ -0.412697304970712, 39.502067731769657 ], [ -0.412131788960023, 39.502303639677805 ], [ -0.412131788960024, 39.502303639677805 ], [ -0.412131788747601, 39.502303639746373 ], [ -0.412131788521903, 39.502303639781182 ], [ -0.412131788291776, 39.502303639780848 ], [ -0.412131788066241, 39.502303639745435 ], [ -0.412131787854137, 39.502303639676271 ], [ -0.412131787663776, 39.502303639576098 ], [ -0.412131787502622, 39.502303639448819 ], [ -0.412131787376988, 39.502303639299463 ], [ -0.412131787376989, 39.502303639299463 ], [ -0.411529772307694, 39.501404182253594 ], [ -0.411529772307693, 39.501404182253594 ], [ -0.411529772223434, 39.501404182090454 ], [ -0.411529772181669, 39.501404181917763 ], [ -0.411529772183991, 39.501404181742053 ], [ -0.411529772230308, 39.501404181570059 ], [ -0.411529772318859, 39.501404181408304 ], [ -0.411529772446274, 39.501404181262927 ], [ -0.411554018526202, 39.50138161833047 ], [ -0.41159869224144, 39.501340051446903 ], [ -0.411598692241442, 39.501340051446903 ], [ -0.411598692397921, 39.501340051326615 ], [ -0.4115986925809, 39.501340051231381 ], [ -0.411598692783798, 39.501340051164611 ], [ -0.411598692999318, 39.501340051128722 ], [ -0.411598693219707, 39.501340051125013 ], [ -0.411870327847356, 39.501355476653735 ] ] ] ] } },
{ "type": "Feature", "properties": { "INE_MUN": "46250", "DISTRITO": 16 }, "geometry": { "type": "MultiPolygon", "coordinates": [ [ [ [ -0.395959225024186, 39.485861236391059 ], [ -0.395856668023379, 39.485905432015485 ], [ -0.395892402418974, 39.485952063460196 ], [ -0.395892402438654, 39.485952063486906 ], [ -0.395953153177399, 39.486037886973982 ], [ -0.396112419259114, 39.486254792630383 ], [ -0.396123499314677, 39.486269891934683 ], [ -0.396175702092586, 39.486341006076159 ], [ -0.396300735357131, 39.486511203984037 ], [ -0.396300735389171, 39.486511204030798 ], [ -0.396351613334115, 39.486591035958476 ], [ -0.396462553019401, 39.486764940334936 ], [ -0.396508036399127, 39.486836213679013 ], [ -0.396633920783864, 39.487033498158794 ], [ -0.3967263225369, 39.487178424511761 ], [ -0.396752018058937, 39.487212193092383 ], [ -0.396840667540795, 39.487328882807738 ], [ -0.396908528674527, 39.487418171332038 ], [ -0.397013197106208, 39.487555935519488 ], [ -0.39710030758024, 39.4876705825016 ], [ -0.397100307580241, 39.4876705825016 ], [ -0.397100307661238, 39.48767058263077 ], [ -0.397110591710113, 39.487690979130299 ], [ -0.397150129953193, 39.487740422180551 ], [ -0.397150129987177, 39.487740422225954 ], [ -0.397410713224648, 39.488113172291833 ], [ -0.397515507201781, 39.488263082714703 ], [ -0.397639196889298, 39.488440019231234 ], [ -0.397804295887153, 39.488676282539494 ], [ -0.397962260052199, 39.488902214905565 ], [ -0.398109556606598, 39.489112872498644 ], [ -0.398229813068027, 39.489284989285977 ], [ -0.398383934147957, 39.489505393720215 ], [ -0.398563285488457, 39.489761952094305 ], [ -0.398734627897483, 39.490007095163392 ], [ -0.399294963492407, 39.489713315654178 ], [ -0.399294963691732, 39.489713315570384 ], [ -0.399294963908268, 39.489713315518159 ], [ -0.399294964133769, 39.489713315499522 ], [ -0.399294964359649, 39.489713315515154 ], [ -0.399442693467803, 39.489734960188215 ], [ -0.399588812187722, 39.489756329000457 ], [ -0.399803756210081, 39.489787783535952 ], [ -0.399803756414058, 39.489787783581065 ], [ -0.399803756604053, 39.489787783654151 ], [ -0.39980375677374, 39.489787783752774 ], [ -0.399803756917461, 39.489787783873673 ], [ -0.399803757030434, 39.489787784012776 ], [ -0.399841920647372, 39.489845960139334 ], [ -0.399889956035745, 39.489919249608427 ], [ -0.399933125549878, 39.489985088000665 ], [ -0.399974308511293, 39.49004789010182 ], [ -0.40002861188123, 39.490130670906382 ], [ -0.400028611881231, 39.490130670906382 ], [ -0.400028611968424, 39.490130671083215 ], [ -0.400028612005984, 39.490130671270258 ], [ -0.400028611992248, 39.490130671459248 ], [ -0.400013215307369, 39.490203870332266 ], [ -0.399990178229107, 39.490313297418645 ], [ -0.399974145979002, 39.490389539650707 ], [ -0.399957884946954, 39.490466740702693 ], [ -0.399940349656359, 39.490550053638948 ], [ -0.399931434071284, 39.490592420430367 ], [ -0.399973516075175, 39.490650445188813 ], [ -0.400009299510346, 39.490699843874602 ], [ -0.400056041440478, 39.490764338764826 ], [ -0.400103824011234, 39.490830238871574 ], [ -0.400152515408643, 39.490897493498224 ], [ -0.400200891286428, 39.490964200516004 ], [ -0.400245413221591, 39.491025564649547 ], [ -0.400288488486006, 39.491085035180966 ], [ -0.400339173036659, 39.491155005429981 ], [ -0.400400126952217, 39.491236885324291 ], [ -0.400400126952216, 39.491236885324291 ], [ -0.400460728029299, 39.491317941098892 ], [ -0.400512171502841, 39.491386712068071 ], [ -0.400568236550183, 39.491461730409583 ], [ -0.400602127961154, 39.491507009203559 ], [ -0.400657469492083, 39.49158101134001 ], [ -0.400735176139226, 39.491684927499769 ], [ -0.400786892881527, 39.491754054904838 ], [ -0.400825814949152, 39.491806122592216 ], [ -0.40082581496458, 39.491806122613518 ], [ -0.400871350968525, 39.491871036142051 ], [ -0.400920555872007, 39.491941117189292 ], [ -0.400975951298198, 39.492020087836949 ], [ -0.401031844276729, 39.492099750652713 ], [ -0.401091809954541, 39.492185260260285 ], [ -0.401153991022068, 39.492273883281236 ], [ -0.401221415895949, 39.492370001761401 ], [ -0.401267411481073, 39.49243551909602 ], [ -0.401272789675983, 39.492443179744292 ], [ -0.401380914382038, 39.492592364852214 ], [ -0.401465772289837, 39.492708840180697 ], [ -0.401532514440695, 39.492800366742294 ], [ -0.401592274157232, 39.492882385082794 ], [ -0.401668577384906, 39.492987062019566 ], [ -0.401740705270756, 39.493086032155716 ], [ -0.401740705283107, 39.493086032173096 ], [ -0.401794347390716, 39.493163581279795 ], [ -0.401794347393878, 39.493163581284399 ], [ -0.401842897113598, 39.493234755380271 ], [ -0.401891755840297, 39.493306345365134 ], [ -0.401944959311683, 39.493384285487252 ], [ -0.402005782303412, 39.493473526328494 ], [ -0.402076687306128, 39.493577414749979 ], [ -0.402130336887956, 39.493656031414481 ], [ -0.402182719304186, 39.493732772013139 ], [ -0.402485824774441, 39.494163271094052 ], [ -0.40248582477444, 39.494163271094052 ], [ -0.402485824862435, 39.494163271254138 ], [ -0.402485824909054, 39.494163271424341 ], [ -0.402485824912557, 39.494163271598303 ], [ -0.402485824872812, 39.494163271769544 ], [ -0.402485824791303, 39.49416327193169 ], [ -0.402485824671074, 39.494163272078652 ], [ -0.402485824516613, 39.494163272204936 ], [ -0.402485824333685, 39.494163272305862 ], [ -0.402485824333683, 39.494163272305862 ], [ -0.402298594292583, 39.49424672337431 ], [ -0.402088016405131, 39.494340647360339 ], [ -0.401870853324169, 39.494437485587085 ], [ -0.40182478359383, 39.494620697663308 ], [ -0.401782964569938, 39.494786897455079 ], [ -0.401782964510488, 39.494786897612919 ], [ -0.401782964414993, 39.494786897759731 ], [ -0.401782964286634, 39.494786897890648 ], [ -0.401782964129693, 39.494786898001315 ], [ -0.401782963949399, 39.494786898088023 ], [ -0.40155226407183, 39.494876370308866 ], [ -0.40131271414496, 39.494969329631218 ], [ -0.40107427913588, 39.495061839525732 ], [ -0.400816849611772, 39.495161686008451 ], [ -0.400619387798679, 39.495238319980174 ], [ -0.400299187561902, 39.49538033927535 ], [ -0.399923289205142, 39.495547035044545 ], [ -0.399923289205144, 39.495547035044545 ], [ -0.399923288998194, 39.495547035116566 ], [ -0.399923288777134, 39.495547035156058 ], [ -0.399923288550384, 39.495547035161522 ], [ -0.39992328832658, 39.495547035132759 ], [ -0.399923288114254, 39.495547035070871 ], [ -0.399923287921489, 39.495547034978195 ], [ -0.399923287755632, 39.495547034858269 ], [ -0.399923287623002, 39.495547034715671 ], [ -0.399836308623784, 39.495431141443284 ], [ -0.399836308612194, 39.495431141427474 ], [ -0.399691268777401, 39.495228581329101 ], [ -0.399076745480228, 39.495559323888578 ], [ -0.398577495617022, 39.495833064932825 ], [ -0.398357011437604, 39.49595616942603 ], [ -0.398241967850329, 39.496028315394703 ], [ -0.398343908109427, 39.496123473473773 ], [ -0.398376078613829, 39.496153494905855 ], [ -0.398461227194419, 39.496233002276199 ], [ -0.398556262959868, 39.496321772178739 ], [ -0.398636805434934, 39.496396965584204 ], [ -0.398734517326851, 39.496488195200961 ], [ -0.398838436138873, 39.496585262654392 ], [ -0.398952441167113, 39.496691686219187 ], [ -0.39907473039361, 39.496805807549194 ], [ -0.399234069338518, 39.496954591491907 ], [ -0.399367216132279, 39.497078919276724 ], [ -0.399489000464292, 39.497192583843038 ], [ -0.399685530080129, 39.497376040186381 ], [ -0.399819554451301, 39.497501230325227 ], [ -0.399987781023012, 39.497658261502153 ], [ -0.400079737305625, 39.497744118094538 ], [ -0.400160052246879, 39.497819107177818 ], [ -0.400249436215829, 39.497902546677373 ], [ -0.400366344793649, 39.498011672521926 ], [ -0.400455311785074, 39.498094769211313 ], [ -0.400582668363119, 39.498213611253824 ], [ -0.400686735027448, 39.498310715512964 ], [ -0.400860890318225, 39.498462121447432 ], [ -0.400860890318221, 39.498462121447432 ], [ -0.400962440479673, 39.4985502018259 ], [ -0.401105001883006, 39.49867386889774 ], [ -0.401229019447725, 39.498781424111485 ], [ -0.401316173307493, 39.498857060854576 ], [ -0.401466562222046, 39.498986863678226 ], [ -0.401466562244074, 39.498986863697809 ], [ -0.401471048976759, 39.498990968451167 ], [ -0.401471048976761, 39.498990968451167 ], [ -0.401471049104063, 39.498990968593368 ], [ -0.401471049193908, 39.498990968751805 ], [ -0.401471049242976, 39.498990968920616 ], [ -0.401471049249455, 39.49899096909359 ], [ -0.401471049213107, 39.498990969264348 ], [ -0.401471049135273, 39.498990969426544 ], [ -0.401471049018829, 39.498990969574223 ], [ -0.401471048868072, 39.498990969701907 ], [ -0.401471048688573, 39.4989909698049 ], [ -0.401471048486958, 39.498990969879394 ], [ -0.401471048270675, 39.49899096992263 ], [ -0.401291599195321, 39.499012878300583 ], [ -0.40113158746605, 39.499682059383531 ], [ -0.401131587401762, 39.499682059555106 ], [ -0.401131587295026, 39.499682059713471 ], [ -0.401059768249337, 39.499766874090113 ], [ -0.401080585119697, 39.499786618043899 ], [ -0.40108058513471, 39.499786618058437 ], [ -0.401123716231981, 39.499829298007405 ], [ -0.40113667843471, 39.499840623693238 ], [ -0.401136678434708, 39.499840623693238 ], [ -0.401136678572952, 39.499840623842204 ], [ -0.401136678669356, 39.499840624009785 ], [ -0.40113667871992, 39.499840624189019 ], [ -0.401136678722545, 39.499840624372474 ], [ -0.401136678677122, 39.499840624552526 ], [ -0.401136678585534, 39.499840624721713 ], [ -0.401136678451587, 39.499840624873016 ], [ -0.401136678280837, 39.499840625000139 ], [ -0.401135946621102, 39.49984106808332 ], [ -0.401135946609271, 39.49984106809039 ], [ -0.401068307228072, 39.499880955067503 ], [ -0.401068307228075, 39.499880955067503 ], [ -0.401068307023953, 39.499880955163945 ], [ -0.401068306798682, 39.499880955225983 ], [ -0.401068306561792, 39.499880955251001 ], [ -0.400897057042766, 39.49988526405545 ], [ -0.400897057018551, 39.49988526405587 ], [ -0.399759514409003, 39.499895505919561 ], [ -0.399738211820719, 39.499972522109843 ], [ -0.39973821182072, 39.499972522109843 ], [ -0.399738211753962, 39.49997252227331 ], [ -0.399738211648423, 39.499972522424017 ], [ -0.399738211507933, 39.499972522556476 ], [ -0.399738211337581, 39.4999725226659 ], [ -0.399738211143544, 39.499972522748358 ], [ -0.399738210932854, 39.499972522800817 ], [ -0.399738210713149, 39.499972522821395 ], [ -0.399738210492395, 39.499972522809323 ], [ -0.399300749340296, 39.499915831172508 ], [ -0.399276867084656, 39.499921398942796 ], [ -0.399192219683554, 39.500143823562091 ], [ -0.399192219592334, 39.500143823733978 ], [ -0.399192219457517, 39.500143823887683 ], [ -0.399192219284841, 39.500143824016689 ], [ -0.399192219081661, 39.500143824115469 ], [ -0.399192218856633, 39.500143824179851 ], [ -0.399173650543131, 39.500147503036665 ], [ -0.39917365054313, 39.500147503036665 ], [ -0.399173650332487, 39.500147503062742 ], [ -0.399173650119238, 39.50014750305855 ], [ -0.399173649910569, 39.500147503024252 ], [ -0.398107731534901, 39.499891179961104 ], [ -0.397811670760182, 39.500028811777732 ], [ -0.39765656788567, 39.500100908042853 ], [ -0.397655797721415, 39.500102385964858 ], [ -0.397016160046173, 39.501364671140081 ], [ -0.397649123379341, 39.501857444869593 ], [ -0.397649123379344, 39.501857444869593 ], [ -0.397649123516914, 39.50185744499877 ], [ -0.397649123621228, 39.50185744514544 ], [ -0.397649123688684, 39.501857445304545 ], [ -0.397649123716943, 39.501857445470577 ], [ -0.397649123705032, 39.501857445637782 ], [ -0.397610815889104, 39.502056159291989 ], [ -0.397173657034596, 39.504324224369526 ], [ -0.398437258549244, 39.505351935016655 ], [ -0.39843725869546, 39.505351935163176 ], [ -0.398437258799886, 39.505351935329784 ], [ -0.398437258858105, 39.505351935509424 ], [ -0.398437258867654, 39.505351935694478 ], [ -0.398437258828129, 39.50535193587713 ], [ -0.3984372587412, 39.505351936049657 ], [ -0.396515764257875, 39.50824520854696 ], [ -0.399341511690169, 39.508873239008878 ], [ -0.400079654379106, 39.509037271942802 ], [ -0.400079654588083, 39.509037272006744 ], [ -0.400079654777279, 39.50903727210062 ], [ -0.400079654939625, 39.509037272220944 ], [ -0.40007965506906, 39.509037272363209 ], [ -0.400865611407113, 39.510107769150309 ], [ -0.400865611407111, 39.510107769150309 ], [ -0.400865611481067, 39.510107769271123 ], [ -0.400865611531117, 39.510107769399077 ], [ -0.401009615632953, 39.510606854042791 ], [ -0.401020136234498, 39.510643322709058 ], [ -0.401020136234496, 39.510643322709058 ], [ -0.401020136262251, 39.510643322887596 ], [ -0.401020136243656, 39.510643323066837 ], [ -0.401020136179456, 39.510643323239641 ], [ -0.401020136072207, 39.51064332339913 ], [ -0.401020135926189, 39.510643323538922 ], [ -0.401020135747223, 39.510643323653447 ], [ -0.401020135542445, 39.510643323738158 ], [ -0.399254567553169, 39.511206240204196 ], [ -0.400043758929746, 39.514360113262811 ], [ -0.400184102419961, 39.514464877231134 ], [ -0.400184102567811, 39.51446487736554 ], [ -0.400184102678954, 39.514464877519721 ], [ -0.400184102749115, 39.514464877687722 ], [ -0.400184102775599, 39.514464877863126 ], [ -0.400184102757383, 39.514464878039142 ], [ -0.400184102695172, 39.514464878209004 ], [ -0.400184102591357, 39.514464878366226 ], [ -0.400184102449929, 39.514464878504718 ], [ -0.400184102276325, 39.514464878619172 ], [ -0.400184102077223, 39.514464878705191 ], [ -0.400184101860279, 39.514464878759448 ], [ -0.400184101633832, 39.51446487877989 ], [ -0.400184101406593, 39.514464878765693 ], [ -0.400184101187297, 39.514464878717419 ], [ -0.400184100984377, 39.51446487863695 ], [ -0.400184100984376, 39.51446487863695 ], [ -0.399888088563202, 39.514317441580054 ], [ -0.399620888175124, 39.514184342009216 ], [ -0.399620888115549, 39.514184341977447 ], [ -0.399142459304669, 39.51391202866332 ], [ -0.399118940113975, 39.51391286694885 ], [ -0.39911893990931, 39.513912866942157 ], [ -0.399118939709341, 39.513912866907738 ], [ -0.399118939520274, 39.51391286684666 ], [ -0.39911893934798, 39.513912866760847 ], [ -0.399075143402401, 39.513886553968021 ], [ -0.399056220587276, 39.513894508200885 ], [ -0.399056220585571, 39.513894508201602 ], [ -0.398987207083488, 39.513923402892559 ], [ -0.398987207083489, 39.513923402892559 ], [ -0.398987206862803, 39.513923402963357 ], [ -0.398816474279703, 39.513962827087333 ], [ -0.398763036137123, 39.513975152789826 ], [ -0.398763035927126, 39.513975152822326 ], [ -0.398285762797098, 39.514014097730048 ], [ -0.398285762654015, 39.514014097734844 ], [ -0.397794049927528, 39.514007123845538 ], [ -0.397758068287869, 39.514041924483017 ], [ -0.397754177337, 39.514342717414685 ], [ -0.397754177316087, 39.514342717575921 ], [ -0.397754177258203, 39.514342717731644 ], [ -0.39772478401016, 39.514401341582598 ], [ -0.397724784010162, 39.514401341582598 ], [ -0.397724783887058, 39.514401341763815 ], [ -0.39772478371428, 39.514401341918806 ], [ -0.397724783500763, 39.514401342039555 ], [ -0.397660076294089, 39.514429819785171 ], [ -0.397660076294091, 39.514429819785171 ], [ -0.397660076084498, 39.514429819857256 ], [ -0.39766007586071, 39.51442981989608 ], [ -0.397565648753181, 39.514438753989189 ], [ -0.397565648642916, 39.514438753995528 ], [ -0.397434830802941, 39.514441430609665 ], [ -0.396977462849842, 39.514458655316382 ], [ -0.396706200101253, 39.514468868692049 ], [ -0.396706200075118, 39.514468868692823 ], [ -0.396270157410626, 39.514477675899435 ], [ -0.395676296911886, 39.514515429441062 ], [ -0.395416189020856, 39.514531961752255 ], [ -0.395333397366419, 39.514547024044894 ], [ -0.395299600623442, 39.514560342478092 ], [ -0.395299600623444, 39.514560342478092 ], [ -0.395299600423173, 39.514560342539667 ], [ -0.395299600211672, 39.514560342571556 ], [ -0.39529959999621, 39.514560342572658 ], [ -0.395299599784182, 39.51456034254295 ], [ -0.395299599582873, 39.514560342483442 ], [ -0.395299599399199, 39.514560342396187 ], [ -0.395245553858435, 39.514528981939897 ], [ -0.395245553675893, 39.514528981808049 ], [ -0.395245553533894, 39.514528981649057 ], [ -0.395245553438982, 39.514528981470249 ], [ -0.395245553395531, 39.514528981279881 ], [ -0.395227716464691, 39.514324380156779 ], [ -0.395205876942051, 39.514317318891209 ], [ -0.395038435243543, 39.514334747787025 ], [ -0.395038434984681, 39.514334747791452 ], [ -0.394893229592439, 39.51432464431678 ], [ -0.394743075719134, 39.51431425041811 ], [ -0.394743075716945, 39.514314250417954 ], [ -0.394382584493571, 39.514288763711782 ], [ -0.394382584444159, 39.514288763707462 ], [ -0.394186410350078, 39.51426831016267 ], [ -0.394186410116878, 39.514268310119014 ], [ -0.394186409900212, 39.514268310039213 ], [ -0.393908569215749, 39.514137174022771 ], [ -0.393908569032361, 39.514137173915628 ], [ -0.393804776594133, 39.514063000738723 ], [ -0.393792622243887, 39.514056786838871 ], [ -0.393792622243885, 39.514056786838871 ], [ -0.393792622098877, 39.514056786751219 ], [ -0.393620399508253, 39.513934547075799 ], [ -0.393620399463908, 39.513934547042616 ], [ -0.393469457488951, 39.513815406112563 ], [ -0.393469457488952, 39.513815406112563 ], [ -0.393469457392777, 39.513815406026374 ], [ -0.393310729397739, 39.513653465226959 ], [ -0.393310729377087, 39.513653465205223 ], [ -0.39326050846148, 39.513598906587973 ], [ -0.393226998704296, 39.513577808485408 ], [ -0.393226998704294, 39.513577808485408 ], [ -0.393226998523596, 39.513577808343136 ], [ -0.393047393235336, 39.513400827288585 ], [ -0.393006968650428, 39.513391411480427 ], [ -0.392967959045542, 39.513382347682409 ], [ -0.392983654588519, 39.513407161369685 ], [ -0.392983654588521, 39.513407161369685 ], [ -0.392983654668019, 39.513407161534374 ], [ -0.392983654704679, 39.513407161707917 ], [ -0.392983654697108, 39.513407161883649 ], [ -0.392983654645593, 39.513407162054882 ], [ -0.392983654552097, 39.513407162215124 ], [ -0.392983654420186, 39.513407162358206 ], [ -0.392983654254889, 39.513407162478714 ], [ -0.392983654062507, 39.513407162572051 ], [ -0.392983653850376, 39.513407162634664 ], [ -0.392983653626584, 39.513407162664144 ], [ -0.392983653399664, 39.513407162659362 ], [ -0.392488247421809, 39.513358976451933 ], [ -0.392488247216551, 39.513358976417152 ], [ -0.392227906135705, 39.513295291346488 ], [ -0.392227906104087, 39.513295291338359 ], [ -0.391981522805016, 39.513228949728472 ], [ -0.39198152274575, 39.513228949711099 ], [ -0.391947011851874, 39.513217990591876 ], [ -0.391669665843919, 39.513142706653959 ], [ -0.391233166929211, 39.51307986058697 ], [ -0.391233166698079, 39.51307986053402 ], [ -0.391233166486015, 39.513079860445274 ], [ -0.391233166302135, 39.513079860324559 ], [ -0.391233166154342, 39.513079860177079 ], [ -0.39123316604899, 39.513079860009157 ], [ -0.391233165990605, 39.513079859828025 ], [ -0.391230476919359, 39.51306516503665 ], [ -0.391169331755372, 39.513023775397826 ], [ -0.391135322459388, 39.513013566086222 ], [ -0.390911368104987, 39.512971690102653 ], [ -0.390911368104986, 39.512971690102653 ], [ -0.390911367907328, 39.512971690050762 ], [ -0.390911367724831, 39.512971689972339 ], [ -0.390911367563377, 39.512971689869921 ], [ -0.390911367428167, 39.512971689746763 ], [ -0.390911367323565, 39.512971689606886 ], [ -0.390899751899112, 39.512952334916513 ], [ -0.390654666249103, 39.512834782439604 ], [ -0.390654666249102, 39.512834782439604 ], [ -0.390654666138831, 39.512834782379585 ], [ -0.390536898800043, 39.51276245000097 ], [ -0.390536898800042, 39.51276245000097 ], [ -0.390489116872116, 39.512733188350154 ], [ -0.390489116872118, 39.512733188350154 ], [ -0.390489116672812, 39.512733188193948 ], [ -0.390435671725789, 39.512679551623762 ], [ -0.38999298539065, 39.512637169520339 ], [ -0.389639396419935, 39.512603283829598 ], [ -0.389639396402183, 39.512603283827779 ], [ -0.389387782621642, 39.512576116358503 ], [ -0.388245974227305, 39.512453128369692 ], [ -0.387370779475973, 39.512487044327749 ], [ -0.386512703988809, 39.512520339712616 ], [ -0.386512703764356, 39.51252033970448 ], [ -0.386512703546116, 39.512520339663055 ], [ -0.386512703342241, 39.512520339589891 ], [ -0.386512703160347, 39.5125203394877 ], [ -0.386512703007229, 39.512520339360321 ], [ -0.386512702888605, 39.512520339212514 ], [ -0.386512702808909, 39.512520339049779 ], [ -0.386493376187763, 39.512465347262612 ], [ -0.38647383274353, 39.512418620635373 ], [ -0.386450266812432, 39.512362389342215 ], [ -0.386427833854687, 39.512308822196644 ], [ -0.386427833854689, 39.512308822196644 ], [ -0.386427833813916, 39.512308822067453 ], [ -0.386416426378845, 39.512256035367919 ], [ -0.386379498012361, 39.512084857980739 ], [ -0.386379498001828, 39.512084857918737 ], [ -0.386355447106183, 39.511891623088871 ], [ -0.386355447104002, 39.511891623069076 ], [ -0.386349111737711, 39.511825468856351 ], [ -0.386349111736653, 39.511825468844187 ], [ -0.386334395982015, 39.511637277265088 ], [ -0.386292760697001, 39.511454390718278 ], [ -0.386292760693654, 39.511454390702781 ], [ -0.386250613034723, 39.511248294129821 ], [ -0.38623977699041, 39.511210673025857 ], [ -0.386239776990109, 39.511210673024813 ], [ -0.386218715456758, 39.511137138155384 ], [ -0.386136477021954, 39.510886082221162 ], [ -0.386136477003938, 39.510886082156198 ], [ -0.386107107314215, 39.510757176318926 ], [ -0.386069253776648, 39.510660178738789 ], [ -0.385973696340097, 39.510463181919128 ], [ -0.385908559574484, 39.510345570007857 ], [ -0.38590855957048, 39.510345570000538 ], [ -0.385719463694065, 39.509995639066908 ], [ -0.385719463682756, 39.509995639045194 ], [ -0.385703774804148, 39.509964345424798 ], [ -0.385587757918598, 39.509732415898952 ], [ -0.385573163624192, 39.509712533128265 ], [ -0.385570941628655, 39.509709604832842 ], [ -0.385570941621182, 39.509709604822866 ], [ -0.385539844354771, 39.509667392661839 ], [ -0.38553984435477, 39.509667392661839 ], [ -0.385539844301914, 39.509667392580866 ], [ -0.38543822120947, 39.509490051063246 ], [ -0.385321488399835, 39.509325469069495 ], [ -0.385080618738926, 39.509021378755378 ], [ -0.385080618738928, 39.509021378755378 ], [ -0.385080618670178, 39.509021378654857 ], [ -0.384987974929789, 39.508862355506245 ], [ -0.384910975720119, 39.50877533199823 ], [ -0.384910975720122, 39.50877533199823 ], [ -0.384910975602071, 39.508775331828211 ], [ -0.384425814199522, 39.507850705861159 ], [ -0.384425814174433, 39.507850705808728 ], [ -0.384134146577546, 39.507177840364768 ], [ -0.384134146577548, 39.507177840364768 ], [ -0.384134146527124, 39.507177840196249 ], [ -0.383843577851083, 39.50547669887186 ], [ -0.383736633342326, 39.505079606872734 ], [ -0.383736633334694, 39.50507960684169 ], [ -0.383283937791609, 39.503043641154882 ], [ -0.383265546272197, 39.503034849280709 ], [ -0.383226266349588, 39.503054815075423 ], [ -0.38322626634959, 39.503054815075423 ], [ -0.38322626615315, 39.503054815155636 ], [ -0.383226265940609, 39.503054815205424 ], [ -0.383226265719723, 39.503054815223003 ], [ -0.383226265498552, 39.503054815207726 ], [ -0.383226265285167, 39.503054815160148 ], [ -0.383226265087354, 39.503054815082002 ], [ -0.383226264912334, 39.503054814976139 ], [ -0.383112369799831, 39.502971197060916 ], [ -0.383019587292897, 39.502935603714633 ], [ -0.38285458419536, 39.502872293170832 ], [ -0.382854584173686, 39.502872293162291 ], [ -0.382541488078466, 39.502745773961912 ], [ -0.382541488071496, 39.50274577395907 ], [ -0.382381249255256, 39.502679948529078 ], [ -0.382381249255254, 39.502679948529078 ], [ -0.382381249127077, 39.502679948467872 ], [ -0.382316937434651, 39.502644590545067 ], [ -0.382172454033466, 39.50256519224822 ], [ -0.382082148155384, 39.502515537170268 ], [ -0.382082148107523, 39.502515537142493 ], [ -0.382021058773527, 39.50247814271237 ], [ -0.382021058765566, 39.502478142707453 ], [ -0.381766104638088, 39.502319247775532 ], [ -0.381682257986367, 39.502279071056748 ], [ -0.381521489164112, 39.502202016598275 ], [ -0.381369795434154, 39.502129337514369 ], [ -0.381369795432108, 39.502129337513388 ], [ -0.381142464843213, 39.502019913805576 ], [ -0.38114246483285, 39.502019913800524 ], [ -0.380944463641961, 39.50192235322934 ], [ -0.380736916194332, 39.501852986247101 ], [ -0.380736916076845, 39.501852986201577 ], [ -0.380559028327693, 39.501774013013616 ], [ -0.380559028140246, 39.501774012910033 ], [ -0.380559027982831, 39.501774012779862 ], [ -0.380559027861622, 39.501774012628204 ], [ -0.380489752061755, 39.501664372633769 ], [ -0.380489752061754, 39.501664372633769 ], [ -0.380489751988435, 39.501664372486132 ], [ -0.380489751949599, 39.501664372330815 ], [ -0.380489751946443, 39.501664372172648 ], [ -0.380499444605736, 39.501560976395538 ], [ -0.380499444605737, 39.501560976395538 ], [ -0.380499444639877, 39.501560976234792 ], [ -0.380499444710841, 39.50156097608145 ], [ -0.380499444816308, 39.501560975940507 ], [ -0.380682141578901, 39.501361019249153 ], [ -0.380838998670995, 39.501188303334587 ], [ -0.381065712689068, 39.500938637004651 ], [ -0.381152879343338, 39.50077888999072 ], [ -0.381174970518518, 39.500738407098723 ], [ -0.381207602082871, 39.500644532619553 ], [ -0.381234177344979, 39.500541774053588 ], [ -0.38123417734665, 39.500541774047235 ], [ -0.381338742555326, 39.500152014363962 ], [ -0.381350218176041, 39.500024010736347 ], [ -0.381350218176997, 39.500024010726491 ], [ -0.381361925477021, 39.499911357866949 ], [ -0.381340534743636, 39.499726340242212 ], [ -0.381325744397722, 39.499606505591508 ], [ -0.381313514792506, 39.499507321792422 ], [ -0.381313514787543, 39.499507321727442 ], [ -0.38130270220236, 39.499142023818067 ], [ -0.381296684060946, 39.49893827649359 ], [ -0.381296370882235, 39.498927603052636 ], [ -0.381296370882058, 39.498927603045296 ], [ -0.381294445830305, 39.498825273194946 ], [ -0.381293319019532, 39.498765322368051 ], [ -0.381293319021534, 39.4987653223005 ], [ -0.381301297707043, 39.498663270614429 ], [ -0.381301297708888, 39.498663270594498 ], [ -0.381310758182121, 39.498574833970238 ], [ -0.381307472844937, 39.498454412722609 ], [ -0.381302360399467, 39.498269650153773 ], [ -0.381302360399203, 39.498269650136393 ], [ -0.381302016573621, 39.498144439406538 ], [ -0.381300949890825, 39.497793557105574 ], [ -0.381300419664952, 39.497627663063646 ], [ -0.381299772623168, 39.497410345222782 ], [ -0.381299526421757, 39.497320468267695 ], [ -0.381297459262289, 39.497312719267605 ], [ -0.381265793944679, 39.497193991591516 ], [ -0.381196029982602, 39.496932441393398 ], [ -0.381172319446139, 39.496843476884436 ], [ -0.38113729525305, 39.496712083780196 ], [ -0.381108931180053, 39.496655671235736 ], [ -0.380988569600316, 39.496416298752138 ], [ -0.380871481061914, 39.496183423178266 ], [ -0.38078078601066, 39.496003025778194 ], [ -0.380780786010655, 39.49600302577818 ], [ -0.380732684564024, 39.495907348446949 ], [ -0.380694796163497, 39.495831973773711 ], [ -0.38066785005365, 39.495778381232611 ], [ -0.380657215287122, 39.495757236635036 ], [ -0.380562426149104, 39.495568569508706 ], [ -0.380524274050911, 39.495492640201235 ], [ -0.380524274050913, 39.495492640201235 ], [ -0.380524274012414, 39.495492640110719 ], [ -0.38045780754955, 39.495303151995401 ], [ -0.380395583403683, 39.495128858188501 ], [ -0.380355594963018, 39.495016851434066 ], [ -0.380304490012724, 39.49487359574529 ], [ -0.380269585132382, 39.494775929328519 ], [ -0.38024394875635, 39.494704078466306 ], [ -0.380180051809923, 39.49458688501683 ], [ -0.380180051809924, 39.49458688501683 ], [ -0.380180051733869, 39.494586884813238 ], [ -0.380161667678328, 39.494500697777077 ], [ -0.380124501218029, 39.494326302152579 ], [ -0.380098546189832, 39.494204590368057 ], [ -0.380098546188196, 39.49420459036017 ], [ -0.380065666404028, 39.494041417204137 ], [ -0.380059511841548, 39.494011333269313 ], [ -0.380047282124654, 39.493951559067803 ], [ -0.380039155197053, 39.493911765143658 ], [ -0.380035334658048, 39.493893062366702 ], [ -0.380035334658047, 39.493893062366702 ], [ -0.380035334645145, 39.493893062181975 ], [ -0.380035334681243, 39.493893061999081 ], [ -0.380035334764819, 39.493893061825773 ], [ -0.380035334892342, 39.493893061669354 ], [ -0.380035335058432, 39.493893061536447 ], [ -0.380035335256077, 39.49389306143263 ], [ -0.380035335476934, 39.493893061362286 ], [ -0.380108401796735, 39.493876348988444 ], [ -0.38022989066864, 39.493848481821757 ], [ -0.380340958255009, 39.493823018240874 ], [ -0.380483103748313, 39.493790486027038 ], [ -0.380658547170609, 39.49375025404801 ], [ -0.380774799432957, 39.493723573627562 ], [ -0.380924199775546, 39.493689344094996 ], [ -0.381035841857688, 39.493663740544058 ], [ -0.381104926071352, 39.493647937754851 ], [ -0.381159832541266, 39.493635337810119 ], [ -0.381220814121919, 39.493620883821634 ], [ -0.381220814140628, 39.493620883817321 ], [ -0.381732352556009, 39.493506877229848 ], [ -0.381795462590651, 39.493492709629749 ], [ -0.381910973419402, 39.493466863583393 ], [ -0.382016541187827, 39.493443229365127 ], [ -0.382114036910255, 39.493421368989118 ], [ -0.382228733212007, 39.493395688051052 ], [ -0.382360185822473, 39.493366250363131 ], [ -0.3824212812827, 39.49335259107545 ], [ -0.382530813568081, 39.493327253852129 ], [ -0.382530813571314, 39.493327253851369 ], [ -0.382672962975603, 39.493294719017996 ], [ -0.382672962975604, 39.493294719017996 ], [ -0.382672963212947, 39.493294718983925 ], [ -0.382788957131116, 39.493287588764034 ], [ -0.382897129641234, 39.493280822788023 ], [ -0.383038049360362, 39.493272038477215 ], [ -0.383115667196219, 39.493267237212279 ], [ -0.383149562473988, 39.493265122455469 ], [ -0.383113351357346, 39.493224810095462 ], [ -0.383095475427703, 39.493204980091022 ], [ -0.383091205118087, 39.493200879537042 ], [ -0.383091205118085, 39.493200879537042 ], [ -0.383091205001635, 39.493200879401876 ], [ -0.38309120491844, 39.49320087925269 ], [ -0.383091204871212, 39.493200879094324 ], [ -0.383089395401717, 39.493190689969978 ], [ -0.383071631811575, 39.493113134231876 ], [ -0.383051950195254, 39.493027230082362 ], [ -0.383021020610766, 39.492892014391678 ], [ -0.383005021867893, 39.492822152232073 ], [ -0.382967417740386, 39.492657823873785 ], [ -0.382949421140074, 39.492579078194431 ], [ -0.382913694556906, 39.492423129729637 ], [ -0.382906087371484, 39.492389896170486 ], [ -0.382890548637511, 39.492321724536083 ], [ -0.382884970526806, 39.492306617341868 ], [ -0.382884970526138, 39.492306617340056 ], [ -0.38287909592376, 39.492290580023003 ], [ -0.382833596618583, 39.492166716895838 ], [ -0.382817906797257, 39.49212411232245 ], [ -0.382760172725656, 39.491967023975988 ], [ -0.38274055543657, 39.491913664531715 ], [ -0.382673963532195, 39.491732516868254 ], [ -0.382649895463077, 39.49166701241441 ], [ -0.382589704381436, 39.491503224661372 ], [ -0.382559629748818, 39.491421333946349 ], [ -0.382533401509111, 39.491350006179722 ], [ -0.382533401509112, 39.491350006179722 ], [ -0.382533401509111, 39.491350006179708 ], [ -0.382496539445477, 39.491249764815571 ], [ -0.382449390955847, 39.491121548276666 ], [ -0.382411673519686, 39.49101885524496 ], [ -0.382351350574631, 39.490854767105581 ], [ -0.38232278683844, 39.490777058007886 ], [ -0.382322786802095, 39.490777057867362 ], [ -0.382302283405797, 39.490643221870421 ], [ -0.382285483729916, 39.490537567693956 ], [ -0.382259493493573, 39.490373684509308 ], [ -0.382245542585288, 39.490287206630668 ], [ -0.382245542579782, 39.490287206449473 ], [ -0.382245542621216, 39.490287206271091 ], [ -0.382245542707916, 39.490287206102749 ], [ -0.382245542836366, 39.490287205951262 ], [ -0.382245543001362, 39.490287205822789 ], [ -0.382245543196225, 39.490287205722517 ], [ -0.382245543413054, 39.490287205654496 ], [ -0.382789634137658, 39.490164229478289 ], [ -0.383648128477786, 39.489970207217397 ], [ -0.383986789648225, 39.489893687507994 ], [ -0.384297977614993, 39.489823331067008 ], [ -0.384655850438885, 39.489742440177878 ], [ -0.384918999976364, 39.489682977977971 ], [ -0.385174521767482, 39.489625227262337 ], [ -0.385877482581472, 39.489466362020067 ], [ -0.385957166102246, 39.489448358755887 ], [ -0.38607891817202, 39.489420801161451 ], [ -0.386078918172021, 39.489420801161451 ], [ -0.386078918172091, 39.489420801161451 ], [ -0.386078918172105, 39.489420801161444 ], [ -0.386335735205455, 39.489362688723538 ], [ -0.386942777762293, 39.489225533585007 ], [ -0.387007035917385, 39.489211001529362 ], [ -0.387091520856526, 39.489191906381564 ], [ -0.387271438534357, 39.489151192763572 ], [ -0.387271438546293, 39.489151192760922 ], [ -0.387442222352797, 39.489114075208448 ], [ -0.387572172338672, 39.489083971593104 ], [ -0.387572172338673, 39.489083971593104 ], [ -0.387681468816924, 39.489058492568425 ], [ -0.387681468826828, 39.489058492566166 ], [ -0.38780883870887, 39.489029754067396 ], [ -0.387856513331191, 39.489018114416091 ], [ -0.387856513347513, 39.489018114412197 ], [ -0.387914304664239, 39.489004724731188 ], [ -0.387949481192059, 39.488996331928639 ], [ -0.388023084898769, 39.488977779763118 ], [ -0.388122218287182, 39.488952797071548 ], [ -0.388210577839027, 39.48893050088715 ], [ -0.388318415427119, 39.488903294811699 ], [ -0.388422354684117, 39.488877110000693 ], [ -0.388518554090803, 39.488852850194846 ], [ -0.388626678085503, 39.488825596214014 ], [ -0.38872840529376, 39.488799951489248 ], [ -0.388814081782225, 39.488778350382255 ], [ -0.388893309110783, 39.488758361005004 ], [ -0.3890415276716, 39.488720990751936 ], [ -0.389175227090111, 39.48868728047065 ], [ -0.389306668097915, 39.488654109368383 ], [ -0.389422913838814, 39.488624802934133 ], [ -0.389422913852866, 39.488624802930673 ], [ -0.389447182419023, 39.488618947415787 ], [ -0.389447182419025, 39.488618947415787 ], [ -0.389447182648395, 39.488618947379564 ], [ -0.389447182882478, 39.488618947379706 ], [ -0.389447183111777, 39.488618947416199 ], [ -0.389447183326988, 39.488618947487538 ], [ -0.389447183519381, 39.488618947590858 ], [ -0.389447183681149, 39.48861894772196 ], [ -0.389480334642015, 39.488651902195841 ], [ -0.389504309159208, 39.488601687704616 ], [ -0.389504309159209, 39.488601687704616 ], [ -0.389504309251657, 39.488601687555018 ], [ -0.38950430937795, 39.488601687421095 ], [ -0.389504309533803, 39.48860168730738 ], [ -0.389504309713928, 39.488601687217752 ], [ -0.389525775459853, 39.488593057071348 ], [ -0.389698486614206, 39.488523471233556 ], [ -0.389799779779925, 39.488482681035613 ], [ -0.389887246806594, 39.48844741697404 ], [ -0.390022434959911, 39.488393000902192 ], [ -0.390192099890636, 39.488324634151496 ], [ -0.390346870635398, 39.488262337898369 ], [ -0.390386664200935, 39.488246277051815 ], [ -0.390386664202337, 39.488246277051253 ], [ -0.390459861227811, 39.488216832464744 ], [ -0.390520507423942, 39.488192050902718 ], [ -0.390520507423944, 39.488192050902718 ], [ -0.390520507423969, 39.488192050902711 ], [ -0.390546719167816, 39.488181329003261 ], [ -0.390832645424019, 39.488060353612134 ], [ -0.391060156233659, 39.48796415451401 ], [ -0.391316609655238, 39.487855691526562 ], [ -0.391527725023849, 39.487766389005934 ], [ -0.391612690371048, 39.487730478286309 ], [ -0.391724172494091, 39.487683293633381 ], [ -0.391810614806451, 39.487646122257679 ], [ -0.391933987884656, 39.487593096336646 ], [ -0.39193398789936, 39.487593096330436 ], [ -0.392063286323542, 39.4875393969795 ], [ -0.392102246386032, 39.487522596126979 ], [ -0.392332203819654, 39.487423553972022 ], [ -0.392581319706883, 39.487316264882907 ], [ -0.392654015141671, 39.487284947313825 ], [ -0.3932858356764, 39.487012835756481 ], [ -0.393386263147096, 39.486969571874013 ], [ -0.393386545162283, 39.48696839955246 ], [ -0.393358404550166, 39.486873968843511 ], [ -0.393340370486028, 39.486813678292734 ], [ -0.393340370484652, 39.48681367828808 ], [ -0.393329944937442, 39.486777964285714 ], [ -0.39327174492298, 39.486699093027546 ], [ -0.393211875449108, 39.48661791846002 ], [ -0.393185360794406, 39.486582009136299 ], [ -0.393138125162639, 39.486518055404133 ], [ -0.393093618902598, 39.486457756496115 ], [ -0.392997938360896, 39.486328121847947 ], [ -0.392954376751111, 39.486269119727744 ], [ -0.392896909010685, 39.486191206018653 ], [ -0.392834630207842, 39.486106860158934 ], [ -0.392795196907863, 39.486053468496948 ], [ -0.392721136095755, 39.485953079308516 ], [ -0.392656272493478, 39.485866513247387 ], [ -0.392656272493476, 39.485866513247387 ], [ -0.39265627239895, 39.485866513086783 ], [ -0.392656272346677, 39.48586651291496 ], [ -0.392656272338665, 39.485866512738554 ], [ -0.392656272375222, 39.485866512564314 ], [ -0.392656272454943, 39.48586651239895 ], [ -0.392656272574765, 39.485866512248812 ], [ -0.392656272730083, 39.485866512119671 ], [ -0.39265627291493, 39.485866512016493 ], [ -0.392728446098725, 39.485834038541817 ], [ -0.392728446129766, 39.485834038528331 ], [ -0.39279418544611, 39.485806509732086 ], [ -0.392915304645326, 39.485749909710812 ], [ -0.392915304661725, 39.485749909703287 ], [ -0.393303559227801, 39.485575135938099 ], [ -0.393614120750971, 39.485435355206533 ], [ -0.3938189511366, 39.485343159718546 ], [ -0.394055262902262, 39.485236801747597 ], [ -0.394418864156344, 39.485073096252563 ], [ -0.394724525991319, 39.484935544913448 ], [ -0.39499905380833, 39.484811938624816 ], [ -0.395128853571177, 39.484741990624919 ], [ -0.395264564944118, 39.484668116501503 ], [ -0.395264564944117, 39.484668116501503 ], [ -0.395264565131374, 39.484668116418526 ], [ -0.395264565335198, 39.484668116363792 ], [ -0.395264565548562, 39.484668116339201 ], [ -0.395264565764115, 39.484668116345588 ], [ -0.395264565974434, 39.484668116382743 ], [ -0.395264566172268, 39.484668116449356 ], [ -0.395264566350802, 39.484668116543183 ], [ -0.395264566503884, 39.484668116660956 ], [ -0.39526456662624, 39.484668116798609 ], [ -0.395282226066942, 39.484692570660371 ], [ -0.395351700207058, 39.484787115934623 ], [ -0.395446498730671, 39.48491612082853 ], [ -0.39558558255669, 39.48510534571593 ], [ -0.395724205874354, 39.485294001573095 ], [ -0.395871263770863, 39.485494048741963 ], [ -0.396021312657058, 39.485698240137488 ], [ -0.396098336159848, 39.485801607108108 ], [ -0.396098336254732, 39.485801607270851 ], [ -0.396098336306301, 39.485801607444905 ], [ -0.396098336312529, 39.485801607623429 ], [ -0.396098336273169, 39.485801607799402 ], [ -0.396098336189772, 39.485801607965897 ], [ -0.396098336065613, 39.48580160811634 ], [ -0.39609833590558, 39.485801608244849 ], [ -0.396098335715964, 39.485801608346357 ], [ -0.395959225024186, 39.485861236391059 ] ] ] ] } },
{ "type": "Feature", "properties": { "INE_MUN": "46250", "DISTRITO": 1 }, "geometry": { "type": "MultiPolygon", "coordinates": [ [ [ [ -0.370435968683151, 39.47029878382498 ], [ -0.370435968683184, 39.470298783824958 ], [ -0.370459290572061, 39.470278739970624 ], [ -0.371013987340658, 39.469802185643296 ], [ -0.371090395616239, 39.469736537421269 ], [ -0.371112835032738, 39.469717231106564 ], [ -0.371112835032741, 39.469717231106564 ], [ -0.371112835128891, 39.469717231032945 ], [ -0.371118549310956, 39.469713337872015 ], [ -0.371118549310958, 39.469713337872015 ], [ -0.371118549501114, 39.469713337766727 ], [ -0.371118549714614, 39.469713337693058 ], [ -0.371118549942819, 39.469713337653971 ], [ -0.371118550176494, 39.4697133376511 ], [ -0.371118550406184, 39.469713337684531 ], [ -0.371118550622598, 39.469713337752907 ], [ -0.371118550816978, 39.46971333785347 ], [ -0.371118550816975, 39.46971333785347 ], [ -0.371127709733656, 39.469719188575745 ], [ -0.371362841441416, 39.469556432693302 ], [ -0.371838572104951, 39.469227051138027 ], [ -0.372014454343876, 39.469105293821528 ], [ -0.37227613048326, 39.468923996583626 ], [ -0.372659032620917, 39.468658784809506 ], [ -0.372751909567686, 39.468594486132581 ], [ -0.372751909570296, 39.468594486130783 ], [ -0.372887364214071, 39.468501276741264 ], [ -0.372887364214072, 39.468501276741264 ], [ -0.372887364401762, 39.46850127663604 ], [ -0.372887364612655, 39.468501276561774 ], [ -0.372887364838363, 39.468501276521415 ], [ -0.372887365069918, 39.468501276516562 ], [ -0.372887365298116, 39.468501276547386 ], [ -0.372887365513882, 39.468501276612713 ], [ -0.37288736570864, 39.468501276709915 ], [ -0.37288736587465, 39.468501276835134 ], [ -0.372887366005314, 39.468501276983375 ], [ -0.372892539936196, 39.468508627036748 ], [ -0.373189541996378, 39.468306858151756 ], [ -0.373750707649788, 39.467925729706046 ], [ -0.37375070764981, 39.467925729706032 ], [ -0.374120744872326, 39.467674388555295 ], [ -0.374928378934909, 39.467125856813588 ], [ -0.374937664378118, 39.467119553194401 ], [ -0.374937664378119, 39.467119553194401 ], [ -0.374937664555064, 39.467119553095401 ], [ -0.374937664752774, 39.467119553023785 ], [ -0.374937664964274, 39.467119552982091 ], [ -0.374937665182101, 39.467119552971795 ], [ -0.374937665398568, 39.46711955299326 ], [ -0.374937665606039, 39.467119553045713 ], [ -0.374937665797194, 39.467119553127311 ], [ -0.374937665965288, 39.467119553235193 ], [ -0.374937666104389, 39.467119553365528 ], [ -0.374937666209589, 39.467119553513733 ], [ -0.374937666277178, 39.467119553674564 ], [ -0.374940824352663, 39.467130457546496 ], [ -0.374965316938053, 39.467134992563643 ], [ -0.375246504077947, 39.467186438141148 ], [ -0.375246504130481, 39.467186438151771 ], [ -0.37595126272144, 39.467342649287829 ], [ -0.376487353274824, 39.467457224263441 ], [ -0.376487353274825, 39.467457224263441 ], [ -0.376487353482923, 39.467457224325102 ], [ -0.376487353672014, 39.4674572244164 ], [ -0.376487353835146, 39.467457224533995 ], [ -0.37648735396632, 39.467457224673559 ], [ -0.37648735406071, 39.467457224829964 ], [ -0.376487354114849, 39.467457224997482 ], [ -0.376487354126745, 39.467457225169909 ], [ -0.37648735409596, 39.467457225340915 ], [ -0.376487354095962, 39.467457225340915 ], [ -0.376486540367421, 39.467459863721871 ], [ -0.376532528360187, 39.467469996064388 ], [ -0.377131062979135, 39.467601496281141 ], [ -0.377504789518747, 39.467683623390279 ], [ -0.378127510297564, 39.467820365984814 ], [ -0.378851125418156, 39.467979421930103 ], [ -0.37889055200611, 39.467988058749292 ], [ -0.378890552049198, 39.467988058759438 ], [ -0.378890885939153, 39.467988142860101 ], [ -0.379565373550334, 39.468136397351678 ], [ -0.3795660146682, 39.468136501890505 ], [ -0.379566014668199, 39.468136501890505 ], [ -0.379566014829007, 39.468136501926274 ], [ -0.379723110354746, 39.468181151273861 ], [ -0.379723110360006, 39.46818115127536 ], [ -0.379801927519444, 39.468203887338731 ], [ -0.379804732963871, 39.468204671294714 ], [ -0.379804732965344, 39.468204671295126 ], [ -0.380109218875006, 39.468290116195313 ], [ -0.380109218941764, 39.468290116215876 ], [ -0.380278706747731, 39.468347088959788 ], [ -0.380278706750054, 39.468347088960577 ], [ -0.380646525085387, 39.468471468275197 ], [ -0.38064652518961, 39.468471468315364 ], [ -0.380883276298845, 39.468574500272787 ], [ -0.380883276353438, 39.468574500298104 ], [ -0.381225160210389, 39.468742994096552 ], [ -0.381225160210391, 39.468742994096552 ], [ -0.381225160385836, 39.468742994202572 ], [ -0.381939012419716, 39.469266918143603 ], [ -0.382598758489605, 39.469747236339785 ], [ -0.382598758492032, 39.469747236341568 ], [ -0.383064074755641, 39.470087951414087 ], [ -0.383064074756527, 39.470087951414733 ], [ -0.383412095341157, 39.470343312931504 ], [ -0.383412611921066, 39.470343639850782 ], [ -0.383412611921068, 39.470343639850782 ], [ -0.383412612026711, 39.470343639926568 ], [ -0.38345567389567, 39.470378608726548 ], [ -0.383455673895669, 39.470378608726548 ], [ -0.383455674033426, 39.47037860886244 ], [ -0.383455674135158, 39.470378609016223 ], [ -0.383455674197115, 39.47037860918222 ], [ -0.383455674217016, 39.470378609354348 ], [ -0.383455674194129, 39.470378609526243 ], [ -0.383455674129298, 39.470378609691586 ], [ -0.383455517983486, 39.470378903165177 ], [ -0.383532976269016, 39.470575808225632 ], [ -0.383532976269017, 39.470575808225632 ], [ -0.383532976269037, 39.470575808225703 ], [ -0.383532976269068, 39.47057580822576 ], [ -0.383563664778592, 39.470653862294377 ], [ -0.383618909528703, 39.470794367827423 ], [ -0.38392100465542, 39.471562467929701 ], [ -0.383942519539872, 39.471617194283112 ], [ -0.383942519571583, 39.471617194384514 ], [ -0.383990716335435, 39.471822670240833 ], [ -0.383990716335693, 39.471822670241927 ], [ -0.384002690446605, 39.471874081880685 ], [ -0.384002690463423, 39.471874081992546 ], [ -0.38400824334083, 39.471954502479043 ], [ -0.384008243341388, 39.471954502487975 ], [ -0.384021469132059, 39.472189757069692 ], [ -0.384021469133015, 39.472189757123161 ], [ -0.384016152923269, 39.472449725264674 ], [ -0.384012512133589, 39.472639551619714 ], [ -0.384012512132177, 39.472639551652691 ], [ -0.38400433412476, 39.472762517019319 ], [ -0.384004334090912, 39.472762517193523 ], [ -0.384004334013957, 39.472762517359264 ], [ -0.384004333896835, 39.47276251751024 ], [ -0.384004333744034, 39.472762517640646 ], [ -0.384004333561395, 39.472762517745501 ], [ -0.384004333355912, 39.472762517820804 ], [ -0.384004333135446, 39.472762517863664 ], [ -0.383998975551761, 39.472763135852212 ], [ -0.383986253713289, 39.472929803509558 ], [ -0.383986253712467, 39.472929803519413 ], [ -0.3839777212959, 39.473024073254486 ], [ -0.383973962309376, 39.473082346759618 ], [ -0.383955522330516, 39.473367279214933 ], [ -0.383931172691843, 39.473743792741914 ], [ -0.383931172691691, 39.473743792744216 ], [ -0.383927659884591, 39.47379546383501 ], [ -0.383927659879368, 39.473795463885139 ], [ -0.383925131691712, 39.473813451518048 ], [ -0.383935459058942, 39.473910046584855 ], [ -0.383935459059689, 39.473910046592195 ], [ -0.38396085600926, 39.474173808702162 ], [ -0.38399536845774, 39.474526994677944 ], [ -0.384011608414759, 39.474693301483846 ], [ -0.384023381902515, 39.474771662907074 ], [ -0.38403404570234, 39.47484160856844 ], [ -0.384073743528796, 39.475102201645043 ], [ -0.384110635464514, 39.47534570580607 ], [ -0.384110635464514, 39.475345705806113 ], [ -0.384110635464527, 39.47534570580617 ], [ -0.384113742769943, 39.475366234741855 ], [ -0.384113742770854, 39.475366234748066 ], [ -0.384124520849284, 39.475441974728909 ], [ -0.384133268642832, 39.475503372938519 ], [ -0.384133268646916, 39.475503373101326 ], [ -0.384132620969183, 39.475510420488568 ], [ -0.384136951306419, 39.475510535978408 ], [ -0.3841369515392, 39.475510536003043 ], [ -0.384136951760831, 39.475510536063453 ], [ -0.384136951962251, 39.475510536157181 ], [ -0.384136952135222, 39.475510536280396 ], [ -0.384136952272677, 39.475510536428068 ], [ -0.384136952368994, 39.475510536594136 ], [ -0.384136952420236, 39.475510536771836 ], [ -0.384169891236111, 39.475724762501208 ], [ -0.384169891238911, 39.475724762694192 ], [ -0.384169891188593, 39.475724762883182 ], [ -0.384169891087473, 39.475724763059532 ], [ -0.384169890940191, 39.47572476321514 ], [ -0.384165292859823, 39.475728663908633 ], [ -0.384148077970202, 39.475832206151317 ], [ -0.384148077969809, 39.475832206153662 ], [ -0.384124854219593, 39.475969062190309 ], [ -0.384068946504765, 39.476299622122085 ], [ -0.383999332190551, 39.476711114807472 ], [ -0.383953659042706, 39.4769819613837 ], [ -0.383953659040534, 39.476981961395914 ], [ -0.383932922583657, 39.477093063148537 ], [ -0.383848688776458, 39.477544054452707 ], [ -0.383838789928448, 39.477604848183653 ], [ -0.383838789927624, 39.477604848186445 ], [ -0.383838789927496, 39.477604848189344 ], [ -0.383838670858866, 39.477605543690629 ], [ -0.383838670804187, 39.477605543868648 ], [ -0.383838670704199, 39.477605544034425 ], [ -0.38383867056303, 39.477605544181102 ], [ -0.383838670386511, 39.477605544302641 ], [ -0.383838670181929, 39.477605544394031 ], [ -0.383838669957735, 39.477605544451471 ], [ -0.383838669723185, 39.47760554447261 ], [ -0.383838669487966, 39.477605544456559 ], [ -0.383836208394214, 39.477605178401447 ], [ -0.383826221812003, 39.477673400552156 ], [ -0.383826221810319, 39.47767340056307 ], [ -0.383817553877635, 39.477726785247782 ], [ -0.38375205296752, 39.478130172274085 ], [ -0.383752052967171, 39.478130172276202 ], [ -0.383725269837506, 39.47829200150349 ], [ -0.383725269817822, 39.478292001570857 ], [ -0.383725269804116, 39.478292001631161 ], [ -0.383643321099837, 39.478519379129914 ], [ -0.383643321099309, 39.478519379131377 ], [ -0.383471741212196, 39.478992370409586 ], [ -0.383281685768107, 39.479514651372462 ], [ -0.383281685766583, 39.479514651376611 ], [ -0.383076874781197, 39.480067319653408 ], [ -0.382997535955632, 39.480280935880899 ], [ -0.38299753587188, 39.480280936044309 ], [ -0.38299753574874, 39.480280936192024 ], [ -0.382997535590909, 39.480280936318344 ], [ -0.382997535404405, 39.480280936418517 ], [ -0.382997535196339, 39.480280936488668 ], [ -0.382997534974644, 39.48028093652615 ], [ -0.382997534747776, 39.480280936529546 ], [ -0.382997534524384, 39.480280936498687 ], [ -0.382967682196321, 39.480274431221304 ], [ -0.38296755251405, 39.480274796778467 ], [ -0.38293693539103, 39.480363054301364 ], [ -0.382945235750161, 39.480374051469823 ], [ -0.382945235843586, 39.480374051626292 ], [ -0.382945235896819, 39.480374051793689 ], [ -0.38294523590791, 39.480374051965889 ], [ -0.382945235876454, 39.480374052136547 ], [ -0.382945235803603, 39.480374052299453 ], [ -0.382884834223283, 39.480476251225831 ], [ -0.383386713883046, 39.48116173240129 ], [ -0.383386713883047, 39.48116173240129 ], [ -0.38338671397559, 39.481161732562846 ], [ -0.383386714025629, 39.481161732735288 ], [ -0.383386714031238, 39.481161732911978 ], [ -0.383386713992201, 39.481161733086125 ], [ -0.38338671391002, 39.481161733250993 ], [ -0.383386713787864, 39.481161733400263 ], [ -0.383386713630436, 39.481161733528154 ], [ -0.383386713443804, 39.481161733629762 ], [ -0.383386713443806, 39.481161733629762 ], [ -0.382098564756834, 39.481725496229977 ], [ -0.382098564679972, 39.481725496260751 ], [ -0.381991777585445, 39.481764417354562 ], [ -0.381433877957755, 39.48196776216291 ], [ -0.38111751293663, 39.482083046718067 ], [ -0.381117512936628, 39.482083046718067 ], [ -0.381117512636835, 39.482083046790926 ], [ -0.380338923647588, 39.482185585831466 ], [ -0.38033892363816, 39.482185585832674 ], [ -0.380334806335364, 39.482186101104503 ], [ -0.380317339983707, 39.482188400967537 ], [ -0.380317339768586, 39.482188400980121 ], [ -0.380292642572121, 39.482188064013023 ], [ -0.380230721601112, 39.48218724008165 ], [ -0.379778633740054, 39.482181032385327 ], [ -0.379778633546056, 39.482181032369979 ], [ -0.379056842939109, 39.48207593514605 ], [ -0.379028949197121, 39.482071873650014 ], [ -0.378621332501289, 39.482012511791055 ], [ -0.378621332398103, 39.482012511772204 ], [ -0.377661596758163, 39.481801040419647 ], [ -0.377661596450159, 39.481801040312234 ], [ -0.377453854204379, 39.481698142732277 ], [ -0.376838296481264, 39.481393201903757 ], [ -0.376534400632208, 39.481242651234574 ], [ -0.376534400632186, 39.48124265123456 ], [ -0.375704095622909, 39.480831321594188 ], [ -0.375358879901088, 39.480660299175518 ], [ -0.375358879901003, 39.480660299175469 ], [ -0.375358879900933, 39.48066029917544 ], [ -0.375356032499875, 39.480658888050293 ], [ -0.375352802247781, 39.480657301614315 ], [ -0.375352802247781, 39.480657301614315 ], [ -0.375352802142872, 39.480657301556228 ], [ -0.374231978867852, 39.479960808999088 ], [ -0.37419015370234, 39.479934810472969 ], [ -0.374179822236422, 39.479928392496966 ], [ -0.374165469102521, 39.479920135938379 ], [ -0.372669231446105, 39.479058927031687 ], [ -0.372669231352543, 39.479058926971696 ], [ -0.372662597107105, 39.479054200512657 ], [ -0.37266259710549, 39.479054200511499 ], [ -0.372652261842318, 39.479046809357023 ], [ -0.371798555061148, 39.478436532603482 ], [ -0.370619817764926, 39.477686683669653 ], [ -0.370619817764918, 39.477686683669653 ], [ -0.370375084920961, 39.477531037021102 ], [ -0.370375084883143, 39.47753103699597 ], [ -0.369438573586212, 39.476881416225126 ], [ -0.36943829598551, 39.476881225262666 ], [ -0.369438295985509, 39.476881225262666 ], [ -0.369438295983854, 39.476881225261295 ], [ -0.369438295981978, 39.476881225260222 ], [ -0.368847289797773, 39.47647131914357 ], [ -0.36884728963859, 39.476471319008155 ], [ -0.368811427304057, 39.476433755686188 ], [ -0.367916461968866, 39.475496248393021 ], [ -0.367916461927593, 39.475496248346843 ], [ -0.36744769694735, 39.474935104273243 ], [ -0.367447696922567, 39.474935104242228 ], [ -0.367167628521823, 39.474568045021172 ], [ -0.366595185815347, 39.473833679959114 ], [ -0.366008991622213, 39.473097510380406 ], [ -0.366008991521945, 39.473097510221358 ], [ -0.366008991463764, 39.473097510050167 ], [ -0.366008991449916, 39.473097509873476 ], [ -0.366008991480936, 39.473097509698093 ], [ -0.366008991555628, 39.473097509530795 ], [ -0.366008991671103, 39.473097509378071 ], [ -0.366008991822898, 39.473097509245804 ], [ -0.36600899200515, 39.473097509139095 ], [ -0.366008992005149, 39.473097509139095 ], [ -0.366942647312713, 39.472655338040781 ], [ -0.366942647312714, 39.472655338040781 ], [ -0.366942647419298, 39.472655337996038 ], [ -0.367448167242695, 39.472468897767705 ], [ -0.36744816726431, 39.472468897759946 ], [ -0.368046530497748, 39.472259762317272 ], [ -0.368046530527725, 39.472259762307189 ], [ -0.368088509483233, 39.472246177725772 ], [ -0.368083365747396, 39.472233553311995 ], [ -0.368083365699979, 39.472233553136036 ], [ -0.3680833656986, 39.472233552956283 ], [ -0.368083365743315, 39.472233552779898 ], [ -0.368083365832342, 39.472233552613922 ], [ -0.368083365962133, 39.472233552464928 ], [ -0.368083366127519, 39.472233552338906 ], [ -0.368083366321904, 39.472233552240851 ], [ -0.36808450521202, 39.472233096065146 ], [ -0.368830117702084, 39.471931151104151 ], [ -0.368675771436242, 39.471810979915261 ], [ -0.36867577143624, 39.471810979915254 ], [ -0.36867577129649, 39.471810979783569 ], [ -0.368675771191274, 39.471810979633823 ], [ -0.368675771124364, 39.471810979471392 ], [ -0.368675771098161, 39.471810979302091 ], [ -0.368675771113604, 39.471810979132009 ], [ -0.368675771170137, 39.471810978967227 ], [ -0.368675771265734, 39.471810978813657 ], [ -0.368675771396968, 39.4718109786768 ], [ -0.369278911226509, 39.471292782299628 ], [ -0.370211452750463, 39.470491692205464 ], [ -0.370362214428029, 39.470362135855076 ], [ -0.370435968683151, 39.47029878382498 ] ] ] ] } },
{ "type": "Feature", "properties": { "INE_MUN": "46250", "DISTRITO": 11 }, "geometry": { "type": "MultiPolygon", "coordinates": [ [ [ [ -0.321288274596438, 39.46321145940324 ], [ -0.321288274596379, 39.463211459403119 ], [ -0.321283434321217, 39.463196181642601 ], [ -0.321271984650109, 39.463160789563965 ], [ -0.321238622571158, 39.463151921900192 ], [ -0.321229344289376, 39.463151874689544 ], [ -0.321229344288204, 39.463151874689544 ], [ -0.321188653862958, 39.463151635824815 ], [ -0.321188653837224, 39.463151635824438 ], [ -0.321130578202697, 39.463150297116783 ], [ -0.321066755820864, 39.463148826807625 ], [ -0.321001689846583, 39.463147326894621 ], [ -0.320936676096067, 39.463145829049935 ], [ -0.320936676076167, 39.46314582904936 ], [ -0.320871690839658, 39.463143466987731 ], [ -0.32087169083793, 39.463143466987674 ], [ -0.320809040021341, 39.463141117267604 ], [ -0.320809040020102, 39.46314111726754 ], [ -0.320748672759422, 39.463138803043684 ], [ -0.320748672735741, 39.463138803042597 ], [ -0.32069071864594, 39.463135660667575 ], [ -0.320635010351505, 39.463133507850415 ], [ -0.320580412524497, 39.463132249050553 ], [ -0.320580412501316, 39.463132249049842 ], [ -0.320522371417072, 39.46313001086272 ], [ -0.320522371400724, 39.463130010861988 ], [ -0.320453956366631, 39.463126622669925 ], [ -0.320453956290723, 39.46312662266422 ], [ -0.320372917493286, 39.463118444396969 ], [ -0.320372917453726, 39.463118444392428 ], [ -0.320287319626696, 39.46310747183891 ], [ -0.320287319539571, 39.463107471825076 ], [ -0.320206550298755, 39.463092119702267 ], [ -0.320206550147117, 39.463092119664736 ], [ -0.320139934787656, 39.463071639089627 ], [ -0.320139934623346, 39.463071639027078 ], [ -0.320086276020537, 39.463046969955201 ], [ -0.320086275885204, 39.463046969882463 ], [ -0.320039740692939, 39.463017966099216 ], [ -0.320039740692936, 39.463017966099216 ], [ -0.32003974056471, 39.463017966006099 ], [ -0.319999211123207, 39.462983708980822 ], [ -0.31999921112321, 39.462983708980822 ], [ -0.31999921104264, 39.462983708904758 ], [ -0.319963482357933, 39.462945949177453 ], [ -0.31996348234007, 39.462945949158041 ], [ -0.319928931452534, 39.462907330123251 ], [ -0.319928931427777, 39.46290733009441 ], [ -0.319893410070033, 39.462864170792123 ], [ -0.319893410064153, 39.46286417078489 ], [ -0.319846789760706, 39.462806323524227 ], [ -0.319846789750497, 39.462806323511302 ], [ -0.31977702909704, 39.462716434527749 ], [ -0.319777029093489, 39.462716434523145 ], [ -0.319675219622947, 39.462583461715511 ], [ -0.319675219620596, 39.462583461712441 ], [ -0.319545811211234, 39.462412899357204 ], [ -0.319545811202622, 39.462412899345658 ], [ -0.319400020986516, 39.462214062561834 ], [ -0.319400020975517, 39.462214062546487 ], [ -0.319243565931277, 39.46199064880382 ], [ -0.319243565928361, 39.461990648799627 ], [ -0.319066328304969, 39.461734333011911 ], [ -0.318857109056324, 39.461432208466256 ], [ -0.318608116930027, 39.461076033315472 ], [ -0.318332621836061, 39.460685018326473 ], [ -0.318047153406548, 39.46028111977985 ], [ -0.318047153404809, 39.460281119777392 ], [ -0.31776838564412, 39.459883757875488 ], [ -0.317492922101048, 39.459490917392706 ], [ -0.317492922099337, 39.459490917390241 ], [ -0.317217618366704, 39.459095386346512 ], [ -0.317217618365735, 39.459095386345126 ], [ -0.316939035462642, 39.458693450324752 ], [ -0.316939035461405, 39.458693450322947 ], [ -0.316745744230861, 39.458413053969373 ], [ -0.316657190567447, 39.458286087150164 ], [ -0.316657190563732, 39.458286087144806 ], [ -0.316377677548856, 39.457878759126558 ], [ -0.316377677547226, 39.457878759124164 ], [ -0.316107063838363, 39.457481527549049 ], [ -0.315860606927003, 39.457120900802828 ], [ -0.315661453748137, 39.456829814472968 ], [ -0.315510487703911, 39.456616426781459 ], [ -0.315510487700111, 39.456616426776051 ], [ -0.315344177402337, 39.456377482515876 ], [ -0.315344177396987, 39.456377482508081 ], [ -0.315079104755986, 39.455987552034209 ], [ -0.315079104752756, 39.455987552029434 ], [ -0.31462855546485, 39.455315018896904 ], [ -0.313888543626502, 39.45422138551038 ], [ -0.312746000500682, 39.452567146289361 ], [ -0.31169034676853, 39.451071632651669 ], [ -0.31163979616015, 39.45102721818445 ], [ -0.31154484149345, 39.451018712044196 ], [ -0.310068320344874, 39.4510097810996 ], [ -0.308255612552114, 39.451010151396865 ], [ -0.308255612459273, 39.451010151394009 ], [ -0.308023764218562, 39.450995783546659 ], [ -0.308023764059059, 39.450995783528057 ], [ -0.307474318602235, 39.450901086270868 ], [ -0.307474318602236, 39.450901086270868 ], [ -0.30747431840418, 39.450901086221961 ], [ -0.302562327328377, 39.449300075394476 ], [ -0.302483475678748, 39.449400768325731 ], [ -0.302483475551553, 39.449400768458801 ], [ -0.30248347539507, 39.449400768571564 ], [ -0.302483475214595, 39.449400768660205 ], [ -0.302483475016234, 39.449400768721702 ], [ -0.302483474806698, 39.449400768753996 ], [ -0.302232876002739, 39.449421079192589 ], [ -0.302232875778881, 39.449421079193925 ], [ -0.302232875558853, 39.44942107916193 ], [ -0.302232875350829, 39.449421079097803 ], [ -0.302232875162536, 39.449421079003926 ], [ -0.301991053654011, 39.449273149458186 ], [ -0.301991053486917, 39.449273149333017 ], [ -0.301991053355302, 39.449273149184563 ], [ -0.301991053264432, 39.449273149018779 ], [ -0.301925370499552, 39.449109469115918 ], [ -0.30192537045618, 39.44910946896065 ], [ -0.30192537044867, 39.449109468801915 ], [ -0.301925370477263, 39.449109468644593 ], [ -0.301969347547247, 39.448962742975844 ], [ -0.302010939941815, 39.44881863753578 ], [ -0.302054170215149, 39.44863226616868 ], [ -0.302022700660684, 39.448334277780255 ], [ -0.301979902233144, 39.447967538382457 ], [ -0.301979902228448, 39.447967538307836 ], [ -0.301976055743818, 39.447555740629006 ], [ -0.301967805013289, 39.447078090543314 ], [ -0.30196780501343, 39.447078090512711 ], [ -0.301980606184373, 39.446596407613903 ], [ -0.301984876910646, 39.44642536898278 ], [ -0.301984876910724, 39.446425368979902 ], [ -0.301999134393196, 39.445935598477675 ], [ -0.301999134394156, 39.445935598456124 ], [ -0.302021929093356, 39.445555989299841 ], [ -0.302004156101207, 39.445204222180614 ], [ -0.302004156104764, 39.445204222066636 ], [ -0.302050026248892, 39.444799023230459 ], [ -0.302045750271287, 39.444578195000609 ], [ -0.302017479134116, 39.444166735556166 ], [ -0.302017479134114, 39.444166735556166 ], [ -0.302017479137613, 39.444166735423622 ], [ -0.302056644711614, 39.443845143116135 ], [ -0.302039313654067, 39.443451081230648 ], [ -0.302039313653786, 39.443451081223415 ], [ -0.302023110715592, 39.44296876534338 ], [ -0.30202311071572, 39.442968765292946 ], [ -0.302031774008217, 39.442744605887611 ], [ -0.302042872615386, 39.442427790608733 ], [ -0.302048139680892, 39.44208106344859 ], [ -0.302009450467751, 39.441728852100582 ], [ -0.302009450481474, 39.441728851866621 ], [ -0.302080714207239, 39.441417897039194 ], [ -0.302066205700066, 39.441192365619287 ], [ -0.302025195471426, 39.440810327389777 ], [ -0.302025195467583, 39.44081032733007 ], [ -0.302015243608404, 39.440346167539317 ], [ -0.302015243610768, 39.440346167464995 ], [ -0.302057749841406, 39.439847172385377 ], [ -0.302057749851163, 39.439847172314124 ], [ -0.30210302489362, 39.439607713653764 ], [ -0.302096863733053, 39.439286850028509 ], [ -0.302086702612178, 39.438737113159085 ], [ -0.302086702612195, 39.438737113132476 ], [ -0.302095091255301, 39.438309394962701 ], [ -0.302075963649531, 39.437992761658563 ], [ -0.302075963649407, 39.437992761656439 ], [ -0.302052362470877, 39.437581439993011 ], [ -0.302052362469732, 39.437581439951742 ], [ -0.3020533678568, 39.437014827544253 ], [ -0.302053367857032, 39.437014827527449 ], [ -0.302072180833639, 39.436286471222125 ], [ -0.302076690510326, 39.435839731003888 ], [ -0.302072468204191, 39.435317148935113 ], [ -0.302072468204175, 39.435317148932548 ], [ -0.302070922748316, 39.434966681388161 ], [ -0.302063394741029, 39.434619692873575 ], [ -0.302063394742738, 39.434619692807289 ], [ -0.302090436575007, 39.434250966816535 ], [ -0.30209043660623, 39.434250966654204 ], [ -0.302090436674927, 39.434250966498965 ], [ -0.30211410054408, 39.434210076579625 ], [ -0.302125420328825, 39.434157166306392 ], [ -0.302132617777134, 39.434091598495534 ], [ -0.30213087994005, 39.433955552409245 ], [ -0.302130879952742, 39.433955552267257 ], [ -0.302130879994121, 39.433955552128602 ], [ -0.302184805553673, 39.433823432114728 ], [ -0.302184805553674, 39.433823432114728 ], [ -0.302184805700237, 39.433823431880448 ], [ -0.302269875130061, 39.433726330028541 ], [ -0.30226987513006, 39.433726330028541 ], [ -0.30226987525345, 39.433726329910506 ], [ -0.302384948046801, 39.433633505295838 ], [ -0.302384948046803, 39.433633505295838 ], [ -0.302384948175384, 39.433633505206494 ], [ -0.302483675452305, 39.433574541546008 ], [ -0.302483675625333, 39.433574541460409 ], [ -0.302585132363282, 39.433533650422234 ], [ -0.302585132363284, 39.433533650422234 ], [ -0.30258513252633, 39.433533650368332 ], [ -0.30269544959834, 39.433504679812053 ], [ -0.302695449920669, 39.433504679765321 ], [ -0.302917620507712, 39.433497234630508 ], [ -0.302917620766614, 39.433497234644321 ], [ -0.303023909355851, 39.433512298701125 ], [ -0.303023909559215, 39.433512298745072 ], [ -0.303146847111121, 39.433548490706606 ], [ -0.303253716728482, 39.433577976608355 ], [ -0.303253716902182, 39.433577976669156 ], [ -0.303253717060717, 39.43357797675116 ], [ -0.303253717199821, 39.433577976852177 ], [ -0.303423542297239, 39.433723349496631 ], [ -0.30342354229724, 39.433723349496631 ], [ -0.303423542407037, 39.433723349606616 ], [ -0.303423542493682, 39.43372334972841 ], [ -0.30348783284585, 39.433832973994825 ], [ -0.303487832845848, 39.433832973994825 ], [ -0.303487832929098, 39.433832974197408 ], [ -0.303502902546457, 39.433893689548484 ], [ -0.303502902546456, 39.433893689548484 ], [ -0.303502902564972, 39.433893689660643 ], [ -0.303510866747779, 39.433989315696145 ], [ -0.303510866745911, 39.43398931583144 ], [ -0.303498392015001, 39.434101641968176 ], [ -0.30349839197859, 39.434101642127203 ], [ -0.303498391906127, 39.434101642278627 ], [ -0.303433913061792, 39.434206451341545 ], [ -0.303433913061793, 39.434206451341545 ], [ -0.303433912968333, 39.434206451466544 ], [ -0.303433912850297, 39.434206451578348 ], [ -0.303340409568815, 39.434281770083608 ], [ -0.303340409568811, 39.434281770083608 ], [ -0.303340409389192, 39.434281770201608 ], [ -0.303340409182573, 39.434281770289104 ], [ -0.303232174555461, 39.434317082363137 ], [ -0.303232174274919, 39.434317082423924 ], [ -0.303166835414954, 39.434324570704185 ], [ -0.303083912048189, 39.434335264350906 ], [ -0.303083911994525, 39.434335264356839 ], [ -0.303029140853483, 39.434340304111743 ], [ -0.302991166140864, 39.434360124874516 ], [ -0.302940767405491, 39.434402200874793 ], [ -0.30288384005701, 39.434463052703563 ], [ -0.302855001569676, 39.434517325861393 ], [ -0.302835483365926, 39.434571816168791 ], [ -0.302794000893697, 39.43790130832911 ], [ -0.302850732826803, 39.437936864931615 ], [ -0.302850732826802, 39.437936864931615 ], [ -0.302850732987689, 39.437936865054319 ], [ -0.302850733114937, 39.437936865198822 ], [ -0.302916834932646, 39.438030294448261 ], [ -0.302916835019529, 39.438030294604481 ], [ -0.302916835066973, 39.438030294770577 ], [ -0.302932742897032, 39.438129775273907 ], [ -0.302932742904572, 39.438129775427086 ], [ -0.302932742878495, 39.438129775579036 ], [ -0.302932742819557, 39.438129775725365 ], [ -0.302882571610352, 39.438224971632174 ], [ -0.302882571503091, 39.43822497178931 ], [ -0.302882571358107, 39.438224971927035 ], [ -0.302809518782322, 39.438281837102224 ], [ -0.302809518770827, 39.438281837111042 ], [ -0.302777218441753, 39.438306289267075 ], [ -0.302772581129764, 39.43833505336918 ], [ -0.302787358386116, 39.441321674458706 ], [ -0.302849048270022, 39.441348347332841 ], [ -0.302849048270021, 39.441348347332841 ], [ -0.302849048431674, 39.441348347417268 ], [ -0.302849048572845, 39.441348347521448 ], [ -0.302849048689559, 39.441348347642474 ], [ -0.302926651928149, 39.441444736484215 ], [ -0.302926652036864, 39.441444736658575 ], [ -0.302926652094981, 39.441444736846911 ], [ -0.302926652099814, 39.441444737040555 ], [ -0.302910839061869, 39.441583092805907 ], [ -0.302910839061867, 39.441583092805907 ], [ -0.302910839028096, 39.441583092955774 ], [ -0.302910838962267, 39.441583093099098 ], [ -0.302910838866259, 39.441583093231777 ], [ -0.302836704369745, 39.441667863914113 ], [ -0.302836704313415, 39.44166786397318 ], [ -0.302799283242611, 39.441703930352659 ], [ -0.302786638323596, 39.44173064479051 ], [ -0.302767911104677, 39.444607159367408 ], [ -0.303817117286625, 39.444621088267887 ], [ -0.303817117341797, 39.444621088269642 ], [ -0.303951633937537, 39.444627841882024 ], [ -0.303951634150876, 39.44462784190835 ], [ -0.303951634354239, 39.444627841964838 ], [ -0.303951634540588, 39.444627842049556 ], [ -0.303951634703475, 39.444627842159569 ], [ -0.303951634837266, 39.444627842291077 ], [ -0.303951634937333, 39.444627842439516 ], [ -0.303951635000211, 39.444627842599758 ], [ -0.303951635023727, 39.444627842766252 ], [ -0.303967478172942, 39.445398651858952 ], [ -0.304427845085763, 39.445415374684359 ], [ -0.304427845306538, 39.445415374709007 ], [ -0.304427845517165, 39.445415374765915 ], [ -0.304427845709874, 39.445415374852992 ], [ -0.30442784587756, 39.445415374967041 ], [ -0.304427846014034, 39.445415375103835 ], [ -0.304427846114266, 39.445415375258328 ], [ -0.304427846174557, 39.44541537542483 ], [ -0.304427846192682, 39.4454153755972 ], [ -0.304422147043565, 39.445713465570179 ], [ -0.304422147017281, 39.445713465747772 ], [ -0.304422146946265, 39.445713465917848 ], [ -0.304422146833321, 39.445713466073691 ], [ -0.304422146682894, 39.445713466209163 ], [ -0.304422146500915, 39.445713466318921 ], [ -0.304422146294556, 39.445713466398651 ], [ -0.304422146071951, 39.445713466445206 ], [ -0.304422145841871, 39.445713466456759 ], [ -0.303948965672846, 39.445700689462576 ], [ -0.303922466598295, 39.446799120137655 ], [ -0.303928753971696, 39.446876739946916 ], [ -0.303947993240375, 39.44691952701109 ], [ -0.303981423965515, 39.446957237172882 ], [ -0.304034607370783, 39.446993599272574 ], [ -0.304072550457474, 39.447004402407273 ], [ -0.307526496896568, 39.447044770359497 ], [ -0.307665283405423, 39.446850722666255 ], [ -0.307665283405425, 39.446850722666255 ], [ -0.307665283531036, 39.446850722524495 ], [ -0.307665283689115, 39.446850722403831 ], [ -0.307665283873898, 39.446850722308689 ], [ -0.307665284078644, 39.446850722242516 ], [ -0.307665284295883, 39.446850722207728 ], [ -0.307665284517691, 39.446850722205582 ], [ -0.307665284735979, 39.446850722236185 ], [ -0.307785113797807, 39.446876887169374 ], [ -0.310509274489957, 39.442002325750728 ], [ -0.310509274489959, 39.442002325750728 ], [ -0.310509274609712, 39.442002325586266 ], [ -0.310509274771083, 39.442002325444761 ], [ -0.310509274966968, 39.442002325332481 ], [ -0.31050927518875, 39.442002325254364 ], [ -0.310509275426671, 39.442002325213828 ], [ -0.313226552996775, 39.441766985374187 ], [ -0.313217527451385, 39.441730707584185 ], [ -0.313217527430451, 39.441730707402414 ], [ -0.313217527457214, 39.441730707221105 ], [ -0.313217527530574, 39.441730707047697 ], [ -0.313217527647516, 39.441730706889317 ], [ -0.313217527803241, 39.44173070675248 ], [ -0.313217527991349, 39.441730706642801 ], [ -0.313217528204116, 39.441730706564776 ], [ -0.313217528432802, 39.441730706521618 ], [ -0.313508015017224, 39.441699596098168 ], [ -0.313508015250978, 39.441699596091567 ], [ -0.313508015481694, 39.441699596121431 ], [ -0.313508015700014, 39.441699596186531 ], [ -0.313508015897083, 39.441699596284224 ], [ -0.313508016064905, 39.441699596410565 ], [ -0.313508016196671, 39.441699596560419 ], [ -0.313508016287037, 39.441699596727702 ], [ -0.313508016287038, 39.441699596727702 ], [ -0.313564106279773, 39.441842325927936 ], [ -0.313564106279772, 39.441842325927936 ], [ -0.313564106321016, 39.441842326077378 ], [ -0.313564106329073, 39.441842326230081 ], [ -0.313560420590611, 39.441907129216233 ], [ -0.313560420547159, 39.441907129423669 ], [ -0.313560420442884, 39.441907129617626 ], [ -0.313505236704391, 39.441983287876823 ], [ -0.313505236704393, 39.441983287876823 ], [ -0.313505236561684, 39.441983288032446 ], [ -0.313505236379865, 39.441983288161232 ], [ -0.313505236167111, 39.441983288257383 ], [ -0.313505235932989, 39.441983288316607 ], [ -0.313414001121118, 39.441998300615573 ], [ -0.313414001012131, 39.441998300629336 ], [ -0.312020846475592, 39.442121963717838 ], [ -0.312080950289191, 39.442492727776703 ], [ -0.312653106984387, 39.442690612810509 ], [ -0.312653106984388, 39.442690612810509 ], [ -0.312653107173961, 39.442690612893365 ], [ -0.312653107340263, 39.442690613002227 ], [ -0.312653107477455, 39.442690613133216 ], [ -0.31265310758072, 39.442690613281748 ], [ -0.312653107646429, 39.442690613442622 ], [ -0.312653107672277, 39.442690613610161 ], [ -0.312653107657355, 39.44269061377851 ], [ -0.312653107602189, 39.44269061394175 ], [ -0.312653107508714, 39.442690614094126 ], [ -0.312634718848619, 39.4427145197389 ], [ -0.313012092014722, 39.442842130694871 ], [ -0.313012092213249, 39.442842130780825 ], [ -0.313012092386368, 39.442842130895137 ], [ -0.313012092527443, 39.442842131033416 ], [ -0.313012092631065, 39.442842131190346 ], [ -0.313012092693261, 39.442842131359932 ], [ -0.313012092711648, 39.442842131535656 ], [ -0.313012092685519, 39.442842131710805 ], [ -0.313012092615878, 39.442842131878642 ], [ -0.310153581562496, 39.447950629143577 ], [ -0.31015358145161, 39.447950629298113 ], [ -0.310153581303915, 39.447950629432853 ], [ -0.310153581125102, 39.447950629542611 ], [ -0.310153580922069, 39.447950629623179 ], [ -0.310153580702643, 39.447950629671432 ], [ -0.310153580475289, 39.447950629685501 ], [ -0.310153580248773, 39.447950629664845 ], [ -0.31015358003183, 39.447950629610261 ], [ -0.309697080603155, 39.447795920480552 ], [ -0.309581632369838, 39.447806753936376 ], [ -0.309392631995508, 39.447826698668152 ], [ -0.309240498421447, 39.447854690974744 ], [ -0.30905511638101, 39.447901781126994 ], [ -0.308880861582356, 39.447961677758762 ], [ -0.3087028712518, 39.448056671195609 ], [ -0.308536004070849, 39.448165444011885 ], [ -0.308423314498251, 39.448286208759384 ], [ -0.308307496452066, 39.44842769309119 ], [ -0.30824941759949, 39.448547969275481 ], [ -0.308218636038278, 39.448652640401612 ], [ -0.308218636030492, 39.448652640426467 ], [ -0.308187091523745, 39.448747405842589 ], [ -0.308180462169926, 39.449824677805893 ], [ -0.308199229174814, 39.449940423158587 ], [ -0.308223691413735, 39.450029292193307 ], [ -0.308359894847766, 39.450233324861642 ], [ -0.308470386332625, 39.450351193480955 ], [ -0.308592663522347, 39.450435092787664 ], [ -0.308756686838549, 39.450519993815178 ], [ -0.308859888463784, 39.450556588706291 ], [ -0.308976940059591, 39.450594422190214 ], [ -0.309104832365526, 39.450622624878612 ], [ -0.309202015698967, 39.45063389625868 ], [ -0.309295711140618, 39.450644163420762 ], [ -0.309295711374949, 39.450644163466116 ], [ -0.309424483096898, 39.450680461563309 ], [ -0.309855610283661, 39.450678758103471 ], [ -0.309831824655127, 39.449969204482613 ], [ -0.309831824672004, 39.449969204304523 ], [ -0.309831824733883, 39.449969204132508 ], [ -0.309831824838329, 39.449969203973332 ], [ -0.309831824981235, 39.449969203833284 ], [ -0.309831825156982, 39.449969203717835 ], [ -0.309831825358655, 39.449969203631568 ], [ -0.309831825578326, 39.44996920357783 ], [ -0.309831825807351, 39.449969203558773 ], [ -0.312343411419115, 39.449954323400952 ], [ -0.31234341164246, 39.449954323416407 ], [ -0.312343411857814, 39.449954323464837 ], [ -0.312343412057147, 39.449954323544475 ], [ -0.312343412233032, 39.4499543236523 ], [ -0.312343412378911, 39.449954323784326 ], [ -0.312343412489347, 39.449954323935629 ], [ -0.312343412560226, 39.44995432410056 ], [ -0.312343412588903, 39.449954324272966 ], [ -0.312372684102368, 39.450672967363168 ], [ -0.313020931907112, 39.450676257492908 ], [ -0.313892040522235, 39.450670368354189 ], [ -0.313893952817136, 39.450598425698189 ], [ -0.313886735714763, 39.450581872817672 ], [ -0.313693432214736, 39.45059360899171 ], [ -0.313693431988899, 39.450593608988342 ], [ -0.313693431768175, 39.450593608951145 ], [ -0.313693431560909, 39.45059360888154 ], [ -0.313693431374943, 39.450593608782142 ], [ -0.313693431217307, 39.450593608656725 ], [ -0.313693431093964, 39.450593608510019 ], [ -0.313693431009578, 39.450593608347575 ], [ -0.313693430967342, 39.450593608175545 ], [ -0.313493896463388, 39.448892653333672 ], [ -0.313493896464807, 39.448892653159248 ], [ -0.313493896509574, 39.44889265298832 ], [ -0.313493896596011, 39.448892652827261 ], [ -0.313493896720874, 39.448892652682169 ], [ -0.313493896879475, 39.448892652558449 ], [ -0.313493897065868, 39.448892652460756 ], [ -0.313493897273055, 39.448892652392772 ], [ -0.313493897493263, 39.448892652357017 ], [ -0.313676921162047, 39.448877066405856 ], [ -0.313629101759292, 39.448519218811114 ], [ -0.313629101758224, 39.448519218633898 ], [ -0.313629101801948, 39.448519218459936 ], [ -0.31362910188877, 39.448519218295999 ], [ -0.313629102015324, 39.448519218148419 ], [ -0.313629102176712, 39.448519218022902 ], [ -0.31362910236668, 39.448519217924321 ], [ -0.31362910257787, 39.448519217856514 ], [ -0.313629102802103, 39.448519217822081 ], [ -0.31428750604081, 39.44846955690101 ], [ -0.314268319501469, 39.448123181610669 ], [ -0.314268319500409, 39.448123181568256 ], [ -0.314269267368557, 39.447947579950487 ], [ -0.31426926737792, 39.447947579840097 ], [ -0.314313211430852, 39.44768101958919 ], [ -0.314313211452064, 39.44768101949807 ], [ -0.314383724333501, 39.447447526224096 ], [ -0.31438372434156, 39.447447526199042 ], [ -0.314491097925065, 39.44713291047082 ], [ -0.314491097925504, 39.447132910469534 ], [ -0.314515964766465, 39.447060478613714 ], [ -0.314408283404527, 39.446930095566451 ], [ -0.314408283305388, 39.446930095417471 ], [ -0.314408283243583, 39.446930095256832 ], [ -0.314408283221255, 39.446930095090089 ], [ -0.314408283239175, 39.446930094923026 ], [ -0.314408283296724, 39.446930094761441 ], [ -0.314408283391907, 39.44693009461092 ], [ -0.314408283521426, 39.446930094476691 ], [ -0.31440828368079, 39.446930094363402 ], [ -0.314408283864481, 39.446930094274968 ], [ -0.315010992134573, 39.446697158271796 ], [ -0.315010992134571, 39.446697158271796 ], [ -0.315010992342839, 39.446697158209844 ], [ -0.315010992562537, 39.446697158179923 ], [ -0.31501099278556, 39.446697158183113 ], [ -0.315010993003684, 39.446697158219315 ], [ -0.315010993208862, 39.446697158287158 ], [ -0.315010993393526, 39.446697158384168 ], [ -0.315010993550863, 39.446697158506751 ], [ -0.315010993675073, 39.446697158650416 ], [ -0.320722693411061, 39.454911497586892 ], [ -0.320891729433047, 39.454837905264249 ], [ -0.320891729433048, 39.454837905264249 ], [ -0.320891729639329, 39.454837905193891 ], [ -0.320891729859255, 39.454837905155721 ], [ -0.320891730084545, 39.454837905151209 ], [ -0.320891730306725, 39.45483790518049 ], [ -0.320891730517425, 39.454837905242492 ], [ -0.320891730708716, 39.454837905334863 ], [ -0.320891730873396, 39.454837905454134 ], [ -0.320891731005265, 39.454837905595824 ], [ -0.321042082847684, 39.455037804258623 ], [ -0.321042082847686, 39.455037804258623 ], [ -0.321042082953745, 39.455037804445631 ], [ -0.321042083002697, 39.455037804646373 ], [ -0.321042082992023, 39.455037804850498 ], [ -0.321019069817658, 39.45515258501684 ], [ -0.323288170515729, 39.458406489378419 ], [ -0.323377681774178, 39.458405856484823 ], [ -0.323593172879141, 39.458332442478365 ], [ -0.323593172879142, 39.458332442478365 ], [ -0.323593173089323, 39.45833244242462 ], [ -0.323593173308841, 39.458332442402728 ], [ -0.323593173529726, 39.458332442413536 ], [ -0.32359317374396, 39.458332442456609 ], [ -0.323593173943765, 39.458332442530406 ], [ -0.32359317412189, 39.458332442632233 ], [ -0.323593174271867, 39.458332442758397 ], [ -0.323593174388254, 39.458332442904329 ], [ -0.323640316428066, 39.458406515943068 ], [ -0.323948290190238, 39.458406371171471 ], [ -0.324483462550864, 39.457904311452253 ], [ -0.324483462550861, 39.457904311452253 ], [ -0.324483462718674, 39.457904311323915 ], [ -0.324572744882243, 39.457848691861351 ], [ -0.324572744882246, 39.457848691861351 ], [ -0.324572745040708, 39.457848691778288 ], [ -0.324670872040697, 39.457805934033836 ], [ -0.324670872040698, 39.457805934033836 ], [ -0.324670872224854, 39.45780593396924 ], [ -0.324777703007976, 39.457776839154675 ], [ -0.324777703211249, 39.457776839114871 ], [ -0.324888659631968, 39.457763212580375 ], [ -0.324888659824193, 39.457763212569311 ], [ -0.325002485122877, 39.457764007389216 ], [ -0.325002485325583, 39.457764007404464 ], [ -0.325113443652386, 39.457780064497712 ], [ -0.32511344385314, 39.457780064541538 ], [ -0.325219153212167, 39.457811315581608 ], [ -0.325219153212169, 39.457811315581608 ], [ -0.325219153390488, 39.457811315648335 ], [ -0.32531621240786, 39.457855906746545 ], [ -0.325316212407863, 39.457855906746545 ], [ -0.32531621256909, 39.457855906835846 ], [ -0.325402379663874, 39.457912833302196 ], [ -0.32540237981696, 39.457912833424523 ], [ -0.325472970040738, 39.457981135241106 ], [ -0.325472970040736, 39.457981135241106 ], [ -0.325472970141545, 39.457981135355745 ], [ -0.325529318502767, 39.458057208245805 ], [ -0.325529318502768, 39.458057208245805 ], [ -0.325529318591441, 39.458057208395907 ], [ -0.325566842271671, 39.45814006406173 ], [ -0.325566842322876, 39.458140064218789 ], [ -0.325584450429541, 39.4582260200253 ], [ -0.325584450429542, 39.4582260200253 ], [ -0.325584450443867, 39.458226020174855 ], [ -0.325583398726612, 39.458314298745584 ], [ -0.325583398702467, 39.458314298920101 ], [ -0.325556957276119, 39.458413151438066 ], [ -0.325556957226275, 39.458413151571577 ], [ -0.325523509622923, 39.458482253643105 ], [ -0.325523509537231, 39.458482253782478 ], [ -0.325467208405002, 39.458556636043603 ], [ -0.325467208405001, 39.458556636043603 ], [ -0.325467208307805, 39.458556636152714 ], [ -0.324320898351065, 39.459659941528486 ], [ -0.324486613682486, 39.459763751364292 ], [ -0.324486613842854, 39.459763751486435 ], [ -0.324486613969867, 39.459763751630256 ], [ -0.324486614058766, 39.459763751790312 ], [ -0.32448661410622, 39.459763751960665 ], [ -0.324486614110452, 39.459763752134918 ], [ -0.324469736282658, 39.459930943197804 ], [ -0.324469736241439, 39.45993094337512 ], [ -0.324469736155514, 39.45993094354251 ], [ -0.324469736028322, 39.459930943693294 ], [ -0.324469735864952, 39.459930943821433 ], [ -0.324469735671946, 39.459930943921805 ], [ -0.324276067882743, 39.460011149682245 ], [ -0.324540379453374, 39.460392906607545 ], [ -0.325136287687953, 39.460157069594189 ], [ -0.325136287888106, 39.460157069532372 ], [ -0.325136288099548, 39.460157069500255 ], [ -0.325136288315001, 39.460157069498969 ], [ -0.325136288527054, 39.460157069528556 ], [ -0.325136288728411, 39.460157069587993 ], [ -0.32513628891215, 39.460157069675219 ], [ -0.325136289071944, 39.460157069787265 ], [ -0.325136289202298, 39.460157069920228 ], [ -0.325382545453405, 39.4604636474415 ], [ -0.325382545556606, 39.460463647604662 ], [ -0.325382545615439, 39.460463647780578 ], [ -0.325382545627512, 39.460463647962065 ], [ -0.325382545592328, 39.46046364814174 ], [ -0.325382545511324, 39.46046364831227 ], [ -0.325382545387799, 39.460463648466707 ], [ -0.32538254522678, 39.460463648598804 ], [ -0.32538254503483, 39.460463648703147 ], [ -0.32477155824035, 39.460728846114456 ], [ -0.325329649517824, 39.461480433310967 ], [ -0.325532773762993, 39.461547229145694 ], [ -0.325715745499863, 39.461260468244447 ], [ -0.325715745617046, 39.461260468097983 ], [ -0.325715745768077, 39.46126046797152 ], [ -0.325715745947423, 39.461260467869685 ], [ -0.325715746148516, 39.461260467796173 ], [ -0.325715746363991, 39.461260467753718 ], [ -0.325715746585953, 39.461260467743863 ], [ -0.325715746806274, 39.461260467766955 ], [ -0.325715747016881, 39.461260467822157 ], [ -0.326167608183255, 39.461417702887246 ], [ -0.326167608183256, 39.461417702887246 ], [ -0.326167608386083, 39.461417702977862 ], [ -0.32616760856135, 39.461417703098185 ], [ -0.326167608701943, 39.461417703243256 ], [ -0.326167608802148, 39.461417703407278 ], [ -0.326167608857898, 39.461417703583521 ], [ -0.326167608866929, 39.461417703764852 ], [ -0.326167608828873, 39.461417703943901 ], [ -0.326167608745276, 39.461417704113408 ], [ -0.325995962243784, 39.461682195938089 ], [ -0.326007401309198, 39.461716705020208 ], [ -0.326143488832641, 39.461744166871767 ], [ -0.326143488832639, 39.461744166871767 ], [ -0.326143489040807, 39.461744166930707 ], [ -0.326143489230747, 39.461744167019212 ], [ -0.326143489395545, 39.461744167134086 ], [ -0.326143489529207, 39.461744167271107 ], [ -0.326143489626863, 39.461744167425323 ], [ -0.326143489684963, 39.461744167591092 ], [ -0.326143489701392, 39.461744167762419 ], [ -0.326140440494121, 39.461854907828183 ], [ -0.326332843371343, 39.461867432331616 ], [ -0.326358470514928, 39.461684227434453 ], [ -0.326358470560778, 39.461684227263575 ], [ -0.32635847064829, 39.461684227102772 ], [ -0.326358470774179, 39.461684226958077 ], [ -0.326358470933715, 39.461684226834912 ], [ -0.326358471120903, 39.461684226737923 ], [ -0.326358471328713, 39.461684226670734 ], [ -0.326358471549337, 39.461684226635903 ], [ -0.326358471774489, 39.461684226634702 ], [ -0.32853865480339, 39.461837071321369 ], [ -0.328569649190265, 39.461634174520668 ], [ -0.328569649234448, 39.46163417435956 ], [ -0.328569649315749, 39.461634174207376 ], [ -0.328569649431452, 39.461634174069218 ], [ -0.328569649577681, 39.461634173949719 ], [ -0.328569649749549, 39.461634173852858 ], [ -0.328569649941301, 39.461634173781889 ], [ -0.328569650146525, 39.461634173739156 ], [ -0.328793955997992, 39.46160419825781 ], [ -0.32879395632661, 39.461604198250484 ], [ -0.328945675335602, 39.461617571612678 ], [ -0.329091001445933, 39.461616410903616 ], [ -0.329191690674471, 39.46159621575206 ], [ -0.32929857187251, 39.461567122524862 ], [ -0.329401105652413, 39.461529843958111 ], [ -0.329501621170555, 39.461484407436181 ], [ -0.329696840488896, 39.46139339513762 ], [ -0.329696840709928, 39.461393395057719 ], [ -0.329696840947607, 39.461393395015364 ], [ -0.329696841191458, 39.461393395012394 ], [ -0.329696841430732, 39.461393395048965 ], [ -0.329696841654883, 39.461393395123451 ], [ -0.329696841854033, 39.461393395232577 ], [ -0.329814684867698, 39.461473589207351 ], [ -0.331198949274422, 39.460253155743501 ], [ -0.331021331827397, 39.460126587235941 ], [ -0.331021331827399, 39.460126587235941 ], [ -0.331021331686055, 39.46012658711517 ], [ -0.331021331575128, 39.460126586976607 ], [ -0.331021331498257, 39.460126586824806 ], [ -0.331021331457958, 39.460126586664778 ], [ -0.331021331455559, 39.460126586501701 ], [ -0.331021331491132, 39.460126586340998 ], [ -0.331114191097511, 39.459856642137794 ], [ -0.331114191097513, 39.459856642137794 ], [ -0.331114191174793, 39.459856641976764 ], [ -0.331114191290126, 39.459856641830029 ], [ -0.331114191439312, 39.459856641702949 ], [ -0.331114191616919, 39.459856641600162 ], [ -0.331289325227897, 39.459774188020198 ], [ -0.330471935185458, 39.458781583987189 ], [ -0.33047193508043, 39.458781583825989 ], [ -0.330471935019011, 39.458781583651785 ], [ -0.330471935003665, 39.458781583471598 ], [ -0.330471935035012, 39.458781583292634 ], [ -0.330471935111792, 39.458781583122139 ], [ -0.330471935230916, 39.458781582966942 ], [ -0.330471935387592, 39.458781582833296 ], [ -0.330471935575519, 39.458781582726566 ], [ -0.3307333429111, 39.458662351501566 ], [ -0.330530055904397, 39.458412927968297 ], [ -0.329925140795323, 39.457672670869975 ], [ -0.329925140795325, 39.457672670869975 ], [ -0.329925140693917, 39.457672670714331 ], [ -0.329925140633109, 39.457672670546444 ], [ -0.329925140615178, 39.457672670372645 ], [ -0.3299251406408, 39.457672670199408 ], [ -0.329925140709011, 39.457672670033247 ], [ -0.329925140817255, 39.457672669880381 ], [ -0.329925140961472, 39.457672669746572 ], [ -0.329925141136257, 39.457672669636807 ], [ -0.329925141136258, 39.457672669636807 ], [ -0.330177599806479, 39.457543359547216 ], [ -0.32975764057919, 39.4570391119885 ], [ -0.329672193502197, 39.456963259991518 ], [ -0.328070754703179, 39.456054454676341 ], [ -0.326581266050629, 39.457474205353279 ], [ -0.326581266050628, 39.457474205353279 ], [ -0.326581265863916, 39.457474205495103 ], [ -0.326490830245493, 39.457528893715406 ], [ -0.326490830077209, 39.457528893800138 ], [ -0.326391681433793, 39.45756984226476 ], [ -0.326391681433792, 39.45756984226476 ], [ -0.32639168125139, 39.457569842325199 ], [ -0.326284873542185, 39.457597145528126 ], [ -0.326284873542187, 39.457597145528126 ], [ -0.326284873348812, 39.457597145563682 ], [ -0.326173997606037, 39.457609892439372 ], [ -0.326173997606038, 39.457609892439372 ], [ -0.32617399740118, 39.45760989244873 ], [ -0.326062523622039, 39.457607328614529 ], [ -0.326062523429483, 39.457607328597561 ], [ -0.325952790522778, 39.457590378112862 ], [ -0.325952790332451, 39.457590378070115 ], [ -0.325848223929468, 39.457559172014449 ], [ -0.32584822392947, 39.457559172014449 ], [ -0.325848223740818, 39.457559171942322 ], [ -0.325752336619636, 39.45751371999247 ], [ -0.325752336619634, 39.45751371999247 ], [ -0.325752336473155, 39.457513719910239 ], [ -0.325667325428161, 39.457457685144554 ], [ -0.325667325428158, 39.457457685144554 ], [ -0.325667325279112, 39.457457685026412 ], [ -0.325596699995277, 39.457390306817082 ], [ -0.325596699884486, 39.457390306690876 ], [ -0.325541490979158, 39.457314260053487 ], [ -0.325541490896743, 39.457314259912998 ], [ -0.325503984554588, 39.45723232802996 ], [ -0.325503984554587, 39.45723232802996 ], [ -0.325503984504411, 39.457232327880995 ], [ -0.325485154021396, 39.457147194349396 ], [ -0.325485154021394, 39.457147194349396 ], [ -0.325485154004688, 39.457147194198519 ], [ -0.325484990938861, 39.457060716434853 ], [ -0.325484990956531, 39.457060716277063 ], [ -0.325504566870617, 39.456974710778972 ], [ -0.325504566870618, 39.456974710778972 ], [ -0.325504566921264, 39.456974710631172 ], [ -0.325542552722422, 39.456892686337049 ], [ -0.325542552722424, 39.456892686337049 ], [ -0.325542552805666, 39.456892686196575 ], [ -0.325597748719528, 39.45681735503728 ], [ -0.325597748719526, 39.45681735503728 ], [ -0.325597748827004, 39.45681735491516 ], [ -0.326881182880597, 39.455589277325757 ], [ -0.326716484869592, 39.455490013107543 ], [ -0.32671648486959, 39.455490013107543 ], [ -0.32671648471009, 39.45549001299112 ], [ -0.326716484581622, 39.455490012853552 ], [ -0.326716484488758, 39.455490012699734 ], [ -0.326716484434798, 39.455490012535144 ], [ -0.326716484421663, 39.455490012365622 ], [ -0.326716484449821, 39.455490012197203 ], [ -0.326716484518272, 39.455490012035867 ], [ -0.326798751327247, 39.455344161736932 ], [ -0.322720941607099, 39.454045853886406 ], [ -0.322720941405518, 39.454045853803429 ], [ -0.322720941228757, 39.454045853691504 ], [ -0.322720941083643, 39.454045853554916 ], [ -0.322720940975777, 39.454045853398995 ], [ -0.322720940909324, 39.454045853229729 ], [ -0.322720940886851, 39.45404585305365 ], [ -0.322720940909224, 39.45404585287757 ], [ -0.32272094097558, 39.454045852708269 ], [ -0.323100165575012, 39.453337498402988 ], [ -0.32310016567761, 39.453337498253063 ], [ -0.32310016581467, 39.453337498120717 ], [ -0.323100165981327, 39.453337498010669 ], [ -0.323100166171658, 39.453337497926832 ], [ -0.323100166378904, 39.453337497872148 ], [ -0.323100166595701, 39.453337497848587 ], [ -0.323722700844294, 39.453315817117087 ], [ -0.323801115564769, 39.453087865320121 ], [ -0.323801115564768, 39.453087865320121 ], [ -0.323801115641989, 39.453087865159183 ], [ -0.323801115757214, 39.453087865012527 ], [ -0.323801115906255, 39.453087864885497 ], [ -0.323801116083689, 39.453087864782709 ], [ -0.323801116283066, 39.453087864707911 ], [ -0.323801116497135, 39.453087864663793 ], [ -0.323801116718109, 39.453087864651991 ], [ -0.323801116937958, 39.453087864672938 ], [ -0.325245315101275, 39.453335522526288 ], [ -0.325258689357664, 39.453290774833093 ], [ -0.323818755800217, 39.453022517780148 ], [ -0.323818755800219, 39.453022517780148 ], [ -0.323818755575936, 39.453022517718956 ], [ -0.323818755372425, 39.453022517623637 ], [ -0.323818755198209, 39.453022517498205 ], [ -0.323818755060592, 39.453022517347904 ], [ -0.323818754965339, 39.453022517179001 ], [ -0.323818754916442, 39.453022516998615 ], [ -0.32381875491595, 39.453022516814286 ], [ -0.323818754963881, 39.453022516633752 ], [ -0.323914969388644, 39.452786010264802 ], [ -0.323914969388645, 39.452786010264802 ], [ -0.323914969473931, 39.452786010108397 ], [ -0.323914969595574, 39.452786009967184 ], [ -0.323914969749252, 39.452786009846193 ], [ -0.3239149699295, 39.452786009749701 ], [ -0.323914970129906, 39.452786009681169 ], [ -0.323914970343343, 39.452786009643027 ], [ -0.323914970562224, 39.452786009636625 ], [ -0.323914970778763, 39.452786009662198 ], [ -0.325229873781435, 39.453041483906631 ], [ -0.325285802192533, 39.453006718342536 ], [ -0.325285802192534, 39.453006718342536 ], [ -0.32528580239447, 39.453006718241689 ], [ -0.325285802618843, 39.453006718175203 ], [ -0.325285802856059, 39.453006718145929 ], [ -0.32536846323649, 39.453003232661338 ], [ -0.325296152970692, 39.452979949860449 ], [ -0.325296152764861, 39.452979949774409 ], [ -0.325296152585429, 39.452979949658157 ], [ -0.32529615243967, 39.452979949516397 ], [ -0.32529615233349, 39.452979949354877 ], [ -0.325296152271195, 39.45297994918014 ], [ -0.325296152255308, 39.452979948999271 ], [ -0.325296152286474, 39.452979948819596 ], [ -0.32529615236343, 39.452979948648412 ], [ -0.325296152483055, 39.452979948492654 ], [ -0.325296152483057, 39.452979948492654 ], [ -0.325362741996067, 39.452910298803886 ], [ -0.325318795009676, 39.452843533979049 ], [ -0.325318795009677, 39.452843533979049 ], [ -0.325318794919171, 39.45284353379347 ], [ -0.325318794883286, 39.45284353359704 ], [ -0.325318794903764, 39.452843533399253 ], [ -0.325318794979608, 39.452843533209766 ], [ -0.325473396600098, 39.452568721869937 ], [ -0.32547123627999, 39.452534430118021 ], [ -0.325471236278682, 39.452534430063807 ], [ -0.325471953339133, 39.452485808338331 ], [ -0.325471953339135, 39.452485808338331 ], [ -0.325471953369325, 39.452485808144381 ], [ -0.325471953452753, 39.452485807960073 ], [ -0.32547195358549, 39.452485807794027 ], [ -0.325515442894051, 39.452442679225463 ], [ -0.32551544301799, 39.452442679120765 ], [ -0.325515443161631, 39.45244267903248 ], [ -0.325556916672112, 39.452421089019232 ], [ -0.325556916672113, 39.452421089019232 ], [ -0.325556916869629, 39.452421088936653 ], [ -0.325611038658141, 39.452403456519825 ], [ -0.325611038895515, 39.452403456464708 ], [ -0.325611039142563, 39.452403456449886 ], [ -0.325648178830061, 39.452404310167537 ], [ -0.325648178993192, 39.452404310180256 ], [ -0.325688670711848, 39.452409728274951 ], [ -0.325688670938425, 39.452409728324007 ], [ -0.325932186809903, 39.452483776935885 ], [ -0.326176392183732, 39.452022762277053 ], [ -0.326164010518742, 39.451981944185178 ], [ -0.325040051358399, 39.451626354625596 ], [ -0.324999619033733, 39.451680403730045 ], [ -0.324999618891958, 39.451680403880978 ], [ -0.32499961871308, 39.451680404005998 ], [ -0.324999618504787, 39.45168040409974 ], [ -0.324999618276039, 39.451680404158154 ], [ -0.324999618036666, 39.451680404178738 ], [ -0.324999617796965, 39.451680404160626 ], [ -0.324999617567235, 39.451680404104557 ], [ -0.32459925625007, 39.451545935485861 ], [ -0.324599256044209, 39.451545935396474 ], [ -0.324599255865897, 39.451545935276663 ], [ -0.324599255722493, 39.451545935131406 ], [ -0.324599255619916, 39.45154593496666 ], [ -0.3245992555624, 39.451545934789259 ], [ -0.324599255552318, 39.4515459346065 ], [ -0.324599255590083, 39.45154593442593 ], [ -0.32459925567414, 39.451545934254995 ], [ -0.324633807205229, 39.451492673508909 ], [ -0.323344558505379, 39.451083748738007 ], [ -0.32334455830216, 39.451083748654462 ], [ -0.323344558124162, 39.451083748541521 ], [ -0.32334455797836, 39.451083748403605 ], [ -0.323344557870477, 39.451083748246099 ], [ -0.323344557804742, 39.45108374807522 ], [ -0.323344557783732, 39.451083747897634 ], [ -0.323344557808274, 39.451083747720332 ], [ -0.323344557877403, 39.45108374755025 ], [ -0.323475697810267, 39.450846217889783 ], [ -0.320456540950129, 39.449885737647854 ], [ -0.320456540950128, 39.449885737647854 ], [ -0.320456540748731, 39.44988573756504 ], [ -0.320456540572081, 39.449885737453307 ], [ -0.320456540426983, 39.449885737316983 ], [ -0.320456540319029, 39.44988573716131 ], [ -0.320456540252377, 39.449885736992293 ], [ -0.320456540229594, 39.44988573681642 ], [ -0.320456540251557, 39.449885736640496 ], [ -0.320456540317421, 39.449885736471295 ], [ -0.321351842919492, 39.448203712385158 ], [ -0.321351843027441, 39.448203712228349 ], [ -0.321351843173018, 39.448203712091022 ], [ -0.32135184335055, 39.44820371197855 ], [ -0.321351843553121, 39.448203711895296 ], [ -0.321351843772839, 39.448203711844521 ], [ -0.321351844001138, 39.448203711828199 ], [ -0.321351844229127, 39.448203711846965 ], [ -0.321351844447919, 39.448203711900078 ], [ -0.321803922214815, 39.448352868426973 ], [ -0.321803922214814, 39.448352868426973 ], [ -0.321803922415365, 39.448352868512103 ], [ -0.321803922590517, 39.448352868626053 ], [ -0.321803922733486, 39.448352868764381 ], [ -0.321803922838731, 39.448352868921759 ], [ -0.321803922902173, 39.448352869092069 ], [ -0.321803922921353, 39.448352869268696 ], [ -0.321803922895526, 39.44835286944484 ], [ -0.321803922825696, 39.448352869613629 ], [ -0.321664220403878, 39.448602780847935 ], [ -0.325210176724783, 39.449733019837566 ], [ -0.32530239837932, 39.449569391018187 ], [ -0.32530239849419, 39.449569390860056 ], [ -0.325302398647626, 39.449569390722978 ], [ -0.325302398833397, 39.44956939061256 ], [ -0.325302399043956, 39.449569390533256 ], [ -0.32530239927075, 39.449569390488286 ], [ -0.325547505042972, 39.449540787016176 ], [ -0.324987911045873, 39.446191119642961 ], [ -0.318468177051252, 39.444110378724396 ], [ -0.318468176841786, 39.444110378637127 ], [ -0.318468176659637, 39.444110378518602 ], [ -0.318468176512437, 39.444110378373814 ], [ -0.318468176406358, 39.444110378208798 ], [ -0.318468176345849, 39.444110378030508 ], [ -0.318468176333443, 39.4441103778464 ], [ -0.318468176369665, 39.444110377664174 ], [ -0.318468176452992, 39.444110377491498 ], [ -0.318622687294107, 39.443868926956526 ], [ -0.31859787039677, 39.443516112538468 ], [ -0.317919887380131, 39.443503151295729 ], [ -0.31784516497105, 39.443753673057579 ], [ -0.3179430783933, 39.443776687563116 ], [ -0.317943078393302, 39.443776687563116 ], [ -0.317943078595923, 39.443776687627455 ], [ -0.317943078779366, 39.443776687720145 ], [ -0.317943078937108, 39.443776687837897 ], [ -0.317943079063545, 39.443776687976495 ], [ -0.317943079154184, 39.443776688131031 ], [ -0.317943079205799, 39.443776688296033 ], [ -0.317943079216558, 39.443776688465597 ], [ -0.31794307918608, 39.443776688633704 ], [ -0.317858086551883, 39.444053078688498 ], [ -0.317858086478611, 39.444053078853692 ], [ -0.317858086365577, 39.444053079004831 ], [ -0.317858086217033, 39.444053079136189 ], [ -0.317858086038571, 39.444053079242828 ], [ -0.317858085836908, 39.444053079320746 ], [ -0.317858085619636, 39.444053079367016 ], [ -0.317858085394931, 39.444053079379877 ], [ -0.317858085171251, 39.444053079358866 ], [ -0.317409077078306, 39.443976043183859 ], [ -0.317409076860325, 39.443976043128472 ], [ -0.317409076660637, 39.443976043040941 ], [ -0.317409076487031, 39.443976042924689 ], [ -0.317409076346281, 39.443976042784257 ], [ -0.317409076243879, 39.443976042625103 ], [ -0.317409076183816, 39.44397604245345 ], [ -0.317409076168437, 39.443976042275992 ], [ -0.317409076198345, 39.443976042099671 ], [ -0.317490279001364, 39.443706740388144 ], [ -0.317490279001362, 39.443706740388144 ], [ -0.31749027907791, 39.443706740215532 ], [ -0.317490279197778, 39.443706740058438 ], [ -0.317490279356042, 39.443706739923314 ], [ -0.317490279546195, 39.443706739815717 ], [ -0.317490279760431, 39.443706739740058 ], [ -0.31749027998994, 39.443706739699451 ], [ -0.317490280225299, 39.44370673969555 ], [ -0.31755983083044, 39.443711074493045 ], [ -0.317618882834306, 39.443504342564133 ], [ -0.316421251513936, 39.44349919786589 ], [ -0.316420874123345, 39.443538822228341 ], [ -0.316420874099401, 39.443538822403717 ], [ -0.316420874031832, 39.443538822572116 ], [ -0.316420873923228, 39.443538822727056 ], [ -0.316420873777756, 39.443538822862628 ], [ -0.316420873600996, 39.443538822973615 ], [ -0.316420873399727, 39.443538823055761 ], [ -0.316420873181668, 39.443538823105911 ], [ -0.316420872955184, 39.443538823122154 ], [ -0.315981745021175, 39.443536822713348 ], [ -0.315981744800104, 39.443536822695854 ], [ -0.315981744587376, 39.443536822646038 ], [ -0.315981744390782, 39.443536822565711 ], [ -0.315981744217515, 39.44353682245783 ], [ -0.315981744073923, 39.443536822326337 ], [ -0.315981743965262, 39.443536822176029 ], [ -0.315981743895508, 39.443536822012447 ], [ -0.315981743867218, 39.443536821841555 ], [ -0.315969743139818, 39.443244650569305 ], [ -0.315969743155752, 39.443244650389303 ], [ -0.315969743217655, 39.443244650215355 ], [ -0.315969743323039, 39.443244650054474 ], [ -0.315969743467674, 39.443244649913119 ], [ -0.315969743645753, 39.443244649796966 ], [ -0.315969743850124, 39.443244649710671 ], [ -0.315969744072583, 39.4432446496577 ], [ -0.315969744304198, 39.443244649640178 ], [ -0.318814042596927, 39.443251452302263 ], [ -0.318835059142024, 39.443209890259631 ], [ -0.318835059144459, 39.443209890254835 ], [ -0.318868949769328, 39.443143977569555 ], [ -0.318948160636735, 39.442987249869319 ], [ -0.319085227636122, 39.442715664464423 ], [ -0.319085227638302, 39.442715664460138 ], [ -0.319248520216444, 39.442396929263843 ], [ -0.319248520219275, 39.442396929258358 ], [ -0.31939399367257, 39.442118304203269 ], [ -0.319393993682858, 39.442118304184191 ], [ -0.319490080377792, 39.441945767534897 ], [ -0.31949008040307, 39.441945767492562 ], [ -0.31954446838246, 39.441860531463639 ], [ -0.319544468382462, 39.441860531463639 ], [ -0.319544468458461, 39.441860531361861 ], [ -0.319577284283512, 39.441822541504862 ], [ -0.319577284337006, 39.441822541447877 ], [ -0.319605078274223, 39.441795251678059 ], [ -0.319605078354618, 39.441795251607118 ], [ -0.319632616869467, 39.441773378307829 ], [ -0.319632616904093, 39.441773378281468 ], [ -0.319658908720037, 39.441754170743359 ], [ -0.319684023304086, 39.441735818008503 ], [ -0.31968402342612, 39.441735817930763 ], [ -0.319713735141341, 39.441719381960382 ], [ -0.319713735141343, 39.441719381960382 ], [ -0.319713735263298, 39.4417193819014 ], [ -0.319750300379163, 39.441704046277827 ], [ -0.319750300488787, 39.44170404623744 ], [ -0.319795010057125, 39.441689744331526 ], [ -0.319795010150569, 39.441689744305208 ], [ -0.319845454964766, 39.441677402507459 ], [ -0.319845455042029, 39.441677402490818 ], [ -0.319896933037692, 39.441667779012569 ], [ -0.31989693312593, 39.441667778998855 ], [ -0.31994599303084, 39.44166167621551 ], [ -0.319945993102136, 39.441661676208398 ], [ -0.319991430226915, 39.441658242044738 ], [ -0.319991430284621, 39.441658242041505 ], [ -0.320036793805042, 39.4416565754819 ], [ -0.320036793865055, 39.441656575480891 ], [ -0.32008095494937, 39.441656724369714 ], [ -0.320080955007522, 39.441656724371043 ], [ -0.320126181315483, 39.441658635592006 ], [ -0.320126181369723, 39.441658635595289 ], [ -0.320174813742343, 39.441662468520661 ], [ -0.320174813778877, 39.441662468523994 ], [ -0.320230366561708, 39.441668230303755 ], [ -0.320230366636281, 39.441668230313418 ], [ -0.320291583145088, 39.441677757677368 ], [ -0.320291583276516, 39.441677757704092 ], [ -0.320358321680998, 39.441694628352856 ], [ -0.320358321788897, 39.441694628384816 ], [ -0.320443196520769, 39.441723596058679 ], [ -0.320443196534338, 39.441723596063383 ], [ -0.320601377685316, 39.441779468199357 ], [ -0.320899563372554, 39.441880062534587 ], [ -0.321374707446209, 39.44203333035 ], [ -0.321939413365896, 39.442213890701396 ], [ -0.321939413365899, 39.442213890701389 ], [ -0.322478852991139, 39.442385772822632 ], [ -0.322902406921373, 39.442520742856729 ], [ -0.323224919203991, 39.442623679829786 ], [ -0.323487785666712, 39.442707163641813 ], [ -0.323726536664611, 39.442782947644027 ], [ -0.3239400693108, 39.442850003014108 ], [ -0.323940069310801, 39.442850003014108 ], [ -0.324123751878434, 39.442907398057194 ], [ -0.324123751893011, 39.442907398061841 ], [ -0.324272946375662, 39.442955851346724 ], [ -0.324395768595123, 39.442995630010095 ], [ -0.324395768598823, 39.442995630011303 ], [ -0.32450245953618, 39.443030520227481 ], [ -0.32450245954775, 39.443030520231332 ], [ -0.324599946467306, 39.443063369711695 ], [ -0.324599946478533, 39.443063369715524 ], [ -0.324697447901931, 39.443097177979766 ], [ -0.324799479466813, 39.443131960676759 ], [ -0.324910775769029, 39.443169632121261 ], [ -0.325028896109195, 39.443209301902336 ], [ -0.325147100154505, 39.443248032975951 ], [ -0.325263039867792, 39.443284941600879 ], [ -0.325374393698253, 39.443319939227834 ], [ -0.325483484110657, 39.443353059491713 ], [ -0.325483484124943, 39.44335305949614 ], [ -0.325591401613409, 39.443387108500239 ], [ -0.325697021437132, 39.443420144204573 ], [ -0.325697021461735, 39.443420144212524 ], [ -0.32580142913707, 39.443454981611822 ], [ -0.325801429140742, 39.443454981613058 ], [ -0.325904653230991, 39.443489751149009 ], [ -0.325904653279326, 39.443489751166325 ], [ -0.326003158309861, 39.443527181335767 ], [ -0.326003158333464, 39.443527181344997 ], [ -0.326095818690696, 39.443564441837943 ], [ -0.326095818743899, 39.443564441860723 ], [ -0.326179171105299, 39.443602375514878 ], [ -0.326179171137324, 39.443602375529998 ], [ -0.326254478045643, 39.443639232179109 ], [ -0.326254478087217, 39.443639232200432 ], [ -0.326319342073905, 39.443674082859943 ], [ -0.326319342097137, 39.443674082872747 ], [ -0.326377380026707, 39.443706929680417 ], [ -0.326377380063389, 39.443706929702046 ], [ -0.326430710503163, 39.443739704231355 ], [ -0.326430710517778, 39.443739704240478 ], [ -0.32648516137773, 39.443774292756579 ], [ -0.326485161416477, 39.443774292782315 ], [ -0.326542877693307, 39.443814366143563 ], [ -0.326542877707601, 39.44381436615366 ], [ -0.32660508246366, 39.443859024585016 ], [ -0.326605082491946, 39.443859024606013 ], [ -0.326672809359345, 39.443911044050573 ], [ -0.326672809368207, 39.443911044057437 ], [ -0.326746134262363, 39.443968592969256 ], [ -0.326821673248873, 39.4440279494668 ], [ -0.326821673273927, 39.444027949487115 ], [ -0.326892595150036, 39.444087271818454 ], [ -0.326956790732941, 39.444140980106518 ], [ -0.326956790748665, 39.444140980119947 ], [ -0.327014128537456, 39.444190931660245 ], [ -0.327014128570412, 39.444190931690244 ], [ -0.327064592515946, 39.444238972919422 ], [ -0.327064592551731, 39.44423897295529 ], [ -0.327108133066657, 39.444284972114779 ], [ -0.327108133090399, 39.444284972140835 ], [ -0.327149316392012, 39.444331876509402 ], [ -0.327149316429648, 39.444331876555182 ], [ -0.327188075985875, 39.444382306154374 ], [ -0.327229013059974, 39.444435498352 ], [ -0.327229013081147, 39.444435498380699 ], [ -0.327269782916154, 39.444493185693425 ], [ -0.327269782923428, 39.444493185703877 ], [ -0.327310525412167, 39.444552683134418 ], [ -0.327310525419352, 39.444552683145076 ], [ -0.327351158313942, 39.444613984297774 ], [ -0.327351158317595, 39.444613984303338 ], [ -0.32739287243574, 39.444678003911406 ], [ -0.327439130262972, 39.444743937998943 ], [ -0.327784509157052, 39.444612871708706 ], [ -0.328236123929022, 39.444441522472196 ], [ -0.328192116036266, 39.444376563871565 ], [ -0.328140299504002, 39.444304195416485 ], [ -0.328089481557853, 39.444235462409232 ], [ -0.328044055367386, 39.444177686365776 ], [ -0.327998560445728, 39.444121678936249 ], [ -0.327944203712199, 39.444054675264468 ], [ -0.327869719784135, 39.443966489608187 ], [ -0.327761428064792, 39.443851365200786 ], [ -0.327604349070048, 39.443705430589411 ], [ -0.327391470161168, 39.443530264814783 ], [ -0.327137163288221, 39.443343335450678 ], [ -0.326866201251413, 39.443167759108242 ], [ -0.326599939768454, 39.443021109285581 ], [ -0.326356833324266, 39.442907405011738 ], [ -0.326155555562803, 39.442823538277104 ], [ -0.326007826929468, 39.442767873590199 ], [ -0.325905785283423, 39.4427321683321 ], [ -0.325833481696763, 39.44270888560105 ], [ -0.325833481637953, 39.442708885580615 ], [ -0.325779668744583, 39.442688775008513 ], [ -0.325779668709292, 39.442688774994743 ], [ -0.325737310895589, 39.442671545007265 ], [ -0.325737310818337, 39.442671544972846 ], [ -0.325704234021605, 39.442655469930614 ], [ -0.325704234021605, 39.442655469930614 ], [ -0.325704233895934, 39.442655469860064 ], [ -0.325678178037234, 39.442638673495026 ], [ -0.325678177977661, 39.442638673453864 ], [ -0.325655548053981, 39.442621918975171 ], [ -0.325655548053983, 39.442621918975171 ], [ -0.325655547949381, 39.442621918886658 ], [ -0.325636503243472, 39.442603473072452 ], [ -0.32563650321045, 39.442603473038879 ], [ -0.325617533389042, 39.442583222688363 ], [ -0.325617533337437, 39.442583222628365 ], [ -0.325600919847971, 39.44256212111285 ], [ -0.32560091984797, 39.44256212111285 ], [ -0.325600919793027, 39.442562121034612 ], [ -0.325586715656834, 39.442539268699178 ], [ -0.325586715612426, 39.442539268617722 ], [ -0.325575974769697, 39.442516513988004 ], [ -0.325575974730431, 39.442516513886765 ], [ -0.325568740142546, 39.442492916536885 ], [ -0.325568740125934, 39.44249291647229 ], [ -0.325563833043225, 39.442469372677721 ], [ -0.325563833043226, 39.442469372677721 ], [ -0.325563833029363, 39.44246937257163 ], [ -0.325562471966858, 39.442444098709103 ], [ -0.32556247196636, 39.442444098644792 ], [ -0.325563471268186, 39.442418019658376 ], [ -0.325563471284835, 39.442418019530876 ], [ -0.325569097797695, 39.44239292537015 ], [ -0.325569097813821, 39.442392925310322 ], [ -0.32557700590236, 39.442367870134717 ], [ -0.325577005945001, 39.442367870028519 ], [ -0.325588359816404, 39.442344735529289 ], [ -0.325588359816404, 39.442344735529289 ], [ -0.32558835988733, 39.44234473541124 ], [ -0.325604296685173, 39.44232255859071 ], [ -0.325604296753139, 39.442322558507257 ], [ -0.325623714603971, 39.442301380674905 ], [ -0.325623714657555, 39.442301380620904 ], [ -0.325645378109884, 39.442281181456082 ], [ -0.325645378109887, 39.442281181456082 ], [ -0.325645378206371, 39.442281181376472 ], [ -0.32567049845313, 39.442262827461811 ], [ -0.325670498517188, 39.442262827418332 ], [ -0.3256966852546, 39.442246327715857 ], [ -0.32569668527009, 39.442246327706279 ], [ -0.325725234831101, 39.442228958064021 ], [ -0.325725234862218, 39.442228958045732 ], [ -0.325757295569938, 39.442210768313991 ], [ -0.325798947224262, 39.442185602142615 ], [ -0.325798947252661, 39.442185602125981 ], [ -0.32587376207694, 39.44214318951618 ], [ -0.32600679074307, 39.442066956752697 ], [ -0.326006790747887, 39.442066956749947 ], [ -0.326220587192672, 39.441945753414416 ], [ -0.326220587197283, 39.441945753411815 ], [ -0.326519781802357, 39.441777877495774 ], [ -0.326519781803998, 39.441777877494836 ], [ -0.32690206292311, 39.441564166123705 ], [ -0.326902062926217, 39.441564166121992 ], [ -0.327355508519423, 39.441312424275019 ], [ -0.327355508521274, 39.441312424273988 ], [ -0.327827925086385, 39.441051229640273 ], [ -0.328255280684073, 39.440813311907576 ], [ -0.32858771596693, 39.440627267190557 ], [ -0.328827585445486, 39.440492267575934 ], [ -0.328991453314734, 39.440399650399833 ], [ -0.32909364079057, 39.440340726406369 ], [ -0.329093640808674, 39.440340726396116 ], [ -0.329157718585332, 39.440305244875404 ], [ -0.329201648917007, 39.440280129806155 ], [ -0.329201648933907, 39.440280129796683 ], [ -0.329245596253018, 39.440255937594337 ], [ -0.329245596271517, 39.440255937584368 ], [ -0.329292997382347, 39.44023090222759 ], [ -0.329341629390283, 39.440204970834209 ], [ -0.329341629412994, 39.440204970822407 ], [ -0.329392580779743, 39.440179151254767 ], [ -0.329443538712418, 39.440153310208238 ], [ -0.329492233718064, 39.440125573972068 ], [ -0.329537479673253, 39.440095971130823 ], [ -0.329580477798686, 39.440065447274527 ], [ -0.329624798517702, 39.440031353883995 ], [ -0.329669182961466, 39.439994497148327 ], [ -0.329712485533617, 39.43995588134478 ], [ -0.329754605413119, 39.439917202313751 ], [ -0.329793237223473, 39.439880231385949 ], [ -0.329831948806627, 39.439839681306808 ], [ -0.329872130563839, 39.439791971518943 ], [ -0.329947607350273, 39.439671221328204 ], [ -0.330219230059635, 39.439161222133627 ], [ -0.330874498702542, 39.437884479228941 ], [ -0.330874498713411, 39.437884479208506 ], [ -0.330974375052956, 39.43770297659335 ], [ -0.331090799416369, 39.437483170180172 ], [ -0.331243789510992, 39.437189388026383 ], [ -0.331243789511999, 39.437189388024443 ], [ -0.331443044670082, 39.436809289913825 ], [ -0.331652329664612, 39.436409588849131 ], [ -0.331825266353865, 39.436079364691118 ], [ -0.331925756197489, 39.435881681966237 ], [ -0.331972377220753, 39.435787257272807 ], [ -0.331992536550549, 39.435745397675099 ], [ -0.33200770946527, 39.435713310751069 ], [ -0.332022911092744, 39.435680319099248 ], [ -0.332022911106493, 39.435680319070933 ], [ -0.332039267778628, 39.435648263811665 ], [ -0.332039267793169, 39.435648263784472 ], [ -0.332056680500989, 39.435617151656999 ], [ -0.33205668050605, 39.435617151648096 ], [ -0.332074112444217, 39.435586904808304 ], [ -0.332090320079664, 39.435557535246907 ], [ -0.332090320097813, 39.435557535215672 ], [ -0.332107681093099, 39.435529115535118 ], [ -0.33212267630081, 39.43550152893193 ], [ -0.332136567800302, 39.435473029661033 ], [ -0.33214579244391, 39.435444441295367 ], [ -0.332153903400896, 39.435413985028781 ], [ -0.33216220384048, 39.43537993408534 ], [ -0.33217184191233, 39.43534054460266 ], [ -0.332171841933655, 39.435340544531428 ], [ -0.332186135320414, 39.435300297956893 ], [ -0.332186135392287, 39.435300297807615 ], [ -0.332209673024298, 39.435262115605966 ], [ -0.3322096730243, 39.435262115605966 ], [ -0.332209673157847, 39.435262115439023 ], [ -0.332243498785769, 39.43522863230379 ], [ -0.332243498785766, 39.43522863230379 ], [ -0.332243498983506, 39.435228632150405 ], [ -0.332286321336505, 39.435202602149197 ], [ -0.332286321336507, 39.435202602149197 ], [ -0.332286321501226, 39.435202602065509 ], [ -0.332331149492071, 39.435183834109786 ], [ -0.332331149492073, 39.435183834109786 ], [ -0.332331149735195, 39.435183834034049 ], [ -0.332376824783549, 39.435174071757025 ], [ -0.332376825000505, 39.435174071727467 ], [ -0.332419938614361, 39.435171426139981 ], [ -0.332419938837538, 39.435171426142972 ], [ -0.33246162580471, 39.435175112500694 ], [ -0.332461625946602, 39.435175112520206 ], [ -0.332499660757181, 39.435182259102895 ], [ -0.332499660912551, 39.435182259141214 ], [ -0.33253756340034, 39.4351939385948 ], [ -0.332537563400339, 39.4351939385948 ], [ -0.332537563508674, 39.43519393863329 ], [ -0.332573039298379, 39.435208292045601 ], [ -0.332573039347234, 39.435208292066541 ], [ -0.332610689813884, 39.435225358367809 ], [ -0.332610689976812, 39.435225358457053 ], [ -0.332643557580637, 39.435246868026695 ], [ -0.332643557780523, 39.435246868195712 ], [ -0.332670320826128, 39.435276281609731 ], [ -0.33267032092301, 39.435276281737323 ], [ -0.332670320991617, 39.435276281875502 ], [ -0.33268509878186, 39.435315362340575 ], [ -0.332685098781861, 39.435315362340575 ], [ -0.332685098825586, 39.435315362527241 ], [ -0.332689251323255, 39.435358702655819 ], [ -0.332689251319131, 39.43535870282345 ], [ -0.332682987539431, 39.43540176879025 ], [ -0.33268298749635, 39.435401768951721 ], [ -0.332667545142651, 39.435441078436284 ], [ -0.332667545142653, 39.435441078436284 ], [ -0.332667545048533, 39.435441078608932 ], [ -0.332644213454717, 39.435473866671998 ], [ -0.332644213454715, 39.435473866671998 ], [ -0.332644213357702, 39.435473866786701 ], [ -0.332618823148282, 39.43549940868877 ], [ -0.332618822929794, 39.435499408856778 ], [ -0.332570098580748, 39.435528032284765 ], [ -0.332541520841031, 39.435546267635424 ], [ -0.332534376550402, 39.435581232172481 ], [ -0.332534376538172, 39.435581232222972 ], [ -0.332526333903078, 39.435609901868474 ], [ -0.332526333888015, 39.435609901915932 ], [ -0.332514602138321, 39.435642968766231 ], [ -0.332514602126267, 39.435642968797929 ], [ -0.332500470760417, 39.435677755306912 ], [ -0.332500470756832, 39.435677755315581 ], [ -0.332487705327902, 39.435708104816008 ], [ -0.332487705327901, 39.435708104816008 ], [ -0.332487705261014, 39.435708104941853 ], [ -0.332487705170429, 39.435708105058445 ], [ -0.332458606233877, 39.435739853515024 ], [ -0.33253086423716, 39.435764017996455 ], [ -0.332530864308808, 39.435764018022709 ], [ -0.332736858172419, 39.435846248586763 ], [ -0.332736858188165, 39.435846248593172 ], [ -0.333109682118548, 39.436000719314265 ], [ -0.333109682122235, 39.436000719315807 ], [ -0.333552198108602, 39.436185655350926 ], [ -0.333552198111138, 39.436185655351991 ], [ -0.333928359405738, 39.43634379453075 ], [ -0.334159857857477, 39.436433528468889 ], [ -0.334183997107175, 39.436190219381956 ], [ -0.334183997107335, 39.436190219380364 ], [ -0.334224959727514, 39.435786690748508 ], [ -0.334224959727736, 39.435786690746355 ], [ -0.334274420142731, 39.435313950610627 ], [ -0.334274420143405, 39.43531395060446 ], [ -0.334308979928745, 39.435009612170667 ], [ -0.334308979967104, 39.435009612007335 ], [ -0.334308980043473, 39.435009611852244 ], [ -0.334308980155259, 39.435009611710669 ], [ -0.334308980298662, 39.435009611587397 ], [ -0.334308980468807, 39.435009611486642 ], [ -0.334308980659914, 39.435009611411814 ], [ -0.334308980865483, 39.43500961136548 ], [ -0.334308981078533, 39.435009611349187 ], [ -0.336074141384457, 39.435001374053932 ], [ -0.336466030846586, 39.434994226385243 ], [ -0.336512062119256, 39.434988784952253 ], [ -0.336512062119257, 39.434988784952253 ], [ -0.336512062356303, 39.434988784943265 ], [ -0.336512062590758, 39.434988784971814 ], [ -0.336512062812827, 39.434988785036758 ], [ -0.336512063013237, 39.434988785135339 ], [ -0.336512063183615, 39.434988785263457 ], [ -0.336512063316844, 39.434988785415769 ], [ -0.336512063407362, 39.434988785585887 ], [ -0.336512063451384, 39.434988785766727 ], [ -0.336586086595783, 39.435668865902485 ], [ -0.336586086599104, 39.435668865944955 ], [ -0.336599964944933, 39.435959928023365 ], [ -0.336599964945001, 39.435959928088486 ], [ -0.336574414474758, 39.436519779009913 ], [ -0.336574414474456, 39.436519779015953 ], [ -0.336546387097047, 39.437036017469254 ], [ -0.33654638709376, 39.437036017508923 ], [ -0.336495743880112, 39.437490335606959 ], [ -0.336474118693962, 39.437838733919897 ], [ -0.336474118691254, 39.437838733951743 ], [ -0.336422612985291, 39.438315616316721 ], [ -0.336339631669223, 39.439179471927929 ], [ -0.336339631667976, 39.439179471939852 ], [ -0.336251659212965, 39.439955928740247 ], [ -0.33617512586706, 39.44065192795675 ], [ -0.336175055423937, 39.440667461040555 ], [ -0.336175055423417, 39.440667461064528 ], [ -0.336172557325723, 39.440731684138235 ], [ -0.336172557321717, 39.440731684190581 ], [ -0.336156981338626, 39.440867963326369 ], [ -0.336125909281011, 39.441183435823696 ], [ -0.336125909280568, 39.441183435828052 ], [ -0.336098737866851, 39.441442690153423 ], [ -0.336098737866753, 39.441442690154346 ], [ -0.336058307869542, 39.441823557240873 ], [ -0.336035996416476, 39.4420454337927 ], [ -0.336035996416244, 39.442045433794981 ], [ -0.335995055481628, 39.442439679752546 ], [ -0.335972326350178, 39.442672285154686 ], [ -0.335972326349549, 39.442672285160853 ], [ -0.335932004181755, 39.4430504600737 ], [ -0.335932004181652, 39.443050460074673 ], [ -0.335913236467436, 39.443224191117714 ], [ -0.335913236467181, 39.443224191120038 ], [ -0.335860694863353, 39.443695894242829 ], [ -0.335860694862829, 39.443695894247398 ], [ -0.335819852809219, 39.444041924650158 ], [ -0.335819852767811, 39.444041924819651 ], [ -0.335819852685475, 39.444041924979921 ], [ -0.33581985256523, 39.44404192512507 ], [ -0.335819852411493, 39.444041925249778 ], [ -0.335819852229906, 39.444041925349467 ], [ -0.33581985202713, 39.444041925420485 ], [ -0.335819851810611, 39.444041925460212 ], [ -0.335819851588296, 39.444041925467189 ], [ -0.335755851175951, 39.444039171112969 ], [ -0.335754966597244, 39.444051248718033 ], [ -0.335719388325866, 39.444528580047937 ], [ -0.335706422167691, 39.444702673723988 ], [ -0.335706422167545, 39.444702673725899 ], [ -0.335687715131318, 39.444944894354698 ], [ -0.335687715130818, 39.444944894357079 ], [ -0.335687715130916, 39.444944894359679 ], [ -0.335676686112006, 39.445075525468347 ], [ -0.335676686111714, 39.445075525471708 ], [ -0.335659493565397, 39.445268119950796 ], [ -0.335632161308725, 39.445574109601672 ], [ -0.335617265551556, 39.445741384409871 ], [ -0.335574228548893, 39.446223472378875 ], [ -0.33556030042078, 39.4463789228083 ], [ -0.335533567988357, 39.446734172559943 ], [ -0.335522074853852, 39.446887007698372 ], [ -0.335522074851187, 39.446887007726311 ], [ -0.335477111270627, 39.447276095332796 ], [ -0.335419221414226, 39.447776810574581 ], [ -0.33540522814221, 39.447897814436168 ], [ -0.335364813984321, 39.448247399189796 ], [ -0.335351393917024, 39.448363452345284 ], [ -0.335348657162446, 39.448387834014362 ], [ -0.335350311918322, 39.448387984485649 ], [ -0.335350312133808, 39.448387984521574 ], [ -0.335350312336665, 39.4483879845884 ], [ -0.335350312519581, 39.448387984683741 ], [ -0.335350312675971, 39.448387984804171 ], [ -0.335350312800205, 39.448387984945327 ], [ -0.335350312887806, 39.44838798510213 ], [ -0.335350312935621, 39.448387985268944 ], [ -0.335350312941926, 39.448387985439766 ], [ -0.335350145567582, 39.448389936504753 ], [ -0.335350145558866, 39.448389936570159 ], [ -0.335345986992633, 39.448412903644595 ], [ -0.335342046761525, 39.448450100566291 ], [ -0.33532701546053, 39.448593314239936 ], [ -0.335304312877943, 39.448809210423448 ], [ -0.335278268590216, 39.449056505704142 ], [ -0.335249270907157, 39.4493324811246 ], [ -0.335232396926316, 39.449492917815107 ], [ -0.3352323969147, 39.449492917888342 ], [ -0.335182450895979, 39.449727877134855 ], [ -0.335132388730412, 39.449963586766771 ], [ -0.335114574831175, 39.450249596598887 ], [ -0.335092911223894, 39.450597800282473 ], [ -0.335092911223786, 39.45059780028307 ], [ -0.335092911223824, 39.450597800283603 ], [ -0.335086165920703, 39.450703493182303 ], [ -0.335079693671709, 39.450804616789199 ], [ -0.335058858568021, 39.451129871593331 ], [ -0.335035361817135, 39.451497351526449 ], [ -0.335044518427791, 39.451619160805798 ], [ -0.335044518416237, 39.451619160995186 ], [ -0.335009522413056, 39.451795406838265 ], [ -0.334988843282547, 39.451899596456386 ], [ -0.334959097400099, 39.452049242671983 ], [ -0.334943555000656, 39.452131027255533 ], [ -0.334919237697021, 39.452263105629868 ], [ -0.334854317173194, 39.452616001755864 ], [ -0.334843813210877, 39.452673083626898 ], [ -0.334843813189389, 39.45267308371325 ], [ -0.334791710239392, 39.45283856317171 ], [ -0.334908349837507, 39.452964998114801 ], [ -0.334908349837507, 39.452964998114801 ], [ -0.334908349966018, 39.452964998294355 ], [ -0.334908350038721, 39.452964998491801 ], [ -0.334908350051833, 39.452964998696878 ], [ -0.334897054965172, 39.453100072885121 ], [ -0.334882415210824, 39.453275416060237 ], [ -0.334902287536313, 39.453816042336619 ], [ -0.334902287504039, 39.453816042574573 ], [ -0.33456777778115, 39.454884939295603 ], [ -0.334668244525372, 39.454881355355809 ], [ -0.335056152316267, 39.454835546887963 ], [ -0.335056152428133, 39.454835546879025 ], [ -0.33578513891391, 39.454804818376161 ], [ -0.335785138929306, 39.454804818375607 ], [ -0.336513599531468, 39.454781618070363 ], [ -0.336983171856168, 39.454753574225272 ], [ -0.337726110476601, 39.454545357213505 ], [ -0.337726110476603, 39.454545357213505 ], [ -0.33772611078214, 39.454545357162537 ], [ -0.337943792930355, 39.454532333095258 ], [ -0.338609868071075, 39.454434982704122 ], [ -0.339505119394763, 39.454288815113479 ], [ -0.339979039984299, 39.454195306334981 ], [ -0.339979040032108, 39.454195306326362 ], [ -0.340921302076057, 39.454041920143133 ], [ -0.341222549987887, 39.453931687382777 ], [ -0.341222549987889, 39.453931687382777 ], [ -0.341222550153309, 39.453931687333828 ], [ -0.341222550326405, 39.45393168730493 ], [ -0.341571849692851, 39.453894676129899 ], [ -0.341571849921616, 39.453894676123312 ], [ -0.341571850147604, 39.453894676151634 ], [ -0.341571850362043, 39.453894676213764 ], [ -0.341571850556596, 39.4538946763073 ], [ -0.341571850723709, 39.45389467642859 ], [ -0.341571850856893, 39.453894676572929 ], [ -0.341571850950972, 39.45389467673472 ], [ -0.341571851002294, 39.45389467690768 ], [ -0.341571851008864, 39.453894677085081 ], [ -0.341557220795096, 39.45405646332997 ], [ -0.341557220794715, 39.454056463334062 ], [ -0.341536052444203, 39.454276175040512 ], [ -0.341521415782587, 39.454433087378746 ], [ -0.341495855646181, 39.454708182703129 ], [ -0.341495855643286, 39.454708182729043 ], [ -0.341471866064799, 39.454892060556936 ], [ -0.341448139152536, 39.455073948940516 ], [ -0.341448139151722, 39.455073948946549 ], [ -0.34143621643306, 39.455159579308969 ], [ -0.341436216426716, 39.455159579346955 ], [ -0.341396942220329, 39.455360962880192 ], [ -0.341334600830048, 39.455680751535624 ], [ -0.341250131328168, 39.456114161461464 ], [ -0.34120860323789, 39.456327249769487 ], [ -0.341078653642657, 39.456993692859719 ], [ -0.341007968379291, 39.457356275655762 ], [ -0.340943130068265, 39.457688916405068 ], [ -0.340913622769772, 39.45784017856991 ], [ -0.340913622757919, 39.457840178620764 ], [ -0.340908080971673, 39.457860587298782 ], [ -0.340908080959452, 39.457860587339155 ], [ -0.340903785687575, 39.457873438258204 ], [ -0.340903785653589, 39.457873438342595 ], [ -0.340860717636379, 39.457964409875487 ], [ -0.340846663945125, 39.457994108217633 ], [ -0.340829400046837, 39.458030592377469 ], [ -0.340736537801572, 39.458226768441868 ], [ -0.340669489823669, 39.458374931942259 ], [ -0.340528743018691, 39.458685972840499 ], [ -0.340505527154582, 39.458760641265329 ], [ -0.340397107429759, 39.459108910858937 ], [ -0.340375627750522, 39.459177957921874 ], [ -0.340375627750067, 39.45917795792333 ], [ -0.340310494035113, 39.45938581649704 ], [ -0.340276573180531, 39.459494076820562 ], [ -0.340179955269512, 39.459802491231699 ], [ -0.340123428684125, 39.459982943821167 ], [ -0.340123428660458, 39.459982943886047 ], [ -0.340083152904025, 39.460079384241176 ], [ -0.34008315288602, 39.46007938428108 ], [ -0.340078865212775, 39.460088213809797 ], [ -0.339919559404749, 39.460460078728801 ], [ -0.33991955940475, 39.460460078728801 ], [ -0.339919559328987, 39.460460078866276 ], [ -0.339902118391262, 39.460485620377661 ], [ -0.339695317626838, 39.460788432163255 ], [ -0.339552896349398, 39.460997048865835 ], [ -0.339552896349397, 39.460997048865835 ], [ -0.33955289616442, 39.460997049065206 ], [ -0.339505142095136, 39.461035972753137 ], [ -0.339060136116824, 39.461400081210009 ], [ -0.339060136115697, 39.461400081210925 ], [ -0.339047907403198, 39.461410058583859 ], [ -0.338723185816748, 39.461675553225604 ], [ -0.33868441755834, 39.461707232093367 ], [ -0.338644470657744, 39.461739951492959 ], [ -0.338644470655603, 39.461739951494692 ], [ -0.338636609490349, 39.461746355915253 ], [ -0.338636963650783, 39.46174647615463 ], [ -0.338636963650785, 39.46174647615463 ], [ -0.338636963844284, 39.461746476238197 ], [ -0.338636964013804, 39.461746476348708 ], [ -0.338636964153182, 39.461746476482155 ], [ -0.33863696425735, 39.461746476633685 ], [ -0.33863696432252, 39.461746476797785 ], [ -0.338636964346325, 39.461746476968479 ], [ -0.338636964327895, 39.461746477139599 ], [ -0.338636964267907, 39.461746477304871 ], [ -0.338636964168536, 39.46174647745832 ], [ -0.338636964033396, 39.461746477594374 ], [ -0.338611767383796, 39.46176737294568 ], [ -0.338393752473194, 39.461950866649261 ], [ -0.338285802371393, 39.46204177001605 ], [ -0.338125276115721, 39.462176856047904 ], [ -0.338022439465494, 39.462263448479248 ], [ -0.337925500585587, 39.46234504542857 ], [ -0.337925500585585, 39.46234504542857 ], [ -0.337925500496937, 39.462345045495638 ], [ -0.337915627620512, 39.462351755944788 ], [ -0.337913128135391, 39.462356198375396 ], [ -0.337913127987332, 39.462356198568472 ], [ -0.337859490550946, 39.462409621503319 ], [ -0.337833311749406, 39.462435719258885 ], [ -0.337833311748636, 39.462435719259659 ], [ -0.337763598234612, 39.462505062612799 ], [ -0.33770362422094, 39.462564795084589 ], [ -0.337670419825432, 39.462597871292374 ], [ -0.337670419820332, 39.462597871297419 ], [ -0.337647426113857, 39.46262044297896 ], [ -0.337641146130146, 39.462626645774918 ], [ -0.337641146128153, 39.462626645776908 ], [ -0.337607513403519, 39.4626596761182 ], [ -0.33748698426618, 39.462778240184257 ], [ -0.337276492290886, 39.462985223184781 ], [ -0.337210205475419, 39.463058242776036 ], [ -0.337148338845, 39.463126435841851 ], [ -0.337148338799303, 39.463126435888867 ], [ -0.336957344817846, 39.463310157632655 ], [ -0.336794315562345, 39.463466994566588 ], [ -0.336658817009635, 39.463597335953018 ], [ -0.336633699998666, 39.463621777602413 ], [ -0.336627190382422, 39.46362897044623 ], [ -0.33625988764372, 39.464291373130322 ], [ -0.3362502793464, 39.464308679416725 ], [ -0.336250279344584, 39.464308679419986 ], [ -0.336219478293236, 39.464363561895993 ], [ -0.336188953792878, 39.464418657903266 ], [ -0.336035740265701, 39.46469504766322 ], [ -0.335884723997254, 39.464967428226778 ], [ -0.33573921405553, 39.465230101760163 ], [ -0.335675380626675, 39.465346089838526 ], [ -0.335582022843192, 39.46551575524061 ], [ -0.335502275383841, 39.465660732445912 ], [ -0.335502275380268, 39.465660732452335 ], [ -0.335407733409386, 39.46582896968691 ], [ -0.335356761186667, 39.465919753205007 ], [ -0.335332524708315, 39.465963570050938 ], [ -0.335332524706763, 39.465963570053724 ], [ -0.33533226903122, 39.465964028011392 ], [ -0.335212964752284, 39.466888264083579 ], [ -0.33521296474863, 39.466888264108391 ], [ -0.335212095874986, 39.466893518791366 ], [ -0.33519882560373, 39.466996791610732 ], [ -0.335178274376537, 39.467155950782676 ], [ -0.335140726753314, 39.467447480240892 ], [ -0.335134692620242, 39.467494573807485 ], [ -0.335132045060872, 39.467515215186275 ], [ -0.335098215852708, 39.46777904782045 ], [ -0.33505984759492, 39.468078382489075 ], [ -0.335027608263403, 39.468365403095177 ], [ -0.335023421026172, 39.468402778932067 ], [ -0.335012463852225, 39.468500276105068 ], [ -0.335005975169882, 39.468557872433621 ], [ -0.335315355266295, 39.468578288093703 ], [ -0.335603223854755, 39.468597264760795 ], [ -0.336304520166512, 39.468643406476666 ], [ -0.337442088547635, 39.468718397598053 ], [ -0.337442088550584, 39.468718397598252 ], [ -0.337445792535561, 39.468718649124227 ], [ -0.337472246810998, 39.468720322767552 ], [ -0.337472246814821, 39.468720322767801 ], [ -0.338598042033552, 39.468794442766018 ], [ -0.338598042092952, 39.468794442774751 ], [ -0.338598042157454, 39.468794442779405 ], [ -0.338598463015642, 39.46879450634767 ], [ -0.338598670407415, 39.468794088399356 ], [ -0.338598670506331, 39.468794088245652 ], [ -0.338598670641105, 39.468794088109298 ], [ -0.338598670806828, 39.468794087995249 ], [ -0.338773786029548, 39.468695019321522 ], [ -0.338773786207692, 39.468695019238574 ], [ -0.33877378640205, 39.468695019181553 ], [ -0.338773786606406, 39.468695019152278 ], [ -0.338773786814222, 39.46869501915171 ], [ -0.338773787018844, 39.468695019179819 ], [ -0.338997648600081, 39.468742114480818 ], [ -0.339157896264249, 39.468775876579379 ], [ -0.339157896371304, 39.468775876606301 ], [ -0.339386840888132, 39.468843141015753 ], [ -0.339516782508807, 39.468881303210814 ], [ -0.339839613641042, 39.46897614330755 ], [ -0.339839613735374, 39.468976143339034 ], [ -0.339945312643561, 39.469015790596828 ], [ -0.339945312643562, 39.469015790596828 ], [ -0.339945312827727, 39.469015790683052 ], [ -0.339945312988216, 39.469015790794131 ], [ -0.339945313119525, 39.469015790926257 ], [ -0.339945313217152, 39.46901579107486 ], [ -0.339945313277747, 39.469015791234867 ], [ -0.339945313299232, 39.469015791400814 ], [ -0.339945313280872, 39.46901579156696 ], [ -0.339945313223294, 39.469015791727642 ], [ -0.339900567185828, 39.469106925212351 ], [ -0.340128000701822, 39.469173933479325 ], [ -0.340128000701821, 39.469173933479325 ], [ -0.34012800090516, 39.469173933557634 ], [ -0.340128001084966, 39.469173933665104 ], [ -0.340128001234371, 39.46917393379762 ], [ -0.340128001347669, 39.469173933950131 ], [ -0.340128001420532, 39.469173934116796 ], [ -0.340128001450178, 39.469173934291277 ], [ -0.340128001435475, 39.469173934466895 ], [ -0.340128001376984, 39.469173934636935 ], [ -0.340111049219304, 39.469209009560437 ], [ -0.340106089865401, 39.469219283132787 ], [ -0.340059994992769, 39.469314571219343 ], [ -0.339954145182856, 39.469533547327309 ], [ -0.33985326753935, 39.469742212262766 ], [ -0.340268683264153, 39.469859794863353 ], [ -0.340268683264154, 39.469859794863353 ], [ -0.340268683469976, 39.46985979494012 ], [ -0.340268683652437, 39.469859795046638 ], [ -0.340268683804481, 39.46985979517877 ], [ -0.340268683920236, 39.469859795331381 ], [ -0.340268683995222, 39.469859795498635 ], [ -0.340268684026544, 39.469859795673997 ], [ -0.340268684012991, 39.469859795850716 ], [ -0.340268683955084, 39.469859796021986 ], [ -0.340268683955083, 39.469859796021986 ], [ -0.340241214676031, 39.469917269230734 ], [ -0.340202775389471, 39.469997679862914 ], [ -0.340128310543788, 39.470155271744673 ], [ -0.340128310444914, 39.470155271903629 ], [ -0.340128310307939, 39.4701552720446 ], [ -0.340128310138123, 39.470155272162145 ], [ -0.340128309941989, 39.470155272251766 ], [ -0.340128309727066, 39.470155272310038 ], [ -0.340128309501612, 39.470155272334686 ], [ -0.340128309274284, 39.470155272324789 ], [ -0.340123004333318, 39.470154632898407 ], [ -0.340123004094932, 39.47015463284913 ], [ -0.339380703301376, 39.469933441888912 ], [ -0.339148011800172, 39.47040631911571 ], [ -0.338812924335354, 39.471087470845191 ], [ -0.338811731995907, 39.471089934455463 ], [ -0.338811731995908, 39.471089934455463 ], [ -0.338811731895307, 39.471089934613978 ], [ -0.338811731756707, 39.471089934754232 ], [ -0.338811731585446, 39.471089934870811 ], [ -0.338811731388114, 39.471089934959224 ], [ -0.338811731172305, 39.471089935016096 ], [ -0.338811730946326, 39.471089935039188 ], [ -0.338811730718875, 39.471089935027656 ], [ -0.338811730498707, 39.471089934981933 ], [ -0.338468388957085, 39.470989748478509 ], [ -0.338340558425253, 39.470952377558085 ], [ -0.338216398249492, 39.470916175510858 ], [ -0.338185535103751, 39.470977682115446 ], [ -0.33814879650016, 39.471050937499129 ], [ -0.338105769313466, 39.471136664665025 ], [ -0.338061971399992, 39.471224037171275 ], [ -0.338021936424356, 39.471303838318939 ], [ -0.338004610898781, 39.471416022676806 ], [ -0.338004610840235, 39.47141602287067 ], [ -0.337968464404348, 39.471495043835077 ], [ -0.337917353194192, 39.471606842613234 ], [ -0.337886292283091, 39.471674728128988 ], [ -0.337851805472669, 39.471750151142267 ], [ -0.337826665284813, 39.471805150138778 ], [ -0.337794724790124, 39.471874911816251 ], [ -0.337776800407412, 39.471914094598894 ], [ -0.337776337038273, 39.471915119987038 ], [ -0.337776337038272, 39.471915119987038 ], [ -0.337776337037449, 39.47191511998841 ], [ -0.337776337036941, 39.47191511998998 ], [ -0.337714727796429, 39.472049960353104 ], [ -0.337615938522104, 39.472265902278011 ], [ -0.337514905378052, 39.472486868218823 ], [ -0.337452988703634, 39.472622274333368 ], [ -0.337437927072235, 39.472655265178254 ], [ -0.337437927072234, 39.472655265178254 ], [ -0.337437927002148, 39.47265526530154 ], [ -0.337349465942439, 39.472783847049079 ], [ -0.337268495473849, 39.472990601622257 ], [ -0.337204095646368, 39.473154936303452 ], [ -0.337157352314838, 39.47327432464737 ], [ -0.337110251103484, 39.47339458852538 ], [ -0.337055762856836, 39.473533708655587 ], [ -0.337002963117555, 39.473668508121129 ], [ -0.337002963104325, 39.473668508152777 ], [ -0.336994367352075, 39.47368785111405 ], [ -0.336993420026969, 39.473690135626931 ], [ -0.336988312794789, 39.473703045217178 ], [ -0.336988312773434, 39.473703045266106 ], [ -0.336944953779743, 39.473793728147577 ], [ -0.336893786771055, 39.473900651396271 ], [ -0.33681684831011, 39.474062892219926 ], [ -0.336816848310109, 39.474062892219926 ], [ -0.33671843436802, 39.47427127812503 ], [ -0.336621327696358, 39.474476612910145 ], [ -0.336484340198767, 39.474766269661664 ], [ -0.336388058883227, 39.474969889859459 ], [ -0.336283390779312, 39.475191158617648 ], [ -0.336173539011217, 39.47542350629611 ], [ -0.336173539010631, 39.475423506297346 ], [ -0.336055027288264, 39.475673037682867 ], [ -0.336055027288262, 39.475673037682867 ], [ -0.335978831628143, 39.475834439066624 ], [ -0.335879525702243, 39.476044889229023 ], [ -0.335820418830506, 39.47617015636569 ], [ -0.335708007598413, 39.476408259925002 ], [ -0.335662009554634, 39.476597973228927 ], [ -0.335662009554633, 39.476597973228927 ], [ -0.335662009504678, 39.476597973370318 ], [ -0.335446910369637, 39.477056444194758 ], [ -0.335446910270175, 39.477056444355256 ], [ -0.33544691013191, 39.477056444497435 ], [ -0.33544690996025, 39.477056444615762 ], [ -0.335446909761904, 39.477056444705603 ], [ -0.335446909544627, 39.477056444763441 ], [ -0.335446909316912, 39.477056444787024 ], [ -0.335446909087664, 39.477056444775428 ], [ -0.335446908865842, 39.477056444729079 ], [ -0.334374748916213, 39.476741522557376 ], [ -0.33400937599391, 39.476634178777104 ], [ -0.333530346848949, 39.476493452974069 ], [ -0.333317518296096, 39.476431208170069 ], [ -0.333249690645059, 39.476739679636736 ], [ -0.333219208037888, 39.476878186558295 ], [ -0.33313527969261, 39.477308907299971 ], [ -0.333059302120087, 39.47769857298043 ], [ -0.333018551522685, 39.477907687900966 ], [ -0.333018551521422, 39.477907687907297 ], [ -0.332923835308989, 39.478371371491839 ], [ -0.33290323224816, 39.478472007146244 ], [ -0.332828308632877, 39.478837638974952 ], [ -0.332828308632657, 39.478837638976032 ], [ -0.332795877734506, 39.478994677009027 ], [ -0.332759772510768, 39.479169526512983 ], [ -0.332756329797476, 39.479188582013691 ], [ -0.332756329795681, 39.479188582023255 ], [ -0.332755678989669, 39.479191922834225 ], [ -0.332746520476064, 39.479239625512292 ], [ -0.332706394915542, 39.479460952416261 ], [ -0.332681277201161, 39.47959860122608 ], [ -0.332633098091179, 39.479862579712034 ], [ -0.332592917455173, 39.480082892708921 ], [ -0.332566470465465, 39.480227780102005 ], [ -0.332535927516948, 39.480395302468288 ], [ -0.332535927516681, 39.480395302469745 ], [ -0.332491063750117, 39.480638510777361 ], [ -0.332491063748468, 39.480638510786001 ], [ -0.332467026969093, 39.480760356005533 ], [ -0.332404294466217, 39.481078503013109 ], [ -0.332355680667619, 39.481325052965218 ], [ -0.332313566012208, 39.481538582879097 ], [ -0.332292426706424, 39.481645588730132 ], [ -0.332252847305932, 39.481846280828286 ], [ -0.332210901210668, 39.482059183942212 ], [ -0.332167730857504, 39.482277950627676 ], [ -0.332127154450367, 39.482483565555107 ], [ -0.332112206649879, 39.482559363161222 ], [ -0.332074695121994, 39.482749602977471 ], [ -0.33202814912358, 39.48298563386092 ], [ -0.332005999360329, 39.483097909051054 ], [ -0.331963826209312, 39.483311658133857 ], [ -0.331925951604878, 39.483503920101796 ], [ -0.331892922562407, 39.483672826502108 ], [ -0.331857882501903, 39.483851907101752 ], [ -0.331828703682109, 39.484000956580523 ], [ -0.331777278999096, 39.484263734770209 ], [ -0.331777278998518, 39.484263734773123 ], [ -0.331753605616026, 39.484382082809709 ], [ -0.331722745869268, 39.484537863697362 ], [ -0.331693131538708, 39.484687218426245 ], [ -0.331667314204822, 39.484818116793676 ], [ -0.331630489590063, 39.485005218202772 ], [ -0.331611870474933, 39.48510113433413 ], [ -0.331590310258533, 39.485232760135609 ], [ -0.331550553853187, 39.48547534732522 ], [ -0.331527136334923, 39.485618290450645 ], [ -0.33144618867798, 39.486138541435949 ], [ -0.33144618867429, 39.486138541457464 ], [ -0.331445560437295, 39.486141896288729 ], [ -0.331445560381476, 39.486141896462634 ], [ -0.33144556028232, 39.486141896624545 ], [ -0.331445560143752, 39.486141896768011 ], [ -0.331445559971261, 39.486141896887382 ], [ -0.331445559771682, 39.486141896977934 ], [ -0.331445559552914, 39.486141897036056 ], [ -0.331445559323625, 39.486141897059454 ], [ -0.331445559092895, 39.486141897047204 ], [ -0.331445558869863, 39.486141896999811 ], [ -0.331433874318984, 39.486138412540548 ], [ -0.331433874296278, 39.486138412533563 ], [ -0.331433828360357, 39.48613839796873 ], [ -0.331228348217304, 39.486077093173016 ], [ -0.331042279707509, 39.48602157876018 ], [ -0.331042279707508, 39.48602157876018 ], [ -0.331042279513874, 39.486021578685715 ], [ -0.331042279341388, 39.486021578584754 ], [ -0.330828799199149, 39.485870497665367 ], [ -0.33006884351111, 39.485332612840097 ], [ -0.329099351338688, 39.484991932661117 ], [ -0.32909935133869, 39.484991932661117 ], [ -0.329099351338606, 39.484991932661075 ], [ -0.32901334620612, 39.48496170979265 ], [ -0.328247102695945, 39.484692447129895 ], [ -0.328247102693375, 39.484692447128992 ], [ -0.328246993725412, 39.484692408588863 ], [ -0.327656916006054, 39.484485062744092 ], [ -0.32765691600492, 39.484485062743602 ], [ -0.327656916003805, 39.48448506274331 ], [ -0.327655838927064, 39.484484682128162 ], [ -0.327655838927066, 39.484484682128162 ], [ -0.327557520846157, 39.484450125597796 ], [ -0.327545183269362, 39.484445801515896 ], [ -0.326788821692674, 39.48446443804643 ], [ -0.326788821654286, 39.484464438046892 ], [ -0.326529910470155, 39.484464185592671 ], [ -0.326404040378281, 39.484464056065647 ], [ -0.326404040378261, 39.484464056065647 ], [ -0.324742863890037, 39.484462417007144 ], [ -0.324078383838438, 39.48451016385534 ], [ -0.323816556135272, 39.484564096690647 ], [ -0.323701326552906, 39.484587830121662 ], [ -0.32353438514406, 39.484622214264299 ], [ -0.323534385093774, 39.484622214273728 ], [ -0.323534338312225, 39.484622222199945 ], [ -0.323527617824349, 39.484623607883215 ], [ -0.323527617824347, 39.484623607883215 ], [ -0.323527617594368, 39.484623607911914 ], [ -0.323527617361623, 39.484623607904489 ], [ -0.323527617135464, 39.484623607861238 ], [ -0.323527616924979, 39.484623607783924 ], [ -0.323527616738628, 39.484623607675594 ], [ -0.323527616583895, 39.484623607540676 ], [ -0.323527616467001, 39.484623607384542 ], [ -0.323527616392641, 39.484623607213486 ], [ -0.323527276971388, 39.484622455422304 ], [ -0.323244742333894, 39.484245734541084 ], [ -0.323244742333896, 39.484245734541084 ], [ -0.323244742238635, 39.484245734379023 ], [ -0.323244742186397, 39.484245734205594 ], [ -0.32324474217922, 39.484245734027603 ], [ -0.323263115491446, 39.484036089742247 ], [ -0.323241969588394, 39.483981546034926 ], [ -0.323241969588393, 39.483981546034926 ], [ -0.323241969539978, 39.483981545807517 ], [ -0.323237478904871, 39.483882716852044 ], [ -0.323237478906268, 39.483882716766047 ], [ -0.323248919086205, 39.483736031201765 ], [ -0.323265776974253, 39.4834181807175 ], [ -0.323261796892267, 39.483204219736443 ], [ -0.323237820616586, 39.483108152689518 ], [ -0.323157326368636, 39.482827044684505 ], [ -0.323157326353807, 39.482827044622539 ], [ -0.323118841848588, 39.482627490832549 ], [ -0.323118841836202, 39.4826274907224 ], [ -0.323114380576811, 39.482491839337683 ], [ -0.323097544970189, 39.482152438547622 ], [ -0.323070053261453, 39.481975443570661 ], [ -0.323070053259277, 39.481975443555591 ], [ -0.323024092845453, 39.481630687197786 ], [ -0.323024092845455, 39.481630687197786 ], [ -0.323024092839373, 39.481630687095283 ], [ -0.323026240999175, 39.481480481244404 ], [ -0.323014478422344, 39.48033882035044 ], [ -0.322993911980807, 39.480159957003913 ], [ -0.322993911978836, 39.48015995698438 ], [ -0.322976581149083, 39.479960115681799 ], [ -0.322976581146652, 39.479960115605373 ], [ -0.322983498194018, 39.479659561556147 ], [ -0.322978095899887, 39.479621596981978 ], [ -0.322922874925259, 39.479327214683806 ], [ -0.32292287491691, 39.479327214626473 ], [ -0.32289478788522, 39.479056556671317 ], [ -0.322785110806093, 39.478413051895821 ], [ -0.322785110796422, 39.478413051799457 ], [ -0.322757998702108, 39.477535016409469 ], [ -0.322693097636451, 39.47683265313799 ], [ -0.322630608241394, 39.476279862056892 ], [ -0.322590516146754, 39.475931178506542 ], [ -0.322590516146109, 39.47593117850073 ], [ -0.32256916303887, 39.475730747991058 ], [ -0.32256916303679, 39.475730747967887 ], [ -0.322559264619334, 39.475595341427486 ], [ -0.322559264618555, 39.475595341415385 ], [ -0.322551680336564, 39.475459153985113 ], [ -0.322551680336034, 39.475459153973965 ], [ -0.322545775875731, 39.47531038853991 ], [ -0.322545775875487, 39.475310388532883 ], [ -0.322541211810692, 39.475156226228812 ], [ -0.322536687357163, 39.475001182885521 ], [ -0.322529950222832, 39.47484427690911 ], [ -0.32252083364982, 39.474687280069247 ], [ -0.322509531995586, 39.474527580711502 ], [ -0.322500052880717, 39.474413488526743 ], [ -0.322500052880715, 39.474413488526736 ], [ -0.322496009906654, 39.474365131172767 ], [ -0.322496009906414, 39.474365131169826 ], [ -0.322482689220587, 39.474197281032545 ], [ -0.322482689220266, 39.47419728102836 ], [ -0.322469716411585, 39.474020363520673 ], [ -0.322469716410732, 39.474020363507279 ], [ -0.322459525252084, 39.473831870825727 ], [ -0.322459525251879, 39.473831870821705 ], [ -0.322449816037395, 39.473630785143442 ], [ -0.322449816037056, 39.473630785135512 ], [ -0.322441835320186, 39.473414366803333 ], [ -0.322441835320028, 39.473414366798686 ], [ -0.322435168990521, 39.473193501415757 ], [ -0.322427134601421, 39.472979815982676 ], [ -0.322419635709715, 39.472780533412717 ], [ -0.322409305754304, 39.472595631993961 ], [ -0.322395193704166, 39.472418724245806 ], [ -0.322377418049861, 39.472245388711272 ], [ -0.322357321696653, 39.472071919512736 ], [ -0.3223362464221, 39.471894003563648 ], [ -0.322336246420738, 39.471894003551185 ], [ -0.322317748242312, 39.47170978321796 ], [ -0.322317748242175, 39.471709783216575 ], [ -0.322299354704589, 39.471522867179104 ], [ -0.322279747497032, 39.471337715007259 ], [ -0.322258713700359, 39.471158877502361 ], [ -0.322235310563951, 39.470980872748484 ], [ -0.322235310563651, 39.470980872746161 ], [ -0.322212046653933, 39.470799271306404 ], [ -0.322185723821654, 39.470606785304128 ], [ -0.322157413656216, 39.470405235764844 ], [ -0.322127207959485, 39.470193714928008 ], [ -0.322092631940398, 39.469973107168705 ], [ -0.322092631940053, 39.469973107166467 ], [ -0.322059195277194, 39.469755223755811 ], [ -0.322027538912556, 39.469549110713437 ], [ -0.322027538911536, 39.469549110706581 ], [ -0.322000941455142, 39.46936383429388 ], [ -0.322000941454904, 39.469363834292217 ], [ -0.321978108854376, 39.469202039381777 ], [ -0.32197810885389, 39.46920203937826 ], [ -0.321959062350445, 39.469061989584269 ], [ -0.321941632520795, 39.468941759302211 ], [ -0.321923707414621, 39.468833228939395 ], [ -0.321905712950782, 39.468726507721279 ], [ -0.321905712950616, 39.468726507720298 ], [ -0.321886817018979, 39.468613473131839 ], [ -0.321865822261803, 39.468493160673439 ], [ -0.321841774438028, 39.46836290428724 ], [ -0.321815749922014, 39.468223581001006 ], [ -0.321787739041541, 39.468075170774057 ], [ -0.321787739040244, 39.468075170767001 ], [ -0.321760001404237, 39.467919610298338 ], [ -0.321760001401639, 39.467919610282785 ], [ -0.321734842470902, 39.467757761690166 ], [ -0.321734842469388, 39.467757761679941 ], [ -0.321711096369733, 39.467588748571885 ], [ -0.321711096369047, 39.467588748566861 ], [ -0.321687627279731, 39.467412547468868 ], [ -0.321663290826084, 39.467229115789699 ], [ -0.321663290824938, 39.46722911578064 ], [ -0.321640408434684, 39.467037596241369 ], [ -0.321640408432396, 39.467037596219257 ], [ -0.321622638090238, 39.466834496664269 ], [ -0.321622638088594, 39.466834496641034 ], [ -0.32161108282021, 39.466620693818086 ], [ -0.32161108281934, 39.466620693794773 ], [ -0.321606627127149, 39.466404396120097 ], [ -0.321606627127016, 39.466404396110235 ], [ -0.321605279482118, 39.466196274312047 ], [ -0.321605279482127, 39.466196274301659 ], [ -0.321606904725112, 39.466002607953058 ], [ -0.321607038959174, 39.465817964610416 ], [ -0.321605915021079, 39.465635063385768 ], [ -0.321600369784128, 39.465445771270581 ], [ -0.321590252392861, 39.465255415239916 ], [ -0.321578699015209, 39.465071407882725 ], [ -0.321566849907497, 39.464896322250397 ], [ -0.321566849907369, 39.464896322248471 ], [ -0.321555901709789, 39.464727625645153 ], [ -0.321543797668992, 39.4645579753996 ], [ -0.321543797668502, 39.464557975392182 ], [ -0.321533124910113, 39.464382070047115 ], [ -0.321515940684656, 39.464193397015976 ], [ -0.321485479143885, 39.463987275259811 ], [ -0.321439387224455, 39.463765514425141 ], [ -0.321384851456817, 39.463551645164607 ], [ -0.321336952642835, 39.463375786223239 ], [ -0.321304158992359, 39.463261526682274 ], [ -0.321288274596469, 39.463211459403382 ], [ -0.321288274596468, 39.463211459403382 ], [ -0.321288274596438, 39.46321145940324 ] ] ] ] } },
{ "type": "Feature", "properties": { "INE_MUN": "46250", "DISTRITO": 17 }, "geometry": { "type": "MultiPolygon", "coordinates": [ [ [ [ -0.289443786204395, 39.556650270419226 ], [ -0.289443786030535, 39.556650270305887 ], [ -0.289443785888462, 39.556650270168561 ], [ -0.289443785783601, 39.556650270012462 ], [ -0.289443785719952, 39.556650269843573 ], [ -0.289443785699949, 39.55665026966831 ], [ -0.289443785724355, 39.556650269493375 ], [ -0.289443785792236, 39.556650269325473 ], [ -0.289443785901001, 39.556650269170987 ], [ -0.295494818833392, 39.549756136726899 ], [ -0.295668693722456, 39.54947021074792 ], [ -0.295668693722455, 39.54947021074792 ], [ -0.295668693846795, 39.549470210588623 ], [ -0.29566869401079, 39.549470210452498 ], [ -0.295668694207427, 39.549470210345405 ], [ -0.295668694428308, 39.549470210271892 ], [ -0.295668694663996, 39.5494702102351 ], [ -0.295668694904418, 39.549470210236613 ], [ -0.2956686951393, 39.549470210276368 ], [ -0.295668695358609, 39.549470210352652 ], [ -0.295669255766724, 39.549470462128852 ], [ -0.295669255951971, 39.549470462232122 ], [ -0.295669256107596, 39.549470462361434 ], [ -0.295669256227598, 39.549470462511778 ], [ -0.295669256307357, 39.54947046267737 ], [ -0.295669256343802, 39.549470462851836 ], [ -0.295669256335526, 39.549470463028442 ], [ -0.295669256282851, 39.549470463200407 ], [ -0.295669256187804, 39.549470463361097 ], [ -0.295669256054048, 39.549470463504313 ], [ -0.295668269241178, 39.54947132700871 ], [ -0.295767169789282, 39.549513573347504 ], [ -0.298278061366655, 39.550586022213714 ], [ -0.298449998945506, 39.550653080892246 ], [ -0.298449999002034, 39.550653080915815 ], [ -0.306606263660369, 39.554283776966919 ], [ -0.306606263710952, 39.554283776990779 ], [ -0.307325515847669, 39.554642803883091 ], [ -0.307325515847667, 39.554642803883091 ], [ -0.307325516098835, 39.554642804052378 ], [ -0.307685411973343, 39.554966415076152 ], [ -0.307685411973342, 39.554966415076152 ], [ -0.307685412122306, 39.554966415245943 ], [ -0.307883526564601, 39.555259307099512 ], [ -0.307883526564603, 39.555259307099512 ], [ -0.307883526660385, 39.555259307292076 ], [ -0.308070918127437, 39.555821127166432 ], [ -0.308070918129496, 39.555821127172706 ], [ -0.308071255889952, 39.555822170725264 ], [ -0.308218536124682, 39.555924692228132 ], [ -0.308218536193671, 39.555924692280321 ], [ -0.308365173206582, 39.556045212330773 ], [ -0.308480077240361, 39.556083941106074 ], [ -0.308480077240361, 39.556083941106074 ], [ -0.30848007734517, 39.556083941146369 ], [ -0.309994221432985, 39.556741552255232 ], [ -0.310013747896145, 39.556750026677875 ], [ -0.310013747947252, 39.556750026701394 ], [ -0.311041773569396, 39.55725127603737 ], [ -0.311041773569394, 39.55725127603737 ], [ -0.311041773766217, 39.557251276158148 ], [ -0.311358246529632, 39.557492859887915 ], [ -0.311358246628817, 39.557492859973991 ], [ -0.311414261261655, 39.557548248843212 ], [ -0.311414261314861, 39.557548248900282 ], [ -0.311926504559944, 39.558145610835176 ], [ -0.311943191872297, 39.55815468576813 ], [ -0.314901570202152, 39.559763887664012 ], [ -0.317204950512614, 39.5607411492892 ], [ -0.317214636652221, 39.560745264696514 ], [ -0.31721944809048, 39.560746042454312 ], [ -0.317538385122791, 39.560797798425824 ], [ -0.3177272928664, 39.560730059497338 ], [ -0.317727292917823, 39.560730059480051 ], [ -0.317900352060368, 39.560675679607058 ], [ -0.318127796520687, 39.560604199427516 ], [ -0.318127796520689, 39.560604199427516 ], [ -0.318127796720845, 39.560604199380336 ], [ -0.318420592804545, 39.560556938410386 ], [ -0.318420592804547, 39.560556938410386 ], [ -0.318420593060345, 39.560556938391535 ], [ -0.318420593315248, 39.560556938416617 ], [ -0.318640152656313, 39.560598000747881 ], [ -0.318640152656315, 39.560598000747881 ], [ -0.318640152822484, 39.56059800078939 ], [ -0.318640152978756, 39.560598000849687 ], [ -0.319257515440802, 39.560882853275622 ], [ -0.320263868595731, 39.561347152697721 ], [ -0.320264358234729, 39.561346813116472 ], [ -0.320264358234731, 39.561346813116472 ], [ -0.320264358422063, 39.561346813010573 ], [ -0.320264358632811, 39.561346812935568 ], [ -0.320264358858598, 39.561346812894399 ], [ -0.320264359090447, 39.561346812888743 ], [ -0.320264359319137, 39.561346812918792 ], [ -0.32026435953558, 39.561346812983373 ], [ -0.320264359731166, 39.561346813079901 ], [ -0.320264359898123, 39.561346813204544 ], [ -0.320264360029811, 39.561346813352351 ], [ -0.320264360120996, 39.561346813517446 ], [ -0.32026436016805, 39.56134681369327 ], [ -0.320264360169105, 39.561346813872817 ], [ -0.320264360124117, 39.561346814048939 ], [ -0.320264360034876, 39.561346814214673 ], [ -0.320264360034873, 39.561346814214673 ], [ -0.318256237014003, 39.564227572077591 ], [ -0.318256237014005, 39.564227572077591 ], [ -0.318256236842801, 39.564227572262617 ], [ -0.315995886847785, 39.566112207007592 ], [ -0.315995886847782, 39.566112207007592 ], [ -0.315995886686208, 39.566112207119346 ], [ -0.315995886500661, 39.566112207205961 ], [ -0.315995886297578, 39.56611220726446 ], [ -0.315995886084, 39.56611220729279 ], [ -0.315995885867341, 39.566112207289969 ], [ -0.315995885655115, 39.566112207256104 ], [ -0.309202845781915, 39.564505240624925 ], [ -0.309202845676521, 39.564505240595622 ], [ -0.303604040942212, 39.562708783204471 ], [ -0.30360404069692, 39.562708783097165 ], [ -0.302078410463486, 39.561837230742263 ], [ -0.291940535396542, 39.557978153621448 ], [ -0.291940535396543, 39.557978153621448 ], [ -0.29194053525122, 39.557978153555609 ], [ -0.289443786204395, 39.556650270419226 ] ] ], [ [ [ -0.332755256901637, 39.55066264898268 ], [ -0.332823426287887, 39.550384405234531 ], [ -0.332823426345164, 39.550384405078837 ], [ -0.332823426437527, 39.550384404933588 ], [ -0.332823426561985, 39.550384404803509 ], [ -0.333075471217966, 39.550165272875653 ], [ -0.33313636136299, 39.550112334494017 ], [ -0.333136361362989, 39.550112334494017 ], [ -0.33313636153021, 39.550112334374546 ], [ -0.333136361724278, 39.550112334282574 ], [ -0.333136361937765, 39.550112334221595 ], [ -0.333136362162502, 39.550112334193969 ], [ -0.333136362389887, 39.550112334200733 ], [ -0.333460529117137, 39.550146788503618 ], [ -0.333460866222877, 39.550146796243027 ], [ -0.333460866483563, 39.550146796272116 ], [ -0.333460866729118, 39.550146796345857 ], [ -0.333461101624023, 39.550146891825051 ], [ -0.333461101634098, 39.550146891829208 ], [ -0.33389613972618, 39.550327959875176 ], [ -0.33408490393499, 39.550260209548114 ], [ -0.334085280924463, 39.550259628444699 ], [ -0.334085874707846, 39.550258556557949 ], [ -0.334085874715707, 39.550258556544087 ], [ -0.334533432474837, 39.549486722641738 ], [ -0.33456067348448, 39.549387626724553 ], [ -0.334560727572053, 39.549387429775834 ], [ -0.334587536008544, 39.549289778539112 ], [ -0.334587370351807, 39.549289720964033 ], [ -0.334564767792236, 39.549281933192979 ], [ -0.333439076161622, 39.54889409488694 ], [ -0.333439075976824, 39.548894094806933 ], [ -0.333130447334704, 39.548730278244228 ], [ -0.332960090726614, 39.54863985657731 ], [ -0.332960090726612, 39.54863985657731 ], [ -0.332960090548392, 39.548639856460746 ], [ -0.332093675473111, 39.54794654791899 ], [ -0.332090756191591, 39.547944233209016 ], [ -0.33209075605514, 39.547944233078404 ], [ -0.331522693996876, 39.547282567650598 ], [ -0.331342168946286, 39.547134308987694 ], [ -0.33029494849131, 39.546830975354801 ], [ -0.330294948328627, 39.546830975296231 ], [ -0.330294948179511, 39.546830975219009 ], [ -0.329726472527822, 39.546484557939316 ], [ -0.329726472527823, 39.546484557939316 ], [ -0.329726472340599, 39.546484557795829 ], [ -0.329726472199886, 39.546484557623394 ], [ -0.329726472112904, 39.546484557430873 ], [ -0.329674972750906, 39.546308737376414 ], [ -0.329644123218869, 39.546203410801148 ], [ -0.329644123192234, 39.546203410656879 ], [ -0.329644123196007, 39.546203410511168 ], [ -0.329693461708904, 39.545826703570121 ], [ -0.329693527532473, 39.545826200692566 ], [ -0.329693491226494, 39.545825934195697 ], [ -0.329688557765708, 39.545789979901336 ], [ -0.329611695978405, 39.545229740184134 ], [ -0.329611695978404, 39.545229740184134 ], [ -0.329611695977646, 39.54522973999962 ], [ -0.329611696025483, 39.545229739818858 ], [ -0.329611696119903, 39.545229739649436 ], [ -0.329611696256945, 39.545229739498481 ], [ -0.329720062812819, 39.545133161969218 ], [ -0.329720111037025, 39.54513311803872 ], [ -0.329720111037023, 39.54513311803872 ], [ -0.329720111191768, 39.545133117921779 ], [ -0.329720111371797, 39.545133117829053 ], [ -0.329720111570887, 39.545133117763719 ], [ -0.329720111782157, 39.545133117728057 ], [ -0.329720111998305, 39.545133117723267 ], [ -0.329720112211859, 39.545133117749558 ], [ -0.330747837809535, 39.545336917843514 ], [ -0.330747837980439, 39.545336917888598 ], [ -0.331241857938148, 39.545501397042663 ], [ -0.331241858224729, 39.545501397179095 ], [ -0.331525915393024, 39.545685280314089 ], [ -0.331761219888913, 39.545837602605459 ], [ -0.331934470212644, 39.545949752538625 ], [ -0.332204258652305, 39.54589286579067 ], [ -0.332266814116604, 39.545849214473535 ], [ -0.332479217971919, 39.545700993744802 ], [ -0.332912076405749, 39.544729002805518 ], [ -0.333257105246452, 39.543774641166912 ], [ -0.333354575933603, 39.543504984480023 ], [ -0.333354575962678, 39.543504984410561 ], [ -0.33384795775217, 39.542471276664401 ], [ -0.333847957752171, 39.542471276664401 ], [ -0.33384795783581, 39.542471276526385 ], [ -0.334018840531969, 39.54224204955819 ], [ -0.334018840535014, 39.542242049554126 ], [ -0.334019618305416, 39.542241018675611 ], [ -0.334019407847349, 39.54224091969666 ], [ -0.333081574835912, 39.541823076509935 ], [ -0.333081574835914, 39.541823076509935 ], [ -0.333081574669772, 39.541823076420137 ], [ -0.333081574526278, 39.541823076309392 ], [ -0.333081574409787, 39.541823076181039 ], [ -0.332738462681347, 39.541364766132446 ], [ -0.332738462585733, 39.541364765969121 ], [ -0.33273846253381, 39.541364765794384 ], [ -0.33273846252764, 39.541364765615121 ], [ -0.33279710645673, 39.540744559560189 ], [ -0.332797106511086, 39.540744559346393 ], [ -0.332988554034838, 39.54029066191088 ], [ -0.332988838869007, 39.540289452343423 ], [ -0.33298883893505, 39.540289452167187 ], [ -0.332988839045859, 39.540289452004977 ], [ -0.332988839196834, 39.540289451863551 ], [ -0.332988839381704, 39.540289451748741 ], [ -0.332988839592797, 39.54028945166533 ], [ -0.332988839821342, 39.540289451616779 ], [ -0.332988840057853, 39.540289451605112 ], [ -0.332988840292506, 39.540289451630834 ], [ -0.332989053289337, 39.540289492440756 ], [ -0.333169618747468, 39.540131504645252 ], [ -0.333906058365729, 39.539130406355348 ], [ -0.333905805154583, 39.539130198319782 ], [ -0.333904739190413, 39.53912932253504 ], [ -0.333793232039799, 39.539037762200572 ], [ -0.33304050703215, 39.538773630389002 ], [ -0.332254873513631, 39.538497940097422 ], [ -0.332254873497836, 39.538497940091766 ], [ -0.331096017023406, 39.53807497060447 ], [ -0.331096017023404, 39.53807497060447 ], [ -0.331096016824766, 39.53807497051222 ], [ -0.331096016653676, 39.538074970391328 ], [ -0.330870773228912, 39.537880591473787 ], [ -0.330870773228913, 39.537880591473787 ], [ -0.330870773114233, 39.53788059135691 ], [ -0.3308707730256, 39.53788059122715 ], [ -0.330729353979612, 39.537625099263067 ], [ -0.330729353896974, 39.537625099034116 ], [ -0.330671679416708, 39.537308466358702 ], [ -0.330671679405678, 39.537308466210305 ], [ -0.330671679426335, 39.537308466062505 ], [ -0.3306959221899, 39.537211094624148 ], [ -0.330754192968124, 39.53697705022789 ], [ -0.330754193035179, 39.536977050054567 ], [ -0.331067535336804, 39.536389650245361 ], [ -0.331067535336805, 39.536389650245361 ], [ -0.331067535438517, 39.536389650096126 ], [ -0.331067535574407, 39.536389649964192 ], [ -0.331067535739702, 39.536389649854208 ], [ -0.331067535928596, 39.536389649770022 ], [ -0.331067536134457, 39.536389649714629 ], [ -0.331067536350054, 39.536389649689916 ], [ -0.331067536567814, 39.536389649696822 ], [ -0.3312877164981, 39.536412751982567 ], [ -0.331287716757374, 39.536412752033826 ], [ -0.331782365135045, 39.536559239056032 ], [ -0.331782365264355, 39.536559239101521 ], [ -0.333363009572994, 39.537208113629283 ], [ -0.333363545505017, 39.537207774990605 ], [ -0.33347037042345, 39.537138514217467 ], [ -0.333503679539141, 39.536477597086112 ], [ -0.333518909666789, 39.536175687359034 ], [ -0.333518909709476, 39.536175687150013 ], [ -0.33360934023374, 39.535927142177684 ], [ -0.33360992551907, 39.535925529550802 ], [ -0.333609925589358, 39.535925529406157 ], [ -0.333609925690553, 39.535925529272951 ], [ -0.333610472036094, 39.53592493372993 ], [ -0.333610472043164, 39.535924933722299 ], [ -0.333708639752742, 39.535820253451107 ], [ -0.333791857496195, 39.535731517594392 ], [ -0.333791857496193, 39.535731517594392 ], [ -0.333791857629857, 39.535731517475377 ], [ -0.333791857788292, 39.535731517376242 ], [ -0.333791857966635, 39.535731517300036 ], [ -0.334062983890873, 39.535638626076008 ], [ -0.334062983890872, 39.535638626076008 ], [ -0.334062984092542, 39.535638626023399 ], [ -0.334062984303215, 39.535638626000136 ], [ -0.334354242481531, 39.535627322714618 ], [ -0.334354242714268, 39.535627322723698 ], [ -0.33435424294, 39.535627322768498 ], [ -0.335102412537953, 39.535839686655521 ], [ -0.335148379670207, 39.535852731753671 ], [ -0.335148379766318, 39.535852731784793 ], [ -0.335149997585393, 39.535853322932837 ], [ -0.335859770424911, 39.536112284831937 ], [ -0.335859770511441, 39.536112284867031 ], [ -0.336729083123337, 39.536501580318784 ], [ -0.336729083123339, 39.536501580318784 ], [ -0.336729083225899, 39.536501580370462 ], [ -0.337378228070074, 39.53686776221226 ], [ -0.337378228231649, 39.536867762322522 ], [ -0.337806847223767, 39.537219936463877 ], [ -0.337806847223768, 39.537219936463877 ], [ -0.337806847344963, 39.537219936581856 ], [ -0.338105512229331, 39.537566717733817 ], [ -0.338107634841363, 39.537569167010425 ], [ -0.338302130660695, 39.537654691862876 ], [ -0.338626573589198, 39.537689150097741 ], [ -0.339496829051132, 39.53761949135879 ], [ -0.339501847335289, 39.537619088301668 ], [ -0.339501847566239, 39.537619088300957 ], [ -0.339501847792814, 39.537619088335624 ], [ -0.339501848006076, 39.537619088404263 ], [ -0.339730851345868, 39.53771444162382 ], [ -0.339730851541054, 39.537714441726088 ], [ -0.339730851705605, 39.537714441856728 ], [ -0.339730851832761, 39.537714442010362 ], [ -0.340961976206147, 39.53959841246666 ], [ -0.34096197620615, 39.53959841246666 ], [ -0.340961976300013, 39.539598412665342 ], [ -0.341147408250354, 39.540203584813405 ], [ -0.341148147839603, 39.540206002551948 ], [ -0.341148147849296, 39.540206002586679 ], [ -0.341148208491138, 39.540206242704365 ], [ -0.341148208511679, 39.540206242838465 ], [ -0.341175781016148, 39.540702359420969 ], [ -0.341175781005469, 39.540702359587385 ], [ -0.341087805719813, 39.541177811129103 ], [ -0.341087805663304, 39.541177811305367 ], [ -0.340910279059787, 39.541561098151362 ], [ -0.340910279059786, 39.541561098151362 ], [ -0.340910278938126, 39.541561098340559 ], [ -0.340910278762862, 39.541561098502584 ], [ -0.340682910282925, 39.541727072119009 ], [ -0.340682910282924, 39.541727072119009 ], [ -0.340682910072319, 39.541727072241088 ], [ -0.340682909831668, 39.54172707232339 ], [ -0.340342351056437, 39.541809385697647 ], [ -0.340342351056439, 39.541809385697647 ], [ -0.340342350883279, 39.541809385728513 ], [ -0.340342350706072, 39.541809385738567 ], [ -0.339900234907392, 39.541808267370769 ], [ -0.339900234673373, 39.541808267351747 ], [ -0.338732330284942, 39.541619364147053 ], [ -0.338732330190758, 39.541619364128593 ], [ -0.337648210578113, 39.541369326400371 ], [ -0.337647808590681, 39.541369960611711 ], [ -0.337647808587647, 39.541369960616457 ], [ -0.337499755467809, 39.541600108184184 ], [ -0.337307193039773, 39.542386561052318 ], [ -0.337307193039158, 39.542386561054812 ], [ -0.337306718694617, 39.542388468858903 ], [ -0.337307148150973, 39.542390320807712 ], [ -0.337366835947641, 39.542642088978091 ], [ -0.337809826088304, 39.543228795912164 ], [ -0.337809826088302, 39.543228795912164 ], [ -0.337809826206098, 39.5432287961291 ], [ -0.338156259747217, 39.544209682864498 ], [ -0.33851693696521, 39.544515187425567 ], [ -0.338516936965213, 39.544515187425567 ], [ -0.338516937087468, 39.544515187549031 ], [ -0.338516937180446, 39.544515187686969 ], [ -0.338669023390843, 39.544797984829813 ], [ -0.339123657315705, 39.545384953499017 ], [ -0.339152696912908, 39.545397037116601 ], [ -0.340520981401944, 39.545966438078821 ], [ -0.340520981401946, 39.545966438078821 ], [ -0.340520981576507, 39.54596643816798 ], [ -0.340702852048063, 39.546078736781965 ], [ -0.340702852105453, 39.546078736819815 ], [ -0.340786876756885, 39.54613790605989 ], [ -0.341020118113326, 39.546302171039713 ], [ -0.342549780425703, 39.54707590135498 ], [ -0.343019919011024, 39.547257833137301 ], [ -0.343019919097708, 39.547257833174505 ], [ -0.343179936912736, 39.547333575381607 ], [ -0.343851054788803, 39.547526978094126 ], [ -0.343858645301552, 39.547529169615657 ], [ -0.343858973380476, 39.547529262699577 ], [ -0.3438589735907, 39.547529262778582 ], [ -0.343858973776284, 39.547529262888517 ], [ -0.343858973929735, 39.547529263024956 ], [ -0.343858974044859, 39.54752926318239 ], [ -0.343858974117014, 39.547529263354463 ], [ -0.343858974143281, 39.547529263534237 ], [ -0.343858974122604, 39.547529263714431 ], [ -0.343858974055816, 39.547529263887803 ], [ -0.343858616782592, 39.547529935871189 ], [ -0.343858616781883, 39.547529935872525 ], [ -0.343858410011863, 39.547530323020467 ], [ -0.343675456645096, 39.547874028138338 ], [ -0.342868736996012, 39.549389417137228 ], [ -0.342868736881038, 39.549389417302059 ], [ -0.3428687367245, 39.549389417444914 ], [ -0.34286873653317, 39.549389417559603 ], [ -0.342868736315331, 39.549389417641152 ], [ -0.342868736080407, 39.549389417686051 ], [ -0.342868735838568, 39.549389417692346 ], [ -0.34286873560028, 39.549389417659754 ], [ -0.342868735375855, 39.549389417589715 ], [ -0.342775751647371, 39.549351260237664 ], [ -0.342078205809597, 39.549065051838674 ], [ -0.340003488951705, 39.548242820146719 ], [ -0.340001815718975, 39.548245510604403 ], [ -0.338422602167909, 39.550792634869552 ], [ -0.338279751051884, 39.551023028393438 ], [ -0.338279751051885, 39.551023028393438 ], [ -0.338279750927644, 39.551023028550347 ], [ -0.338279750764784, 39.55102302868444 ], [ -0.338279750570115, 39.551023028790077 ], [ -0.338279750351761, 39.551023028862879 ], [ -0.33827975011885, 39.551023028899799 ], [ -0.338279749881111, 39.551023028899259 ], [ -0.337513953477656, 39.550960428010121 ], [ -0.33510355658026, 39.551302137137732 ], [ -0.334285101963207, 39.552020941873884 ], [ -0.334285101963205, 39.552020941873884 ], [ -0.334285101810497, 39.552020941985752 ], [ -0.33428510163427, 39.552020942074513 ], [ -0.334285101440282, 39.552020942137268 ], [ -0.334285101234869, 39.552020942171964 ], [ -0.334285101024744, 39.552020942177478 ], [ -0.332136215657425, 39.551926558785333 ], [ -0.332136215435581, 39.551926558758787 ], [ -0.332136215224452, 39.551926558699755 ], [ -0.332136215031903, 39.551926558610425 ], [ -0.332136214865106, 39.551926558494124 ], [ -0.332136214730272, 39.551926558355191 ], [ -0.332136214632424, 39.55192655819878 ], [ -0.332136214575202, 39.551926558030758 ], [ -0.332136214560741, 39.551926557857335 ], [ -0.332136214589581, 39.551926557684993 ], [ -0.332136214660646, 39.551926557520162 ], [ -0.332647097562333, 39.551037961103496 ], [ -0.332647286641938, 39.551037429513016 ], [ -0.332726862007858, 39.550778564153539 ], [ -0.332755256901637, 39.55066264898268 ] ] ], [ [ [ -0.38136979665901, 39.502129335983625 ], [ -0.381521490387076, 39.502202015066622 ], [ -0.381682259209391, 39.502279069525116 ], [ -0.381766105922094, 39.502319246273132 ], [ -0.381766106039249, 39.50231924633735 ], [ -0.382021060218582, 39.50247814130158 ], [ -0.3820821495254, 39.502515535715055 ], [ -0.38217245537878, 39.502565190779428 ], [ -0.382316938779913, 39.502644589076233 ], [ -0.382381250411025, 39.502679946965337 ], [ -0.382541489156879, 39.50274577236641 ], [ -0.382854585237753, 39.502872291561005 ], [ -0.383019588324638, 39.502935602100727 ], [ -0.383112370988248, 39.502971195507115 ], [ -0.38311237113753, 39.502971195575569 ], [ -0.383112371271995, 39.502971195660479 ], [ -0.383226265843584, 39.503054813178579 ], [ -0.383265545615368, 39.503034847460519 ], [ -0.383265545809236, 39.503034847381123 ], [ -0.3832655460189, 39.503034847331364 ], [ -0.383265546236888, 39.50303484731301 ], [ -0.383265546455463, 39.503034847326688 ], [ -0.383265546666831, 39.503034847371922 ], [ -0.383265546863469, 39.503034847447076 ], [ -0.383283939458576, 39.503043639835482 ], [ -0.38328393965293, 39.50304363995204 ], [ -0.383283939811293, 39.503043640097644 ], [ -0.383283939926597, 39.503043640265794 ], [ -0.383283939993684, 39.503043640448958 ], [ -0.383736635622364, 39.505079606520439 ], [ -0.383843580135761, 39.505476698536739 ], [ -0.383843580150225, 39.505476698602543 ], [ -0.384134148817263, 39.507177839873854 ], [ -0.384425816366977, 39.507850705208938 ], [ -0.38491097770875, 39.508775331060129 ], [ -0.384987976905863, 39.508862354553941 ], [ -0.384987977006574, 39.508862354692631 ], [ -0.385080620759121, 39.509021377862084 ], [ -0.385321490396106, 39.509325468145981 ], [ -0.385321490424105, 39.509325468183327 ], [ -0.385438223270893, 39.509490050229445 ], [ -0.385438223314574, 39.509490050297714 ], [ -0.385539846403202, 39.509667391808684 ], [ -0.385570943636872, 39.509709603925259 ], [ -0.385573165632943, 39.50971253222135 ], [ -0.385573165641315, 39.509712532232584 ], [ -0.385587759982175, 39.509732415066559 ], [ -0.385587760055571, 39.509732415186299 ], [ -0.3857037769718, 39.509964344773451 ], [ -0.385719465844627, 39.5099956383823 ], [ -0.385908561713349, 39.510345569301684 ], [ -0.385973698487356, 39.510463181228104 ], [ -0.385973698507238, 39.510463181266395 ], [ -0.386069255966613, 39.510660178133108 ], [ -0.386069255991163, 39.510660178189276 ], [ -0.386107109559829, 39.510757175849079 ], [ -0.386107109591864, 39.510757175953145 ], [ -0.38613647928616, 39.510886081810462 ], [ -0.386218717714728, 39.511137137725648 ], [ -0.386218717722843, 39.511137137752073 ], [ -0.386239779259812, 39.5112106726341 ], [ -0.386250615311907, 39.511248293765078 ], [ -0.386250615325479, 39.511248293820266 ], [ -0.386292762988498, 39.511454390413178 ], [ -0.386334398283298, 39.51163727700294 ], [ -0.38633439829884, 39.511637277104889 ], [ -0.386349114057023, 39.511825468729207 ], [ -0.386355449421783, 39.511891622925937 ], [ -0.386379500312323, 39.512084857714768 ], [ -0.3864164286721, 39.512256035070848 ], [ -0.386427836092915, 39.512308821704359 ], [ -0.386450269024016, 39.512362388786322 ], [ -0.386473834955256, 39.512418620079806 ], [ -0.386473834955338, 39.512418620080105 ], [ -0.386473834955458, 39.512418620080304 ], [ -0.386493378408221, 39.512465346727922 ], [ -0.38649337842399, 39.512465346768927 ], [ -0.386512704806701, 39.512520337877632 ], [ -0.387370779359717, 39.512487042529003 ], [ -0.388245974220693, 39.512453126566704 ], [ -0.388245974438922, 39.512453126574165 ], [ -0.389387782942266, 39.512576114574721 ], [ -0.389639396714361, 39.512603282043081 ], [ -0.389992985676008, 39.512637167732962 ], [ -0.390435672492372, 39.512679549882456 ], [ -0.390435672716135, 39.512679549921536 ], [ -0.390435672925634, 39.512679549993884 ], [ -0.390435673112716, 39.512679550096692 ], [ -0.390435673270094, 39.512679550225954 ], [ -0.390489118426194, 39.512733187005971 ], [ -0.39053690024209, 39.512762448588177 ], [ -0.390536900243391, 39.512762448588987 ], [ -0.390654667530596, 39.512834780935925 ], [ -0.390899753418827, 39.512952333527103 ], [ -0.390899753418829, 39.512952333527103 ], [ -0.390899753597681, 39.51295233363269 ], [ -0.390899753746936, 39.512952333762989 ], [ -0.390899753861011, 39.512952333913098 ], [ -0.390911369195672, 39.512971688453874 ], [ -0.391135323080252, 39.513013564349585 ], [ -0.391135323080253, 39.513013564349585 ], [ -0.391135323227558, 39.513013564385282 ], [ -0.391169332786416, 39.513023773775814 ], [ -0.391169332786414, 39.513023773775814 ], [ -0.391169332967975, 39.513023773844928 ], [ -0.391169333131317, 39.513023773937391 ], [ -0.391230478774794, 39.513065163900798 ], [ -0.391230478774792, 39.513065163900798 ], [ -0.391230478917665, 39.513065164016396 ], [ -0.391230479031866, 39.513065164149744 ], [ -0.391230479113788, 39.513065164296655 ], [ -0.391230479160843, 39.513065164452478 ], [ -0.391233168175495, 39.513079858934574 ], [ -0.391669666356605, 39.513142704895934 ], [ -0.39166966652864, 39.513142704931447 ], [ -0.391947012649381, 39.513217988899981 ], [ -0.391947012705896, 39.513217988916601 ], [ -0.3919815235983, 39.513228948035355 ], [ -0.392227906851982, 39.513295289633021 ], [ -0.392488247816197, 39.513358974675164 ], [ -0.392983651553326, 39.513407160664642 ], [ -0.392967955786744, 39.513382346623864 ], [ -0.392967955786743, 39.513382346623864 ], [ -0.392967955707974, 39.513382346461277 ], [ -0.392967955670961, 39.513382346290008 ], [ -0.392967955677082, 39.513382346116401 ], [ -0.39296795572611, 39.513382345946944 ], [ -0.39296795581622, 39.513382345787932 ], [ -0.392967955944061, 39.513382345645262 ], [ -0.392967956104879, 39.513382345524256 ], [ -0.392967956292692, 39.513382345429427 ], [ -0.392967956500517, 39.513382345364263 ], [ -0.392967956720624, 39.513382345331216 ], [ -0.392967956944827, 39.513382345331522 ], [ -0.392967957164786, 39.513382345365144 ], [ -0.393006969318878, 39.513391409755457 ], [ -0.393047394256951, 39.513400825645867 ], [ -0.39304739447573, 39.51340082571636 ], [ -0.393047394671513, 39.513400825819737 ], [ -0.393047394836165, 39.513400825951734 ], [ -0.3932270002715, 39.513577807151208 ], [ -0.39326051005012, 39.513598905267273 ], [ -0.393260510050122, 39.513598905267273 ], [ -0.393260510263427, 39.51359890544326 ], [ -0.393310731260173, 39.513653464148653 ], [ -0.393469459200145, 39.513815404891872 ], [ -0.39362040110195, 39.51393454576418 ], [ -0.393792623601749, 39.514056785375139 ], [ -0.393804777953653, 39.514062999275829 ], [ -0.393804777953655, 39.514062999275829 ], [ -0.393804778101571, 39.514062999365549 ], [ -0.39390857052422, 39.514137172531328 ], [ -0.394186410901934, 39.514268308402976 ], [ -0.394382584729673, 39.514288761919993 ], [ -0.39474307592611, 39.514314248624267 ], [ -0.39489322979955, 39.514324642522929 ], [ -0.395038435062991, 39.514334745988648 ], [ -0.395205876944462, 39.514317317073768 ], [ -0.395205877149001, 39.514317317066563 ], [ -0.395205877351996, 39.514317317087269 ], [ -0.395205877547156, 39.514317317135237 ], [ -0.395227718024044, 39.514324378709347 ], [ -0.395227718213419, 39.514324378787165 ], [ -0.395227718381126, 39.514324378890585 ], [ -0.395227718521465, 39.514324379016116 ], [ -0.395227718629665, 39.51432437915944 ], [ -0.395227718702047, 39.514324379315731 ], [ -0.395227718736147, 39.514324379479682 ], [ -0.395245555679503, 39.514528980746263 ], [ -0.395299600214096, 39.514560340618715 ], [ -0.395333396436952, 39.514547022390467 ], [ -0.395333396436951, 39.514547022390467 ], [ -0.395333396698304, 39.514547022316428 ], [ -0.395416188573605, 39.514531959983628 ], [ -0.395416188573604, 39.514531959983628 ], [ -0.395416188744364, 39.514531959962774 ], [ -0.395676296721704, 39.514515427646096 ], [ -0.396270157252892, 39.51447767410243 ], [ -0.396270157317694, 39.514477674099716 ], [ -0.396706200001479, 39.514468866892692 ], [ -0.396977462736935, 39.514458653517515 ], [ -0.397434830702878, 39.514441428810287 ], [ -0.397434830728643, 39.514441428809548 ], [ -0.397565648526207, 39.514438752196284 ], [ -0.397660075347759, 39.514429818130232 ], [ -0.397724781992423, 39.51440134063197 ], [ -0.397754175014046, 39.514342717232587 ], [ -0.397758065966827, 39.514041924153908 ], [ -0.397758065997854, 39.514041923956079 ], [ -0.39775806608429, 39.514041923768396 ], [ -0.397758066221905, 39.514041923600026 ], [ -0.397794048469896, 39.514007122374181 ], [ -0.397794048617098, 39.514007122255798 ], [ -0.397794048789624, 39.514007122160116 ], [ -0.397794048981731, 39.514007122090327 ], [ -0.397794049187015, 39.514007122048731 ], [ -0.39779404939864, 39.514007122036737 ], [ -0.398285762624798, 39.514014095933135 ], [ -0.398763035576593, 39.513975151039944 ], [ -0.398816473615757, 39.513962825361318 ], [ -0.398987206083481, 39.513923401263973 ], [ -0.399056219478211, 39.513894506617959 ], [ -0.399056219478208, 39.513894506617959 ], [ -0.399075142960565, 39.513886552104623 ], [ -0.399075142960568, 39.513886552104623 ], [ -0.399075143166656, 39.513886552036972 ], [ -0.39907514338566, 39.513886552001182 ], [ -0.399075143609461, 39.513886551998553 ], [ -0.399075143829766, 39.513886552029199 ], [ -0.399075144038406, 39.513886552091968 ], [ -0.399075144227653, 39.513886552184537 ], [ -0.399118940434792, 39.513912865134508 ], [ -0.399142459608416, 39.513912026849596 ], [ -0.39914245987067, 39.513912026863288 ], [ -0.39914246012225, 39.513912026922263 ], [ -0.399142460350293, 39.513912027023501 ], [ -0.399620889463272, 39.51418434050958 ], [ -0.399888089820875, 39.514317440065241 ], [ -0.400184102242006, 39.514464877122101 ], [ -0.400184102242004, 39.514464877122101 ], [ -0.400184102419987, 39.514464877231141 ], [ -0.40027638706447, 39.514533770323816 ], [ -0.401548414971497, 39.515483292128685 ], [ -0.401548415121338, 39.515483292265323 ], [ -0.401548415233269, 39.515483292422239 ], [ -0.401548415302849, 39.515483292593217 ], [ -0.401548415327322, 39.515483292771478 ], [ -0.401548415305719, 39.515483292949966 ], [ -0.400593180417102, 39.519265317927797 ], [ -0.400593180417103, 39.519265317927797 ], [ -0.400593180321497, 39.519265318148975 ], [ -0.3994435498709, 39.521094806408328 ], [ -0.399443549840352, 39.521094806453625 ], [ -0.398241769956793, 39.522759888133642 ], [ -0.398241769830495, 39.522759888275004 ], [ -0.398241769671813, 39.522759888395193 ], [ -0.398241769486532, 39.522759888489844 ], [ -0.398241769281403, 39.522759888555505 ], [ -0.398241769063901, 39.522759888589796 ], [ -0.39824176884195, 39.522759888591438 ], [ -0.396465928673162, 39.522641260784482 ], [ -0.395942655995126, 39.522953292083635 ], [ -0.396661815893656, 39.523625364429755 ], [ -0.396661815893655, 39.523625364429755 ], [ -0.39666181601012, 39.523625364560566 ], [ -0.396661816095088, 39.523625364705183 ], [ -0.397382365916659, 39.525209612820319 ], [ -0.398016601749362, 39.525553872189541 ], [ -0.399316065630445, 39.526259206804724 ], [ -0.399822170160619, 39.5265339088091 ], [ -0.399822170330286, 39.526533908921458 ], [ -0.399822170469103, 39.526533909056852 ], [ -0.399921654058154, 39.526652813590019 ], [ -0.399921654058155, 39.526652813590019 ], [ -0.401759725920717, 39.528849184459467 ], [ -0.405488914834459, 39.529625102436825 ], [ -0.405488915028317, 39.529625102491856 ], [ -0.405488915206552, 39.52962510257256 ], [ -0.407551552950692, 39.530760667609698 ], [ -0.407551552950691, 39.530760667609698 ], [ -0.407551553114699, 39.530760667719143 ], [ -0.407551553249669, 39.53076066785021 ], [ -0.407551553350921, 39.530760667998408 ], [ -0.407551553414947, 39.530760668158557 ], [ -0.407589736024329, 39.530901464229395 ], [ -0.407589736024328, 39.530901464229395 ], [ -0.407591383074358, 39.530907535957596 ], [ -0.408186177972486, 39.533100215553979 ], [ -0.410746507425107, 39.535888100528361 ], [ -0.410746507425108, 39.535888100528361 ], [ -0.410746507522801, 39.535888100655768 ], [ -0.410746507592189, 39.535888100793855 ], [ -0.410746507631395, 39.53588810093887 ], [ -0.411027179092117, 39.537631778654621 ], [ -0.411427344586719, 39.540117694075107 ], [ -0.412812195705375, 39.541688257265264 ], [ -0.413883616828097, 39.542903209276162 ], [ -0.413883616828098, 39.542903209276162 ], [ -0.413883616911546, 39.542903209386992 ], [ -0.415675009589064, 39.545727353133849 ], [ -0.422980851761452, 39.549222927836368 ], [ -0.422980851761454, 39.549222927836368 ], [ -0.422980852020715, 39.549222928005328 ], [ -0.426712180837534, 39.552484031315451 ], [ -0.428603002283649, 39.553598538832041 ], [ -0.429471873542301, 39.553794429461945 ], [ -0.430195301468468, 39.553957520049636 ], [ -0.430195301664327, 39.553957520109122 ], [ -0.43019530184314, 39.553957520194963 ], [ -0.430195301999054, 39.553957520304323 ], [ -0.430195302126972, 39.553957520433634 ], [ -0.430195302222708, 39.55395752057867 ], [ -0.431869132503891, 39.557184235735328 ], [ -0.43186913250389, 39.557184235735328 ], [ -0.431869132571632, 39.557184235921838 ], [ -0.432495419991611, 39.560072481593437 ], [ -0.432495420007101, 39.560072481714549 ], [ -0.432538057008776, 39.561134764546665 ], [ -0.432538056994434, 39.561134764718304 ], [ -0.432538056938191, 39.561134764884713 ], [ -0.432538056842103, 39.561134765039796 ], [ -0.432538056709673, 39.561134765177911 ], [ -0.43253805654573, 39.561134765294028 ], [ -0.432538056356261, 39.561134765383883 ], [ -0.432538056148171, 39.561134765444223 ], [ -0.432440004236747, 39.561155182852353 ], [ -0.432177120114996, 39.561209942375015 ], [ -0.426977810846784, 39.562292674140245 ], [ -0.426977810846785, 39.562292674140245 ], [ -0.426977810626731, 39.562292674168923 ], [ -0.426977810403653, 39.562292674164539 ], [ -0.426977810185758, 39.562292674127278 ], [ -0.426977809981064, 39.562292674058497 ], [ -0.4269778097971, 39.562292673960734 ], [ -0.426977809640636, 39.562292673837582 ], [ -0.426977399314604, 39.562292281875251 ], [ -0.426977399282192, 39.562292281842829 ], [ -0.420637661296326, 39.555637526372614 ], [ -0.416252223463481, 39.55119051945681 ], [ -0.412158942411821, 39.548519570689869 ], [ -0.407454271573439, 39.545449257195529 ], [ -0.406617775333679, 39.544903304563306 ], [ -0.406617775333681, 39.544903304563306 ], [ -0.406617775185912, 39.544903304447644 ], [ -0.406617775067436, 39.544903304313266 ], [ -0.406617774982119, 39.544903304164599 ], [ -0.405441260788044, 39.542223387697121 ], [ -0.405441260788042, 39.542223387697121 ], [ -0.405441260736961, 39.542223387529702 ], [ -0.405441260727934, 39.542223387357808 ], [ -0.40544126076129, 39.542223387187725 ], [ -0.40544126083581, 39.542223387025672 ], [ -0.405441260948777, 39.542223386877531 ], [ -0.405441261096066, 39.542223386748724 ], [ -0.405441261272304, 39.542223386643961 ], [ -0.405441261272305, 39.542223386643961 ], [ -0.405700606965329, 39.542097742871157 ], [ -0.40559955896052, 39.541753941640764 ], [ -0.405429840908979, 39.541535299534793 ], [ -0.40527210825305, 39.541377550233207 ], [ -0.404458118072173, 39.541072890907287 ], [ -0.404218714148479, 39.541006951989345 ], [ -0.403024078900277, 39.540798438426798 ], [ -0.402793336151865, 39.540763446059103 ], [ -0.402609937276734, 39.540735633332993 ], [ -0.402063440139293, 39.540652763537018 ], [ -0.401707069233656, 39.540598688514066 ], [ -0.401282410214107, 39.540534242580584 ], [ -0.401282410178372, 39.540534242574715 ], [ -0.401029262505312, 39.540489388979232 ], [ -0.401029262282623, 39.540489388920896 ], [ -0.401029262079632, 39.540489388829087 ], [ -0.401029261904634, 39.540489388707549 ], [ -0.401029261764778, 39.540489388561234 ], [ -0.40102926166578, 39.540489388396146 ], [ -0.401029261611681, 39.540489388219015 ], [ -0.401029261604694, 39.540489388037081 ], [ -0.401029261645106, 39.540489387857775 ], [ -0.401053058628537, 39.540423833002919 ], [ -0.400955881183087, 39.540400956832187 ], [ -0.400955881183085, 39.540400956832187 ], [ -0.400955880961088, 39.540400956759733 ], [ -0.40095588076313, 39.540400956653421 ], [ -0.40095588059771, 39.540400956517807 ], [ -0.400955880471925, 39.540400956358731 ], [ -0.400955880391169, 39.540400956182985 ], [ -0.400955880358911, 39.54040095599813 ], [ -0.400955880376533, 39.540400955812096 ], [ -0.400980207813974, 39.540295633872319 ], [ -0.401037870347218, 39.540046115177446 ], [ -0.40142875644163, 39.538354479169008 ], [ -0.401428756441631, 39.538354479169008 ], [ -0.401428756525148, 39.538354478959349 ], [ -0.401428756671671, 39.538354478771552 ], [ -0.402938670515867, 39.536865225210683 ], [ -0.399268766564144, 39.533883395681386 ], [ -0.399268766564147, 39.533883395681386 ], [ -0.399268766416454, 39.533883395533159 ], [ -0.399268766311531, 39.533883395364505 ], [ -0.399268766253912, 39.533883395182698 ], [ -0.399268766246085, 39.533883394995584 ], [ -0.399268766288395, 39.533883394811255 ], [ -0.399902329966145, 39.532177490283935 ], [ -0.397299131670802, 39.53023575548066 ], [ -0.397299131511708, 39.530235755333621 ], [ -0.397299131396447, 39.530235755163808 ], [ -0.396366591063608, 39.528413104038528 ], [ -0.395159108257448, 39.527772771238418 ], [ -0.395159108257446, 39.527772771238418 ], [ -0.395159108257437, 39.527772771238418 ], [ -0.395070356815258, 39.527725710332327 ], [ -0.394199275638352, 39.527263736484699 ], [ -0.393900115437199, 39.527340733802596 ], [ -0.393900115437197, 39.527340733802596 ], [ -0.393900115437097, 39.52734073380261 ], [ -0.393900115437014, 39.527340733802639 ], [ -0.393434632773072, 39.527460469418791 ], [ -0.392649355959321, 39.527662491473038 ], [ -0.392753945586691, 39.527903620363951 ], [ -0.393687642586295, 39.530056263079246 ], [ -0.393687642586294, 39.530056263079246 ], [ -0.39368764263777, 39.530056263253854 ], [ -0.393687642643602, 39.53005626343289 ], [ -0.393687642603563, 39.530056263609289 ], [ -0.393687642519234, 39.530056263776068 ], [ -0.39368764239395, 39.530056263926618 ], [ -0.39368764223267, 39.530056264054984 ], [ -0.393687642041772, 39.530056264156102 ], [ -0.393687641828807, 39.530056264225969 ], [ -0.393687641602202, 39.530056264261809 ], [ -0.390140747818068, 39.530336945950026 ], [ -0.38897684444358, 39.531273614786706 ], [ -0.389420469122935, 39.532798179979579 ], [ -0.389420469122934, 39.532798179979579 ], [ -0.389420469150836, 39.532798180150017 ], [ -0.389420469136425, 39.532798180321471 ], [ -0.389420469080224, 39.532798180487688 ], [ -0.389420468984281, 39.532798180642594 ], [ -0.389420468852088, 39.532798180780588 ], [ -0.389420468688457, 39.532798180896627 ], [ -0.389420468499345, 39.532798180986475 ], [ -0.389420468291635, 39.532798181046893 ], [ -0.387755067167939, 39.533146396040621 ], [ -0.387755066930398, 39.533146396070315 ], [ -0.38775506669005, 39.533146396061532 ], [ -0.387755066457183, 39.533146396014622 ], [ -0.387755066241768, 39.53314639593161 ], [ -0.387755066053025, 39.533146395816047 ], [ -0.387755065899035, 39.53314639567288 ], [ -0.387755065786391, 39.533146395508247 ], [ -0.387755065719917, 39.533146395329169 ], [ -0.387454985946099, 39.531841841466964 ], [ -0.38611817492733, 39.532442380146122 ], [ -0.385843522645376, 39.53324696367936 ], [ -0.385843522571957, 39.53324696383487 ], [ -0.385843522463006, 39.533246963977355 ], [ -0.38584352232221, 39.53324696410197 ], [ -0.385843522154328, 39.533246964204501 ], [ -0.385843521965035, 39.533246964281531 ], [ -0.385843521760732, 39.533246964330402 ], [ -0.385843521548327, 39.53324696434948 ], [ -0.384458366141125, 39.533272087875659 ], [ -0.38445836590055, 39.533272087860631 ], [ -0.384458365669165, 39.533272087807454 ], [ -0.384458365456937, 39.533272087718451 ], [ -0.38445836527301, 39.533272087597432 ], [ -0.384458365125304, 39.533272087449625 ], [ -0.384458365020183, 39.533272087281389 ], [ -0.384458364962173, 39.533272087099967 ], [ -0.384458167565565, 39.533270992598908 ], [ -0.384458167561783, 39.533270992575758 ], [ -0.38434705589828, 39.532511727558187 ], [ -0.38434705589689, 39.532511727365403 ], [ -0.384347120982592, 39.532511233356857 ], [ -0.384399195844941, 39.532053464175895 ], [ -0.384399195917983, 39.532053463931632 ], [ -0.384512656696411, 39.531825052730277 ], [ -0.384529356968871, 39.531791434290824 ], [ -0.384801890574567, 39.531242726889744 ], [ -0.384893475670398, 39.530352941316195 ], [ -0.384862540540517, 39.530353330408055 ], [ -0.384567777606904, 39.530357066908536 ], [ -0.383613164834029, 39.53036916002003 ], [ -0.378810420520586, 39.530470201490935 ], [ -0.37865343016026, 39.530473505614353 ], [ -0.378653429863125, 39.530473505590905 ], [ -0.378087255849826, 39.53037066960438 ], [ -0.378087255679107, 39.530370669562394 ], [ -0.378087255518736, 39.530370669500606 ], [ -0.377700968382314, 39.530191859055073 ], [ -0.377700968382315, 39.530191859055073 ], [ -0.377698486900977, 39.530190717487912 ], [ -0.377698486718634, 39.530190717384208 ], [ -0.377698486565675, 39.530190717255124 ], [ -0.377687085456651, 39.530178982769705 ], [ -0.377519300569119, 39.530006469739135 ], [ -0.377519300569122, 39.530006469739135 ], [ -0.377519300460915, 39.530006469604729 ], [ -0.377519300384793, 39.53000646945771 ], [ -0.377519300343112, 39.530006469302641 ], [ -0.37751624212588, 39.529986346838982 ], [ -0.377472687033499, 39.529699110606664 ], [ -0.377316736233136, 39.529515446252553 ], [ -0.376968143120622, 39.52936827636001 ], [ -0.376595303797764, 39.529210855374728 ], [ -0.376595303797762, 39.529210855374728 ], [ -0.376595303585158, 39.529210855259421 ], [ -0.376595303410886, 39.529210855110463 ], [ -0.376595303283627, 39.529210854935265 ], [ -0.376475605513988, 39.528991954905294 ], [ -0.376475605444796, 39.528991954731815 ], [ -0.376475605421951, 39.52899195455111 ], [ -0.376476385274599, 39.528813707506842 ], [ -0.37647716166432, 39.528640648682284 ], [ -0.376359563467802, 39.528416075570689 ], [ -0.376359520026275, 39.528415993512134 ], [ -0.376359520024852, 39.528415993509412 ], [ -0.37635781070273, 39.528412734570921 ], [ -0.376264767393244, 39.528371855210047 ], [ -0.375969554450393, 39.52824213965161 ], [ -0.375968713663953, 39.528241769443653 ], [ -0.375304495669635, 39.528271813679126 ], [ -0.375304495495431, 39.528271813676895 ], [ -0.374747589910858, 39.528232183429274 ], [ -0.374747589622427, 39.528232183379558 ], [ -0.373979225584229, 39.528017373186096 ], [ -0.373979225579337, 39.528017373184724 ], [ -0.373979087461067, 39.528017334028242 ], [ -0.373976324705901, 39.528016559885373 ], [ -0.373976324509917, 39.528016559813842 ], [ -0.373976324334467, 39.528016559715361 ], [ -0.37397632418566, 39.528016559593418 ], [ -0.373976324068637, 39.52801655945219 ], [ -0.373975960929916, 39.528016015575162 ], [ -0.370870544239866, 39.527388333170094 ], [ -0.370870544023543, 39.52738833310805 ], [ -0.370870543827302, 39.527388333014159 ], [ -0.370870543658844, 39.527388332892123 ], [ -0.370870543524816, 39.527388332746732 ], [ -0.370870543430483, 39.527388332583712 ], [ -0.370870543379556, 39.52738833240948 ], [ -0.370870543374059, 39.527388332230892 ], [ -0.370870543414178, 39.527388332054961 ], [ -0.370871990648815, 39.527384347570113 ], [ -0.370871426058461, 39.527384069377618 ], [ -0.370871426058471, 39.527384069377618 ], [ -0.370871425890688, 39.527384069277183 ], [ -0.370871425749241, 39.527384069154841 ], [ -0.370871425638831, 39.527384069014651 ], [ -0.370871425563143, 39.527384068861231 ], [ -0.370871425524695, 39.527384068699746 ], [ -0.37087142552475, 39.527384068535525 ], [ -0.370871425563311, 39.52738406837404 ], [ -0.370871438545092, 39.527384032632987 ], [ -0.371155685051701, 39.526601423191934 ], [ -0.371155685143166, 39.526601423014768 ], [ -0.371155685280776, 39.526601422856487 ], [ -0.371384636495233, 39.526390389951445 ], [ -0.371384636632259, 39.5263903898447 ], [ -0.371384636790338, 39.526390389757118 ], [ -0.371589354753854, 39.526295931372402 ], [ -0.371645086225174, 39.526270215726178 ], [ -0.371645086485078, 39.526270215637538 ], [ -0.371645086764972, 39.526270215600292 ], [ -0.372553711211016, 39.526236662922209 ], [ -0.372553711230277, 39.526236662921626 ], [ -0.373904362992211, 39.526204147272828 ], [ -0.373897835531131, 39.526180123131816 ], [ -0.373689757285705, 39.525415539462422 ], [ -0.373576416854944, 39.525133313784472 ], [ -0.373046802138806, 39.523814312120145 ], [ -0.372466873513892, 39.522369956788403 ], [ -0.372466873468105, 39.522369956617268 ], [ -0.372251337953296, 39.520817099023162 ], [ -0.372247363023375, 39.52078848300976 ], [ -0.372187809660739, 39.520555803498389 ], [ -0.371537720111351, 39.518015713560011 ], [ -0.371201603954883, 39.517397471367396 ], [ -0.371201603952949, 39.517397471363807 ], [ -0.371200560637507, 39.517395528928645 ], [ -0.371199702234291, 39.517394234800705 ], [ -0.369869114157403, 39.515383464180132 ], [ -0.369039991690172, 39.51423857558445 ], [ -0.36879385671368, 39.51398073700134 ], [ -0.368547380824842, 39.513731944866471 ], [ -0.367937696951773, 39.513268266460216 ], [ -0.367936863778512, 39.51326769357464 ], [ -0.367505128150024, 39.512996661023763 ], [ -0.366720167505438, 39.512528120738367 ], [ -0.366720167497228, 39.512528120733414 ], [ -0.366595662294633, 39.512452417094451 ], [ -0.366595599745578, 39.512452379643733 ], [ -0.36659559958291, 39.512452379525357 ], [ -0.366595599452435, 39.512452379385095 ], [ -0.366595599358982, 39.512452379228115 ], [ -0.366595599305978, 39.512452379060157 ], [ -0.366595599295394, 39.51245237888746 ], [ -0.366595599327594, 39.512452378716411 ], [ -0.366595599401425, 39.512452378553263 ], [ -0.366595599514133, 39.512452378404028 ], [ -0.367541612487165, 39.511437841408416 ], [ -0.367541612601672, 39.511437841303525 ], [ -0.36754161273543, 39.511437841213315 ], [ -0.367882253295539, 39.511241431172763 ], [ -0.370228710190219, 39.509888377028915 ], [ -0.370228710400346, 39.509888376932508 ], [ -0.370228710631826, 39.509888376872226 ], [ -0.370492614560499, 39.509842874185161 ], [ -0.371858519686104, 39.509607257115185 ], [ -0.371858519686115, 39.509607257115185 ], [ -0.371858519686138, 39.509607257115171 ], [ -0.371902292793828, 39.509599707389015 ], [ -0.371656939734257, 39.50937678078526 ], [ -0.369461913552789, 39.507382341916056 ], [ -0.369461913425816, 39.507382341775497 ], [ -0.368977838632885, 39.506719982754134 ], [ -0.368217522321634, 39.505679639602761 ], [ -0.367543329914562, 39.504757087287452 ], [ -0.367543329824262, 39.504757087130677 ], [ -0.367543329774022, 39.504757086963458 ], [ -0.36754332976565, 39.504757086791905 ], [ -0.367543329799454, 39.504757086622249 ], [ -0.367543329874202, 39.50475708646065 ], [ -0.367820150351974, 39.504301038591471 ], [ -0.368036338761559, 39.503838377025993 ], [ -0.368170109303861, 39.503508516198899 ], [ -0.368341481521345, 39.502995025781182 ], [ -0.368341481537961, 39.502995025736233 ], [ -0.368525162327398, 39.502542919199279 ], [ -0.368699548401611, 39.502055549682112 ], [ -0.368699548407799, 39.502055549665442 ], [ -0.368790594883525, 39.501818888782012 ], [ -0.368790594883513, 39.501818888782012 ], [ -0.36879059499291, 39.501818888586172 ], [ -0.368923736766586, 39.501641701716451 ], [ -0.368923736805233, 39.501641701668554 ], [ -0.369167486066455, 39.501359621435768 ], [ -0.369243329623583, 39.501248148364922 ], [ -0.369243329632437, 39.501248148352147 ], [ -0.369545923984361, 39.50082024619546 ], [ -0.369545923997742, 39.500820246177049 ], [ -0.369746123759211, 39.500552254782292 ], [ -0.369746123766127, 39.500552254773147 ], [ -0.369799119139958, 39.500483199825247 ], [ -0.369893655908067, 39.500244788313239 ], [ -0.369953594042082, 39.500078803049369 ], [ -0.370021028168308, 39.499892234852069 ], [ -0.370121070536209, 39.499616327076644 ], [ -0.370166503625684, 39.499488944722941 ], [ -0.37022492423312, 39.49920787419213 ], [ -0.370260820276087, 39.499035199681337 ], [ -0.370322436513596, 39.498738774764504 ], [ -0.370371724274186, 39.498501614136494 ], [ -0.370406860920883, 39.498332743882649 ], [ -0.370406860975442, 39.498332743719516 ], [ -0.37040686106827, 39.498332743567119 ], [ -0.370406861196136, 39.498332743430787 ], [ -0.370406861354551, 39.498332743315288 ], [ -0.370406861537957, 39.498332743224708 ], [ -0.37040686173996, 39.498332743162152 ], [ -0.370406861953447, 39.498332743129879 ], [ -0.370406862170963, 39.498332743128977 ], [ -0.370406862384884, 39.498332743159501 ], [ -0.370495340604937, 39.498352142376504 ], [ -0.370495340677657, 39.498352142394452 ], [ -0.37067904160103, 39.498402721754104 ], [ -0.370679041625465, 39.498402721761096 ], [ -0.370978200015207, 39.49849098444664 ], [ -0.371176656987095, 39.498548185921514 ], [ -0.371345634710703, 39.498596345587522 ], [ -0.371345634722608, 39.498596345590968 ], [ -0.371457135949925, 39.49862920062268 ], [ -0.371457135996331, 39.498629200637254 ], [ -0.371507509635884, 39.498646001948224 ], [ -0.3717527076877, 39.498720461185144 ], [ -0.372013217752094, 39.49879805085034 ], [ -0.372171701615605, 39.498843017095091 ], [ -0.37234316378355, 39.498891011697459 ], [ -0.372593245806094, 39.498961040120435 ], [ -0.372593245829205, 39.498961040127099 ], [ -0.372696533743646, 39.498991897487514 ], [ -0.372696533747061, 39.498991897488544 ], [ -0.372801367709178, 39.49902351131545 ], [ -0.373222749524937, 39.499144698577325 ], [ -0.373380112710671, 39.4991863955944 ], [ -0.373686716138661, 39.499261978574111 ], [ -0.3739210788098, 39.499313032234532 ], [ -0.374177916614137, 39.499365701435742 ], [ -0.374429413437116, 39.499409519892687 ], [ -0.374664275054324, 39.499447502619006 ], [ -0.375133224637027, 39.49950715683768 ], [ -0.375364431344402, 39.499530888409261 ], [ -0.375623877439321, 39.499550916055348 ], [ -0.37599166120042, 39.499570111596526 ], [ -0.3762431745366, 39.499576918526273 ], [ -0.376613407887033, 39.499582937149732 ], [ -0.377041280809294, 39.499566103336065 ], [ -0.37758769167856, 39.499529197218379 ], [ -0.377587691906285, 39.499529197220362 ], [ -0.37796333499948, 39.499561125722224 ], [ -0.377963335038281, 39.499561125726032 ], [ -0.378257164675076, 39.499593882502964 ], [ -0.378405513791138, 39.499460071796641 ], [ -0.378405513971048, 39.499460071665546 ], [ -0.378405514182637, 39.499460071566894 ], [ -0.378405514416363, 39.499460071505069 ], [ -0.378702585636382, 39.499407992748203 ], [ -0.380589798719184, 39.498993333238694 ], [ -0.381294446650515, 39.498825272321184 ], [ -0.381294446885081, 39.498825272285188 ], [ -0.3812944471242, 39.498825272287149 ], [ -0.381294447357747, 39.498825272326947 ], [ -0.381294447575829, 39.498825272402946 ], [ -0.381294447769219, 39.498825272511908 ], [ -0.381294447929742, 39.498825272649228 ], [ -0.381294448050591, 39.498825272809086 ], [ -0.381294448126649, 39.498825272984725 ], [ -0.381294448154718, 39.498825273168713 ], [ -0.381296373206402, 39.498927603015325 ], [ -0.381296686385001, 39.498938276452513 ], [ -0.381302704526415, 39.49914202377682 ], [ -0.381313517110644, 39.499507321653589 ], [ -0.381325746711859, 39.499606505420125 ], [ -0.381340537058101, 39.499726340073529 ], [ -0.381340537058748, 39.499726340078915 ], [ -0.381361927801266, 39.499911357782558 ], [ -0.381361927802152, 39.499911357935154 ], [ -0.381350220494712, 39.500024010866049 ], [ -0.381338744868971, 39.500152014549748 ], [ -0.381338744847444, 39.500152014670604 ], [ -0.381234179623534, 39.500541774410713 ], [ -0.381207604354822, 39.500644533002223 ], [ -0.381207604337486, 39.500644533059479 ], [ -0.38117497274255, 39.500738407626649 ], [ -0.381174972690789, 39.500738407743128 ], [ -0.381152881484589, 39.500778890691983 ], [ -0.381065714781935, 39.500938637794633 ], [ -0.381065714781924, 39.500938637794633 ], [ -0.381065714661988, 39.500938637962122 ], [ -0.380839000572336, 39.501188304370871 ], [ -0.380682143479671, 39.501361020286076 ], [ -0.380682143477766, 39.501361020288165 ], [ -0.380499446900923, 39.501560976776233 ], [ -0.380489754287835, 39.501664372060468 ], [ -0.380559029792898, 39.501774011588331 ], [ -0.380736917175641, 39.501852984613627 ], [ -0.380944464647983, 39.501922351604129 ], [ -0.380944464811349, 39.501922351671134 ], [ -0.381142466075098, 39.502019912278222 ], [ -0.38136979665901, 39.502129335983625 ] ] ], [ [ [ -0.360983497717672, 39.516234162190067 ], [ -0.360986359258358, 39.516235997406135 ], [ -0.360986359258356, 39.516235997406135 ], [ -0.360986359450617, 39.516235997563207 ], [ -0.36098635958893, 39.516235997751288 ], [ -0.361257847517215, 39.5167371008922 ], [ -0.361257847588637, 39.516737101077908 ], [ -0.361257847607109, 39.516737101271161 ], [ -0.361257847571777, 39.516737101462994 ], [ -0.361257847484276, 39.516737101644516 ], [ -0.361257470897622, 39.516737682877881 ], [ -0.361359352042786, 39.517118332199999 ], [ -0.361359352058684, 39.517118332275338 ], [ -0.361555733540522, 39.518384006766397 ], [ -0.361555733541891, 39.518384006775619 ], [ -0.361665853837358, 39.519161277156066 ], [ -0.361883713136336, 39.519859902921631 ], [ -0.362112048917421, 39.520279453567511 ], [ -0.362414602420862, 39.520583626013362 ], [ -0.362415741713224, 39.520584408557617 ], [ -0.3629020226214, 39.520919025992285 ], [ -0.362902022761351, 39.520919026107102 ], [ -0.362902022873255, 39.520919026239092 ], [ -0.363111661579949, 39.52122106441778 ], [ -0.363111661579952, 39.52122106441778 ], [ -0.363111661656513, 39.521221064553956 ], [ -0.363111661703131, 39.521221064698011 ], [ -0.363328124855893, 39.522240537652685 ], [ -0.36332885647456, 39.522243950488686 ], [ -0.363498102314876, 39.522689242845466 ], [ -0.363744593742624, 39.522938081750546 ], [ -0.364132602799323, 39.523136052931513 ], [ -0.364132936951324, 39.52313613254654 ], [ -0.364764066219385, 39.523276044292381 ], [ -0.366174687365473, 39.523588738443458 ], [ -0.366526195589746, 39.523666652917932 ], [ -0.366532015362048, 39.523667942468393 ], [ -0.366532015582335, 39.523667942536711 ], [ -0.366532015780124, 39.523667942638234 ], [ -0.366532015947182, 39.523667942768753 ], [ -0.366532016076549, 39.523667942922813 ], [ -0.366532016162836, 39.523667943094004 ], [ -0.36653201620245, 39.5236679432752 ], [ -0.366532016193743, 39.523667943458847 ], [ -0.366532016137074, 39.5236679436373 ], [ -0.366532016137073, 39.5236679436373 ], [ -0.365531836139646, 39.525834414730816 ], [ -0.366870315612306, 39.526729032788616 ], [ -0.366870315612308, 39.526729032788616 ], [ -0.366870315766053, 39.526729032913146 ], [ -0.366870315886359, 39.526729033058068 ], [ -0.366870315968819, 39.526729033218089 ], [ -0.366870316010418, 39.52672903338734 ], [ -0.366870316009629, 39.52672903355964 ], [ -0.366755774761715, 39.527618877364432 ], [ -0.366755774719246, 39.527618877531701 ], [ -0.366755774636834, 39.527618877689768 ], [ -0.366755774517434, 39.527618877832985 ], [ -0.365499501992287, 39.528851584625535 ], [ -0.365499501992285, 39.528851584625535 ], [ -0.365499501846472, 39.528851584744487 ], [ -0.365499501675214, 39.528851584841 ], [ -0.365499501484192, 39.528851584911841 ], [ -0.365499501279743, 39.528851584954687 ], [ -0.36549950106865, 39.528851584968109 ], [ -0.365499500857918, 39.528851584951646 ], [ -0.365499500654536, 39.528851584905851 ], [ -0.362267623668369, 39.527868913674055 ], [ -0.361327568849267, 39.528117849175139 ], [ -0.362643001575267, 39.529020440798611 ], [ -0.36264300157527, 39.529020440798611 ], [ -0.362643001731806, 39.529020440929671 ], [ -0.362643001851884, 39.529020441082046 ], [ -0.362643001930782, 39.529020441249791 ], [ -0.362643001965401, 39.529020441426276 ], [ -0.36264300195438, 39.529020441604594 ], [ -0.36264300189815, 39.52902044177771 ], [ -0.362136409280331, 39.530109694280291 ], [ -0.36265437706118, 39.530543736042453 ], [ -0.362654377201202, 39.530543736186338 ], [ -0.36265437730143, 39.530543736348939 ], [ -0.36265437735785, 39.53054373652374 ], [ -0.362654377368205, 39.530543736703734 ], [ -0.362654377332081, 39.530543736881718 ], [ -0.362052709074592, 39.532322993438981 ], [ -0.362052709074591, 39.532322993438981 ], [ -0.362052708994385, 39.532322993606314 ], [ -0.36205270887313, 39.532322993758129 ], [ -0.362052708715588, 39.532322993888428 ], [ -0.362052708527952, 39.532322993992103 ], [ -0.362052708317593, 39.532322994065083 ], [ -0.362052708092779, 39.532322994104504 ], [ -0.36205270786234, 39.53232299410881 ], [ -0.36205270763533, 39.532322994077838 ], [ -0.362052707420671, 39.532322994012802 ], [ -0.362052707420669, 39.532322994012802 ], [ -0.362052260433069, 39.532322817213505 ], [ -0.361179289805307, 39.532030755560925 ], [ -0.359693863283229, 39.531533777504336 ], [ -0.354194668626152, 39.529693686049747 ], [ -0.354141914955611, 39.529678741737463 ], [ -0.354056538795166, 39.529654526706139 ], [ -0.353583569174842, 39.529531484438579 ], [ -0.353414326046181, 39.529487444478917 ], [ -0.353414326042066, 39.529487444477844 ], [ -0.353414176310471, 39.529487405032299 ], [ -0.353411446229745, 39.529486694206639 ], [ -0.35341144600548, 39.529486694126852 ], [ -0.353411445808012, 39.52948669401222 ], [ -0.353411445646234, 39.529486693867881 ], [ -0.353411445527436, 39.529486693700356 ], [ -0.353411445456969, 39.529486693517185 ], [ -0.353411445438008, 39.529486693326632 ], [ -0.353411468520722, 39.529486085765768 ], [ -0.353411468539782, 39.529486085627759 ], [ -0.353411468586, 39.529486085493666 ], [ -0.354046263127266, 39.528087343624399 ], [ -0.354188857761774, 39.527395219349387 ], [ -0.35418885782689, 39.527395219163743 ], [ -0.355724025826857, 39.524350293428398 ], [ -0.355724025839238, 39.524350293404822 ], [ -0.355898822720577, 39.524030549837143 ], [ -0.354190154263308, 39.523676335661349 ], [ -0.354190154263309, 39.523676335661349 ], [ -0.354190154148144, 39.523676335632416 ], [ -0.352442293766019, 39.523157932948124 ], [ -0.352442293766017, 39.523157932948124 ], [ -0.352442293594828, 39.523157932884487 ], [ -0.351355960836319, 39.522665834340252 ], [ -0.35135596083632, 39.522665834340252 ], [ -0.351355960644647, 39.522665834231667 ], [ -0.351355960485459, 39.522665834095164 ], [ -0.351355960365397, 39.522665833936486 ], [ -0.351355960289473, 39.522665833762211 ], [ -0.351355919105065, 39.522665693190255 ], [ -0.351355790252397, 39.522665257834973 ], [ -0.351355790252398, 39.522665257834973 ], [ -0.351355790223017, 39.52266525763806 ], [ -0.351355790249979, 39.522665257440934 ], [ -0.351355790331977, 39.522665257253152 ], [ -0.351355945530116, 39.52266499953943 ], [ -0.351355945530696, 39.52266499953847 ], [ -0.351356044836099, 39.522664835143196 ], [ -0.351542090502002, 39.522354213802117 ], [ -0.351542090587064, 39.522354213684181 ], [ -0.35154209069395, 39.522354213577422 ], [ -0.351799562938344, 39.52213346578759 ], [ -0.351981844130496, 39.521977180496755 ], [ -0.352780557498577, 39.521292373754271 ], [ -0.352780557498579, 39.521292373754271 ], [ -0.352780557662047, 39.521292373638509 ], [ -0.353672682940476, 39.52077216196669 ], [ -0.353672682940475, 39.52077216196669 ], [ -0.353672683150643, 39.520772161869154 ], [ -0.353985877593625, 39.52065966573457 ], [ -0.354191546479085, 39.520585807677392 ], [ -0.354191546479083, 39.520585807677392 ], [ -0.35419154667926, 39.520585807622091 ], [ -0.354191546889091, 39.520585807595921 ], [ -0.354191547101562, 39.520585807599787 ], [ -0.354597286833261, 39.520622098126417 ], [ -0.355144550072495, 39.520607512128223 ], [ -0.355614514026142, 39.520483068627577 ], [ -0.356102626562494, 39.520187896965524 ], [ -0.356607473007507, 39.519757991288785 ], [ -0.357600055698196, 39.518735536845952 ], [ -0.358108635831844, 39.518206581798744 ], [ -0.358108635831847, 39.518206581798744 ], [ -0.358108635973401, 39.518206581676566 ], [ -0.358873893983804, 39.517656448246392 ], [ -0.358873893983802, 39.517656448246392 ], [ -0.358873894083558, 39.517656448182308 ], [ -0.359373248628689, 39.517370499471212 ], [ -0.359614498527874, 39.517141779844195 ], [ -0.359778203776133, 39.516812150996273 ], [ -0.359778203870399, 39.516812150848487 ], [ -0.360156899340535, 39.516334303893359 ], [ -0.360156899340536, 39.516334303893359 ], [ -0.360156899428763, 39.516334303796867 ], [ -0.360313730068811, 39.516184678629401 ], [ -0.360505593593327, 39.515992495635153 ], [ -0.360505593607986, 39.515992495620779 ], [ -0.360507247220492, 39.515990907117164 ], [ -0.360507247220491, 39.515990907117164 ], [ -0.360507247369846, 39.51599090699807 ], [ -0.36050724754489, 39.515990906902239 ], [ -0.360507247739672, 39.515990906832933 ], [ -0.360507247947573, 39.515990906792503 ], [ -0.360507248161523, 39.515990906782328 ], [ -0.360507248374249, 39.515990906802735 ], [ -0.360507248578522, 39.515990906853048 ], [ -0.360507558760526, 39.515991008489898 ], [ -0.360599139954652, 39.516020043269876 ], [ -0.360599140025838, 39.516020043294645 ], [ -0.360725245667359, 39.516067907708447 ], [ -0.360725245667361, 39.516067907708447 ], [ -0.360725245898898, 39.516067907824549 ], [ -0.360983497717672, 39.516234162190067 ] ] ] ] } },
{ "type": "Feature", "properties": { "INE_MUN": "46250", "DISTRITO": 2 }, "geometry": { "type": "MultiPolygon", "coordinates": [ [ [ [ -0.363001623772983, 39.462267900484761 ], [ -0.363001623808661, 39.462267900466138 ], [ -0.36301187359753, 39.462263615130823 ], [ -0.364095656302566, 39.461808932009951 ], [ -0.365034024628315, 39.461415312253997 ], [ -0.365036156762598, 39.461414401160731 ], [ -0.365036156770462, 39.461414401157391 ], [ -0.365146293432512, 39.461368193070427 ], [ -0.365146293432513, 39.461368193070427 ], [ -0.365211108911481, 39.461340933496295 ], [ -0.36521110891148, 39.461340933496295 ], [ -0.365211108912224, 39.461340933496054 ], [ -0.365211108912899, 39.461340933495705 ], [ -0.36525812520199, 39.461321225127328 ], [ -0.36623033991908, 39.4609133280658 ], [ -0.366246713139918, 39.460906447041488 ], [ -0.36624671314028, 39.460906447041374 ], [ -0.366246713140633, 39.460906447041182 ], [ -0.367230890431649, 39.460493519875243 ], [ -0.367230890431651, 39.460493519875243 ], [ -0.367266536574806, 39.460478512445022 ], [ -0.367266536576318, 39.460478512444382 ], [ -0.368241342251758, 39.460069547938474 ], [ -0.368241342251793, 39.460069547938453 ], [ -0.368601631948274, 39.459918320638984 ], [ -0.369272920087131, 39.459636699522967 ], [ -0.369342637610259, 39.459607409872071 ], [ -0.369342637614262, 39.459607409870401 ], [ -0.369343776964371, 39.459606935672035 ], [ -0.37023894706611, 39.459231393901135 ], [ -0.370342885729144, 39.459187693638967 ], [ -0.370342885730711, 39.459187693638299 ], [ -0.370443005414062, 39.459145752777111 ], [ -0.371318480323213, 39.458779535959714 ], [ -0.371414072841528, 39.458739555766066 ], [ -0.37141407284754, 39.458739555763572 ], [ -0.371415253316483, 39.458739068962409 ], [ -0.372630998296631, 39.458230664398442 ], [ -0.372762785358835, 39.458175546714692 ], [ -0.374001021314265, 39.45765771275704 ], [ -0.374001021320394, 39.457657712754489 ], [ -0.374002544071422, 39.457657085014702 ], [ -0.374505406291168, 39.457446733831659 ], [ -0.37528837391928, 39.457119314153964 ], [ -0.375216298939653, 39.456880197674529 ], [ -0.375216298939655, 39.456880197674529 ], [ -0.375216298909243, 39.456880197460556 ], [ -0.375216298945213, 39.456880197247109 ], [ -0.375245694152555, 39.45679084596442 ], [ -0.375292655435522, 39.456648347502828 ], [ -0.375292655505665, 39.456648347349407 ], [ -0.375292655610284, 39.456648347208294 ], [ -0.375292655745962, 39.456648347084077 ], [ -0.375357538518923, 39.456598818872841 ], [ -0.375514016271459, 39.456479347086635 ], [ -0.37551401627146, 39.456479347086635 ], [ -0.375514016435207, 39.456479346982597 ], [ -0.37551401662059, 39.456479346903343 ], [ -0.375514016821452, 39.456479346851488 ], [ -0.375829717534311, 39.456421974183058 ], [ -0.375829717728521, 39.456421974160975 ], [ -0.375829717924756, 39.456421974164535 ], [ -0.37582971811741, 39.456421974193688 ], [ -0.375921582807322, 39.456442241667951 ], [ -0.376131433958957, 39.456488416479068 ], [ -0.376131433958956, 39.456488416479068 ], [ -0.376131434160683, 39.456488416539699 ], [ -0.376131434344409, 39.456488416628268 ], [ -0.376131434503763, 39.45648841674172 ], [ -0.376167493347232, 39.456519360792825 ], [ -0.376349232482442, 39.456675179633919 ], [ -0.377093111632722, 39.456362639591411 ], [ -0.377093111632724, 39.456362639591411 ], [ -0.377093111835223, 39.456362639524706 ], [ -0.377093112050316, 39.456362639488802 ], [ -0.377093112270286, 39.456362639484972 ], [ -0.377093112487241, 39.45636263951338 ], [ -0.377093112693396, 39.45636263957298 ], [ -0.377093112881355, 39.456362639661641 ], [ -0.377093113044375, 39.456362639776188 ], [ -0.377093113044374, 39.456362639776188 ], [ -0.377099244467568, 39.456367849613073 ], [ -0.377332206065581, 39.45627272377628 ], [ -0.377536931199774, 39.456189134504577 ], [ -0.378016705004118, 39.455993471754795 ], [ -0.378235781988756, 39.45590411504616 ], [ -0.378320187089128, 39.455869709901869 ], [ -0.378357503560701, 39.455854502474132 ], [ -0.378357645716997, 39.455854429132692 ], [ -0.378357645820053, 39.455854429085278 ], [ -0.378385829111371, 39.455842943453554 ], [ -0.378517892436905, 39.455787933456769 ], [ -0.378841045180999, 39.455650906987245 ], [ -0.379139291965084, 39.455524466377945 ], [ -0.379139291965083, 39.455524466377945 ], [ -0.37913929208869, 39.455524466332641 ], [ -0.379281183733193, 39.455480190372214 ], [ -0.379281183737086, 39.455480190371006 ], [ -0.379601285849602, 39.455381344405353 ], [ -0.379601285849601, 39.455381344405353 ], [ -0.379601285996475, 39.455381344368561 ], [ -0.379982390202841, 39.455307133668612 ], [ -0.379975257077199, 39.455123118872656 ], [ -0.379975257094977, 39.455123118686387 ], [ -0.379975257161945, 39.455123118506961 ], [ -0.379975257275221, 39.455123118342108 ], [ -0.379975257429928, 39.455123118198919 ], [ -0.379975257619413, 39.455123118083549 ], [ -0.379975257835525, 39.455123118000955 ], [ -0.380453051301389, 39.454986199166072 ], [ -0.380612931076864, 39.454906445803012 ], [ -0.380828306470769, 39.454798789353745 ], [ -0.380828306561695, 39.454798789312704 ], [ -0.38120773678887, 39.454644872500168 ], [ -0.381259082968052, 39.454621638062314 ], [ -0.381259082968054, 39.454621638062314 ], [ -0.381259083175294, 39.454621637988623 ], [ -0.381259083397112, 39.454621637947739 ], [ -0.38125908362496, 39.454621637941223 ], [ -0.381259083850059, 39.454621637969339 ], [ -0.381259084063738, 39.454621638031 ], [ -0.381259084257762, 39.454621638123839 ], [ -0.381259084424659, 39.454621638244269 ], [ -0.381259084557996, 39.454621638387636 ], [ -0.381259084652637, 39.454621638548439 ], [ -0.381259084704935, 39.454621638720496 ], [ -0.381259084712877, 39.45462163889713 ], [ -0.381259084676155, 39.454621639071576 ], [ -0.381258047535123, 39.454624660682171 ], [ -0.381257563257617, 39.454626109197036 ], [ -0.381257563255888, 39.454626109202145 ], [ -0.381234418290059, 39.454693703410946 ], [ -0.381138641657209, 39.454973144904223 ], [ -0.380997912291327, 39.455383088619854 ], [ -0.380996653603024, 39.455386749369119 ], [ -0.380996653594426, 39.455386749392822 ], [ -0.380996073716949, 39.455388267820723 ], [ -0.38098128797241, 39.455428505858436 ], [ -0.380981287966797, 39.455428505873229 ], [ -0.380918901505893, 39.455587874147028 ], [ -0.380523447436092, 39.456597856803 ], [ -0.380133565195202, 39.457593463756297 ], [ -0.379729239398538, 39.458625994959718 ], [ -0.379367811156502, 39.459548994169396 ], [ -0.379000322258174, 39.460487355014813 ], [ -0.378814361772387, 39.460962197423285 ], [ -0.378716861804351, 39.461210860437383 ], [ -0.378588553117875, 39.461570153918544 ], [ -0.378588553117877, 39.461570153918544 ], [ -0.378552430135397, 39.461671408049781 ], [ -0.378006812814854, 39.46319960871547 ], [ -0.37800681281474, 39.463199608715691 ], [ -0.378006812814683, 39.463199608715946 ], [ -0.377937509194933, 39.463393300221242 ], [ -0.377794885815213, 39.463792457962676 ], [ -0.377639166035333, 39.46422849481548 ], [ -0.37750988908889, 39.464590350525974 ], [ -0.377363681148637, 39.465000016581207 ], [ -0.377210798298555, 39.465428755656276 ], [ -0.37705578647175, 39.465863496746529 ], [ -0.376913019107354, 39.466263753489322 ], [ -0.376866608200773, 39.466393994818922 ], [ -0.376843761909949, 39.466457891178777 ], [ -0.376842456998772, 39.466461532812154 ], [ -0.37684245699877, 39.466461532812176 ], [ -0.376811606286084, 39.466547788512706 ], [ -0.376782515832749, 39.466628922794534 ], [ -0.376570676539796, 39.46722010915898 ], [ -0.376496534437889, 39.467426991863022 ], [ -0.376487354096901, 39.467457225337846 ], [ -0.376487354020952, 39.467457225508774 ], [ -0.376487353902489, 39.467457225664489 ], [ -0.376487353746284, 39.467457225798725 ], [ -0.376487353558632, 39.467457225906074 ], [ -0.376487353347098, 39.467457225982223 ], [ -0.376487353120203, 39.467457226024074 ], [ -0.376487352887096, 39.467457226029978 ], [ -0.376487352657168, 39.467457225999652 ], [ -0.375951262098011, 39.46734265102279 ], [ -0.375951262087413, 39.467342651020488 ], [ -0.375246503517584, 39.467186439889105 ], [ -0.374965316401204, 39.467134994315892 ], [ -0.374965316398168, 39.467134994315344 ], [ -0.374940823107876, 39.46713045916767 ], [ -0.374940822903654, 39.467130459113903 ], [ -0.374940822715775, 39.4671304590318 ], [ -0.374940822550711, 39.467130458924196 ], [ -0.374940822414153, 39.467130458794813 ], [ -0.374940822310807, 39.467130458648079 ], [ -0.374940822244234, 39.467130458489066 ], [ -0.374937664438268, 39.46711955554769 ], [ -0.374928380466064, 39.467125858168259 ], [ -0.374120746403721, 39.46767438990981 ], [ -0.373750709181189, 39.467925731060568 ], [ -0.373189543527864, 39.468306859506214 ], [ -0.372892540376891, 39.468508629132259 ], [ -0.37289254037689, 39.468508629132259 ], [ -0.37289254018905, 39.46850862923624 ], [ -0.3728925399784, 39.468508629309376 ], [ -0.372892539753251, 39.468508629348797 ], [ -0.372892539522491, 39.468508629352932 ], [ -0.372892539295226, 39.46850862932164 ], [ -0.372892539080431, 39.468508629256142 ], [ -0.37289253888658, 39.468508629159018 ], [ -0.372892538721326, 39.468508629034112 ], [ -0.372892538591194, 39.46850862888634 ], [ -0.372887364664863, 39.468501278839433 ], [ -0.37275191111385, 39.468594487476992 ], [ -0.372659034169048, 39.46865878615256 ], [ -0.372276132031727, 39.468923997926439 ], [ -0.372014455892119, 39.469105295164496 ], [ -0.371838573652915, 39.469227052481209 ], [ -0.371362842989341, 39.469556434036491 ], [ -0.371127710537918, 39.4697191904337 ], [ -0.371127710347709, 39.469719190540665 ], [ -0.371127710133617, 39.469719190615763 ], [ -0.371127709904405, 39.469719190655944 ], [ -0.371127709669448, 39.469719190659561 ], [ -0.37112770943836, 39.469719190626449 ], [ -0.371127709220596, 39.469719190557974 ], [ -0.371127709025066, 39.469719190456956 ], [ -0.371118550102291, 39.469713339730781 ], [ -0.371112836713894, 39.469717232350966 ], [ -0.371090397342154, 39.46973653862716 ], [ -0.371013989066016, 39.469802186849662 ], [ -0.370459292297549, 39.470278741176905 ], [ -0.37043597040882, 39.470298785031098 ], [ -0.370435970408817, 39.470298785031098 ], [ -0.370435970408695, 39.470298785031176 ], [ -0.370435970408604, 39.470298785031268 ], [ -0.370362216153408, 39.470362137061429 ], [ -0.370211454475884, 39.470491693411795 ], [ -0.369278912951868, 39.47129278350603 ], [ -0.368675773859927, 39.471810979249504 ], [ -0.368830120462422, 39.471931150700485 ], [ -0.368830120462425, 39.471931150700485 ], [ -0.368830120600617, 39.471931150830386 ], [ -0.368830120705193, 39.471931150977959 ], [ -0.368830120772498, 39.47193115113803 ], [ -0.368830120800178, 39.471931151305029 ], [ -0.368830120787266, 39.4719311514731 ], [ -0.368830120734214, 39.471931151636348 ], [ -0.368830120642875, 39.471931151789121 ], [ -0.368830120516445, 39.471931151926029 ], [ -0.368830120359339, 39.471931152042309 ], [ -0.368830120177051, 39.471931152133877 ], [ -0.368084506284644, 39.472233097662787 ], [ -0.368084506280021, 39.472233097664656 ], [ -0.368083368257887, 39.472233553492693 ], [ -0.36808851201896, 39.472246177968387 ], [ -0.368088512064431, 39.472246178131115 ], [ -0.368088512070478, 39.472246178297517 ], [ -0.368088512036897, 39.472246178461958 ], [ -0.368088511964832, 39.472246178618789 ], [ -0.368088511856747, 39.472246178762653 ], [ -0.368088511716339, 39.472246178888653 ], [ -0.368088511548403, 39.472246178992457 ], [ -0.368088511358681, 39.472246179070524 ], [ -0.368046531438191, 39.472259763964246 ], [ -0.367448168230679, 39.472468899397832 ], [ -0.36694264847259, 39.472655339602092 ], [ -0.366008993216809, 39.473097510675885 ], [ -0.366008993216808, 39.473097510675885 ], [ -0.366008993011669, 39.473097510752744 ], [ -0.366008992791122, 39.473097510797096 ], [ -0.366008992563647, 39.473097510807236 ], [ -0.366008992337992, 39.473097510782779 ], [ -0.366008992122835, 39.473097510724656 ], [ -0.366008991926451, 39.473097510635107 ], [ -0.366008991756391, 39.47309751051759 ], [ -0.366008991619195, 39.473097510376597 ], [ -0.366008991619197, 39.473097510376597 ], [ -0.366008059864143, 39.473096327125852 ], [ -0.366000242462303, 39.473086479013006 ], [ -0.365987106708678, 39.473070019528109 ], [ -0.365273256007371, 39.472190050020757 ], [ -0.364922095779329, 39.471759713053999 ], [ -0.364922095777401, 39.471759713051625 ], [ -0.364190104593791, 39.470856444268804 ], [ -0.364044446088767, 39.47067666744708 ], [ -0.364044446087559, 39.470676667445595 ], [ -0.363721654646153, 39.470276527300598 ], [ -0.363721654646156, 39.470276527300598 ], [ -0.36372165464611, 39.47027652730052 ], [ -0.36372165464603, 39.470276527300442 ], [ -0.363716852432239, 39.470270571662134 ], [ -0.363716852393117, 39.470270571609774 ], [ -0.363131211433163, 39.469422371650445 ], [ -0.363131211433165, 39.469422371650445 ], [ -0.363131211433163, 39.469422371650438 ], [ -0.363131211433153, 39.469422371650424 ], [ -0.362741488502801, 39.468857886340011 ], [ -0.362438408011006, 39.468452326205778 ], [ -0.362438407959668, 39.468452326128762 ], [ -0.362400330652761, 39.468387751819932 ], [ -0.362400330652762, 39.468387751819932 ], [ -0.3624003306527, 39.468387751819797 ], [ -0.362400330652606, 39.468387751819677 ], [ -0.36235756299853, 39.468315161333472 ], [ -0.362357562996316, 39.468315161329684 ], [ -0.362355953103755, 39.468312395131846 ], [ -0.362058621784421, 39.467807737292141 ], [ -0.362058621744597, 39.467807737215395 ], [ -0.36197295684281, 39.46761791543188 ], [ -0.361855186363416, 39.467356979175179 ], [ -0.361770230986621, 39.467192546598248 ], [ -0.361770230986541, 39.467192546598035 ], [ -0.36177023098643, 39.467192546597872 ], [ -0.361736870944104, 39.467127894484477 ], [ -0.36162699199184, 39.466915144941922 ], [ -0.361270594052839, 39.466299592844642 ], [ -0.36127059403484, 39.466299592811822 ], [ -0.361051304144592, 39.465876778952726 ], [ -0.360152019860205, 39.464143224208726 ], [ -0.360152019831944, 39.464143224148046 ], [ -0.359837829978815, 39.463384640881777 ], [ -0.359837829978813, 39.463384640881777 ], [ -0.359837829930389, 39.463384640706494 ], [ -0.359837829927723, 39.463384640527231 ], [ -0.359837829970918, 39.46338464035113 ], [ -0.359837830058265, 39.463384640185133 ], [ -0.359837830186299, 39.463384640035848 ], [ -0.35983783034995, 39.463384639909172 ], [ -0.359837830542728, 39.463384639810137 ], [ -0.359837830756996, 39.463384639742664 ], [ -0.359885585847891, 39.463373747448934 ], [ -0.359885585849231, 39.463373747448628 ], [ -0.360349860158074, 39.463268321768972 ], [ -0.360762491224549, 39.463174080567484 ], [ -0.360762491235899, 39.463174080564933 ], [ -0.360935542751614, 39.46313603490858 ], [ -0.361324844897088, 39.462972479899868 ], [ -0.361806827465127, 39.462769979833944 ], [ -0.361806827465128, 39.462769979833944 ], [ -0.362348061009304, 39.462541400663817 ], [ -0.362348061015687, 39.462541400661138 ], [ -0.362780104717157, 39.462361636337093 ], [ -0.362780104718756, 39.462361636336439 ], [ -0.362977126709305, 39.462279965941974 ], [ -0.363001623737127, 39.462267900498652 ], [ -0.363001623737125, 39.462267900498652 ], [ -0.363001623772983, 39.462267900484761 ] ] ] ] } },
{ "type": "Feature", "properties": { "INE_MUN": "46250", "DISTRITO": 10 }, "geometry": { "type": "MultiPolygon", "coordinates": [ [ [ [ -0.34734546788466, 39.454407941223145 ], [ -0.347345467884597, 39.454407941223145 ], [ -0.344374728739395, 39.453744603618588 ], [ -0.34155721980054, 39.454056464158434 ], [ -0.341557219571061, 39.454056464166058 ], [ -0.341557219344136, 39.454056464138517 ], [ -0.341557219128637, 39.454056464076878 ], [ -0.341557218932992, 39.454056463983591 ], [ -0.341557218764852, 39.454056463862287 ], [ -0.341557218630791, 39.454056463717698 ], [ -0.341557218536049, 39.454056463555489 ], [ -0.341557218484332, 39.454056463381995 ], [ -0.341557218477663, 39.454056463204019 ], [ -0.341571848591493, 39.45389467806433 ], [ -0.341222550817986, 39.453931689070544 ], [ -0.340921302944201, 39.454041921816994 ], [ -0.3409213029442, 39.454041921816994 ], [ -0.340921302687099, 39.45404192188392 ], [ -0.339979040533495, 39.454195308084998 ], [ -0.339505119944414, 39.454288816863418 ], [ -0.339505119897304, 39.454288816871909 ], [ -0.338609868537621, 39.454434984468428 ], [ -0.338609868513447, 39.454434984472172 ], [ -0.337943793298312, 39.45453233487418 ], [ -0.337943793172501, 39.454532334887091 ], [ -0.337726111118153, 39.454545358948749 ], [ -0.336983172497611, 39.454753575960567 ], [ -0.336983172497609, 39.454753575960567 ], [ -0.336983172191923, 39.454753576011534 ], [ -0.336513599689165, 39.454781619867255 ], [ -0.336513599647632, 39.454781619869152 ], [ -0.335785139032318, 39.454804820174807 ], [ -0.335056152610409, 39.454835548674964 ], [ -0.334668244814737, 39.454881357143378 ], [ -0.334668244693209, 39.454881357152701 ], [ -0.33456777634049, 39.454884941149849 ], [ -0.334567776101918, 39.454884941139291 ], [ -0.33456777587118, 39.454884941091102 ], [ -0.334567775658047, 39.454884941007329 ], [ -0.334567775471536, 39.454884940891517 ], [ -0.334567775319542, 39.454884940748585 ], [ -0.334567775208496, 39.454884940584549 ], [ -0.334567775143098, 39.454884940406366 ], [ -0.334567775126118, 39.454884940221582 ], [ -0.334567775158272, 39.454884940038028 ], [ -0.334902285209715, 39.45381604226727 ], [ -0.334882412887138, 39.453275416069609 ], [ -0.334882412889093, 39.453275415985793 ], [ -0.334897052646948, 39.453100072768706 ], [ -0.334908347706806, 39.452964998901066 ], [ -0.334791708039842, 39.452838563883354 ], [ -0.33479170803984, 39.452838563883354 ], [ -0.334791707917405, 39.452838563714977 ], [ -0.334791707844142, 39.452838563530221 ], [ -0.334791707823426, 39.452838563337593 ], [ -0.334791707856213, 39.452838563145995 ], [ -0.334843810919113, 39.452673083328953 ], [ -0.334854314873407, 39.452616001501532 ], [ -0.334919235397255, 39.452263105375494 ], [ -0.334943552701258, 39.452131026999169 ], [ -0.334943552702009, 39.452131026995154 ], [ -0.334959095102425, 39.45204924240651 ], [ -0.334959095103571, 39.452049242400619 ], [ -0.334988840986565, 39.451899596182294 ], [ -0.335009520117049, 39.451795406564308 ], [ -0.335044516101538, 39.451619160815397 ], [ -0.335035359494396, 39.451497351582759 ], [ -0.335035359493853, 39.451497351485791 ], [ -0.335058856247857, 39.451129871504101 ], [ -0.335079691351558, 39.450804616699919 ], [ -0.335086163600546, 39.450703493093165 ], [ -0.335092908903652, 39.450597800194757 ], [ -0.335114572510886, 39.450249596512073 ], [ -0.335132386413359, 39.449963586628151 ], [ -0.335132386427441, 39.449963586525293 ], [ -0.335182448603901, 39.449727876842118 ], [ -0.33523239461491, 39.449492917631922 ], [ -0.335249268591877, 39.449332480978306 ], [ -0.335278266274954, 39.449056505557756 ], [ -0.335304310562696, 39.448809210276991 ], [ -0.335327013145263, 39.448593314093749 ], [ -0.335342044446319, 39.448450100419564 ], [ -0.335345984680235, 39.448412903471365 ], [ -0.335345984687615, 39.448412903419886 ], [ -0.335350143252595, 39.448389936352385 ], [ -0.335350310550829, 39.448387986174602 ], [ -0.335348655772334, 39.448387835701269 ], [ -0.335348655554024, 39.448387835664661 ], [ -0.335348655348793, 39.448387835596314 ], [ -0.335348655164229, 39.448387835498785 ], [ -0.335348655007158, 39.448387835375669 ], [ -0.335348654883388, 39.448387835231514 ], [ -0.335348654797497, 39.448387835071664 ], [ -0.335348654752662, 39.448387834902015 ], [ -0.335348654750541, 39.448387834728848 ], [ -0.335351391602991, 39.448363452187863 ], [ -0.335351391603258, 39.448363452185518 ], [ -0.335364811670676, 39.448247399029 ], [ -0.335405225828577, 39.447897814275372 ], [ -0.335419219100599, 39.447776810413771 ], [ -0.33547710895701, 39.44727609517205 ], [ -0.335522072535966, 39.446887007579541 ], [ -0.335533565669427, 39.446734172455081 ], [ -0.335560298102239, 39.446378922698429 ], [ -0.335560298103059, 39.446378922688474 ], [ -0.335574226231603, 39.44622347225431 ], [ -0.335617263234247, 39.445741384285668 ], [ -0.335632158991426, 39.445574109477434 ], [ -0.335659491248122, 39.445268119826402 ], [ -0.33567668379429, 39.44507552534904 ], [ -0.335687712812861, 39.444944894244436 ], [ -0.335706419848793, 39.444702673619567 ], [ -0.335719386006933, 39.444528579944063 ], [ -0.335754964278264, 39.44405124861504 ], [ -0.335755848922668, 39.44403917011298 ], [ -0.335755848957745, 39.444039169938712 ], [ -0.335755849035967, 39.444039169773077 ], [ -0.335755849154329, 39.444039169622457 ], [ -0.335755849308289, 39.444039169492612 ], [ -0.335755849491943, 39.444039169388525 ], [ -0.335755849698243, 39.444039169314181 ], [ -0.335755849919275, 39.444039169272457 ], [ -0.335755850146555, 39.444039169264933 ], [ -0.335819850598219, 39.444041923620851 ], [ -0.335860692549456, 39.443695894085529 ], [ -0.335913234152897, 39.443224190966355 ], [ -0.335932001867008, 39.443050459924329 ], [ -0.335972324034376, 39.442672285015583 ], [ -0.335995053165757, 39.44243967961421 ], [ -0.335995053166184, 39.442439679609983 ], [ -0.336035994100939, 39.442045433651209 ], [ -0.336058305554068, 39.441823557098829 ], [ -0.336058305554466, 39.441823557094956 ], [ -0.336098735551863, 39.441442690006816 ], [ -0.336125906965279, 39.441183435684408 ], [ -0.336156979023235, 39.440867963183727 ], [ -0.336156979024396, 39.440867963172806 ], [ -0.336172555005126, 39.44073168405771 ], [ -0.336175053101337, 39.440667461022223 ], [ -0.336175123544571, 39.440651927913684 ], [ -0.336175123548763, 39.440651927840349 ], [ -0.336251656898868, 39.439955928585867 ], [ -0.336251656899125, 39.439955928583551 ], [ -0.336339629353596, 39.439179471788151 ], [ -0.336422610669518, 39.438315616178777 ], [ -0.33642261067036, 39.438315616170506 ], [ -0.336474116375059, 39.437838733817372 ], [ -0.336495741561296, 39.437490335503227 ], [ -0.336495741564268, 39.437490335468972 ], [ -0.336546384777631, 39.437036017373643 ], [ -0.336574412153815, 39.436519778943229 ], [ -0.336599962622452, 39.435959928057365 ], [ -0.3365860842792, 39.435668866032771 ], [ -0.336512061241576, 39.434988786877796 ], [ -0.336466031123192, 39.434994228174332 ], [ -0.33646603112319, 39.434994228174332 ], [ -0.336466030975498, 39.434994228184365 ], [ -0.336074141429024, 39.435001375854597 ], [ -0.336074141408721, 39.435001375854824 ], [ -0.334308981092486, 39.435009613150122 ], [ -0.334308980852486, 39.435009613131825 ], [ -0.334308980622534, 39.435009613075479 ], [ -0.33430898041255, 39.435009612983514 ], [ -0.33430898023159, 39.435009612859901 ], [ -0.334308980087457, 39.435009612709969 ], [ -0.334308979986369, 39.435009612540185 ], [ -0.334308979932685, 39.435009612357867 ], [ -0.334308979928721, 39.435009612170887 ], [ -0.33431989185132, 39.434913241437727 ], [ -0.334319891853996, 39.434913241416872 ], [ -0.334351594278038, 39.434692373150604 ], [ -0.334351594278774, 39.434692373145587 ], [ -0.334365547280468, 39.434599874661529 ], [ -0.334322854690779, 39.434592585996938 ], [ -0.334289297492594, 39.434589122794257 ], [ -0.334289297472282, 39.434589122792012 ], [ -0.334251120209966, 39.434584649140533 ], [ -0.334205962231939, 39.434580901842402 ], [ -0.334205962205941, 39.434580901840008 ], [ -0.334159700494192, 39.434576242746239 ], [ -0.33411102552199, 39.434572414749539 ], [ -0.334111025489042, 39.434572414746583 ], [ -0.334064758658011, 39.434567737478851 ], [ -0.334064758656407, 39.43456773747868 ], [ -0.334019633636157, 39.434563126019661 ], [ -0.334019633625131, 39.434563126018489 ], [ -0.333977986508285, 39.434558554674638 ], [ -0.333937435948471, 39.434554930966073 ], [ -0.333937435942417, 39.434554930965525 ], [ -0.333899270641291, 39.434551362854165 ], [ -0.333864489227627, 39.434548776829608 ], [ -0.33382972704041, 39.434547056978303 ], [ -0.333829727036856, 39.434547056978126 ], [ -0.333798427783282, 39.43454543366466 ], [ -0.333768272318524, 39.434543854596583 ], [ -0.333768272274241, 39.434543854593599 ], [ -0.333738151112383, 39.43454137632736 ], [ -0.333738150981428, 39.434541376310669 ], [ -0.333708133891733, 39.434536169862412 ], [ -0.33370813378129, 39.434536169838772 ], [ -0.333677082708244, 39.434528223516999 ], [ -0.333677082708245, 39.434528223516999 ], [ -0.333677082567097, 39.434528223472732 ], [ -0.333643867859585, 39.434515782578437 ], [ -0.333643867859586, 39.434515782578437 ], [ -0.333643867592095, 39.434515782439881 ], [ -0.333608768446122, 39.434491528336217 ], [ -0.33360876844612, 39.434491528336217 ], [ -0.33360876824255, 39.43449152815171 ], [ -0.333572150253943, 39.434447461318449 ], [ -0.333572150168801, 39.434447461196207 ], [ -0.333572150108923, 39.434447461065254 ], [ -0.333549083907444, 39.434381161524911 ], [ -0.333549083907446, 39.434381161524911 ], [ -0.333549083868911, 39.434381161336894 ], [ -0.333549083882214, 39.434381161146781 ], [ -0.333549083946761, 39.434381160963092 ], [ -0.333549084059668, 39.434381160794047 ], [ -0.333606272303368, 39.434314025756215 ], [ -0.333606272303365, 39.434314025756215 ], [ -0.333606272439723, 39.434314025624801 ], [ -0.333606272605292, 39.434314025515398 ], [ -0.333606272794262, 39.434314025431881 ], [ -0.333606273, 39.434314025377148 ], [ -0.333825056904749, 39.434273102931989 ], [ -0.333891751481957, 39.433599461217746 ], [ -0.333013409287651, 39.433556035592389 ], [ -0.333005850848095, 39.434277063618033 ], [ -0.333022306452346, 39.434446602368425 ], [ -0.333176790725755, 39.434617815290373 ], [ -0.3333103411967, 39.434731538522541 ], [ -0.333349015712992, 39.434753122493909 ], [ -0.33337525340225, 39.434766344811095 ], [ -0.333404874615763, 39.434780528514814 ], [ -0.333441431957203, 39.434797622617637 ], [ -0.333482535956555, 39.434816555204442 ], [ -0.333482535975436, 39.434816555213338 ], [ -0.333525851773467, 39.434837380821826 ], [ -0.33352585178083, 39.434837380825407 ], [ -0.333570322370068, 39.43485912027348 ], [ -0.333570322417052, 39.434859120297695 ], [ -0.333613581591576, 39.434882619281844 ], [ -0.333613581591578, 39.434882619281844 ], [ -0.33361358171588, 39.434882619359783 ], [ -0.333649749249975, 39.434908686213674 ], [ -0.333649749249973, 39.434908686213674 ], [ -0.333649749447918, 39.434908686400725 ], [ -0.33367526610318, 39.434940783540164 ], [ -0.333675266103183, 39.434940783540164 ], [ -0.333675266188822, 39.434940783670548 ], [ -0.333675266246104, 39.434940783809964 ], [ -0.333686614818492, 39.434978865695655 ], [ -0.333686614818491, 39.434978865695655 ], [ -0.333686614844919, 39.434978865829642 ], [ -0.33368661484511, 39.434978865965199 ], [ -0.333682733854691, 39.435019329063493 ], [ -0.333682733792494, 39.435019329294612 ], [ -0.333666206343841, 39.435055885270934 ], [ -0.333666206264156, 39.435055885408843 ], [ -0.333666206155847, 39.435055885534481 ], [ -0.333637249012709, 39.435084039470006 ], [ -0.333637249012711, 39.435084039470006 ], [ -0.333637248883699, 39.435084039576445 ], [ -0.333637248734192, 39.435084039665306 ], [ -0.33359936163135, 39.435102985369319 ], [ -0.333599361631352, 39.435102985369319 ], [ -0.333599361390932, 39.435102985461022 ], [ -0.333557088108262, 39.435114637022963 ], [ -0.33355708810826, 39.435114637022963 ], [ -0.333557087871938, 39.435114637067159 ], [ -0.333513952580341, 39.435119070823617 ], [ -0.333513952393413, 39.435119070831028 ], [ -0.333472161336045, 39.435118112123568 ], [ -0.333472161139701, 39.435118112106011 ], [ -0.333431766524756, 39.435111763034776 ], [ -0.33343176636661, 39.435111763000741 ], [ -0.333396122210076, 39.435101941006586 ], [ -0.333396122076992, 39.435101940962483 ], [ -0.333361753291092, 39.435088532092401 ], [ -0.333361753196497, 39.435088532051083 ], [ -0.333328677842856, 39.435072463723969 ], [ -0.333328677751712, 39.435072463674835 ], [ -0.333295737243273, 39.435052830955328 ], [ -0.333295737226868, 39.435052830945381 ], [ -0.333259431878622, 39.435030377845486 ], [ -0.333259431835119, 39.435030377817206 ], [ -0.333219828326979, 39.435003326634778 ], [ -0.333174478101697, 39.434973432849155 ], [ -0.333174478096564, 39.434973432845759 ], [ -0.333126920560971, 39.434941712763617 ], [ -0.333126920532013, 39.434941712743637 ], [ -0.333083929238818, 39.434911044232976 ], [ -0.33308392920533, 39.434911044208114 ], [ -0.333047831609458, 39.434883150002591 ], [ -0.333047831557531, 39.434883149959752 ], [ -0.333016345827256, 39.434855415613207 ], [ -0.333016345773393, 39.434855415562104 ], [ -0.332983923299762, 39.434822241833764 ], [ -0.332983923240102, 39.434822241766611 ], [ -0.332950672939297, 39.434780926719213 ], [ -0.332950672894034, 39.434780926657723 ], [ -0.332918800486672, 39.434733369503249 ], [ -0.332918800453027, 39.434733369448637 ], [ -0.332890502726095, 39.434683164648661 ], [ -0.332890502672678, 39.434683164532949 ], [ -0.332872626752488, 39.434634122262878 ], [ -0.332872626735529, 39.434634122210369 ], [ -0.332860349070727, 39.434590595644636 ], [ -0.332860349052517, 39.434590595561687 ], [ -0.332851920459231, 39.43453722963995 ], [ -0.332851920452263, 39.434537229578403 ], [ -0.332849688637107, 39.434504747678496 ], [ -0.332846162025946, 39.43447496122392 ], [ -0.332846162024463, 39.434474961210256 ], [ -0.332841975619785, 39.434432507668383 ], [ -0.332841975619666, 39.434432507667168 ], [ -0.332836993628032, 39.434381067635542 ], [ -0.33282998396502, 39.434320536261424 ], [ -0.33282998396389, 39.434320536250993 ], [ -0.332823255185556, 39.434253709673143 ], [ -0.332823255184042, 39.434253709656012 ], [ -0.332817840215891, 39.434182441265776 ], [ -0.332817840215008, 39.434182441252474 ], [ -0.3328136850884, 39.434109363077994 ], [ -0.332813685087439, 39.434109363053601 ], [ -0.332811988441342, 39.434031833297503 ], [ -0.332811988441182, 39.434031833285459 ], [ -0.332811613064212, 39.433950761865255 ], [ -0.332811613064249, 39.433950761854021 ], [ -0.33281261478414, 39.433863406876945 ], [ -0.332812614784307, 39.433863406867694 ], [ -0.332814796160659, 39.433775155558102 ], [ -0.332816923670907, 39.433689655193724 ], [ -0.332816923671201, 39.433689655184438 ], [ -0.332819881272691, 39.433612236736209 ], [ -0.33282036863307, 39.433538360612751 ], [ -0.332820896129688, 39.433463615159113 ], [ -0.332819342767522, 39.433383395071708 ], [ -0.332816274831328, 39.433280637188375 ], [ -0.332811192570622, 39.433140915994464 ], [ -0.332811192570489, 39.433140915990528 ], [ -0.332805485441929, 39.432955218551044 ], [ -0.33280548544185, 39.432955218548258 ], [ -0.332799742671706, 39.43274064894252 ], [ -0.33279406669941, 39.432524328654935 ], [ -0.3327940666992, 39.432524328643233 ], [ -0.332792220893049, 39.432329684883101 ], [ -0.332792220893028, 39.432329684880095 ], [ -0.332791388249567, 39.432168435596019 ], [ -0.332791388249582, 39.432168435586611 ], [ -0.332792352847035, 39.432052243532411 ], [ -0.332791427743529, 39.431985546510454 ], [ -0.332791427743462, 39.431985546502062 ], [ -0.332791373030808, 39.431955803885693 ], [ -0.332771536173366, 39.431928341631171 ], [ -0.332731784923474, 39.431903998647314 ], [ -0.332731784852742, 39.431903998600298 ], [ -0.332704645619168, 39.431884444789326 ], [ -0.332704645550658, 39.431884444735651 ], [ -0.332674281221342, 39.431858564816878 ], [ -0.332674281221345, 39.431858564816878 ], [ -0.332674281115227, 39.431858564711725 ], [ -0.332646487305892, 39.431826361049119 ], [ -0.332646487305893, 39.431826361049119 ], [ -0.332646487195589, 39.431826360888145 ], [ -0.332625905732345, 39.431787202182313 ], [ -0.332625905732346, 39.431787202182313 ], [ -0.332625905653071, 39.431787201938434 ], [ -0.332619530192058, 39.431741081116833 ], [ -0.332619530198385, 39.431741080886788 ], [ -0.332628235704662, 39.431696242147368 ], [ -0.332628235747643, 39.431696242005366 ], [ -0.33262823581963, 39.431696241870583 ], [ -0.332652881530919, 39.431658966931721 ], [ -0.332652881530917, 39.431658966931721 ], [ -0.332652881677119, 39.431658966761503 ], [ -0.332652881869081, 39.431658966621264 ], [ -0.332693267808951, 39.431635561536396 ], [ -0.332693267808949, 39.431635561536396 ], [ -0.332693267989348, 39.43163556145052 ], [ -0.332693268186852, 39.431635561391481 ], [ -0.332741299979496, 39.43162498367235 ], [ -0.332741299979494, 39.43162498367235 ], [ -0.332741300245986, 39.431624983638955 ], [ -0.332788995940603, 39.431623366431296 ], [ -0.332788996085517, 39.431623366433406 ], [ -0.332833044676535, 39.43162614648741 ], [ -0.332902556113508, 39.431624975802528 ], [ -0.332902097458508, 39.431594706567743 ], [ -0.332901803628092, 39.431576101511567 ], [ -0.332867532384208, 39.431544083740768 ], [ -0.332867532340373, 39.431544083697176 ], [ -0.332844076868101, 39.431519209416962 ], [ -0.332808359470387, 39.431511214437649 ], [ -0.332808359272251, 39.431511214377565 ], [ -0.332808359091575, 39.43151121429046 ], [ -0.332765217211908, 39.431485888929863 ], [ -0.332765217211907, 39.431485888929863 ], [ -0.332765217043334, 39.431485888808815 ], [ -0.3327652169088, 39.431485888664369 ], [ -0.332765216813569, 39.43148588850223 ], [ -0.332765216761372, 39.431485888328709 ], [ -0.332760486309115, 39.431457848951041 ], [ -0.332760486309115, 39.431457848951041 ], [ -0.332760486300281, 39.431457848797265 ], [ -0.332764587024895, 39.431380455659848 ], [ -0.332766459212609, 39.431209359685134 ], [ -0.332761133248597, 39.430922759066725 ], [ -0.33275051763333, 39.430592785876307 ], [ -0.332741450365108, 39.430313328019679 ], [ -0.332735987023871, 39.430148613945207 ], [ -0.33268501897435, 39.430148976768606 ], [ -0.332685018962659, 39.430148976768642 ], [ -0.332644339649795, 39.430148948688547 ], [ -0.332590846860931, 39.43015045083537 ], [ -0.33252335855268, 39.430153407420327 ], [ -0.332444236588785, 39.430156960931889 ], [ -0.332444236579392, 39.430156960932273 ], [ -0.332355845229984, 39.430160373732448 ], [ -0.332355845195529, 39.430160373733393 ], [ -0.332262817138371, 39.430161820639249 ], [ -0.332262817108194, 39.430161820639405 ], [ -0.332165291408975, 39.430161371496553 ], [ -0.332067724440452, 39.430160938441233 ], [ -0.332067724426706, 39.430160938441091 ], [ -0.331972513770101, 39.430159641392684 ], [ -0.331972513770101, 39.430159641392692 ], [ -0.331883103834685, 39.43015851344888 ], [ -0.331808813426429, 39.430157709071509 ], [ -0.331808813408309, 39.430157709071196 ], [ -0.331748443357933, 39.430156324208077 ], [ -0.331686855934903, 39.430156703214799 ], [ -0.331602039686013, 39.430157450729425 ], [ -0.331482306046186, 39.430159202848095 ], [ -0.331343995814586, 39.430161451758948 ], [ -0.33121378211918, 39.430164772860614 ], [ -0.331213782111818, 39.43016477286077 ], [ -0.331110308993549, 39.430166902429875 ], [ -0.33103125650791, 39.430168664725286 ], [ -0.331031256482589, 39.430168664725642 ], [ -0.330967347061617, 39.430169008053106 ], [ -0.330913889461961, 39.430169586835525 ], [ -0.330913889440434, 39.430169586835618 ], [ -0.330866268726333, 39.430169417662597 ], [ -0.330866268697286, 39.430169417662192 ], [ -0.330790821864656, 39.430167685200566 ], [ -0.330758307409021, 39.430166939467234 ], [ -0.330758307364966, 39.430166939465586 ], [ -0.330727010873479, 39.430165297390893 ], [ -0.330727010794334, 39.430165297384619 ], [ -0.330694645563672, 39.430161860533531 ], [ -0.330694645490611, 39.430161860523924 ], [ -0.330661113048047, 39.430156591499937 ], [ -0.330661112937912, 39.43015659147823 ], [ -0.330627729210078, 39.430148644846277 ], [ -0.330627729047957, 39.430148644797107 ], [ -0.330596810903909, 39.430137125138792 ], [ -0.330596810903911, 39.430137125138792 ], [ -0.330596810693506, 39.430137125037696 ], [ -0.33056732879011, 39.430119327702769 ], [ -0.330567328790112, 39.430119327702769 ], [ -0.330567328642904, 39.430119327596842 ], [ -0.330539174573214, 39.430095232079253 ], [ -0.330539174449002, 39.430095231951846 ], [ -0.330512556865248, 39.430062203471316 ], [ -0.33051255675094, 39.430062203284805 ], [ -0.330493340548279, 39.430018517120452 ], [ -0.330493340487698, 39.43001851687697 ], [ -0.33048996216139, 39.429968662168648 ], [ -0.330489962171505, 39.429968661993797 ], [ -0.330489962225043, 39.429968661823779 ], [ -0.330564450853476, 39.429803701897249 ], [ -0.330564450853478, 39.429803701897249 ], [ -0.330564450952492, 39.429803701733135 ], [ -0.330564451091867, 39.429803701587709 ], [ -0.330564451265961, 39.429803701466867 ], [ -0.330564451467722, 39.429803701375505 ], [ -0.330755020097715, 39.429736328061551 ], [ -0.330755020097717, 39.429736328061551 ], [ -0.330755020330033, 39.429736328001439 ], [ -0.330755020573442, 39.42973632798045 ], [ -0.330755020817115, 39.429736327999514 ], [ -0.330755021050211, 39.429736328057793 ], [ -0.33075502126236, 39.429736328152686 ], [ -0.330755021444124, 39.429736328279979 ], [ -0.330929533960592, 39.429887356746057 ], [ -0.331714284532767, 39.429861033070857 ], [ -0.332866391429697, 39.429300827666061 ], [ -0.332848845936091, 39.428176989343982 ], [ -0.332843577373095, 39.427838986671368 ], [ -0.332829051711034, 39.427046008837749 ], [ -0.332828075738832, 39.42699309369695 ], [ -0.33066311815218, 39.426177280038843 ], [ -0.330445038913945, 39.426156886794551 ], [ -0.330228829770763, 39.426187087913377 ], [ -0.33003367518605, 39.426265299801194 ], [ -0.329862733338977, 39.426399519192771 ], [ -0.329752422962413, 39.426643932009696 ], [ -0.329723951664032, 39.426778828494633 ], [ -0.329780581486726, 39.428119774181567 ], [ -0.329780581486879, 39.428119774185454 ], [ -0.329828557971294, 39.429428352379574 ], [ -0.329860515777859, 39.430299694167005 ], [ -0.329877107395507, 39.430469385241437 ], [ -0.329963910489014, 39.430625725426566 ], [ -0.330107241848491, 39.430753419615321 ], [ -0.330459486541398, 39.430813184094916 ], [ -0.3305287396454, 39.430823777912494 ], [ -0.330528739807902, 39.430823777947005 ], [ -0.330589668183938, 39.430840491200286 ], [ -0.330589668183937, 39.430840491200286 ], [ -0.330589668395503, 39.430840491277706 ], [ -0.330644455947568, 39.430866063251457 ], [ -0.330644455947569, 39.430866063251457 ], [ -0.330644456108274, 39.430866063341831 ], [ -0.330693170247888, 39.430898728970902 ], [ -0.330693170247891, 39.430898728970902 ], [ -0.330693170409834, 39.430898729104094 ], [ -0.330732337641109, 39.430938338363596 ], [ -0.330732337641106, 39.430938338363596 ], [ -0.330732337761444, 39.43093833851384 ], [ -0.330760791641148, 39.430983160166456 ], [ -0.330760791641147, 39.430983160166456 ], [ -0.330760791735731, 39.430983160379007 ], [ -0.330774051728949, 39.431032096975201 ], [ -0.330774051753752, 39.431032097156042 ], [ -0.330774370681111, 39.431083466242491 ], [ -0.330774370664124, 39.431083466400345 ], [ -0.330763169503672, 39.431133670969473 ], [ -0.330763169503674, 39.431133670969473 ], [ -0.330763169449698, 39.431133671125956 ], [ -0.330741690890781, 39.431179098361625 ], [ -0.33074169089078, 39.431179098361625 ], [ -0.33074169078216, 39.431179098532709 ], [ -0.330709988822787, 39.43121799926304 ], [ -0.330709988822785, 39.43121799926304 ], [ -0.330709988716552, 39.431217999373629 ], [ -0.330709988589789, 39.431217999470348 ], [ -0.330664748513267, 39.431247585924048 ], [ -0.330664748513266, 39.431247585924048 ], [ -0.330664748354836, 39.431247586011175 ], [ -0.330664748179894, 39.431247586076594 ], [ -0.330608343115678, 39.431264334448734 ], [ -0.330608343115677, 39.431264334448734 ], [ -0.33060834285377, 39.431264334500376 ], [ -0.33054418668559, 39.431270960946776 ], [ -0.330544186435661, 39.43127096095153 ], [ -0.330479305309478, 39.431266759275815 ], [ -0.330479305144964, 39.431266759255884 ], [ -0.33042160023722, 39.431256430623705 ], [ -0.330421600237221, 39.431256430623705 ], [ -0.330421600064266, 39.431256430581485 ], [ -0.330368799824509, 39.431239926436916 ], [ -0.330368799824508, 39.431239926436916 ], [ -0.330368799718697, 39.431239926398952 ], [ -0.33032189671643, 39.431220823509086 ], [ -0.330321896695409, 39.431220823500304 ], [ -0.330277331987791, 39.431201756279165 ], [ -0.330277331943542, 39.431201756259235 ], [ -0.330237369084641, 39.431182830751368 ], [ -0.330197457160769, 39.431163910911195 ], [ -0.330158621609194, 39.431146799518409 ], [ -0.330119784728681, 39.431129692579979 ], [ -0.330119784718345, 39.431129692575382 ], [ -0.330079793886702, 39.431111653736295 ], [ -0.330079793847786, 39.431111653717934 ], [ -0.330037618159727, 39.431090871054728 ], [ -0.330037618104858, 39.431090871025951 ], [ -0.329992104490004, 39.431065507285496 ], [ -0.329992104422455, 39.431065507244853 ], [ -0.329938846319591, 39.43103094780389 ], [ -0.329938846275706, 39.431030947773934 ], [ -0.329876652060202, 39.430986274280897 ], [ -0.329876652011028, 39.430986274243402 ], [ -0.329812452532472, 39.430934339521926 ], [ -0.329812452476615, 39.430934339473339 ], [ -0.329755215694754, 39.430880775520976 ], [ -0.32975521569475, 39.430880775520976 ], [ -0.329755215616849, 39.430880775439064 ], [ -0.329711883460318, 39.430829359664834 ], [ -0.32971188346032, 39.430829359664834 ], [ -0.3297118833967, 39.430829359579484 ], [ -0.329678981628451, 39.43077904824672 ], [ -0.329678981607008, 39.430779048212109 ], [ -0.329649542598204, 39.430728834437531 ], [ -0.329649542594717, 39.43072883443152 ], [ -0.329620145661178, 39.430677702720665 ], [ -0.329620145655127, 39.43067770270995 ], [ -0.329590764483145, 39.430624760589133 ], [ -0.329590764459279, 39.430624760542607 ], [ -0.329564975500503, 39.4305701081935 ], [ -0.329564975477328, 39.430570108139072 ], [ -0.329542834037493, 39.430511963096158 ], [ -0.329542834014267, 39.430511963024443 ], [ -0.32952655294109, 39.430451240970385 ], [ -0.329526552926743, 39.430451240904816 ], [ -0.329515172548168, 39.430384326191991 ], [ -0.329515172544601, 39.430384326168671 ], [ -0.329505217801434, 39.430311110133857 ], [ -0.329505217797716, 39.43031111010059 ], [ -0.329497926879542, 39.430228069028253 ], [ -0.329497926878026, 39.430228069007455 ], [ -0.329492342349178, 39.430131559378069 ], [ -0.329483822159783, 39.430019635845468 ], [ -0.329483822159393, 39.430019635840097 ], [ -0.329475616385203, 39.429899634142082 ], [ -0.329475616385114, 39.429899634140753 ], [ -0.329467520189518, 39.429777828697524 ], [ -0.329467520189202, 39.429777828692515 ], [ -0.329460462884782, 39.429658781279869 ], [ -0.329460462884694, 39.429658781278349 ], [ -0.329453509913067, 39.429537002996497 ], [ -0.329453509912123, 39.429537002973113 ], [ -0.329450411137445, 39.429405407181534 ], [ -0.329450411137345, 39.429405407176596 ], [ -0.329447961312899, 39.429256701499696 ], [ -0.329447961312863, 39.429256701497124 ], [ -0.329445924518968, 39.429097213694092 ], [ -0.329440588743802, 39.428933131303673 ], [ -0.329429318731161, 39.428772530499216 ], [ -0.329415613093783, 39.428614567352099 ], [ -0.329399442141347, 39.428460141158283 ], [ -0.329399442141055, 39.428460141155433 ], [ -0.329384271284254, 39.428309336936266 ], [ -0.32938427128358, 39.428309336929203 ], [ -0.329370399150754, 39.428155887836297 ], [ -0.329370399149597, 39.428155887821845 ], [ -0.329359162062662, 39.427994399468517 ], [ -0.329359162062057, 39.427994399458846 ], [ -0.329349513903013, 39.427821178533307 ], [ -0.329349513902495, 39.427821178522535 ], [ -0.329342367069091, 39.427643570127316 ], [ -0.329342367068696, 39.427643570114547 ], [ -0.32933854818075, 39.427469613761062 ], [ -0.329338548180584, 39.427469613744009 ], [ -0.329338947316803, 39.427307451300422 ], [ -0.32933894731688, 39.427307451291654 ], [ -0.329341191732763, 39.427157952545784 ], [ -0.329341191733194, 39.427157952529576 ], [ -0.329346561277772, 39.427017565894843 ], [ -0.329346561278343, 39.42701756588265 ], [ -0.32935398207568, 39.4268844198861 ], [ -0.329353982077076, 39.426884419866184 ], [ -0.329364604128388, 39.426758544532227 ], [ -0.329364604134597, 39.426758544481082 ], [ -0.329382971077675, 39.42664275223791 ], [ -0.329382971091543, 39.426642752171233 ], [ -0.329410233591188, 39.426537055037052 ], [ -0.329410233610778, 39.426537054973267 ], [ -0.329444068336863, 39.426442337380124 ], [ -0.329444068361729, 39.426442337319052 ], [ -0.329480822549548, 39.426362114353616 ], [ -0.329480822581005, 39.426362114292182 ], [ -0.32951816148765, 39.426296353936422 ], [ -0.32951816153111, 39.426296353867926 ], [ -0.329557505178753, 39.426240450120744 ], [ -0.329557505243227, 39.42624045003965 ], [ -0.329602394997448, 39.426190154631684 ], [ -0.329602395055226, 39.426190154572346 ], [ -0.329651801991081, 39.426143544808639 ], [ -0.329651802049218, 39.426143544757842 ], [ -0.329706937128042, 39.426098871918086 ], [ -0.32970693717067, 39.426098871885287 ], [ -0.32976313041792, 39.426057817831193 ], [ -0.329763130467262, 39.426057817797151 ], [ -0.329817921358702, 39.426022123259962 ], [ -0.329817921426881, 39.4260221232188 ], [ -0.329873688850317, 39.425990968992245 ], [ -0.329873688909441, 39.425990968961308 ], [ -0.329931674313009, 39.425962598919398 ], [ -0.329931674399119, 39.425962598881156 ], [ -0.329995411763879, 39.425937032933703 ], [ -0.329995411832232, 39.425937032908436 ], [ -0.330060095164278, 39.425915104779719 ], [ -0.33006009524109, 39.425915104756172 ], [ -0.330123522701589, 39.425897652139042 ], [ -0.33012352280654, 39.425897652114422 ], [ -0.3301855483221, 39.4258855500129 ], [ -0.330185548411563, 39.425885549998313 ], [ -0.330243885814238, 39.425877890073565 ], [ -0.330243885903828, 39.425877890064555 ], [ -0.330302137402987, 39.425873818138868 ], [ -0.330302137427831, 39.425873818137347 ], [ -0.330361492263729, 39.425870663391493 ], [ -0.330361492312036, 39.425870663389695 ], [ -0.330423104543542, 39.425869383834112 ], [ -0.330423104630571, 39.425869383834836 ], [ -0.330485769127167, 39.425871728322974 ], [ -0.330485769185139, 39.425871728326285 ], [ -0.330552944438262, 39.425876864589505 ], [ -0.330552944549062, 39.425876864602188 ], [ -0.330622192797498, 39.425887459107955 ], [ -0.330622192870092, 39.425887459120958 ], [ -0.330691355433325, 39.425901667745165 ], [ -0.330691355508949, 39.425901667762851 ], [ -0.330762667618964, 39.425920425594491 ], [ -0.330762667697725, 39.425920425617711 ], [ -0.330839542762201, 39.425945602879231 ], [ -0.330839542794299, 39.425945602890188 ], [ -0.330928919362217, 39.425977374203093 ], [ -0.330928919370142, 39.425977374205949 ], [ -0.331037744043682, 39.426016829645299 ], [ -0.331037744046522, 39.426016829646329 ], [ -0.331161484807873, 39.426062009296487 ], [ -0.331298974629379, 39.426111991744456 ], [ -0.331298974636262, 39.426111991746978 ], [ -0.331444411559536, 39.426165768097007 ], [ -0.331444411559538, 39.426165768097007 ], [ -0.331595627165203, 39.426221505703644 ], [ -0.33174798756691, 39.426277233356586 ], [ -0.331747987566912, 39.426277233356586 ], [ -0.331895751015793, 39.426331062549458 ], [ -0.332034464974348, 39.426380225405708 ], [ -0.332034464981671, 39.426380225408316 ], [ -0.33215705195301, 39.426424473043447 ], [ -0.33225788671471, 39.426460108929739 ], [ -0.332257886723752, 39.426460108932979 ], [ -0.332340392522716, 39.426489932342378 ], [ -0.332340392525292, 39.426489932343316 ], [ -0.33240913816653, 39.42651494092744 ], [ -0.332471034984566, 39.426536175276482 ], [ -0.332527249979016, 39.426555472951044 ], [ -0.332581120776148, 39.426573829439612 ], [ -0.332581120784385, 39.426573829442439 ], [ -0.332633852372599, 39.426592177779199 ], [ -0.332687803676823, 39.426609612661828 ], [ -0.332687803693436, 39.426609612667313 ], [ -0.332739381931415, 39.426627015599855 ], [ -0.332739381947939, 39.426627015605547 ], [ -0.332788678659555, 39.426644361660827 ], [ -0.332788678674639, 39.426644361666241 ], [ -0.33283335180687, 39.426660682714015 ], [ -0.332874617306657, 39.426675132807212 ], [ -0.332909050909226, 39.42668673340679 ], [ -0.33293884643133, 39.426696438412073 ], [ -0.332993071195048, 39.426706703899768 ], [ -0.333039436507178, 39.426708655033956 ], [ -0.333072157003208, 39.426703978009478 ], [ -0.333105379409033, 39.42668492560491 ], [ -0.333127226732964, 39.42666111317569 ], [ -0.333151761057687, 39.426626547251168 ], [ -0.333164186427385, 39.426605207665311 ], [ -0.333176713130008, 39.426581181246355 ], [ -0.333176713136496, 39.426581181234162 ], [ -0.333191705828047, 39.426553594341868 ], [ -0.333191705845295, 39.426553594311684 ], [ -0.333210357386419, 39.426522510363128 ], [ -0.333210357421711, 39.426522510309127 ], [ -0.333234893081471, 39.426487908282851 ], [ -0.333234893081472, 39.426487908282851 ], [ -0.333234893187974, 39.426487908158364 ], [ -0.333264110111614, 39.426459241422869 ], [ -0.333394516099638, 39.426181487709812 ], [ -0.33340422347594, 39.426160292073718 ], [ -0.333414072555719, 39.426115462422125 ], [ -0.333414072577208, 39.426115462344939 ], [ -0.333429784931768, 39.426069000492603 ], [ -0.333429784953055, 39.426069000437018 ], [ -0.333448907073851, 39.426024383424178 ], [ -0.333448907093744, 39.42602438338141 ], [ -0.333469040217593, 39.425984293051165 ], [ -0.333469040222135, 39.425984293042262 ], [ -0.333486552292825, 39.425950489276715 ], [ -0.333486552304613, 39.425950489254795 ], [ -0.333504887925442, 39.425917627918139 ], [ -0.333509169291265, 39.425875328306141 ], [ -0.333504329214292, 39.425849980179862 ], [ -0.333495190697853, 39.425816452464964 ], [ -0.33349519067895, 39.425816452371663 ], [ -0.333489750831515, 39.425775793431463 ], [ -0.333489750831516, 39.425775793431463 ], [ -0.333489750826998, 39.425775793290036 ], [ -0.3334897508511, 39.425775793149803 ], [ -0.333496596387537, 39.425751023755282 ], [ -0.333501891124976, 39.425731921350881 ], [ -0.333501891178042, 39.425731921213654 ], [ -0.333501891258498, 39.425731921084697 ], [ -0.333537369613413, 39.425684989222368 ], [ -0.333537369613412, 39.425684989222368 ], [ -0.333537369711584, 39.425684989112199 ], [ -0.333586807551992, 39.425637490979646 ], [ -0.333586807584356, 39.425637490949882 ], [ -0.333639687655666, 39.425590953732438 ], [ -0.333684329196795, 39.425546925682127 ], [ -0.333720824224107, 39.425504517935458 ], [ -0.333751503765726, 39.425461088522979 ], [ -0.333777606147397, 39.425416636097658 ], [ -0.333802556719295, 39.425371286976436 ], [ -0.333825160457088, 39.425327654239837 ], [ -0.333825160487673, 39.425327654185963 ], [ -0.333849900608425, 39.425287670348624 ], [ -0.333849900654959, 39.425287670280973 ], [ -0.333876800546359, 39.425252275504107 ], [ -0.333876800546358, 39.425252275504107 ], [ -0.3338768006526, 39.425252275386782 ], [ -0.333906898110004, 39.425224106921981 ], [ -0.333906898110005, 39.425224106921981 ], [ -0.333906898314405, 39.425224106772092 ], [ -0.333940172369814, 39.425205055081619 ], [ -0.333940172369816, 39.425205055081619 ], [ -0.333940172600488, 39.425205054978917 ], [ -0.333975445762562, 39.425193283188278 ], [ -0.333975445762563, 39.425193283188278 ], [ -0.333975445934754, 39.425193283142825 ], [ -0.334008239520901, 39.425186801191956 ], [ -0.334008239692049, 39.425186801168529 ], [ -0.334061825313639, 39.425182642858317 ], [ -0.334061825489529, 39.425182642855056 ], [ -0.334112843975869, 39.425184700270606 ], [ -0.334112844146365, 39.425184700287353 ], [ -0.334146328117964, 39.425189967182177 ], [ -0.334146328215485, 39.425189967200957 ], [ -0.33419010310728, 39.425199975385105 ], [ -0.334190103192032, 39.425199975407267 ], [ -0.334249802279226, 39.425217599934257 ], [ -0.334249802314283, 39.425217599945128 ], [ -0.334324386201895, 39.425241799862704 ], [ -0.334324386221777, 39.425241799869312 ], [ -0.334409252321913, 39.425270788566124 ], [ -0.334409252340852, 39.425270788572753 ], [ -0.334503215482107, 39.425304454166756 ], [ -0.334604055089359, 39.425340106143906 ], [ -0.334712962823889, 39.425378632150384 ], [ -0.334712962826762, 39.425378632151414 ], [ -0.334826414530921, 39.425419054988602 ], [ -0.334945599079104, 39.425461451446353 ], [ -0.33506825045586, 39.425503895730479 ], [ -0.335193233074575, 39.425546406842969 ], [ -0.335318217261839, 39.425588880923371 ], [ -0.335318217276465, 39.42558888092843 ], [ -0.335421170032564, 39.425625188730912 ], [ -0.335557979193033, 39.42566824981435 ], [ -0.335557979213599, 39.425668249820987 ], [ -0.335671535800155, 39.425705976110919 ], [ -0.335671535800151, 39.42570597611094 ], [ -0.335782799160717, 39.425742766869313 ], [ -0.335782799177832, 39.425742766875096 ], [ -0.335891694951917, 39.425780390633498 ], [ -0.335891694951914, 39.425780390633513 ], [ -0.335998345244055, 39.425817075463229 ], [ -0.335998345263516, 39.425817075470086 ], [ -0.336096900087254, 39.425852673803412 ], [ -0.336096900098656, 39.42585267380759 ], [ -0.336187347646463, 39.425886275505484 ], [ -0.336187347670475, 39.42588627551465 ], [ -0.336267454278423, 39.425917816798858 ], [ -0.336267454295631, 39.425917816805786 ], [ -0.336334960380571, 39.425945505420884 ], [ -0.33633496042038, 39.425945505437987 ], [ -0.336389780952788, 39.42597017006829 ], [ -0.336389781031857, 39.425970170107249 ], [ -0.33643528124798, 39.425994643671125 ], [ -0.336435281338075, 39.425994643724842 ], [ -0.33647496776688, 39.426020794825533 ], [ -0.336474967847878, 39.426020794884295 ], [ -0.336512133210567, 39.426050463797111 ], [ -0.336512133210566, 39.426050463797111 ], [ -0.3365121333033, 39.426050463880848 ], [ -0.336544552952461, 39.426083655489862 ], [ -0.336544552952458, 39.426083655489862 ], [ -0.336544553041895, 39.426083655596258 ], [ -0.336568810233863, 39.426117516009135 ], [ -0.336568810233866, 39.426117516009135 ], [ -0.336568810327934, 39.426117516179865 ], [ -0.336582622604989, 39.42615207328307 ], [ -0.336582622604988, 39.42615207328307 ], [ -0.336582622647777, 39.426152073436114 ], [ -0.336588257396963, 39.426186444071725 ], [ -0.336588257406233, 39.426186444187636 ], [ -0.3365881432877, 39.426220665084763 ], [ -0.336588143284827, 39.42622066514577 ], [ -0.336584131047724, 39.426264793474964 ], [ -0.33685120977374, 39.426091990320941 ], [ -0.336851209833645, 39.426091990284682 ], [ -0.337029373914103, 39.425991278898742 ], [ -0.33702937397243, 39.425991278867826 ], [ -0.33721511528906, 39.425899151385565 ], [ -0.337215115344397, 39.425899151359772 ], [ -0.337219999887463, 39.425897015555165 ], [ -0.337220000081228, 39.425897015487735 ], [ -0.337220000287588, 39.425897015448804 ], [ -0.337220000499641, 39.425897015439681 ], [ -0.33722000071029, 39.425897015460656 ], [ -0.337220000912487, 39.42589701551104 ], [ -0.337220001099469, 39.425897015589143 ], [ -0.337220001264981, 39.425897015692357 ], [ -0.337790882900959, 39.426325307697759 ], [ -0.345757080327416, 39.429147387906752 ], [ -0.348847581436875, 39.430241982273103 ], [ -0.348847581645101, 39.430241982368287 ], [ -0.348847581823403, 39.430241982494856 ], [ -0.348847581964053, 39.430241982647303 ], [ -0.348847582060956, 39.430241982819041 ], [ -0.348847582109911, 39.430241983002603 ], [ -0.348847582108802, 39.430241983190051 ], [ -0.348847582057672, 39.430241983373257 ], [ -0.348844966798385, 39.430248157049874 ], [ -0.358169601320167, 39.433572933898432 ], [ -0.359556584982651, 39.434019710878431 ], [ -0.359556584982653, 39.434019710878431 ], [ -0.359556585196768, 39.434019710968897 ], [ -0.3595565853818, 39.434019711092034 ], [ -0.359556585529595, 39.434019711242435 ], [ -0.359556585633635, 39.434019711413434 ], [ -0.359556585689332, 39.434019711597514 ], [ -0.359556585694231, 39.434019711786561 ], [ -0.359556585648118, 39.43401971197224 ], [ -0.35954936684253, 39.434038104443722 ], [ -0.360808363956455, 39.434409418127849 ], [ -0.36202007914992, 39.434668574868155 ], [ -0.362020079149921, 39.434668574868155 ], [ -0.362020079353203, 39.43466857492799 ], [ -0.362020079538533, 39.434668575016183 ], [ -0.362020079699413, 39.434668575129614 ], [ -0.3620200798302, 39.434668575264332 ], [ -0.362020079926311, 39.434668575415571 ], [ -0.362020079984374, 39.434668575578065 ], [ -0.362020080002356, 39.434668575746116 ], [ -0.362020079979623, 39.434668575913797 ], [ -0.362019242713209, 39.434671803728911 ], [ -0.363613329448783, 39.434956908862837 ], [ -0.365528803286937, 39.435232603385657 ], [ -0.370296673781408, 39.435617095715202 ], [ -0.370395969609333, 39.435625098734093 ], [ -0.370395969614406, 39.435625098734903 ], [ -0.370395969619828, 39.435625098734974 ], [ -0.376222831579722, 39.436136140935318 ], [ -0.37622283159139, 39.436136140936384 ], [ -0.383241839248273, 39.436807183320411 ], [ -0.383241839323584, 39.436807183329577 ], [ -0.386833998229571, 39.437337877250634 ], [ -0.386833998450825, 39.437337877301403 ], [ -0.386833998654765, 39.437337877385104 ], [ -0.38683399883334, 39.437337877498422 ], [ -0.3868339989795, 39.437337877636878 ], [ -0.386833999087473, 39.437337877794995 ], [ -0.386833999152999, 39.437337877966556 ], [ -0.38683399917349, 39.437337878144767 ], [ -0.386833999148137, 39.437337878322602 ], [ -0.385618097961844, 39.441769525675049 ], [ -0.385618097953289, 39.441769525703911 ], [ -0.385232084006978, 39.442979496208324 ], [ -0.385234472168791, 39.442980423486262 ], [ -0.385234472168789, 39.442980423486262 ], [ -0.385234472360821, 39.442980423580067 ], [ -0.385234472525661, 39.442980423701009 ], [ -0.385234472657013, 39.442980423844531 ], [ -0.385234472749865, 39.4429804240051 ], [ -0.385234472800668, 39.442980424176604 ], [ -0.385234472807482, 39.442980424352498 ], [ -0.385234472770048, 39.442980424526063 ], [ -0.385174362760932, 39.443153144742553 ], [ -0.384952874326521, 39.443821840332134 ], [ -0.384751151243053, 39.444430249729137 ], [ -0.384751151240628, 39.444430249736342 ], [ -0.384531576627825, 39.445070522154118 ], [ -0.38430248644318, 39.445739804586957 ], [ -0.384302486442505, 39.445739804588932 ], [ -0.384196097173389, 39.446047811629995 ], [ -0.384167325366654, 39.446136166013645 ], [ -0.384167325363029, 39.44613616602448 ], [ -0.384091294642479, 39.446357976755017 ], [ -0.383862642908888, 39.447024150020873 ], [ -0.383850731984012, 39.4470587731482 ], [ -0.38385073198164, 39.447058773154986 ], [ -0.383845198061911, 39.447074369010132 ], [ -0.383202294653956, 39.448950868732297 ], [ -0.383090881542199, 39.449275918738486 ], [ -0.38300917144709, 39.449514518402957 ], [ -0.383009171447058, 39.449514518403021 ], [ -0.383009171447044, 39.449514518403092 ], [ -0.38267035930496, 39.450503263185617 ], [ -0.382451410337133, 39.4511423286202 ], [ -0.38241869743654, 39.451237863835424 ], [ -0.382397807870684, 39.451298702956848 ], [ -0.381904479977292, 39.452738217977647 ], [ -0.381756001244556, 39.453171600403429 ], [ -0.381717693308352, 39.453283225208629 ], [ -0.381717475416159, 39.453283922978486 ], [ -0.381717475409845, 39.453283922997763 ], [ -0.381293956374007, 39.454520067442175 ], [ -0.381259084676139, 39.454621639071632 ], [ -0.381259084596679, 39.454621639236322 ], [ -0.381259084477447, 39.454621639385927 ], [ -0.381259084322988, 39.454621639514684 ], [ -0.381259084139195, 39.454621639617727 ], [ -0.381207737936838, 39.454644874066084 ], [ -0.38120773788982, 39.454644874086235 ], [ -0.380828307685479, 39.454798790889505 ], [ -0.380612932334901, 39.4549064473171 ], [ -0.38045305245176, 39.454986200733863 ], [ -0.380453052451762, 39.454986200733863 ], [ -0.380453052225953, 39.454986200821232 ], [ -0.379975259424438, 39.455123119465767 ], [ -0.379982392553062, 39.45530713433849 ], [ -0.379982392538097, 39.455307134512104 ], [ -0.379982392480334, 39.455307134680254 ], [ -0.379982392381937, 39.455307134836644 ], [ -0.379982392246575, 39.455307134975449 ], [ -0.379982392079303, 39.455307135091481 ], [ -0.379982391886368, 39.455307135180391 ], [ -0.379982391674973, 39.455307135238897 ], [ -0.379982391674974, 39.455307135238897 ], [ -0.379601286637416, 39.455381346100701 ], [ -0.379281184600132, 39.455480192043126 ], [ -0.379139293019682, 39.455524467983558 ], [ -0.378841046295789, 39.45565090856735 ], [ -0.378517893547031, 39.455787935038849 ], [ -0.378517893539411, 39.455787935042061 ], [ -0.378385830206762, 39.455842945041809 ], [ -0.378385830197468, 39.455842945045639 ], [ -0.378357646954205, 39.455854430657787 ], [ -0.378357504797932, 39.455854503999205 ], [ -0.378357504748187, 39.455854504019719 ], [ -0.37835750469487, 39.455854504046613 ], [ -0.378320188170255, 39.455869711495971 ], [ -0.378235783070252, 39.455904116640106 ], [ -0.378016706085827, 39.455993473348663 ], [ -0.377536932281922, 39.45618913609826 ], [ -0.377332207148263, 39.456272725369757 ], [ -0.377099244755917, 39.456367851530914 ], [ -0.377099244755915, 39.456367851530914 ], [ -0.377099244554291, 39.456367851595296 ], [ -0.377099244340695, 39.456367851629352 ], [ -0.377099244122655, 39.456367851631839 ], [ -0.377099243907852, 39.456367851602707 ], [ -0.377099243703859, 39.456367851542964 ], [ -0.377099243517863, 39.456367851454729 ], [ -0.377099243356419, 39.456367851341092 ], [ -0.377099243356421, 39.456367851341092 ], [ -0.377093111940678, 39.456362641510559 ], [ -0.376349232786691, 39.456675181554601 ], [ -0.37634923278669, 39.456675181554601 ], [ -0.376349232583482, 39.456675181621478 ], [ -0.37634923236762, 39.45667518165736 ], [ -0.376349232146904, 39.456675181660906 ], [ -0.376349231929302, 39.456675181632043 ], [ -0.376349231722679, 39.456675181571775 ], [ -0.376349231534492, 39.456675181482304 ], [ -0.376349231371544, 39.456675181366833 ], [ -0.3761674916236, 39.4565193620004 ], [ -0.376131433003513, 39.456488418140999 ], [ -0.375921582172167, 39.456442243400346 ], [ -0.375829717771245, 39.456421975989834 ], [ -0.375514017669298, 39.456479348547212 ], [ -0.375357540149078, 39.45659882015606 ], [ -0.375292657606435, 39.456648348191479 ], [ -0.37524569640363, 39.456790846409838 ], [ -0.375245696403626, 39.456790846409852 ], [ -0.375216301266545, 39.456880197478974 ], [ -0.375288376383711, 39.45711931441469 ], [ -0.37528837638371, 39.45711931441469 ], [ -0.375288376413104, 39.457119314580844 ], [ -0.375288376402243, 39.457119314748354 ], [ -0.375288376351499, 39.457119314911388 ], [ -0.375288376262631, 39.457119315064311 ], [ -0.375288376138728, 39.457119315201794 ], [ -0.375288375984083, 39.45711931531909 ], [ -0.375288375804061, 39.457119315412115 ], [ -0.374505407394322, 39.457446735416681 ], [ -0.374002545171388, 39.457657086601074 ], [ -0.374002545165164, 39.45765708660366 ], [ -0.374001022414108, 39.457657714343455 ], [ -0.372762786461951, 39.458175548299735 ], [ -0.372630999399745, 39.458230665983479 ], [ -0.371415254417213, 39.458739070548447 ], [ -0.371415254411265, 39.458739070550912 ], [ -0.371414073942801, 39.458739557351883 ], [ -0.371318481426468, 39.458779537544686 ], [ -0.370443006518001, 39.459145754361806 ], [ -0.370342886835268, 39.459187695222738 ], [ -0.370342886835267, 39.459187695222738 ], [ -0.370238948172864, 39.459231395484636 ], [ -0.369343778067855, 39.459606937256908 ], [ -0.36934377806447, 39.459606937258336 ], [ -0.369342638715925, 39.459607411456062 ], [ -0.369272921193569, 39.459636701106618 ], [ -0.368601633054326, 39.459918322222805 ], [ -0.368241343358064, 39.460069549522188 ], [ -0.367266537682176, 39.460478514028281 ], [ -0.367230891539064, 39.460493521458488 ], [ -0.367230891537599, 39.460493521459099 ], [ -0.366246714246568, 39.460906448625067 ], [ -0.366246714246566, 39.460906448625067 ], [ -0.36624671424655, 39.460906448625067 ], [ -0.366230341025731, 39.460913329649358 ], [ -0.36525812630754, 39.461321226711362 ], [ -0.365211110018076, 39.461340935079903 ], [ -0.365146294539485, 39.461368194653865 ], [ -0.365146294538448, 39.461368194654291 ], [ -0.365036157880506, 39.461414402739535 ], [ -0.365034025746094, 39.461415313832859 ], [ -0.365034025742031, 39.461415313834202 ], [ -0.365034025738155, 39.46141531383622 ], [ -0.364095657408412, 39.461808933593872 ], [ -0.36301187470336, 39.462263616714743 ], [ -0.363011874701894, 39.462263616715362 ], [ -0.36300162494813, 39.462267902035983 ], [ -0.362977127918568, 39.462279967480178 ], [ -0.362977127843381, 39.462279967514213 ], [ -0.362780105816019, 39.462361637923927 ], [ -0.362780105816021, 39.462361637923927 ], [ -0.362348062116667, 39.462541402247098 ], [ -0.361806828574522, 39.462769981416365 ], [ -0.361806828572302, 39.462769981417296 ], [ -0.361324846004245, 39.462972481483227 ], [ -0.360935543745782, 39.46313603653941 ], [ -0.360935543745785, 39.46313603653941 ], [ -0.360935543509209, 39.46313603661406 ], [ -0.360762491875489, 39.463174082296341 ], [ -0.36034986081302, 39.463268323496926 ], [ -0.360349860811286, 39.463268323497317 ], [ -0.359885586502947, 39.463373749176867 ], [ -0.359837831412876, 39.463384641470391 ], [ -0.359837831192491, 39.463384641503154 ], [ -0.359837830968092, 39.463384641502444 ], [ -0.359837830748053, 39.463384641468316 ], [ -0.359837830540583, 39.463384641402044 ], [ -0.359837830353424, 39.463384641306078 ], [ -0.359837830193558, 39.463384641184007 ], [ -0.35983783006695, 39.463384641040413 ], [ -0.359837829978325, 39.463384640880598 ], [ -0.359835801961456, 39.463379721057166 ], [ -0.359826596634764, 39.463357449423484 ], [ -0.359826596630742, 39.463357449413543 ], [ -0.359322207878891, 39.462086742904923 ], [ -0.35932220787889, 39.462086742904923 ], [ -0.359322207878888, 39.462086742904923 ], [ -0.359322207878887, 39.462086742904923 ], [ -0.359322207878884, 39.462086742904916 ], [ -0.359216183808948, 39.461819616071431 ], [ -0.359216183808943, 39.461819616071409 ], [ -0.359216183808934, 39.461819616071402 ], [ -0.359168786329216, 39.46170018165126 ], [ -0.359166961355654, 39.461695581850712 ], [ -0.357963472328265, 39.460218102624516 ], [ -0.357961648380683, 39.460215939800356 ], [ -0.356817523056309, 39.459782009297541 ], [ -0.355683630191488, 39.459374852840163 ], [ -0.354800064445805, 39.459057644209821 ], [ -0.354006890100361, 39.458787282191366 ], [ -0.353871728614335, 39.458741219446061 ], [ -0.353558885891536, 39.458634611198768 ], [ -0.353558885647102, 39.458634611085976 ], [ -0.352321976444419, 39.457890947890853 ], [ -0.35120393737475, 39.457288395451229 ], [ -0.351203937374747, 39.457288395451229 ], [ -0.351203937240914, 39.457288395367037 ], [ -0.350941978428164, 39.457096909631936 ], [ -0.350401884461624, 39.456702066123768 ], [ -0.350141059337402, 39.456511382817155 ], [ -0.350141059323594, 39.456511382806887 ], [ -0.348445452968174, 39.455230178216354 ], [ -0.348441748634966, 39.455227382061409 ], [ -0.347362320022125, 39.454411704091804 ], [ -0.34734546788466, 39.454407941223145 ] ] ] ] } },
{ "type": "Feature", "properties": { "INE_MUN": "46250", "DISTRITO": 12 }, "geometry": { "type": "MultiPolygon", "coordinates": [ [ [ [ -0.340908078703757, 39.457860586907522 ], [ -0.340913620477627, 39.457840178275077 ], [ -0.340943127771117, 39.457688916135908 ], [ -0.341007966082139, 39.457356275386658 ], [ -0.341078651345527, 39.456993692590565 ], [ -0.341208600940772, 39.456327249500383 ], [ -0.341250129031046, 39.456114161192424 ], [ -0.341334598532948, 39.455680751266549 ], [ -0.341396939923257, 39.455360962611017 ], [ -0.341436214125969, 39.455159579096666 ], [ -0.341448136841551, 39.455073948756372 ], [ -0.341471863753439, 39.45489206037572 ], [ -0.341495853330247, 39.454708182560765 ], [ -0.341521413465479, 39.454433087249107 ], [ -0.341536050127231, 39.454276174909474 ], [ -0.341536050127433, 39.454276174907342 ], [ -0.341557218478044, 39.454056463199926 ], [ -0.341557218516297, 39.454056463028515 ], [ -0.341557218596353, 39.454056462865985 ], [ -0.341557218715225, 39.454056462718434 ], [ -0.341557218868478, 39.454056462591353 ], [ -0.341557219050389, 39.454056462489497 ], [ -0.341557219254171, 39.454056462416652 ], [ -0.341557219472219, 39.45405646237554 ], [ -0.344374728657463, 39.453744601808424 ], [ -0.344374728902102, 39.453744601801539 ], [ -0.344374729143169, 39.453744601834558 ], [ -0.347345468527551, 39.454407939492505 ], [ -0.347362320945482, 39.454411702423791 ], [ -0.347362320945484, 39.454411702423791 ], [ -0.347362321123471, 39.454411702476115 ], [ -0.347362321288044, 39.454411702550274 ], [ -0.347362321434782, 39.454411702644265 ], [ -0.348441750255656, 39.455227380771078 ], [ -0.34844175025566, 39.455227380771078 ], [ -0.348441750256107, 39.455227380771419 ], [ -0.348441750256108, 39.455227380771419 ], [ -0.348445454589302, 39.455230176926342 ], [ -0.350141060938179, 39.456511381511902 ], [ -0.35040188605557, 39.45670206481352 ], [ -0.350401886055575, 39.456702064813541 ], [ -0.350941980022064, 39.457096908321667 ], [ -0.351203938771921, 39.457288394010781 ], [ -0.352321977795533, 39.457890946425564 ], [ -0.352321977844372, 39.457890946453375 ], [ -0.353558886957695, 39.458634609594768 ], [ -0.353871729549333, 39.458741217797375 ], [ -0.35387172954934, 39.458741217797375 ], [ -0.353871729549365, 39.458741217797382 ], [ -0.354006891035467, 39.458787280542708 ], [ -0.354800065390999, 39.459057642564609 ], [ -0.354800065411602, 39.459057642571807 ], [ -0.35568363116794, 39.459374851205965 ], [ -0.356817524044, 39.459782007667386 ], [ -0.356817524066283, 39.459782007675599 ], [ -0.357961649688736, 39.460215938291462 ], [ -0.3579616498663, 39.460215938374816 ], [ -0.357961650021894, 39.460215938481333 ], [ -0.357961650150545, 39.460215938607604 ], [ -0.357963474277991, 39.460218101645033 ], [ -0.357963474287908, 39.460218101657006 ], [ -0.359166963402819, 39.461695580990607 ], [ -0.359166963402821, 39.461695580990607 ], [ -0.359166963530919, 39.461695581206669 ], [ -0.35916878854994, 39.461700181121792 ], [ -0.359216186029638, 39.46181961554187 ], [ -0.35932221009957, 39.462086742375305 ], [ -0.359826598849423, 39.463357448878803 ], [ -0.359835804174354, 39.463379720508222 ], [ -0.359837832191547, 39.46338464033245 ], [ -0.359837832191545, 39.46338464033245 ], [ -0.359837832239623, 39.463384640507535 ], [ -0.359837832242069, 39.463384640686535 ], [ -0.359837832198789, 39.46338464086238 ], [ -0.359837832111494, 39.463384641028092 ], [ -0.359837831983633, 39.463384641177164 ], [ -0.359837831820258, 39.463384641303669 ], [ -0.359837831627825, 39.463384641402648 ], [ -0.35983783141394, 39.463384641470157 ], [ -0.359558900498959, 39.463448485542138 ], [ -0.359558900496972, 39.463448485542592 ], [ -0.358930541819784, 39.463591362856647 ], [ -0.358450434184179, 39.463702310113341 ], [ -0.358248791348805, 39.463802813000314 ], [ -0.358052853116853, 39.463976271271633 ], [ -0.358023542842837, 39.464013558868011 ], [ -0.358023243694995, 39.464013939444797 ], [ -0.357861709930664, 39.464220444605033 ], [ -0.35784374583273, 39.464243526501811 ], [ -0.35781088900198, 39.46431417758172 ], [ -0.357554993885829, 39.464864233437709 ], [ -0.357514939887649, 39.464950297034662 ], [ -0.357514939887651, 39.464950297034662 ], [ -0.357514939801894, 39.464950297178042 ], [ -0.357474455590251, 39.465004856224233 ], [ -0.357269547850946, 39.465435223307544 ], [ -0.357161613170405, 39.465661990795525 ], [ -0.357073492041365, 39.465846755816941 ], [ -0.357073492041312, 39.46584675581704 ], [ -0.357073492041314, 39.46584675581704 ], [ -0.357073492041307, 39.465846755817061 ], [ -0.357064702796994, 39.465865244635573 ], [ -0.357064702790331, 39.465865244649258 ], [ -0.357064520440311, 39.465865609855342 ], [ -0.356781173845254, 39.466460740057911 ], [ -0.35678117383788, 39.466460740072975 ], [ -0.356780715047062, 39.466461653029889 ], [ -0.35672801559239, 39.466572220838046 ], [ -0.356483162811441, 39.467086643193134 ], [ -0.356483162807827, 39.467086643200616 ], [ -0.356481770702623, 39.467089489824183 ], [ -0.356477241853082, 39.467099665802301 ], [ -0.356477241844618, 39.467099665820669 ], [ -0.356346655331132, 39.467373680783332 ], [ -0.356201787708527, 39.467677776192858 ], [ -0.356153952561556, 39.467778161849679 ], [ -0.356027703028671, 39.468043163596349 ], [ -0.355984411298519, 39.468134022165216 ], [ -0.355834428272815, 39.468448833712337 ], [ -0.355695861473747, 39.468739734275609 ], [ -0.35561602097768, 39.468908226519638 ], [ -0.35561529253447, 39.468909813500439 ], [ -0.355615292533373, 39.468909813502812 ], [ -0.355462905443296, 39.469238871207303 ], [ -0.355428931276372, 39.469317559009838 ], [ -0.355428931276371, 39.469317559009838 ], [ -0.355428931177586, 39.46931755917857 ], [ -0.355428931036337, 39.469317559328054 ], [ -0.355428930858605, 39.469317559451966 ], [ -0.355428930651913, 39.469317559545068 ], [ -0.355428930425014, 39.469317559603404 ], [ -0.355428930187513, 39.469317559624507 ], [ -0.355428929949464, 39.469317559607497 ], [ -0.355428929720949, 39.469317559553083 ], [ -0.355426766781385, 39.469316848521004 ], [ -0.355425920589801, 39.469318486014942 ], [ -0.355387774008555, 39.469392376284496 ], [ -0.355346161484417, 39.46947279649762 ], [ -0.355179053624279, 39.469795644159326 ], [ -0.354949944390341, 39.470238302327431 ], [ -0.354854701914423, 39.470422366381712 ], [ -0.35481696056757, 39.47051190935872 ], [ -0.35481696056351, 39.470511909365804 ], [ -0.354816960560941, 39.470511909373982 ], [ -0.354816306534501, 39.470513371924667 ], [ -0.354816306521431, 39.470513371952428 ], [ -0.354811410313802, 39.470523260234998 ], [ -0.354762063429806, 39.470623093721741 ], [ -0.354619686794663, 39.470911378236472 ], [ -0.354558379414131, 39.471035424275925 ], [ -0.354459596693729, 39.471243650879565 ], [ -0.354341373062487, 39.471496342586434 ], [ -0.354341372957032, 39.47149634275479 ], [ -0.354341372808952, 39.471496342902618 ], [ -0.354341372624645, 39.471496343023531 ], [ -0.354341372412072, 39.471496343112307 ], [ -0.354341372180416, 39.471496343165114 ], [ -0.354341371939679, 39.471496343179652 ], [ -0.354341371700262, 39.471496343155316 ], [ -0.354341371472506, 39.47149634309315 ], [ -0.354341044769726, 39.471496223052583 ], [ -0.354155417494426, 39.471434542538788 ], [ -0.353961280017434, 39.471370033787586 ], [ -0.353742364135022, 39.471297298520014 ], [ -0.353477936874042, 39.471209413253526 ], [ -0.35332231001979, 39.471157735110133 ], [ -0.353166386646669, 39.471112503884193 ], [ -0.353166386646667, 39.4711125038842 ], [ -0.352816147652797, 39.471011352998431 ], [ -0.352631352474755, 39.470957990594158 ], [ -0.352483946288754, 39.470915462324108 ], [ -0.352437135901593, 39.470901923236191 ], [ -0.352425492346647, 39.470898928312799 ], [ -0.352425492309406, 39.470898928302681 ], [ -0.3510995177701, 39.470518642476925 ], [ -0.351099517770102, 39.470518642476925 ], [ -0.351099517703935, 39.470518642452063 ], [ -0.351099517632557, 39.470518642429404 ], [ -0.35108071696468, 39.470510979864088 ], [ -0.350883766010409, 39.470448133380238 ], [ -0.350493765310256, 39.470323772444807 ], [ -0.350293615674654, 39.470259910621451 ], [ -0.349735338119183, 39.470116431285277 ], [ -0.349582906689258, 39.470077254931148 ], [ -0.34943589781081, 39.470039457915647 ], [ -0.349427959232611, 39.470039182258276 ], [ -0.349427959054889, 39.470039182241401 ], [ -0.349427958882623, 39.470039182203571 ], [ -0.349352983700302, 39.470017752828952 ], [ -0.349352983698965, 39.470017752828561 ], [ -0.34836545532461, 39.469734424834122 ], [ -0.348365455324612, 39.469734424834122 ], [ -0.34836545532455, 39.469734424834094 ], [ -0.346971834924931, 39.469334699658091 ], [ -0.34697183492493, 39.469334699658091 ], [ -0.346971834902995, 39.469334699649799 ], [ -0.346971834879896, 39.469334699644342 ], [ -0.346971834879894, 39.469334699644342 ], [ -0.346920948802848, 39.469318205025246 ], [ -0.346737190241041, 39.469265454269006 ], [ -0.346444034611744, 39.469181292577105 ], [ -0.345989626271127, 39.469050882994637 ], [ -0.345734384972799, 39.4689776022445 ], [ -0.345660209866327, 39.468956314904624 ], [ -0.345659082236123, 39.468956014384652 ], [ -0.345659082214979, 39.468956014378826 ], [ -0.345612402096338, 39.468942787235179 ], [ -0.345372430909508, 39.468874764255574 ], [ -0.345081733555897, 39.468792371475146 ], [ -0.344915281202182, 39.468745211278048 ], [ -0.34470070067311, 39.468684406477813 ], [ -0.344700700673108, 39.468684406477813 ], [ -0.344700700531899, 39.46868440642934 ], [ -0.344690617005189, 39.46868030239191 ], [ -0.344673268351694, 39.468682176145904 ], [ -0.344673268233983, 39.468682176153926 ], [ -0.344635854781763, 39.468683241041205 ], [ -0.344253250307836, 39.468694202872278 ], [ -0.344046778565087, 39.468740429570261 ], [ -0.343870029988658, 39.468780003071181 ], [ -0.343870029751785, 39.468780003104108 ], [ -0.343870029511242, 39.468780003098495 ], [ -0.343870029277349, 39.468780003054619 ], [ -0.34387002906014, 39.46878000297432 ], [ -0.343870028868936, 39.468780002861045 ], [ -0.343870028711938, 39.46878000271969 ], [ -0.3437043499806, 39.468595078600949 ], [ -0.343607581827831, 39.468487038136878 ], [ -0.343466571679789, 39.468329375236934 ], [ -0.343067647321751, 39.468213707938617 ], [ -0.342860650834002, 39.468153721790088 ], [ -0.342539005011293, 39.468060431564034 ], [ -0.342539005007627, 39.468060431562961 ], [ -0.34216018681066, 39.467949427947453 ], [ -0.342071816077775, 39.467923570541075 ], [ -0.341822751739579, 39.467850679297719 ], [ -0.341805013977505, 39.467846435846099 ], [ -0.341805013912128, 39.467846435828768 ], [ -0.341040681450809, 39.467624220766155 ], [ -0.340859641104521, 39.467571594140999 ], [ -0.340561593811268, 39.467484869820659 ], [ -0.340561593811227, 39.467484869820645 ], [ -0.339875902332148, 39.467285511954351 ], [ -0.339415986581798, 39.467151743673163 ], [ -0.339273646988078, 39.46711036969085 ], [ -0.339272186924856, 39.467109948885586 ], [ -0.339272186923294, 39.467109948884975 ], [ -0.3392721869216, 39.467109948884634 ], [ -0.337327684929038, 39.466544365005618 ], [ -0.337327684834222, 39.466544364974268 ], [ -0.337327169133047, 39.466544172983419 ], [ -0.337327169133049, 39.466544172983419 ], [ -0.337327169125389, 39.466544172979752 ], [ -0.337327169115877, 39.466544172976903 ], [ -0.337316660850967, 39.466540094501021 ], [ -0.336993135241814, 39.466445137922086 ], [ -0.336732370839442, 39.466368612874192 ], [ -0.336490151485743, 39.466297529260665 ], [ -0.336251326508286, 39.466227388691536 ], [ -0.335877774137659, 39.466119940305227 ], [ -0.335646195603525, 39.466053342002297 ], [ -0.335338897057672, 39.465964973419361 ], [ -0.335332523323207, 39.465963570562351 ], [ -0.335332523323208, 39.465963570562351 ], [ -0.335332523119106, 39.46596357050079 ], [ -0.335332522933536, 39.465963570410636 ], [ -0.335332522773092, 39.465963570295095 ], [ -0.335332522643476, 39.465963570158273 ], [ -0.335332522549292, 39.465963570005009 ], [ -0.335332522493889, 39.465963569840767 ], [ -0.335332522479236, 39.465963569671402 ], [ -0.335332522505854, 39.465963569502904 ], [ -0.335332522572796, 39.465963569341277 ], [ -0.335356759052203, 39.465919752493434 ], [ -0.335356759054713, 39.465919752488922 ], [ -0.335407731279038, 39.465828968967983 ], [ -0.335502273248157, 39.465660731736541 ], [ -0.335582020705909, 39.465515754534174 ], [ -0.33567537848948, 39.465346089131948 ], [ -0.335739211919101, 39.465230101052192 ], [ -0.335739211920184, 39.465230101050217 ], [ -0.335884721862409, 39.464967427515951 ], [ -0.336035738130979, 39.464695046952194 ], [ -0.336188951658042, 39.464418657192468 ], [ -0.33621947615935, 39.464363561183475 ], [ -0.336219476161517, 39.464363561179582 ], [ -0.336250277213248, 39.464308678702892 ], [ -0.336259885509078, 39.464291372419169 ], [ -0.336259885509085, 39.464291372419147 ], [ -0.336627188295172, 39.463628969649655 ], [ -0.336627188295173, 39.463628969649655 ], [ -0.336627188411438, 39.463628969488099 ], [ -0.336633698116906, 39.463621776545679 ], [ -0.336633698159273, 39.463621776501782 ], [ -0.336658815194017, 39.463597334829252 ], [ -0.336658815198112, 39.463597334825302 ], [ -0.336794313753152, 39.463466993436612 ], [ -0.336957343008664, 39.463310156502679 ], [ -0.33714833696629, 39.463126434781813 ], [ -0.337210203575082, 39.463058241739837 ], [ -0.337276490408932, 39.462985222128353 ], [ -0.337276490446667, 39.462985222089088 ], [ -0.337486982441386, 39.462778239069486 ], [ -0.337607511579172, 39.462659675002975 ], [ -0.337641144304381, 39.4626266446611 ], [ -0.33764742428811, 39.46262044186512 ], [ -0.33764742429026, 39.462620441862995 ], [ -0.337670417994241, 39.462597870183906 ], [ -0.337703622387343, 39.462564793978508 ], [ -0.337763596401521, 39.462505061506228 ], [ -0.337833309915225, 39.462435718153401 ], [ -0.337833309915224, 39.462435718153401 ], [ -0.33785948871708, 39.462409620397516 ], [ -0.337913126064099, 39.462356197551678 ], [ -0.337915625594611, 39.462351755040423 ], [ -0.337915625721508, 39.462351754869076 ], [ -0.337915625893547, 39.462351754723322 ], [ -0.337925498918492, 39.462345044173219 ], [ -0.338022437756255, 39.462263447259367 ], [ -0.338125274406586, 39.462176854827945 ], [ -0.338285800662237, 39.462041768796112 ], [ -0.33839375076398, 39.461950865429358 ], [ -0.338611765677851, 39.461767371723042 ], [ -0.338611765683684, 39.461767371718175 ], [ -0.338636961215379, 39.461746477293921 ], [ -0.338636607040727, 39.461746357049719 ], [ -0.338636607040725, 39.461746357049719 ], [ -0.338636606846378, 39.461746356965712 ], [ -0.338636606676264, 39.461746356854505 ], [ -0.338636606536624, 39.461746356720219 ], [ -0.338636606432585, 39.461746356567723 ], [ -0.338636606367962, 39.461746356402678 ], [ -0.338636606345127, 39.461746356231082 ], [ -0.338636606364917, 39.46174635605928 ], [ -0.338636606426607, 39.461746355893553 ], [ -0.338636606527933, 39.461746355739976 ], [ -0.338636606665179, 39.461746355604191 ], [ -0.338644468970811, 39.461739950254568 ], [ -0.338684415871791, 39.461707230854678 ], [ -0.338684415872736, 39.461707230853904 ], [ -0.338723184130916, 39.461675551986325 ], [ -0.339047905717977, 39.461410057344075 ], [ -0.339047905718815, 39.461410057343393 ], [ -0.339060134431314, 39.461400079970467 ], [ -0.339505140408889, 39.461035971514207 ], [ -0.33950514041042, 39.461035971512949 ], [ -0.33955289437065, 39.460997047913906 ], [ -0.339695315573392, 39.460788431320744 ], [ -0.339902116337877, 39.460485619535092 ], [ -0.339902116337876, 39.460485619535092 ], [ -0.339902116337887, 39.460485619535078 ], [ -0.339919557230307, 39.460460078090037 ], [ -0.34007886301507, 39.460088213225369 ], [ -0.340078863030347, 39.460088213191924 ], [ -0.340083150702044, 39.460079383666368 ], [ -0.340123426436681, 39.459982943363435 ], [ -0.340179953011811, 39.459802490806716 ], [ -0.340276570922857, 39.459494076395536 ], [ -0.34031049177746, 39.459385816071958 ], [ -0.340375625492274, 39.459177957498717 ], [ -0.340397105171257, 39.459108910436612 ], [ -0.340505524896057, 39.458760640843089 ], [ -0.340528740773828, 39.458685972374326 ], [ -0.340528740806972, 39.458685972287249 ], [ -0.340669487631372, 39.458374931346121 ], [ -0.340736535612034, 39.458226767839641 ], [ -0.340736535617649, 39.458226767827512 ], [ -0.340829397865739, 39.458030591757144 ], [ -0.340846661763989, 39.457994107597401 ], [ -0.340860715455308, 39.457964409255126 ], [ -0.340903783452905, 39.457873437763659 ], [ -0.340908078703757, 39.457860586907522 ] ] ] ] } },
{ "type": "Feature", "properties": { "INE_MUN": "46250", "DISTRITO": 19 }, "geometry": { "type": "MultiPolygon", "coordinates": [ [ [ [ -0.298075857606637, 39.309742601431708 ], [ -0.298075857606619, 39.30974260143168 ], [ -0.297928661357362, 39.309363684780507 ], [ -0.29173057043594, 39.30770493922995 ], [ -0.291730570219187, 39.307704939151684 ], [ -0.291730570027707, 39.307704939040548 ], [ -0.291730569869639, 39.307704938901253 ], [ -0.291730569751708, 39.307704938739747 ], [ -0.282030295415623, 39.290488592480834 ], [ -0.275087978018158, 39.279372019235566 ], [ -0.273745603010051, 39.279093361263484 ], [ -0.273745602801376, 39.279093361202946 ], [ -0.273745602611461, 39.279093361112487 ], [ -0.27374560244733, 39.279093360995454 ], [ -0.273745602315047, 39.27909336085618 ], [ -0.2737456022195, 39.27909336069979 ], [ -0.273745602164223, 39.279093360532102 ], [ -0.273745602151256, 39.279093360359269 ], [ -0.273745602181082, 39.279093360187716 ], [ -0.273745602252595, 39.279093360023765 ], [ -0.273745602363153, 39.279093359873478 ], [ -0.273745602508671, 39.279093359742404 ], [ -0.27374560268377, 39.279093359635411 ], [ -0.273745602881976, 39.279093359556434 ], [ -0.273745603095969, 39.279093359508387 ], [ -0.273745603317837, 39.279093359493061 ], [ -0.275315626609973, 39.279102610952215 ], [ -0.276149083328911, 39.279061225624396 ], [ -0.276149083437677, 39.279061225622968 ], [ -0.276509840692784, 39.279069671123672 ], [ -0.276509840827859, 39.279069671133009 ], [ -0.276973980882429, 39.27912316411787 ], [ -0.277970758313075, 39.279231744272025 ], [ -0.278694336944081, 39.279195387171448 ], [ -0.278694337133133, 39.279195387173971 ], [ -0.278694337319141, 39.279195387200353 ], [ -0.278943712596443, 39.279247398799413 ], [ -0.278943712867145, 39.279247398885609 ], [ -0.279283508077637, 39.279396973393901 ], [ -0.29163396932961, 39.283153532666176 ], [ -0.291633969329611, 39.283153532666176 ], [ -0.291633969542917, 39.283153532751797 ], [ -0.291633969728941, 39.28315353286974 ], [ -0.291633969879695, 39.283153533014946 ], [ -0.291633969988706, 39.283153533181185 ], [ -0.291633970051296, 39.283153533361308 ], [ -0.291633970064776, 39.283153533547598 ], [ -0.291604672782654, 39.283631447103296 ], [ -0.292979970346946, 39.284040741199014 ], [ -0.292979970346946, 39.284040741199014 ], [ -0.292979970553852, 39.284040741279867 ], [ -0.292979970735945, 39.284040741391046 ], [ -0.29297997088595, 39.284040741528152 ], [ -0.303514255677764, 39.295889890569228 ], [ -0.303514255677761, 39.295889890569228 ], [ -0.303514255768912, 39.295889890691157 ], [ -0.305610597413121, 39.299280192793439 ], [ -0.312817799329015, 39.303627590370084 ], [ -0.315065996189048, 39.303966657985285 ], [ -0.316607696732423, 39.303620146455231 ], [ -0.316607696732425, 39.303620146455231 ], [ -0.316607696732484, 39.303620146455224 ], [ -0.318223933028216, 39.303256840661511 ], [ -0.3182239332596, 39.303256840628791 ], [ -0.318223933494722, 39.303256840633047 ], [ -0.318223933723899, 39.303256840674081 ], [ -0.318223933937697, 39.303256840750208 ], [ -0.31822393412731, 39.303256840858317 ], [ -0.318223934284936, 39.303256840993917 ], [ -0.31822393440408, 39.303256841151466 ], [ -0.318223934479842, 39.303256841324441 ], [ -0.318223934509098, 39.303256841505736 ], [ -0.318294982614929, 39.30564722164651 ], [ -0.318421302227212, 39.305672128493804 ], [ -0.318421302460051, 39.305672128561035 ], [ -0.318421302669099, 39.305672128665286 ], [ -0.318421302844756, 39.305672128801739 ], [ -0.318421302978952, 39.305672128964147 ], [ -0.318421303065529, 39.305672129145037 ], [ -0.318528551995021, 39.306000321216274 ], [ -0.318528551995019, 39.306000321216274 ], [ -0.318528552025866, 39.306000321356038 ], [ -0.318588836705617, 39.306513590187741 ], [ -0.31858883671035, 39.30651359026033 ], [ -0.318599097183256, 39.307289400518663 ], [ -0.318631315897412, 39.307491766112634 ], [ -0.318684052218443, 39.30767915885513 ], [ -0.31868405224468, 39.307679159074169 ], [ -0.31866925232001, 39.308066586810185 ], [ -0.318669252314353, 39.308066586876237 ], [ -0.318473387173088, 39.309535647449259 ], [ -0.318473387163187, 39.309535647505911 ], [ -0.318418137278765, 39.309790721541333 ], [ -0.318477632514595, 39.311792973560777 ], [ -0.32018420250601, 39.31202058524299 ], [ -0.320184202506025, 39.31202058524299 ], [ -0.320774442264235, 39.312099274266991 ], [ -0.320774442477357, 39.31209927431199 ], [ -0.320774442675628, 39.31209927438757 ], [ -0.320774442851847, 39.312099274490983 ], [ -0.32077444299962, 39.31209927461849 ], [ -0.322568221741541, 39.313980238665764 ], [ -0.322591677024275, 39.314004836372924 ], [ -0.329313494905447, 39.313221861725353 ], [ -0.329313494905449, 39.313221861725353 ], [ -0.329313495153636, 39.313221861717359 ], [ -0.329313495398322, 39.313221861750613 ], [ -0.329313495628273, 39.313221861823578 ], [ -0.329313495832929, 39.313221861932938 ], [ -0.332977858390899, 39.315667939898951 ], [ -0.332977858390897, 39.315667939898951 ], [ -0.332977858538234, 39.315667940017107 ], [ -0.332977858655441, 39.315667940154114 ], [ -0.334077515219912, 39.317249967788015 ], [ -0.335824607531961, 39.31459579233897 ], [ -0.335824607663337, 39.314595792182097 ], [ -0.335824607833618, 39.314595792049708 ], [ -0.33582460803545, 39.314595791947504 ], [ -0.335824608260116, 39.314595791879924 ], [ -0.335824608497913, 39.314595791849875 ], [ -0.336870158199235, 39.314549328857467 ], [ -0.336870158415245, 39.314549328863535 ], [ -0.336870158626048, 39.314549328900675 ], [ -0.336870158824312, 39.314549328967544 ], [ -0.336870159003146, 39.314549329061848 ], [ -0.336870159156334, 39.314549329180316 ], [ -0.33687015927855, 39.314549329318808 ], [ -0.336870159365542, 39.314549329472513 ], [ -0.336870159414288, 39.314549329636101 ], [ -0.337175031322759, 39.316304624034629 ], [ -0.3475549081413, 39.315395931941005 ], [ -0.350247175969616, 39.31104291538044 ], [ -0.350247175969615, 39.31104291538044 ], [ -0.350247176089826, 39.311042915227304 ], [ -0.350247176246717, 39.311042915095712 ], [ -0.350247176434068, 39.3110429149909 ], [ -0.350247176644445, 39.311042914916982 ], [ -0.3502471768695, 39.311042914876943 ], [ -0.350247177100307, 39.311042914872353 ], [ -0.353070491257241, 39.311205710516063 ], [ -0.353070491493757, 39.311205710549103 ], [ -0.353070491716424, 39.311205710619298 ], [ -0.35420075104959, 39.311673394688199 ], [ -0.355929885705611, 39.312261663628306 ], [ -0.359187042712713, 39.306769780073942 ], [ -0.359187042836523, 39.306769779912159 ], [ -0.359187043000906, 39.306769779773937 ], [ -0.359187043198686, 39.306769779665252 ], [ -0.359187043421226, 39.306769779590873 ], [ -0.359187043658801, 39.30676977955406 ], [ -0.361093795329022, 39.306632846379372 ], [ -0.361764195522752, 39.305764059855477 ], [ -0.361764195522751, 39.305764059855477 ], [ -0.361764195657528, 39.305764059714214 ], [ -0.361764195825075, 39.305764059595994 ], [ -0.361764196019001, 39.305764059505307 ], [ -0.361764196231913, 39.305764059445643 ], [ -0.361764196455695, 39.305764059419246 ], [ -0.361764196681807, 39.305764059427148 ], [ -0.361764196901633, 39.305764059469034 ], [ -0.361764197106792, 39.305764059543321 ], [ -0.363189112723354, 39.306418497103579 ], [ -0.364686089432005, 39.305154535693347 ], [ -0.364686089432003, 39.305154535693347 ], [ -0.364686089609095, 39.305154535571511 ], [ -0.364686089814335, 39.305154535480142 ], [ -0.364686090039176, 39.305154535423036 ], [ -0.364686090274255, 39.305154535402608 ], [ -0.364686090509777, 39.305154535419668 ], [ -0.364686090735942, 39.305154535473505 ], [ -0.364686090943324, 39.305154535561911 ], [ -0.364686090943325, 39.305154535561911 ], [ -0.367493242176209, 39.306659479147427 ], [ -0.367493242176208, 39.306659479147427 ], [ -0.367493242352773, 39.306659479263935 ], [ -0.367493242495991, 39.306659479405383 ], [ -0.367493242600144, 39.306659479566129 ], [ -0.367493242661071, 39.306659479739764 ], [ -0.367493242676337, 39.306659479919354 ], [ -0.367493242645334, 39.306659480097707 ], [ -0.367308542620658, 39.307260576928066 ], [ -0.36782385012608, 39.307748020493698 ], [ -0.375493725672569, 39.307310250786557 ], [ -0.375493725891316, 39.307310250790152 ], [ -0.375493726105299, 39.307310250825623 ], [ -0.375493726306888, 39.307310250891696 ], [ -0.375493726488908, 39.307310250986014 ], [ -0.375493726644871, 39.307310251105243 ], [ -0.375493726769216, 39.307310251245092 ], [ -0.37751075893914, 39.310111847301869 ], [ -0.380083581529707, 39.311087568279071 ], [ -0.380083581529708, 39.311087568279071 ], [ -0.380083581731158, 39.31108756837645 ], [ -0.380083581902863, 39.311087568503666 ], [ -0.380083582037631, 39.31108756865536 ], [ -0.380083582129812, 39.311087568825215 ], [ -0.380083582175547, 39.311087569006077 ], [ -0.380083582172919, 39.311087569190391 ], [ -0.380083582122038, 39.311087569370429 ], [ -0.380083582025039, 39.311087569538643 ], [ -0.380083581885978, 39.311087569687984 ], [ -0.380083581710688, 39.311087569812209 ], [ -0.380083581506513, 39.311087569906107 ], [ -0.376792396773047, 39.31226622281158 ], [ -0.381534762332172, 39.316652139499993 ], [ -0.384734721883343, 39.317608027053772 ], [ -0.385427834458362, 39.31644120811557 ], [ -0.38542783445836, 39.31644120811557 ], [ -0.38542783458115, 39.316441207955052 ], [ -0.385427834743915, 39.316441207817661 ], [ -0.385427834939658, 39.316441207709282 ], [ -0.385427835159963, 39.316441207634611 ], [ -0.390812202057595, 39.315112164398656 ], [ -0.390812202282014, 39.31511216436175 ], [ -0.390812202511393, 39.315112164359896 ], [ -0.390812202736752, 39.315112164393156 ], [ -0.390812202949266, 39.315112164460253 ], [ -0.390812203140615, 39.315112164558514 ], [ -0.390812203303308, 39.315112164684145 ], [ -0.390812203430973, 39.315112164832193 ], [ -0.390812203518611, 39.315112164996854 ], [ -0.390812203562793, 39.315112165171712 ], [ -0.391781462389901, 39.323036232530256 ], [ -0.394485542661276, 39.323302258342764 ], [ -0.394485542879256, 39.323302258381084 ], [ -0.394485543083723, 39.323302258451157 ], [ -0.394485543267083, 39.323302258550399 ], [ -0.394485543422519, 39.323302258675135 ], [ -0.394485543544257, 39.323302258820704 ], [ -0.394485543627775, 39.32330225898172 ], [ -0.395605485073636, 39.32625518473823 ], [ -0.395605485081247, 39.326255184759233 ], [ -0.396663524209389, 39.329316447639563 ], [ -0.398427083717588, 39.329291100295762 ], [ -0.398427083958954, 39.329291100311956 ], [ -0.398427084190721, 39.329291100366753 ], [ -0.39842708440277, 39.329291100457738 ], [ -0.398427084585846, 39.32929110058096 ], [ -0.398427084731957, 39.329291100731041 ], [ -0.398427084834722, 39.329291100901429 ], [ -0.398427084889661, 39.329291101084678 ], [ -0.398842303651164, 39.33187630862831 ], [ -0.398842303656905, 39.331876308806379 ], [ -0.398842303617404, 39.33187630898184 ], [ -0.398842303534205, 39.331876309147823 ], [ -0.398842303410563, 39.331876309297854 ], [ -0.398842303251315, 39.33187630942605 ], [ -0.398842303062695, 39.331876309527395 ], [ -0.398842302852078, 39.331876309597902 ], [ -0.398842302627706, 39.331876309634865 ], [ -0.396340274613363, 39.332090711708254 ], [ -0.396823585625225, 39.33342750465301 ], [ -0.397795757289011, 39.333801156474721 ], [ -0.39779575747777, 39.333801156565698 ], [ -0.397795757640717, 39.333801156682966 ], [ -0.397795757771877, 39.333801156822233 ], [ -0.397795757866435, 39.333801156978346 ], [ -0.397795757920917, 39.333801157145601 ], [ -0.397795757933325, 39.333801157317872 ], [ -0.397795757903202, 39.333801157488807 ], [ -0.397795757831658, 39.333801157652132 ], [ -0.396804351734788, 39.335507600347675 ], [ -0.396804351621218, 39.335507600500939 ], [ -0.396804351471271, 39.33550760063401 ], [ -0.396804351290729, 39.335507600741771 ], [ -0.396804351086554, 39.335507600820051 ], [ -0.396804350866617, 39.335507600865839 ], [ -0.3968043506394, 39.335507600877371 ], [ -0.396804350413661, 39.335507600854186 ], [ -0.392898247595033, 39.334798028806574 ], [ -0.392475573215666, 39.335562788766758 ], [ -0.394679291310408, 39.336208947394148 ], [ -0.394679291310409, 39.336208947394148 ], [ -0.394679291515027, 39.336208947472798 ], [ -0.394679291695835, 39.336208947581056 ], [ -0.394679291845827, 39.336208947714731 ], [ -0.394679291959185, 39.336208947868634 ], [ -0.394679292031516, 39.336208948036798 ], [ -0.394679292060021, 39.3362089482127 ], [ -0.394679292043588, 39.336208948389533 ], [ -0.394679291982858, 39.336208948560454 ], [ -0.394679291880186, 39.336208948718813 ], [ -0.393171396383406, 39.338055867729764 ], [ -0.393171396383405, 39.338055867729764 ], [ -0.393171396254438, 39.338055867859786 ], [ -0.393171396097225, 39.338055867969473 ], [ -0.393171395916984, 39.338055868055186 ], [ -0.393171395719702, 39.338055868114076 ], [ -0.391043138762511, 39.338523419672363 ], [ -0.390641656551364, 39.339009911389901 ], [ -0.391069662648527, 39.339686747412081 ], [ -0.391069662648525, 39.339686747412081 ], [ -0.391069662725041, 39.339686747568244 ], [ -0.391069662763086, 39.339686747732699 ], [ -0.391069662761352, 39.339686747899776 ], [ -0.391069662719898, 39.339686748063734 ], [ -0.39106966264015, 39.339686748218917 ], [ -0.391069662524857, 39.339686748360009 ], [ -0.391069662377983, 39.339686748482109 ], [ -0.39106966220459, 39.339686748581038 ], [ -0.391069662010642, 39.339686748653385 ], [ -0.388020572793885, 39.340564350973558 ], [ -0.388111857836722, 39.34307763755276 ], [ -0.388111857822558, 39.343077637720704 ], [ -0.38811185776839, 39.343077637883688 ], [ -0.388111857676112, 39.343077638035986 ], [ -0.388111857548946, 39.343077638172282 ], [ -0.388111857391335, 39.343077638287831 ], [ -0.388111857208786, 39.343077638378595 ], [ -0.386746379846078, 39.343624131181819 ], [ -0.386400247661357, 39.347608490417009 ], [ -0.386272131377946, 39.351676556559795 ], [ -0.386272131340789, 39.351676556764922 ], [ -0.386272131244245, 39.351676556958033 ], [ -0.385252536754159, 39.353176744332266 ], [ -0.385252536754157, 39.353176744332266 ], [ -0.385252536638394, 39.353176744470311 ], [ -0.385252536492181, 39.353176744589668 ], [ -0.385252536320407, 39.353176744686358 ], [ -0.38264301562575, 39.354379389862601 ], [ -0.382684847276352, 39.355444493782372 ], [ -0.382684847257024, 39.355444493975774 ], [ -0.382684847184794, 39.355444494161468 ], [ -0.382684847063011, 39.355444494330847 ], [ -0.382684846897328, 39.35544449447606 ], [ -0.38268484669543, 39.355444494590344 ], [ -0.380902697060761, 39.356240541509145 ], [ -0.378301394146423, 39.35753331979118 ], [ -0.37830139394573, 39.357533319870747 ], [ -0.378301393729011, 39.357533319918687 ], [ -0.375279995736968, 39.357960750239513 ], [ -0.371987183673125, 39.359122339288604 ], [ -0.370219124758118, 39.362314340658308 ], [ -0.370219124758119, 39.362314340658308 ], [ -0.370219124641994, 39.362314340819843 ], [ -0.370219124485794, 39.362314340959564 ], [ -0.370219124296112, 39.362314341071546 ], [ -0.370219124080954, 39.362314341151077 ], [ -0.3702191238494, 39.362314341194804 ], [ -0.370219123611219, 39.362314341200879 ], [ -0.370219123376465, 39.362314341169061 ], [ -0.370219123155045, 39.36231434110065 ], [ -0.363635808971108, 39.359642922909146 ], [ -0.360638706209246, 39.362187572088956 ], [ -0.361044887663047, 39.363728295489629 ], [ -0.361044887663048, 39.363728295489629 ], [ -0.361044887686563, 39.363728295662973 ], [ -0.361044887666622, 39.36372829583658 ], [ -0.36104488760397, 39.363728296003949 ], [ -0.361044887500953, 39.363728296158818 ], [ -0.361044887361431, 39.363728296295385 ], [ -0.361044887190632, 39.363728296408517 ], [ -0.361044886994953, 39.363728296494017 ], [ -0.361044886781725, 39.363728296548608 ], [ -0.35798423078249, 39.364264018813522 ], [ -0.357984230534261, 39.364264018835549 ], [ -0.357984230285708, 39.364264018815831 ], [ -0.357984230048365, 39.364264018755236 ], [ -0.357984229833237, 39.364264018656598 ], [ -0.357984229650308, 39.364264018524501 ], [ -0.357983724859106, 39.364263565962432 ], [ -0.357983632364158, 39.364263572810856 ], [ -0.357296494624311, 39.364329032881166 ], [ -0.356536508912718, 39.364570330784858 ], [ -0.35573765349428, 39.364823988368165 ], [ -0.355734940024442, 39.364824850081291 ], [ -0.355734939793235, 39.364824850133751 ], [ -0.355734939553056, 39.36482485014799 ], [ -0.355734939314262, 39.364824850123448 ], [ -0.35573493908715, 39.36482485006114 ], [ -0.355734938881509, 39.364824849963782 ], [ -0.355734938706203, 39.364824849835543 ], [ -0.355733929093029, 39.364823939994579 ], [ -0.354194482501517, 39.365349168851196 ], [ -0.35162155493016, 39.367092402804822 ], [ -0.351840433054281, 39.367753356359295 ], [ -0.351840433088228, 39.367753356523451 ], [ -0.351840433082711, 39.367753356689683 ], [ -0.351840433037918, 39.367753356852269 ], [ -0.351840432955378, 39.367753357005697 ], [ -0.351840432837904, 39.367753357144721 ], [ -0.3518404326895, 39.367753357264633 ], [ -0.351840432515225, 39.367753357361309 ], [ -0.347270069582832, 39.369822573688673 ], [ -0.347270069582834, 39.369822573688673 ], [ -0.347270069378785, 39.36982257376151 ], [ -0.347270069160475, 39.369822573802473 ], [ -0.347270068936089, 39.369822573810019 ], [ -0.347270068714035, 39.369822573783864 ], [ -0.347270068502633, 39.369822573724996 ], [ -0.34727006830981, 39.369822573635602 ], [ -0.34727006814279, 39.369822573519045 ], [ -0.347270068007832, 39.3698225733797 ], [ -0.344125753760801, 39.36582068444195 ], [ -0.341119433598003, 39.366742984907404 ], [ -0.343133648152369, 39.370853178164388 ], [ -0.343133648152367, 39.370853178164388 ], [ -0.343133648210307, 39.370853178327138 ], [ -0.343133648228086, 39.370853178495409 ], [ -0.343133648205079, 39.370853178663317 ], [ -0.343133648142096, 39.370853178824923 ], [ -0.34313364804135, 39.370853178974578 ], [ -0.343133647906383, 39.370853179106994 ], [ -0.343133647741941, 39.370853179217519 ], [ -0.343133647553804, 39.370853179302301 ], [ -0.340933415901326, 39.371640616229485 ], [ -0.338780147053861, 39.372411189467151 ], [ -0.337073917010342, 39.373020735996533 ], [ -0.33707391679451, 39.373020736054436 ], [ -0.337073916568248, 39.373020736078395 ], [ -0.337073916340319, 39.373020736067517 ], [ -0.337073916119556, 39.373020736022184 ], [ -0.337073915914508, 39.373020735944166 ], [ -0.33707391573312, 39.373020735836498 ], [ -0.337073915582421, 39.373020735703314 ], [ -0.337073915468248, 39.373020735549815 ], [ -0.336951647272406, 39.372811053368956 ], [ -0.334273739093869, 39.368217948827699 ], [ -0.333068982641975, 39.368208295496459 ], [ -0.332463699823325, 39.368203452023813 ], [ -0.332463699611183, 39.368203452006895 ], [ -0.332463699406613, 39.368203451960142 ], [ -0.332463699216529, 39.368203451885094 ], [ -0.332463699047353, 39.368203451784304 ], [ -0.332463698904802, 39.368203451661181 ], [ -0.332463698793693, 39.368203451519904 ], [ -0.332463698717779, 39.368203451365211 ], [ -0.332463504584079, 39.368202910901338 ], [ -0.331039817299581, 39.36475645916579 ], [ -0.330953095474126, 39.364763121729801 ], [ -0.330318181622946, 39.364811959399738 ], [ -0.330143224068451, 39.364834990801164 ], [ -0.330143515016392, 39.364836028075729 ], [ -0.331077641659683, 39.368027531434151 ], [ -0.332977811543661, 39.374512406776837 ], [ -0.332977811547714, 39.374512406791197 ], [ -0.333049049739417, 39.374775291073192 ], [ -0.334258934872806, 39.378951585353427 ], [ -0.334341705322216, 39.379237240794737 ], [ -0.334643316060503, 39.379761087767733 ], [ -0.336475884208883, 39.382943713898058 ], [ -0.33678955561838, 39.383487772822534 ], [ -0.337761511255754, 39.385173552976077 ], [ -0.337761533081773, 39.38517358950579 ], [ -0.337761533088229, 39.385173589516775 ], [ -0.337768089501739, 39.385184960150667 ], [ -0.33776808950174, 39.385184960150667 ], [ -0.337768089503604, 39.385184960155023 ], [ -0.337768089506605, 39.385184960159229 ], [ -0.337768132991827, 39.385185037726117 ], [ -0.338054972769398, 39.385682520314454 ], [ -0.338054972775321, 39.385682520324899 ], [ -0.338370141152428, 39.386248252944036 ], [ -0.340313652289791, 39.387953646051287 ], [ -0.341616962241377, 39.38909721689523 ], [ -0.341616962241374, 39.38909721689523 ], [ -0.341616962340916, 39.389097216996099 ], [ -0.343506157058365, 39.391320465235253 ], [ -0.343506157163061, 39.391320465388944 ], [ -0.343841153310196, 39.391953555253522 ], [ -0.344567714426321, 39.393326612274087 ], [ -0.344567714442483, 39.393326612306403 ], [ -0.344675194299326, 39.39355428090532 ], [ -0.344675194354923, 39.393554281069733 ], [ -0.34469219811674, 39.393634962541434 ], [ -0.344803104414417, 39.39416077843223 ], [ -0.345125838842865, 39.394481014416108 ], [ -0.345351370470658, 39.394704787958013 ], [ -0.345351370489802, 39.394704787977545 ], [ -0.345474163826758, 39.394833715384834 ], [ -0.345474163826755, 39.394833715384834 ], [ -0.345474163921262, 39.394833715501882 ], [ -0.345474163991585, 39.394833715628778 ], [ -0.345891075550908, 39.395780116457935 ], [ -0.345891075552121, 39.395780116460706 ], [ -0.346029883569743, 39.396098583812297 ], [ -0.34602988357193, 39.396098583817356 ], [ -0.346403109650724, 39.396971903855878 ], [ -0.348835555419604, 39.398964256403879 ], [ -0.348835555419605, 39.398964256403879 ], [ -0.348835555573738, 39.398964256561804 ], [ -0.350429019892772, 39.401036498349775 ], [ -0.350429019892769, 39.401036498349775 ], [ -0.350429019979722, 39.401036498488708 ], [ -0.350429020034799, 39.401036498637097 ], [ -0.350661388003709, 39.401951662965466 ], [ -0.350661388024554, 39.401951663177634 ], [ -0.350357646108433, 39.407512009482517 ], [ -0.350357646104289, 39.407512009529427 ], [ -0.350049157278064, 39.410035060290156 ], [ -0.349632584272834, 39.413441569793051 ], [ -0.349632458193862, 39.413442598429832 ], [ -0.349431590805651, 39.415085057833828 ], [ -0.349426566792689, 39.415128540600691 ], [ -0.34924146351331, 39.416729289127368 ], [ -0.349532537937347, 39.418949376626344 ], [ -0.34985394139245, 39.421400654110798 ], [ -0.349853941393178, 39.421400654116525 ], [ -0.349938385097929, 39.422088327826181 ], [ -0.349942694088194, 39.422123364949542 ], [ -0.350218070288976, 39.422098741290277 ], [ -0.350218070289036, 39.42209874129027 ], [ -0.350577722906143, 39.422066570272939 ], [ -0.350665249338724, 39.422058749970603 ], [ -0.351294682658575, 39.422000985880111 ], [ -0.351294682700837, 39.422000985876828 ], [ -0.351399453823258, 39.421994373239194 ], [ -0.353357161066816, 39.421822787584254 ], [ -0.353357161087058, 39.42182278758262 ], [ -0.353357347165041, 39.421822773829362 ], [ -0.353440412518087, 39.421780180428996 ], [ -0.354198378295978, 39.421391510094736 ], [ -0.355412088785907, 39.42062637348554 ], [ -0.356797827438711, 39.419612872879625 ], [ -0.356798159394259, 39.419612385075922 ], [ -0.356798159394261, 39.419612385075922 ], [ -0.356798159524786, 39.419612384923816 ], [ -0.356798159692207, 39.419612384795279 ], [ -0.356798159889632, 39.419612384695611 ], [ -0.356798160108933, 39.419612384628898 ], [ -0.356798160341081, 39.41961238459789 ], [ -0.356798160576518, 39.41961238460388 ], [ -0.358299729339186, 39.419769791617234 ], [ -0.35849413016915, 39.419748083518371 ], [ -0.358675624866384, 39.419695273444049 ], [ -0.358948162081553, 39.419606542103246 ], [ -0.358948162081552, 39.419606542103246 ], [ -0.358948162276711, 39.419606542054908 ], [ -0.358948162479784, 39.419606542033932 ], [ -0.358948162684448, 39.419606542040967 ], [ -0.360045129153436, 39.419720051492213 ], [ -0.360111298061886, 39.419696240315339 ], [ -0.360111298101153, 39.419696240301882 ], [ -0.360292991616531, 39.419637085428413 ], [ -0.360292991731173, 39.419637085396474 ], [ -0.361058368010009, 39.419458345447204 ], [ -0.361618345271141, 39.419319211953322 ], [ -0.361882748642561, 39.419230311588379 ], [ -0.361882748872838, 39.419230311532175 ], [ -0.361882749113124, 39.419230311514113 ], [ -0.361882749353029, 39.419230311535003 ], [ -0.361882749582181, 39.4192303115939 ], [ -0.361979326580824, 39.41926414131224 ], [ -0.362645789788147, 39.419329871256188 ], [ -0.36264578998801, 39.419329871289989 ], [ -0.362645790177122, 39.419329871350484 ], [ -0.363360895201407, 39.419618145258987 ], [ -0.36394776393063, 39.419846595435409 ], [ -0.364239049791397, 39.419910133316307 ], [ -0.364353657227097, 39.419900057269899 ], [ -0.364353657399679, 39.419900057264748 ], [ -0.364353657571333, 39.41990005727952 ], [ -0.364767383032355, 39.419960081653358 ], [ -0.36476738327186, 39.419960081709384 ], [ -0.364767383490337, 39.419960081803879 ], [ -0.364863308467937, 39.42001282559859 ], [ -0.364863308467936, 39.42001282559859 ], [ -0.364863308709955, 39.420012825777405 ], [ -0.364902611020847, 39.420051683539057 ], [ -0.364902611145617, 39.420051683691831 ], [ -0.36490261122851, 39.420051683860869 ], [ -0.364902611266183, 39.420051684039336 ], [ -0.364908163680536, 39.420121400506602 ], [ -0.364908163653322, 39.420121400763563 ], [ -0.364766937474614, 39.420598642782409 ], [ -0.364655912645592, 39.4209865204678 ], [ -0.364655912551656, 39.420986520673708 ], [ -0.364618809808661, 39.421044364924292 ], [ -0.365488350247038, 39.421282624898204 ], [ -0.365488350247037, 39.421282624898204 ], [ -0.365488350474261, 39.421282624982993 ], [ -0.365680626548054, 39.421375540143053 ], [ -0.365680626548057, 39.421375540143053 ], [ -0.36568062665752, 39.421375540203002 ], [ -0.365935727590103, 39.421533159375173 ], [ -0.36677055644891, 39.421893739336824 ], [ -0.366770556453836, 39.421893739338955 ], [ -0.367717575611477, 39.422307458337272 ], [ -0.367717575661278, 39.422307458360315 ], [ -0.368018092484081, 39.422454534986095 ], [ -0.368018092495125, 39.422454534992816 ], [ -0.368018092508307, 39.42245453499828 ], [ -0.368018138071407, 39.422454558545965 ], [ -0.368188404336489, 39.42253788675464 ], [ -0.36877487880616, 39.422824900190669 ], [ -0.370108911824749, 39.423361232788743 ], [ -0.37010891187588, 39.423361232810599 ], [ -0.370461821703928, 39.423521054937162 ], [ -0.370461821744629, 39.423521054956467 ], [ -0.371499334457827, 39.424036363419361 ], [ -0.371499334457828, 39.424036363419361 ], [ -0.371499334643931, 39.424036363534228 ], [ -0.371499334795952, 39.424036363676102 ], [ -0.371499334907508, 39.424036363839008 ], [ -0.371499334973916, 39.424036364016153 ], [ -0.371499334992394, 39.424036364200063 ], [ -0.371439039224021, 39.425918085929212 ], [ -0.372480494170748, 39.426245790856868 ], [ -0.372480494170754, 39.426245790856868 ], [ -0.372480494170755, 39.426245790856868 ], [ -0.37276009358612, 39.426333768357594 ], [ -0.37346858222856, 39.426556709153417 ], [ -0.374986219200905, 39.427034220741646 ], [ -0.377578028182029, 39.427598347567148 ], [ -0.378061964081892, 39.427703669489809 ], [ -0.378305111257962, 39.427756588723469 ], [ -0.378305111476486, 39.427756588790153 ], [ -0.378305111673238, 39.427756588889579 ], [ -0.378902214264633, 39.428130117111671 ], [ -0.382606407802883, 39.430447162917901 ], [ -0.383730231756423, 39.43115007950739 ], [ -0.388234582546407, 39.433089693375869 ], [ -0.389535313977597, 39.430313539213117 ], [ -0.389535313977601, 39.43031353921311 ], [ -0.390813106784102, 39.427586070586777 ], [ -0.391087781821904, 39.426999765308061 ], [ -0.391087781920328, 39.426999765148715 ], [ -0.39108778205697, 39.426999765007352 ], [ -0.391087782226575, 39.426999764889402 ], [ -0.391087782422611, 39.42699976479939 ], [ -0.391087782637533, 39.426999764740813 ], [ -0.391087782863067, 39.426999764715902 ], [ -0.391087783090534, 39.426999764725622 ], [ -0.391087921865068, 39.426999781353445 ], [ -0.391087968123243, 39.426999786896069 ], [ -0.391087968152041, 39.426999786899799 ], [ -0.391180837463381, 39.427012776372941 ], [ -0.391919396788657, 39.427116061163844 ], [ -0.391919396792277, 39.427116061164348 ], [ -0.392382195184076, 39.427181954410415 ], [ -0.392397407790124, 39.427182390250351 ], [ -0.392652756484904, 39.427189721482584 ], [ -0.392682346370435, 39.427190569850382 ], [ -0.3938094540554, 39.427222966197156 ], [ -0.393809454088959, 39.427222966198514 ], [ -0.393892276865106, 39.427227210378625 ], [ -0.393898711645796, 39.427227539321336 ], [ -0.39389996961897, 39.427227603559189 ], [ -0.393924774069547, 39.427228875849309 ], [ -0.393924820474354, 39.427228876889643 ], [ -0.393924820517357, 39.427228876891228 ], [ -0.394122506561714, 39.427239006692567 ], [ -0.394122506748771, 39.427239006714117 ], [ -0.394122506928838, 39.427239006758931 ], [ -0.39447579980722, 39.427352295581052 ], [ -0.394696448626644, 39.427423049013115 ], [ -0.394696448626642, 39.427423049013115 ], [ -0.394696448781522, 39.427423049073653 ], [ -0.394696448923048, 39.427423049151415 ], [ -0.395365785592269, 39.427852409880892 ], [ -0.395365785713565, 39.42785240997091 ], [ -0.395760424995568, 39.42819096758393 ], [ -0.396390125406298, 39.428731199457744 ], [ -0.39674387938103, 39.428901277228228 ], [ -0.39728016811911, 39.428850208579568 ], [ -0.398128080535292, 39.428659599606121 ], [ -0.398920233996884, 39.428481538341337 ], [ -0.400213716397442, 39.428060046896704 ], [ -0.400213716397441, 39.428060046896704 ], [ -0.400213716527217, 39.428060046861269 ], [ -0.400729092391169, 39.427945446633117 ], [ -0.400729092391168, 39.427945446633117 ], [ -0.400729092574315, 39.427945446604518 ], [ -0.400729092761007, 39.427945446599068 ], [ -0.401552837468332, 39.427972867115777 ], [ -0.401552837524295, 39.427972867118704 ], [ -0.401889512032913, 39.427996745264494 ], [ -0.401889512246704, 39.427996745295502 ], [ -0.401889512449282, 39.427996745356914 ], [ -0.401889512633542, 39.427996745446535 ], [ -0.401889512793018, 39.427996745561231 ], [ -0.401889512922115, 39.427996745696994 ], [ -0.4018895130163, 39.427996745849036 ], [ -0.401889513072273, 39.427996746012035 ], [ -0.401889513088069, 39.427996746180263 ], [ -0.401888398959689, 39.428037668462309 ], [ -0.401888398959465, 39.428037668469251 ], [ -0.401888378391601, 39.428038221951894 ], [ -0.402488650011003, 39.43032069602171 ], [ -0.402488650011005, 39.43032069602171 ], [ -0.402488650033469, 39.430320696165069 ], [ -0.402835360990818, 39.43693291985079 ], [ -0.414181590496044, 39.43614445711215 ], [ -0.418630111733087, 39.43583503383983 ], [ -0.420851183210107, 39.435143925355803 ], [ -0.420894024316972, 39.435110613379607 ], [ -0.420894024316973, 39.435110613379607 ], [ -0.420894024485081, 39.435110613271455 ], [ -0.420894024676335, 39.435110613189622 ], [ -0.420894024883966, 39.435110613137013 ], [ -0.42089402510063, 39.435110613115476 ], [ -0.420894025318659, 39.435110613125801 ], [ -0.420894025530341, 39.435110613167588 ], [ -0.420894025728186, 39.435110613239374 ], [ -0.420894025905193, 39.435110613338637 ], [ -0.421339720554032, 39.435413883466623 ], [ -0.421339720677749, 39.435413883564699 ], [ -0.421339720780813, 39.435413883676233 ], [ -0.424302399484611, 39.439198514165298 ], [ -0.424302399558277, 39.439198514276008 ], [ -0.42572067401572, 39.441748630012498 ], [ -0.426960970239928, 39.443978536777522 ], [ -0.428896899336587, 39.445662690882394 ], [ -0.428896899457548, 39.445662691008152 ], [ -0.428896899548522, 39.445662691148286 ], [ -0.428896899606747, 39.445662691298537 ], [ -0.428896899630457, 39.445662691454345 ], [ -0.42895669177933, 39.447195518575562 ], [ -0.431515518909448, 39.450286944434666 ], [ -0.43151551890945, 39.450286944434666 ], [ -0.431515519010955, 39.450286944587745 ], [ -0.431515519073035, 39.450286944752996 ], [ -0.431515519093424, 39.4502869449244 ], [ -0.431508376373294, 39.451764782234719 ], [ -0.431508376349778, 39.451764782411651 ], [ -0.43150837628186, 39.451764782581556 ], [ -0.431508376172188, 39.451764782737797 ], [ -0.431508376025043, 39.451764782874278 ], [ -0.431508375846166, 39.451764782985677 ], [ -0.431508375642534, 39.451764783067631 ], [ -0.431508375422096, 39.451764783116971 ], [ -0.426368323140082, 39.452498476557466 ], [ -0.42636832314008, 39.452498476557466 ], [ -0.426368322894358, 39.452498476571925 ], [ -0.426368322650227, 39.452498476545898 ], [ -0.426368322418681, 39.452498476480478 ], [ -0.42636832221014, 39.4524984763787 ], [ -0.425356186208085, 39.451879174859059 ], [ -0.420421259977295, 39.452096282168711 ], [ -0.419535333473737, 39.45280581013089 ], [ -0.419535333473734, 39.45280581013089 ], [ -0.419535333300431, 39.452805810244904 ], [ -0.419535333101808, 39.452805810330553 ], [ -0.416122834640417, 39.453954574951609 ], [ -0.414687829851121, 39.458957132861997 ], [ -0.414687829851119, 39.458957132861997 ], [ -0.414687829778366, 39.458957133032825 ], [ -0.414687829663265, 39.458957133189024 ], [ -0.414687829510405, 39.458957133324382 ], [ -0.414687829325889, 39.458957133433479 ], [ -0.414687829117081, 39.458957133511973 ], [ -0.41468782889231, 39.45895713355673 ], [ -0.414687828660551, 39.458957133565967 ], [ -0.414687828431048, 39.458957133539293 ], [ -0.414687828212964, 39.458957133477789 ], [ -0.414687828014997, 39.458957133383933 ], [ -0.414687827845054, 39.458957133261436 ], [ -0.41468782770991, 39.458957133115184 ], [ -0.414687827709912, 39.458957133115184 ], [ -0.409728309939395, 39.452266103590183 ], [ -0.409728309939393, 39.452266103590183 ], [ -0.409728309842281, 39.452266103420882 ], [ -0.409728309791913, 39.452266103239772 ], [ -0.409728309790425, 39.452266103054491 ], [ -0.409728309837875, 39.452266102872905 ], [ -0.40972830993226, 39.45226610270268 ], [ -0.409728310069583, 39.452266102551043 ], [ -0.40979820826247, 39.452203711768412 ], [ -0.409802786667974, 39.45219962517605 ], [ -0.409792878639154, 39.452186360078315 ], [ -0.406063136943622, 39.447193086441906 ], [ -0.406059365603791, 39.447195951844755 ], [ -0.406059365423515, 39.447195951956779 ], [ -0.406059365218205, 39.447195952038925 ], [ -0.406059364995987, 39.447195952087938 ], [ -0.406059364765652, 39.447195952101886 ], [ -0.406059364536312, 39.4471959520802 ], [ -0.406059364317045, 39.447195952023755 ], [ -0.406059364116525, 39.447195951934781 ], [ -0.406059363942685, 39.447195951816809 ], [ -0.406059363802407, 39.447195951674466 ], [ -0.406056432934892, 39.447192269205836 ], [ -0.404333769253741, 39.445029541647067 ], [ -0.403016813947703, 39.443588618873235 ], [ -0.401032607685626, 39.441942472278058 ], [ -0.398337397799239, 39.440169358788836 ], [ -0.395542760957817, 39.438869716741273 ], [ -0.393068550735657, 39.438322934092561 ], [ -0.392955313297844, 39.438301945140445 ], [ -0.392955313297737, 39.438301945140417 ], [ -0.392955313297641, 39.438301945140402 ], [ -0.390043144194084, 39.437761692453272 ], [ -0.389827178780322, 39.437734131709043 ], [ -0.389827178780081, 39.437734131708993 ], [ -0.389827178779791, 39.437734131708979 ], [ -0.389774891961545, 39.437727439643574 ], [ -0.387193847596175, 39.437397868350153 ], [ -0.387193847385391, 39.437397868307173 ], [ -0.387193847188678, 39.437397868234399 ], [ -0.387193847012966, 39.437397868134397 ], [ -0.387193846864443, 39.437397868010713 ], [ -0.387193846748341, 39.437397867867681 ], [ -0.38719384666875, 39.437397867710352 ], [ -0.387193846628473, 39.437397867544256 ], [ -0.387193846628929, 39.437397867375246 ], [ -0.3871938466701, 39.437397867209285 ], [ -0.387196277751866, 39.437391409414495 ], [ -0.386844472792533, 39.437339426199607 ], [ -0.386841811875066, 39.437339033051451 ], [ -0.386841811875031, 39.437339033051444 ], [ -0.386833997794972, 39.437337879019843 ], [ -0.383241838926347, 39.436807185104286 ], [ -0.376222831312856, 39.436136142724401 ], [ -0.370395969363996, 39.435625100525016 ], [ -0.370296673541267, 39.435617097506551 ], [ -0.370296673541263, 39.435617097506551 ], [ -0.370296673541233, 39.435617097506551 ], [ -0.365528803000464, 39.435232605173269 ], [ -0.365528802908704, 39.435232605162994 ], [ -0.363613329000456, 39.434956910630063 ], [ -0.363613328951415, 39.434956910622148 ], [ -0.362019241091143, 39.434671805287053 ], [ -0.362019241091142, 39.434671805287053 ], [ -0.362019240879141, 39.434671805232 ], [ -0.362019240684668, 39.434671805146479 ], [ -0.362019240514938, 39.434671805033624 ], [ -0.362019240376239, 39.434671804897668 ], [ -0.362019240273714, 39.434671804743587 ], [ -0.362019240211164, 39.434671804577142 ], [ -0.362019240190903, 39.434671804404495 ], [ -0.362019240213686, 39.434671804232025 ], [ -0.362020077489359, 39.434668576381227 ], [ -0.36080836328608, 39.434409419852699 ], [ -0.360808363182041, 39.434409419826302 ], [ -0.359549365002919, 39.434038105828009 ], [ -0.359549364807488, 39.434038105753423 ], [ -0.359549364633456, 39.434038105651851 ], [ -0.35954936448695, 39.434038105526859 ], [ -0.359549364373121, 39.434038105382847 ], [ -0.359549364295976, 39.434038105224879 ], [ -0.35954936425823, 39.434038105058534 ], [ -0.359549364261207, 39.434038104889638 ], [ -0.359549364304807, 39.434038104724145 ], [ -0.359556583119843, 39.434019712228576 ], [ -0.358169600409111, 39.433572935555148 ], [ -0.358169600369534, 39.433572935541733 ], [ -0.348844964886681, 39.430248158350423 ], [ -0.348844964886683, 39.430248158350423 ], [ -0.348844964679125, 39.43024815825499 ], [ -0.348844964501476, 39.430248158128386 ], [ -0.348844964361408, 39.430248157976017 ], [ -0.348844964264967, 39.430248157804492 ], [ -0.348844964216317, 39.430248157621214 ], [ -0.348844964217562, 39.430248157434107 ], [ -0.348844964268644, 39.430248157251228 ], [ -0.348847579527081, 39.430241983576614 ], [ -0.345757079362648, 39.429147389544966 ], [ -0.345757079362603, 39.429147389544958 ], [ -0.33779088175457, 39.426325309271597 ], [ -0.337790881754571, 39.426325309271597 ], [ -0.337790881582723, 39.426325309196407 ], [ -0.337790881429765, 39.426325309099752 ], [ -0.337219999650418, 39.425897016986795 ], [ -0.337219999650421, 39.425897016986795 ], [ -0.337219999496011, 39.425897016844154 ], [ -0.337219999382741, 39.425897016679926 ], [ -0.337219999315452, 39.42589701650116 ], [ -0.337219999297026, 39.42589701631546 ], [ -0.337219999328248, 39.425897016130797 ], [ -0.337219999407786, 39.425897015955059 ], [ -0.337219999532232, 39.425897015795783 ], [ -0.337219999696269, 39.425897015659757 ], [ -0.337219999892878, 39.42589701555282 ], [ -0.337407693092334, 39.425815967342388 ], [ -0.337407693155102, 39.425815967317192 ], [ -0.337606487064437, 39.42574203234237 ], [ -0.337606487129199, 39.42574203232013 ], [ -0.337810718437275, 39.425677635719225 ], [ -0.337810718503369, 39.42567763570019 ], [ -0.337982907331588, 39.42563257716202 ], [ -0.337936891971026, 39.425606543925248 ], [ -0.337901356949455, 39.425593997119087 ], [ -0.337901356932239, 39.425593997112863 ], [ -0.337872736135515, 39.425583450003472 ], [ -0.337872736061751, 39.425583449973722 ], [ -0.337831603000657, 39.425565387647431 ], [ -0.337831602958202, 39.42556538762787 ], [ -0.337804230152264, 39.42555214482239 ], [ -0.337804230122867, 39.425552144807696 ], [ -0.337776885474776, 39.425538010780166 ], [ -0.337750661648819, 39.425525712313593 ], [ -0.337718526752326, 39.425515054078687 ], [ -0.337718526749803, 39.425515054077856 ], [ -0.33766346683592, 39.425496672731228 ], [ -0.337663466835919, 39.425496672731228 ], [ -0.337587779854311, 39.425471508260841 ], [ -0.337587779842524, 39.425471508256862 ], [ -0.337500611000355, 39.425441635812248 ], [ -0.33740657946367, 39.425409722371676 ], [ -0.337406579459607, 39.425409722370283 ], [ -0.337308002728574, 39.425375917395669 ], [ -0.337209378310005, 39.425342147283395 ], [ -0.337113012894883, 39.425310217082647 ], [ -0.337113012894885, 39.425310217082647 ], [ -0.337018946592041, 39.425279225937693 ], [ -0.336929463486019, 39.425250169401799 ], [ -0.33684452769673, 39.425222982700497 ], [ -0.336844527679292, 39.425222982694777 ], [ -0.336760815176061, 39.425194940194714 ], [ -0.336760815154756, 39.425194940187374 ], [ -0.336673733245346, 39.425164145717609 ], [ -0.336673733222842, 39.425164145709431 ], [ -0.336578650335934, 39.425128595889788 ], [ -0.336578650304846, 39.42512859587773 ], [ -0.336479124794228, 39.425088493840995 ], [ -0.336479124762028, 39.425088493827509 ], [ -0.336376299380536, 39.425043816199214 ], [ -0.33637629936742, 39.425043816193437 ], [ -0.336272355994257, 39.424997266053225 ], [ -0.336272355953305, 39.424997266034012 ], [ -0.336174329365801, 39.424949081161621 ], [ -0.336174329317987, 39.424949081136809 ], [ -0.336086711956586, 39.424901135627827 ], [ -0.336086711902455, 39.42490113559635 ], [ -0.33601406142067, 39.424856243768616 ], [ -0.33601406140195, 39.424856243756786 ], [ -0.335951749361854, 39.424816069800109 ], [ -0.335898375744285, 39.424783335657835 ], [ -0.335847074481514, 39.424758710977144 ], [ -0.335767158332451, 39.424731052990282 ], [ -0.335767158286067, 39.424731052973272 ], [ -0.335692426265716, 39.42470205340674 ], [ -0.335559555296638, 39.424653052274095 ], [ -0.335559555296635, 39.424653052274095 ], [ -0.335368259643502, 39.42458289690493 ], [ -0.335105856479857, 39.424488599933703 ], [ -0.334773492260292, 39.424371060118723 ], [ -0.33477349226029, 39.424371060118723 ], [ -0.334430782160655, 39.424250588492633 ], [ -0.334154517113261, 39.424154187786677 ], [ -0.334154517110468, 39.424154187785696 ], [ -0.334000953685275, 39.424100223963009 ], [ -0.333937868943708, 39.424078963208281 ], [ -0.333894169411535, 39.424067151312848 ], [ -0.333864258870554, 39.42405926727578 ], [ -0.333864258773954, 39.424059267246527 ], [ -0.333833308879362, 39.42404863510307 ], [ -0.33383330887936, 39.42404863510307 ], [ -0.333833308771661, 39.424048635060736 ], [ -0.333801311723511, 39.424034393391551 ], [ -0.333801311723509, 39.424034393391551 ], [ -0.333801311548817, 39.424034393296232 ], [ -0.33377300365117, 39.424015703909902 ], [ -0.333773003651168, 39.424015703909902 ], [ -0.333773003485143, 39.42401570377492 ], [ -0.333747296625539, 39.423989909347064 ], [ -0.333747296625541, 39.423989909347064 ], [ -0.333747296507319, 39.423989909201602 ], [ -0.333725321228688, 39.423956087038931 ], [ -0.333725321228689, 39.423956087038931 ], [ -0.333725321127335, 39.423956086811479 ], [ -0.33371519992118, 39.423917108742046 ], [ -0.333715199921181, 39.423917108742046 ], [ -0.333715199899352, 39.423917108602048 ], [ -0.33371519990597, 39.423917108461112 ], [ -0.333721475576398, 39.423874894857974 ], [ -0.33372147562676, 39.423874894680061 ], [ -0.333721475722256, 39.423874894513645 ], [ -0.333750878712864, 39.42383507078754 ], [ -0.333750878812775, 39.423835070673476 ], [ -0.33375087893397, 39.423835070572572 ], [ -0.333798613319639, 39.423800982479186 ], [ -0.333798613319642, 39.423800982479186 ], [ -0.333798613594745, 39.423800982333191 ], [ -0.333861088453621, 39.423777213144596 ], [ -0.333861088721486, 39.423777213072583 ], [ -0.333932430090132, 39.423765346023373 ], [ -0.333932430330884, 39.42376534600335 ], [ -0.334005606769617, 39.423765212609503 ], [ -0.33400560692355, 39.42376521261717 ], [ -0.334073855346431, 39.423772165087229 ], [ -0.334073855510413, 39.423772165113377 ], [ -0.334133772056128, 39.423785272261888 ], [ -0.334133772161714, 39.42378527228928 ], [ -0.334185418412367, 39.423800847341013 ], [ -0.334185418473833, 39.423800847361136 ], [ -0.33422897900611, 39.423816273000625 ], [ -0.334228979059975, 39.423816273021011 ], [ -0.334264451943414, 39.423830594280787 ], [ -0.334264451943412, 39.423830594280787 ], [ -0.334264452093486, 39.423830594353134 ], [ -0.334264452227667, 39.4238305944423 ], [ -0.334288758197624, 39.423849416307661 ], [ -0.334302850013488, 39.423827894253854 ], [ -0.334302850119029, 39.423827894122162 ], [ -0.334325833913093, 39.423804066857699 ], [ -0.334343054123571, 39.423779260694332 ], [ -0.334353487963895, 39.423748893637999 ], [ -0.334359556210319, 39.423712079690084 ], [ -0.334362990250684, 39.423683304182966 ], [ -0.334362990252797, 39.423683304166836 ], [ -0.334367729972238, 39.423650108239833 ], [ -0.334367730000326, 39.423650108119062 ], [ -0.334380826480141, 39.423609767259279 ], [ -0.334369440658329, 39.423566629910056 ], [ -0.334356267660007, 39.42351662361115 ], [ -0.334356267636727, 39.423516623448407 ], [ -0.334356267651834, 39.423516623285067 ], [ -0.334369383108114, 39.42345463912968 ], [ -0.334363898499966, 39.423385161973677 ], [ -0.334352996122235, 39.423305637306314 ], [ -0.33433670232404, 39.423215191968154 ], [ -0.334312457557089, 39.4231200293017 ], [ -0.334274315678892, 39.423023659763025 ], [ -0.33420316839734, 39.422935795205703 ], [ -0.334203168302923, 39.422935795061932 ], [ -0.334203168243108, 39.422935794907382 ], [ -0.334179723268299, 39.422846960456155 ], [ -0.334106085748242, 39.422775677144237 ], [ -0.3341060856973, 39.422775677091018 ], [ -0.334051533637364, 39.422714077920403 ], [ -0.333997816946047, 39.422660579682088 ], [ -0.33394399688595, 39.422609794282288 ], [ -0.333887884021566, 39.422558064398793 ], [ -0.333833960297326, 39.422510001725094 ], [ -0.333833960290404, 39.422510001718862 ], [ -0.333790183818748, 39.422470256250726 ], [ -0.333758749489197, 39.422442524202182 ], [ -0.33375874945993, 39.422442524175317 ], [ -0.333737451144793, 39.422422184823368 ], [ -0.333714857928525, 39.4224045823767 ], [ -0.33368777520926, 39.42238503464452 ], [ -0.333652578656807, 39.4223634900303 ], [ -0.333611625388984, 39.422340944001377 ], [ -0.333566006211704, 39.422318277419237 ], [ -0.333515745947678, 39.422296423254771 ], [ -0.333464229232127, 39.422276296952944 ], [ -0.33341272210387, 39.422257107760196 ], [ -0.333362291873106, 39.422239713489986 ], [ -0.33330819830233, 39.422225910747358 ], [ -0.333254057279197, 39.42221472303811 ], [ -0.333197433493057, 39.422206231433499 ], [ -0.333143016193216, 39.422202289406322 ], [ -0.333093108129553, 39.422201145330348 ], [ -0.33304652913324, 39.422203653192682 ], [ -0.333005727885874, 39.422208162917116 ], [ -0.332968362466003, 39.42221361629791 ], [ -0.332912173047857, 39.422224889885676 ], [ -0.332912173047855, 39.422224889885676 ], [ -0.33291217290021, 39.422224889907511 ], [ -0.332881851911387, 39.422227811170309 ], [ -0.332873949302481, 39.422252866453057 ], [ -0.332865484809631, 39.422291400107355 ], [ -0.332861085765719, 39.42231564901271 ], [ -0.332857654429548, 39.422344370478228 ], [ -0.332857654427972, 39.422344370490499 ], [ -0.332852843946376, 39.42237940612069 ], [ -0.33284762166149, 39.422425207715413 ], [ -0.332841837664765, 39.422484517727085 ], [ -0.332835925883665, 39.422548365244204 ], [ -0.332835925883333, 39.422548365247685 ], [ -0.332830221927155, 39.422606794228699 ], [ -0.332827382035527, 39.422649973972867 ], [ -0.332827382032931, 39.422649974002624 ], [ -0.332823863663741, 39.422682346555888 ], [ -0.332823863648117, 39.422682346645537 ], [ -0.332816968093785, 39.422710988645129 ], [ -0.33281696804951, 39.422710988774689 ], [ -0.33280422274252, 39.422739514571731 ], [ -0.332804222675275, 39.422739514692779 ], [ -0.332785754955159, 39.422767021823255 ], [ -0.33278575475668, 39.422767022035984 ], [ -0.332758232001246, 39.422788916120311 ], [ -0.332758231846907, 39.422788916223254 ], [ -0.332758231671758, 39.422788916303723 ], [ -0.332724062375022, 39.422801618451487 ], [ -0.332724062067168, 39.422801618527288 ], [ -0.332683181005283, 39.422806991155618 ], [ -0.332683181005285, 39.422806991155618 ], [ -0.332683180810987, 39.422806991168279 ], [ -0.332642550324416, 39.422806982273222 ], [ -0.332642550189579, 39.422806982267105 ], [ -0.332603195316326, 39.422803404516188 ], [ -0.332603195169322, 39.422803404495312 ], [ -0.332566265806519, 39.422796228421575 ], [ -0.332566265538331, 39.422796228340978 ], [ -0.332534281927451, 39.422782874003687 ], [ -0.332534281687645, 39.422782873870567 ], [ -0.3325071457384, 39.422763324608844 ], [ -0.332507145738399, 39.422763324608844 ], [ -0.332507145584341, 39.422763324473053 ], [ -0.332485949248777, 39.422740348525203 ], [ -0.332485949248775, 39.422740348525203 ], [ -0.332485949132146, 39.422740348367128 ], [ -0.332471808412461, 39.422715687520849 ], [ -0.33247180841246, 39.422715687520849 ], [ -0.332471808333715, 39.422715687327155 ], [ -0.332464750378375, 39.422687594501987 ], [ -0.332464750378374, 39.422687594501987 ], [ -0.332464750357451, 39.422687594303106 ], [ -0.332466881992021, 39.422631776986954 ], [ -0.332466881993718, 39.422631776958127 ], [ -0.332475751487453, 39.42252030568114 ], [ -0.332475751488023, 39.422520305674382 ], [ -0.332492049098915, 39.422337793936208 ], [ -0.332492049099187, 39.422337793933238 ], [ -0.33251028792501, 39.422142939640203 ], [ -0.332510287925029, 39.422142939640111 ], [ -0.332510287925026, 39.422142939640018 ], [ -0.33251165974038, 39.422128322820569 ], [ -0.3325276637167, 39.421952132107947 ], [ -0.332536102662005, 39.421853250652859 ], [ -0.332537719349281, 39.421810929674329 ], [ -0.332517460890773, 39.421793344755834 ], [ -0.332517460842757, 39.421793344711347 ], [ -0.332495088714464, 39.421771206628961 ], [ -0.332495088714462, 39.421771206628961 ], [ -0.332495088648062, 39.421771206556087 ], [ -0.332469542035728, 39.421739995837974 ], [ -0.332469542035726, 39.421739995837974 ], [ -0.332469541906325, 39.421739995620399 ], [ -0.332453658730061, 39.421699997852876 ], [ -0.33245365873006, 39.421699997852876 ], [ -0.332453658678673, 39.421699997595923 ], [ -0.332453114268876, 39.421653127658956 ], [ -0.332453114280083, 39.421653127525772 ], [ -0.332453114316551, 39.421653127395331 ], [ -0.332472520390726, 39.421602264922647 ], [ -0.332472520390724, 39.421602264922647 ], [ -0.332472520515435, 39.42160226470596 ], [ -0.332514000419188, 39.421550025016707 ], [ -0.332514000564792, 39.42155002486971 ], [ -0.332573914750608, 39.42150095674797 ], [ -0.33257391475061, 39.42150095674797 ], [ -0.332573914974952, 39.421500956605165 ], [ -0.33264614948942, 39.421465678937771 ], [ -0.332646149676519, 39.421465678863804 ], [ -0.332646149877737, 39.421465678817192 ], [ -0.332716271529669, 39.421454670966469 ], [ -0.332716271529668, 39.421454670966469 ], [ -0.332716271778187, 39.421454670948691 ], [ -0.332716272025865, 39.421454670972501 ], [ -0.332716272261255, 39.421454671036834 ], [ -0.33277579716222, 39.421476769666278 ], [ -0.332775797162221, 39.421476769666278 ], [ -0.332775797376546, 39.421476769769392 ], [ -0.332775797557101, 39.421476769905986 ], [ -0.33282287114396, 39.421521094900093 ], [ -0.332822871143959, 39.421521094900093 ], [ -0.332822871297627, 39.421521095088053 ], [ -0.332855687158096, 39.421574984594145 ], [ -0.332855687158099, 39.421574984594145 ], [ -0.332855687216684, 39.421574984710695 ], [ -0.332876891703389, 39.421627738451527 ], [ -0.332876891703388, 39.421627738451527 ], [ -0.332876891738196, 39.421627738562421 ], [ -0.332887852537904, 39.421675716839658 ], [ -0.332887852551309, 39.421675716918401 ], [ -0.332893039462701, 39.4217217753759 ], [ -0.332893039465529, 39.421721775407335 ], [ -0.332896014629762, 39.421766011989895 ], [ -0.332896014631208, 39.421766012023355 ], [ -0.33289679518094, 39.421806546086472 ], [ -0.332897682840627, 39.421844424107938 ], [ -0.332898725383487, 39.421876901308387 ], [ -0.332898725382486, 39.421876901374382 ], [ -0.332897499772448, 39.421896519486872 ], [ -0.332922460737637, 39.421894511302739 ], [ -0.332952850906913, 39.421889821306856 ], [ -0.332989140191798, 39.421882550494672 ], [ -0.333030181274069, 39.421871777073136 ], [ -0.333071405768966, 39.421857412441909 ], [ -0.333113911367171, 39.421839455649142 ], [ -0.333154151561717, 39.421819682049879 ], [ -0.333194532296288, 39.421796253192781 ], [ -0.333235051829219, 39.421769305969853 ], [ -0.333276919349812, 39.421736889790459 ], [ -0.333320213901297, 39.421698272232398 ], [ -0.333363605892136, 39.42165694613881 ], [ -0.333404747891969, 39.421613702700078 ], [ -0.333441235149943, 39.42157129389151 ], [ -0.333474211590182, 39.421528841462397 ], [ -0.333506045137778, 39.421486325869857 ], [ -0.333535534791454, 39.421442833095988 ], [ -0.333535534796633, 39.421442833088435 ], [ -0.33356504120857, 39.421400301029834 ], [ -0.333589832188217, 39.421360317522137 ], [ -0.333608602586788, 39.421324700329308 ], [ -0.333624004471504, 39.421286343791358 ], [ -0.333636316976969, 39.421237958059777 ], [ -0.333646874473293, 39.421173334227426 ], [ -0.333654213839087, 39.421103245700962 ], [ -0.333657841758546, 39.421039381826866 ], [ -0.333654969210954, 39.420992472099314 ], [ -0.333641928426171, 39.42093902306452 ], [ -0.333625443114151, 39.420913407995961 ], [ -0.333595929577989, 39.420896528930953 ], [ -0.333545205835305, 39.420885461235997 ], [ -0.333512811845237, 39.420882889403224 ], [ -0.333512811777348, 39.42088288939626 ], [ -0.333478105219725, 39.420878517696444 ], [ -0.333478105057984, 39.420878517666729 ], [ -0.333441295957917, 39.420869551887925 ], [ -0.333441295957917, 39.420869551887925 ], [ -0.333441295683531, 39.420869551789032 ], [ -0.333404825957391, 39.420851594896114 ], [ -0.333404825721207, 39.42085159474216 ], [ -0.333373305080408, 39.420824747073915 ], [ -0.333373304900507, 39.420824746870515 ], [ -0.333350309827282, 39.42078909497814 ], [ -0.33335030973402, 39.42078909477668 ], [ -0.333337964896236, 39.42074737292657 ], [ -0.333337964896235, 39.42074737292657 ], [ -0.333337964867328, 39.4207473726985 ], [ -0.33333961479433, 39.420704165618019 ], [ -0.333339614843592, 39.420704165383853 ], [ -0.33335633196596, 39.420661321053629 ], [ -0.333356332103945, 39.420661320823484 ], [ -0.333386736067164, 39.420625065083179 ], [ -0.333386736219975, 39.42062506493702 ], [ -0.333426245801444, 39.420594459374364 ], [ -0.333426245801442, 39.420594459374364 ], [ -0.333426245936266, 39.420594459284793 ], [ -0.333468992282524, 39.420570198077662 ], [ -0.333468992282525, 39.420570198077662 ], [ -0.333468992412895, 39.420570198013536 ], [ -0.333511497016722, 39.420552245511409 ], [ -0.333511497086817, 39.420552245484146 ], [ -0.333556590312861, 39.420536158634242 ], [ -0.333577536826644, 39.420525829539635 ], [ -0.33361115134286, 39.420497782582054 ], [ -0.333618984099528, 39.42047454866163 ], [ -0.333623691175577, 39.420442240362505 ], [ -0.333626461844405, 39.420400828354197 ], [ -0.333627196107193, 39.42035040676182 ], [ -0.333627062653846, 39.420292767228624 ], [ -0.333624962695304, 39.420226965669983 ], [ -0.333619651475619, 39.420152992446042 ], [ -0.333611146377464, 39.420071671350541 ], [ -0.333600518510297, 39.419984977365729 ], [ -0.333586421682883, 39.419898181287735 ], [ -0.333571095957213, 39.41981223987738 ], [ -0.333553447973643, 39.419726249696367 ], [ -0.333534876098395, 39.419635734820133 ], [ -0.333512994449076, 39.419539755860363 ], [ -0.333490025472107, 39.419441041199221 ], [ -0.333490025470989, 39.419441041194354 ], [ -0.333468180306251, 39.419344108119823 ], [ -0.333447297088171, 39.419251769973101 ], [ -0.33344729708521, 39.419251769959388 ], [ -0.333428679053749, 39.419161253096185 ], [ -0.33342867904941, 39.419161253073177 ], [ -0.333412530707747, 39.419067193842558 ], [ -0.33341253070293, 39.419067193810001 ], [ -0.33340008590782, 39.418966932290246 ], [ -0.333400085906986, 39.418966932283261 ], [ -0.333387936306525, 39.418860330839465 ], [ -0.333373509720009, 39.41875100156733 ], [ -0.333352275611769, 39.418637899101718 ], [ -0.333327713328942, 39.418521157290542 ], [ -0.333299911695007, 39.41839707646011 ], [ -0.333299911692687, 39.418397076449374 ], [ -0.333272419197248, 39.418264920904612 ], [ -0.33324392168398, 39.418129121663419 ], [ -0.333214210694603, 39.417995145887112 ], [ -0.333185369647286, 39.417868361066674 ], [ -0.333155184227666, 39.417746954279863 ], [ -0.333124912626355, 39.417626469805263 ], [ -0.333093607613352, 39.417503208522355 ], [ -0.333093607610902, 39.417503208512414 ], [ -0.333061571801527, 39.417369143316286 ], [ -0.333061571800661, 39.417369143312619 ], [ -0.333025632487019, 39.417215188109736 ], [ -0.33302563248671, 39.417215188108408 ], [ -0.332984757041292, 39.41703857512308 ], [ -0.33298475703989, 39.417038575116905 ], [ -0.332944116375805, 39.416855657740214 ], [ -0.332917825540453, 39.416741939155749 ], [ -0.332905228633998, 39.416688148685189 ], [ -0.332870998317011, 39.416550429569504 ], [ -0.332841643213822, 39.416437122632651 ], [ -0.332815310094598, 39.416335637004728 ], [ -0.332788845279637, 39.416237728446326 ], [ -0.332788845277112, 39.41623772843672 ], [ -0.332763592128003, 39.416138961202421 ], [ -0.332738346039497, 39.416040193223154 ], [ -0.33273834603912, 39.416040193221676 ], [ -0.332713087586367, 39.415940502451406 ], [ -0.332713087584031, 39.415940502441934 ], [ -0.332689053418637, 39.415839956894487 ], [ -0.332664006511721, 39.415735788187227 ], [ -0.332637879813417, 39.415628901967871 ], [ -0.332637879812211, 39.415628901962869 ], [ -0.332611910098606, 39.415519271658987 ], [ -0.332583588261182, 39.415408736046608 ], [ -0.332583588259775, 39.415408736041023 ], [ -0.332556427906578, 39.415299114437005 ], [ -0.332528043890239, 39.415190365628277 ], [ -0.332499701767585, 39.415081586239005 ], [ -0.332471281564672, 39.414973759990502 ], [ -0.332440583794067, 39.414865845436367 ], [ -0.332440583792707, 39.414865845431528 ], [ -0.332409937216737, 39.414755220395229 ], [ -0.332375887922745, 39.414642765061693 ], [ -0.332339595117128, 39.414529298789276 ], [ -0.332339595113186, 39.414529298776564 ], [ -0.332305581679646, 39.414415938846638 ], [ -0.332271586962731, 39.414303430667267 ], [ -0.332271586962456, 39.414303430666358 ], [ -0.33223857909125, 39.414193674793545 ], [ -0.332204441110222, 39.414084775843044 ], [ -0.33217015145862, 39.41397860756895 ], [ -0.332170151456357, 39.413978607561823 ], [ -0.332137052620991, 39.413872462097792 ], [ -0.332137052617897, 39.413872462087625 ], [ -0.33210617218887, 39.413768142258611 ], [ -0.332106172179094, 39.413768142222132 ], [ -0.332081132517161, 39.413663973542995 ], [ -0.332081132512809, 39.413663973523732 ], [ -0.332059490302036, 39.413561653939283 ], [ -0.332059490300507, 39.413561653931872 ], [ -0.33203899352251, 39.413459419188008 ], [ -0.332018477117243, 39.413358948814952 ], [ -0.332018477116069, 39.413358948809076 ], [ -0.331999016326848, 39.413259395430437 ], [ -0.33197953251407, 39.413161664904194 ], [ -0.331958901490097, 39.413062985543355 ], [ -0.331938273440292, 39.412965264782933 ], [ -0.331916453530555, 39.412866517592455 ], [ -0.331892500907015, 39.412765103487757 ], [ -0.331892500904332, 39.412765103475962 ], [ -0.331869743283887, 39.412660951984918 ], [ -0.33186974327978, 39.412660951964739 ], [ -0.331849449008798, 39.412553298527278 ], [ -0.331849449004321, 39.412553298500782 ], [ -0.331832814483122, 39.412442107515218 ], [ -0.331832814479771, 39.412442107489625 ], [ -0.331819820950417, 39.412326500168192 ], [ -0.331819820948832, 39.412326500152524 ], [ -0.33180920951063, 39.412208271885568 ], [ -0.331809209510488, 39.412208271883955 ], [ -0.331798714033739, 39.412088221992903 ], [ -0.331788185588321, 39.41196903709087 ], [ -0.331777506074924, 39.411852595508343 ], [ -0.331765510826576, 39.411740628137558 ], [ -0.331750048890006, 39.411628540670215 ], [ -0.331727823906717, 39.411511838624342 ], [ -0.331696586336475, 39.411386808267771 ], [ -0.331661816601672, 39.411263467953681 ], [ -0.331627565281579, 39.41115637699626 ], [ -0.331599375073072, 39.411073796662691 ], [ -0.331575358561198, 39.411003857778731 ], [ -0.331575358553597, 39.411003857755318 ], [ -0.331553661069954, 39.410933102745787 ], [ -0.331553661060436, 39.410933102711851 ], [ -0.331532439825699, 39.410849741796021 ], [ -0.33153243982037, 39.410849741773596 ], [ -0.331511637989463, 39.410755539372744 ], [ -0.331511637985407, 39.410755539353069 ], [ -0.331493274306134, 39.4106596812398 ], [ -0.331493274302522, 39.410659681219329 ], [ -0.331478233847793, 39.410566517343199 ], [ -0.331478233843358, 39.410566517311047 ], [ -0.331467776824355, 39.410475282024457 ], [ -0.331457289102564, 39.410384973937781 ], [ -0.331457289102438, 39.410384973936686 ], [ -0.33144683792733, 39.410293738790401 ], [ -0.331433055069662, 39.410198815544582 ], [ -0.331414950767769, 39.410094823941023 ], [ -0.331387999871558, 39.409979801578913 ], [ -0.331355453635368, 39.40985924186711 ], [ -0.331320529410794, 39.409738613137115 ], [ -0.331285452825537, 39.409623381675438 ], [ -0.33125132126835, 39.409514523101045 ], [ -0.33125132126646, 39.40951452309492 ], [ -0.331219328848425, 39.409409290110318 ], [ -0.33121932884377, 39.409409290094359 ], [ -0.331190708132326, 39.409306849759716 ], [ -0.331162031592229, 39.409207062131998 ], [ -0.33113326706803, 39.40910821300745 ], [ -0.331100971407376, 39.409011089980027 ], [ -0.331067530948179, 39.408913962269935 ], [ -0.331067530938476, 39.408913962239673 ], [ -0.331038705621702, 39.408816864794424 ], [ -0.331038705611267, 39.408816864755316 ], [ -0.33101571956115, 39.408719977033002 ], [ -0.331015719555598, 39.408719977007557 ], [ -0.330996240739392, 39.408622205867481 ], [ -0.330973278065197, 39.408523490813344 ], [ -0.330944588692556, 39.408422837115523 ], [ -0.33091025397081, 39.408319361057352 ], [ -0.330872535745239, 39.408212190255533 ], [ -0.33087253574251, 39.408212190247653 ], [ -0.330834953435588, 39.408101459563682 ], [ -0.330834953434261, 39.408101459559738 ], [ -0.330797442149484, 39.407988870174833 ], [ -0.330797442142223, 39.407988870151783 ], [ -0.330763474342853, 39.407874569359066 ], [ -0.330763474340916, 39.407874569352437 ], [ -0.33073068943874, 39.407760313726222 ], [ -0.33073068943426, 39.407760313709886 ], [ -0.33070029983518, 39.407644306804414 ], [ -0.330700299833167, 39.407644306796541 ], [ -0.330671086162336, 39.407527462040271 ], [ -0.330639685660284, 39.407406909487534 ], [ -0.330639685656464, 39.407406909472172 ], [ -0.330610678866128, 39.407284647043156 ], [ -0.330610678865793, 39.407284647041763 ], [ -0.330581708258527, 39.407161438609492 ], [ -0.330581708252855, 39.407161438583159 ], [ -0.330557430329588, 39.407037473047801 ], [ -0.330533099074823, 39.406913507187738 ], [ -0.330506564220949, 39.406787643026462 ], [ -0.330475438247148, 39.406659940144756 ], [ -0.330440872853939, 39.40653119793361 ], [ -0.330402913511649, 39.406400590425484 ], [ -0.330362689710505, 39.406268159773532 ], [ -0.330317979329207, 39.406131122572823 ], [ -0.330270081381661, 39.405986782578672 ], [ -0.330270081379672, 39.405986782572583 ], [ -0.330217139102684, 39.405822508234401 ], [ -0.330217139093704, 39.405822508204352 ], [ -0.330154892579978, 39.405596771068474 ], [ -0.330154892572514, 39.405596771039029 ], [ -0.330076199220266, 39.405256252366527 ], [ -0.33007619921698, 39.405256252351592 ], [ -0.330035948480093, 39.405063450201602 ], [ -0.330035948478733, 39.40506345019493 ], [ -0.330002834444557, 39.404896923973389 ], [ -0.329971381024491, 39.404746650843713 ], [ -0.329939631004426, 39.404605370696288 ], [ -0.329906586939046, 39.404466813013052 ], [ -0.329870196384186, 39.404326336161311 ], [ -0.329828262783669, 39.404177628560888 ], [ -0.329781916299659, 39.404022509819796 ], [ -0.329728907404349, 39.403860043595216 ], [ -0.329672660079574, 39.403690274287669 ], [ -0.329613125950308, 39.403516843949326 ], [ -0.329552437708065, 39.403342504203458 ], [ -0.32955243770519, 39.403342504195031 ], [ -0.329494081959044, 39.403168181959479 ], [ -0.329435571346745, 39.402996585805873 ], [ -0.329435571346746, 39.402996585805873 ], [ -0.329377078210983, 39.402825877391066 ], [ -0.329319665806406, 39.402657923443812 ], [ -0.329259950334538, 39.402488069755556 ], [ -0.329259950332175, 39.402488069748713 ], [ -0.329201485850447, 39.402316479036656 ], [ -0.329141977511009, 39.402141242770099 ], [ -0.329141977508407, 39.402141242762305 ], [ -0.329083754388413, 39.401963342355543 ], [ -0.329083754385534, 39.401963342346548 ], [ -0.329028904705155, 39.401788213045656 ], [ -0.329028904701673, 39.401788213034209 ], [ -0.328978533944049, 39.401617709030695 ], [ -0.32897853394091, 39.401617709019739 ], [ -0.328932568984393, 39.401452710602243 ], [ -0.328932568981152, 39.401452710590213 ], [ -0.328891057497919, 39.401293184625644 ], [ -0.328891057493529, 39.401293184607859 ], [ -0.328855132567836, 39.40113922740246 ], [ -0.328855132565309, 39.401139227391212 ], [ -0.32882259277907, 39.400988946969797 ], [ -0.328790000435583, 39.400838647316917 ], [ -0.328755151808172, 39.400686467924487 ], [ -0.32872031484036, 39.40053523381701 ], [ -0.328682979293985, 39.400388437697714 ], [ -0.328642991089107, 39.400248777755586 ], [ -0.32860176870131, 39.400112707372152 ], [ -0.328560435802847, 39.399978440696316 ], [ -0.328518058263956, 39.399841459968528 ], [ -0.328518058263566, 39.39984145996727 ], [ -0.328476774599471, 39.399707158359554 ], [ -0.328435230900793, 39.399578273171173 ], [ -0.328394605699531, 39.399456661223702 ], [ -0.328333588250713, 39.399340742685972 ], [ -0.328333588185844, 39.399340742517161 ], [ -0.328301984524157, 39.399214469419626 ], [ -0.32826799049328, 39.399078546148068 ], [ -0.328208851503599, 39.398939775704577 ], [ -0.328208851487373, 39.398939775663187 ], [ -0.328157405991417, 39.398796272133438 ], [ -0.328157405985865, 39.398796272117366 ], [ -0.328110561383354, 39.398655590456677 ], [ -0.328110561378198, 39.398655590440583 ], [ -0.328069232016354, 39.39852130474469 ], [ -0.328069232014004, 39.398521304736889 ], [ -0.328032210935979, 39.398396104332626 ], [ -0.328032210929353, 39.398396104308752 ], [ -0.32800286762756, 39.398282850362591 ], [ -0.328002867622749, 39.398282850342902 ], [ -0.327978981040843, 39.398178708091386 ], [ -0.32797898103845, 39.398178708080557 ], [ -0.327958329326821, 39.398081837312553 ], [ -0.327958329324493, 39.398081837301184 ], [ -0.327939859131864, 39.397987741832942 ], [ -0.327939859127299, 39.397987741807199 ], [ -0.327924779790494, 39.39789254321046 ], [ -0.327923962007314, 39.397887382183697 ], [ -0.327905175759528, 39.397771641168127 ], [ -0.327905175759527, 39.397771641168127 ], [ -0.327905175750448, 39.397771641051072 ], [ -0.327906084628791, 39.397632146076667 ], [ -0.327867259590572, 39.397476996767267 ], [ -0.327824847685426, 39.397307561616223 ], [ -0.327824847668925, 39.397307561526269 ], [ -0.327803320194613, 39.397124248131611 ], [ -0.327767426472133, 39.396939684741312 ], [ -0.327730246388093, 39.39675776737333 ], [ -0.327690410716772, 39.396585680639113 ], [ -0.327649143277798, 39.396419866248991 ], [ -0.327605477152616, 39.396255785861278 ], [ -0.327558341743935, 39.396091647332199 ], [ -0.327508880039792, 39.395927469760728 ], [ -0.327440265902534, 39.395770418422252 ], [ -0.327440265862367, 39.395770418304764 ], [ -0.32740099140162, 39.395613433219218 ], [ -0.327361515508865, 39.39545561557815 ], [ -0.327320051383932, 39.395289999227998 ], [ -0.327275457164362, 39.395111672433998 ], [ -0.327230324487299, 39.394931306258819 ], [ -0.327188409829949, 39.394763820079326 ], [ -0.327151904372709, 39.394617781210464 ], [ -0.327118073409199, 39.394482708089626 ], [ -0.32708317411644, 39.394343111392246 ], [ -0.327044606265459, 39.394188912630653 ], [ -0.327004299356169, 39.394027840683457 ], [ -0.326965807741686, 39.393874085978709 ], [ -0.326931323458565, 39.393736101441391 ], [ -0.326899970097812, 39.393610810233966 ], [ -0.326869072986522, 39.393487407845946 ], [ -0.32683743115841, 39.393360858662035 ], [ -0.326805003185975, 39.393231335600085 ], [ -0.326772499318039, 39.39310140088147 ], [ -0.326740372734778, 39.392972808132875 ], [ -0.326709470135503, 39.392849411042796 ], [ -0.326656859152752, 39.392734143455598 ], [ -0.32665685915275, 39.392734143455598 ], [ -0.326656859111634, 39.39273414334258 ], [ -0.326626260634183, 39.39262267092635 ], [ -0.326626260632128, 39.392622670918712 ], [ -0.32659790635086, 39.392514790562217 ], [ -0.326597906345726, 39.392514790541433 ], [ -0.32657296589857, 39.392407023807721 ], [ -0.326572965880455, 39.392407023663409 ], [ -0.3265705712918, 39.39229428093158 ], [ -0.326542438249238, 39.3921818292418 ], [ -0.326513155806237, 39.39206466645031 ], [ -0.326483167148859, 39.391944717199323 ], [ -0.326452892453669, 39.3918237478699 ], [ -0.326423435155012, 39.391705972036441 ], [ -0.326395503704475, 39.391594484305585 ], [ -0.326371212272616, 39.39149725024707 ], [ -0.326368696690412, 39.391487270084497 ], [ -0.326368696690067, 39.391487270083132 ], [ -0.326342338605045, 39.391381831005852 ], [ -0.326315859361307, 39.391275948604623 ], [ -0.326288631036636, 39.391167156318161 ], [ -0.326233322262752, 39.391057822782955 ], [ -0.326233322214018, 39.391057822662347 ], [ -0.32619717164872, 39.390939911770779 ], [ -0.326157773647756, 39.390817385745599 ], [ -0.326114994223991, 39.390691169407248 ], [ -0.326068772547178, 39.390563099153248 ], [ -0.326019164306411, 39.39043402758638 ], [ -0.32596946879435, 39.390305877388585 ], [ -0.325953878807816, 39.390265908849045 ], [ -0.325919791785889, 39.390178614963673 ], [ -0.325919791783037, 39.390178614956255 ], [ -0.325871293889379, 39.39005045712387 ], [ -0.325871293884243, 39.390050457109886 ], [ -0.32582410217098, 39.389917864525408 ], [ -0.325824102166979, 39.389917864513869 ], [ -0.325777200574453, 39.389778927361668 ], [ -0.325777200569678, 39.389778927347017 ], [ -0.325732678557903, 39.389637392708515 ], [ -0.325732678552351, 39.389637392690027 ], [ -0.325692747582465, 39.389497733864452 ], [ -0.32569274757544, 39.38949773383802 ], [ -0.32565958611452, 39.389362734213769 ], [ -0.325659586111366, 39.389362734200375 ], [ -0.325630799609987, 39.389235082793739 ], [ -0.325630799609985, 39.389235082793739 ], [ -0.32563079959334, 39.389235082670318 ], [ -0.325625216084887, 39.38911242892334 ], [ -0.325589247548433, 39.389004724604995 ], [ -0.325555379101974, 39.388903103497249 ], [ -0.325521421433575, 39.388801237089275 ], [ -0.325521421398455, 39.388801236914738 ], [ -0.325513431322519, 39.388691865326322 ], [ -0.325488362721935, 39.388587676454755 ], [ -0.325464305367348, 39.38848801609506 ], [ -0.325464305366841, 39.388488016092943 ], [ -0.325442302982696, 39.388395649697195 ], [ -0.325420268327768, 39.388304129383584 ], [ -0.325420268327476, 39.388304129382355 ], [ -0.325396245051009, 39.38820358152801 ], [ -0.325365875676644, 39.388087573589182 ], [ -0.325330210747224, 39.387957052225374 ], [ -0.325289172722852, 39.387816479525405 ], [ -0.325242602355958, 39.387667685108511 ], [ -0.325191839162933, 39.387507941284909 ], [ -0.325133494423505, 39.387333630525809 ], [ -0.325067615001357, 39.387143832288004 ], [ -0.325067615000843, 39.387143832286519 ], [ -0.324999680898457, 39.386946775174863 ], [ -0.324931511063003, 39.386756018780005 ], [ -0.324867408082332, 39.386580674516267 ], [ -0.324867408080338, 39.386580674510739 ], [ -0.324809726327879, 39.38641897857412 ], [ -0.324809726325852, 39.386418978568365 ], [ -0.324756391191149, 39.386265521184342 ], [ -0.324756391182373, 39.386265521157469 ], [ -0.324710957688973, 39.386116709427334 ], [ -0.324710957684856, 39.386116709413365 ], [ -0.324670060707382, 39.385972561412025 ], [ -0.324670060706297, 39.385972561408153 ], [ -0.324631271561832, 39.385832924863934 ], [ -0.324631271561036, 39.385832924861056 ], [ -0.324594601425927, 39.385698782901216 ], [ -0.324556692266145, 39.385567265524543 ], [ -0.324517451101013, 39.385439317411802 ], [ -0.324477044118995, 39.385312260463053 ], [ -0.324433095234593, 39.385186937276821 ], [ -0.324387922905896, 39.385062464274128 ], [ -0.324341612484072, 39.384938005606649 ], [ -0.324292938329473, 39.384814343857997 ], [ -0.324292938328014, 39.384814343854273 ], [ -0.324244338362903, 39.384688927064296 ], [ -0.324244338360865, 39.384688927058981 ], [ -0.324195789390088, 39.384560782648002 ], [ -0.324146253861985, 39.384429902954352 ], [ -0.324095632946971, 39.384296322639287 ], [ -0.324095632945695, 39.38429632263589 ], [ -0.324044041933638, 39.38415817952297 ], [ -0.323992450251144, 39.384020058893505 ], [ -0.323992450248441, 39.384020058886179 ], [ -0.323944160510278, 39.383886551072997 ], [ -0.323944160504131, 39.383886551055305 ], [ -0.323901458359806, 39.383758540181887 ], [ -0.323901458357356, 39.383758540174405 ], [ -0.323862018662889, 39.383635991651133 ], [ -0.323862018659802, 39.383635991641299 ], [ -0.323825868615576, 39.383518041252557 ], [ -0.323789666817132, 39.38340281483471 ], [ -0.323753281818684, 39.383291169700648 ], [ -0.323753281817306, 39.383291169696378 ], [ -0.323719102124745, 39.383184093232998 ], [ -0.323686956425897, 39.383083333720286 ], [ -0.323686956423373, 39.383083333712207 ], [ -0.323658042749759, 39.382988981789133 ], [ -0.323658042747518, 39.382988981781686 ], [ -0.32363236697311, 39.38290191594664 ], [ -0.323632366963246, 39.382901915909635 ], [ -0.323613353692509, 39.382822196075701 ], [ -0.323595246762464, 39.382749714081001 ], [ -0.323576893554546, 39.382682613721244 ], [ -0.323553756615098, 39.382619942812866 ], [ -0.32352701427144, 39.382560788807922 ], [ -0.323500221348602, 39.382501592167699 ], [ -0.323500221341088, 39.382501592150533 ], [ -0.323473618059988, 39.382438801742616 ], [ -0.323473618051135, 39.382438801720802 ], [ -0.32344613555408, 39.382367914652519 ], [ -0.323446135546042, 39.382367914630798 ], [ -0.32341473665226, 39.382278887313007 ], [ -0.323414736647143, 39.382278887297993 ], [ -0.323378317644523, 39.382168160162394 ], [ -0.323335446053971, 39.38204463248632 ], [ -0.32328806709449, 39.381918338034751 ], [ -0.323236897921117, 39.38179915436536 ], [ -0.323184415811288, 39.381684408811942 ], [ -0.32318441579943, 39.381684408784636 ], [ -0.323137650166839, 39.381570749736575 ], [ -0.323137650151376, 39.381570749695662 ], [ -0.323096897837969, 39.381452688615155 ], [ -0.323096897827021, 39.381452688580744 ], [ -0.32306201378917, 39.381332956314445 ], [ -0.323027122515127, 39.381213264420346 ], [ -0.322988736920437, 39.381094338902798 ], [ -0.32294905836395, 39.380978113270082 ], [ -0.32294905836242, 39.380978113265549 ], [ -0.322910527850059, 39.380862832945475 ], [ -0.322910527843073, 39.380862832923427 ], [ -0.322876539062847, 39.380749455319325 ], [ -0.32287653905854, 39.380749455304375 ], [ -0.322844917093853, 39.380635203372293 ], [ -0.322844917091199, 39.380635203362445 ], [ -0.322814552336106, 39.380519192114122 ], [ -0.322814552332687, 39.380519192100529 ], [ -0.322785496336927, 39.380398706568272 ], [ -0.322754074448601, 39.380279076446456 ], [ -0.322724675397046, 39.380167569313066 ], [ -0.322694827379427, 39.380067808364799 ], [ -0.322665779464939, 39.379977029607034 ], [ -0.322665779464471, 39.37997702960557 ], [ -0.322637814996147, 39.379889005456249 ], [ -0.322637814989769, 39.379889005435075 ], [ -0.322612240352915, 39.379799230035331 ], [ -0.322612240351161, 39.379799230029079 ], [ -0.322587778961697, 39.37971036673018 ], [ -0.322563173589678, 39.379625149590645 ], [ -0.322539510915112, 39.379545305407987 ], [ -0.322514458647958, 39.379471780459575 ], [ -0.322488098193987, 39.379402688368749 ], [ -0.322458050295592, 39.379338048197987 ], [ -0.322426929722403, 39.379271559004806 ], [ -0.322392582982594, 39.379198701944318 ], [ -0.322392582968976, 39.379198701913751 ], [ -0.322357460131939, 39.379114994750232 ], [ -0.322357460127116, 39.379114994738458 ], [ -0.322321442138379, 39.379024978785992 ], [ -0.32232144213429, 39.379024978775554 ], [ -0.322286639100422, 39.378934125949037 ], [ -0.322251620602515, 39.378847726621167 ], [ -0.322251620601411, 39.378847726618424 ], [ -0.322217721286209, 39.378763146705225 ], [ -0.322217721285215, 39.378763146702731 ], [ -0.322184896423258, 39.378680402298556 ], [ -0.322184896422144, 39.378680402295736 ], [ -0.322152104544138, 39.378596766767409 ], [ -0.322152104531931, 39.37859676673397 ], [ -0.322122924966859, 39.378510525250064 ], [ -0.322122924952708, 39.378510525203161 ], [ -0.322099571829029, 39.378422606217377 ], [ -0.322099571816272, 39.378422606160051 ], [ -0.322083300067016, 39.378332125981906 ], [ -0.322083300064658, 39.378332125968008 ], [ -0.322068307711098, 39.378238089742219 ], [ -0.322051138001428, 39.378141314252929 ], [ -0.322027120193578, 39.378040759512459 ], [ -0.321995086750901, 39.37793733100898 ], [ -0.321959786540036, 39.377828417435623 ], [ -0.321922304898073, 39.377715841062994 ], [ -0.321922304895691, 39.377715841055725 ], [ -0.321884955063014, 39.377599668675039 ], [ -0.321884955055246, 39.377599668649246 ], [ -0.321851256896957, 39.377479982232735 ], [ -0.321851256893967, 39.377479982221793 ], [ -0.321819809710619, 39.377361234108633 ], [ -0.321819809706478, 39.377361234092227 ], [ -0.321791761819614, 39.377244357021233 ], [ -0.321791761817858, 39.377244357013723 ], [ -0.32176691098021, 39.377135702070881 ], [ -0.321741605952949, 39.377037833753164 ], [ -0.321718193196259, 39.376952589852053 ], [ -0.321696477595219, 39.376882735213357 ], [ -0.32167422464624, 39.376828148084847 ], [ -0.321653801682968, 39.376785354220409 ], [ -0.321633132655184, 39.376748843735022 ], [ -0.321613507580127, 39.376715054515799 ], [ -0.32159282230596, 39.37668033548205 ], [ -0.32159282229771, 39.376680335467896 ], [ -0.321569971316532, 39.376640175655098 ], [ -0.321569971311262, 39.376640175645697 ], [ -0.321542802046432, 39.376590915633976 ], [ -0.321542802032851, 39.376590915608254 ], [ -0.321511509933838, 39.376528962669298 ], [ -0.321511509901755, 39.376528962596865 ], [ -0.321480908897961, 39.376448939433715 ], [ -0.321480908880669, 39.37644893938316 ], [ -0.321451029511198, 39.37635007824597 ], [ -0.321451029504987, 39.37635007822422 ], [ -0.321420566303537, 39.376236739948787 ], [ -0.321387976538788, 39.376118002338814 ], [ -0.321353029094969, 39.376000060841122 ], [ -0.321318006251637, 39.375883941878087 ], [ -0.321283987647983, 39.375771463083652 ], [ -0.321283987645541, 39.375771463075395 ], [ -0.321252197458968, 39.375661724742407 ], [ -0.321252197456979, 39.375661724735416 ], [ -0.321221595918091, 39.375552018283827 ], [ -0.321188748739168, 39.375438661067655 ], [ -0.321151592230877, 39.375318857844618 ], [ -0.321110971739909, 39.37519630368476 ], [ -0.321067835362429, 39.37507110307115 ], [ -0.32104577086363, 39.37507124335351 ], [ -0.321045770646389, 39.375071243338986 ], [ -0.321045770436484, 39.375071243293171 ], [ -0.32104577024133, 39.375071243217683 ], [ -0.32104577006782, 39.375071243115201 ], [ -0.321045769922081, 39.375071242989328 ], [ -0.321045769809259, 39.37507124284452 ], [ -0.321045769733343, 39.375071242685863 ], [ -0.321009525342404, 39.374966144819346 ], [ -0.320970640163249, 39.374854071817929 ], [ -0.320970640162654, 39.374854071816216 ], [ -0.320932516985447, 39.374743322638544 ], [ -0.320894580970891, 39.374632690373232 ], [ -0.320856783230782, 39.374525881036384 ], [ -0.320819323883978, 39.374427525278001 ], [ -0.320782268769383, 39.374341029944993 ], [ -0.32074627928258, 39.374262819340188 ], [ -0.320746279280599, 39.374262819335826 ], [ -0.320712346192678, 39.374187868643155 ], [ -0.32071234618205, 39.374187868618556 ], [ -0.320681332535196, 39.374112489697872 ], [ -0.320681332519647, 39.374112489656717 ], [ -0.320655317589525, 39.374037035819555 ], [ -0.320655317572669, 39.374037035763571 ], [ -0.320636309625483, 39.373963352351467 ], [ -0.320636309610972, 39.373963352280683 ], [ -0.320625551926502, 39.373892921970388 ], [ -0.320625551920497, 39.373892921918035 ], [ -0.320620505839492, 39.373827325824465 ], [ -0.320620505838037, 39.37382732579993 ], [ -0.320618024700044, 39.373767805813387 ], [ -0.320615047346065, 39.373715189592502 ], [ -0.320610015624797, 39.373667880910475 ], [ -0.320601585036071, 39.373623553329011 ], [ -0.320588546056935, 39.373579082614334 ], [ -0.320570439262348, 39.373527969092649 ], [ -0.320546829713687, 39.373462921809633 ], [ -0.320546829711069, 39.3734629218023 ], [ -0.320517417715892, 39.373379183506465 ], [ -0.320517417715128, 39.373379183504277 ], [ -0.320483628046074, 39.373282020260476 ], [ -0.320446962035516, 39.373179187233546 ], [ -0.320408886744425, 39.373075875780273 ], [ -0.320368927256103, 39.372967205677284 ], [ -0.320368927251546, 39.372967205664544 ], [ -0.32032669933019, 39.372845623159577 ], [ -0.320326699324768, 39.372845623143341 ], [ -0.320281959568706, 39.372706568657087 ], [ -0.320281959567053, 39.372706568651886 ], [ -0.320235311092199, 39.372557822601038 ], [ -0.320187565679274, 39.372410266551668 ], [ -0.3201394670315, 39.372272130996741 ], [ -0.320089795252471, 39.372141413079966 ], [ -0.32003749278256, 39.372013656976108 ], [ -0.319981171901731, 39.371883965924667 ], [ -0.319919514435358, 39.371747233959688 ], [ -0.319851536862088, 39.371598103370083 ], [ -0.319851536859467, 39.371598103364263 ], [ -0.319771366848746, 39.371418323823711 ], [ -0.319771366840551, 39.37141832380464 ], [ -0.31965548118311, 39.3711383904351 ], [ -0.319655481176957, 39.371138390419773 ], [ -0.319490541252778, 39.370714131612338 ], [ -0.319490541240165, 39.370714131577337 ], [ -0.319477623938071, 39.370675307553995 ], [ -0.319253270938291, 39.370156456381217 ], [ -0.319128177734508, 39.369955546611692 ], [ -0.319128177696211, 39.369955546543046 ], [ -0.319032063210321, 39.369761525297335 ], [ -0.31903206320275, 39.369761525281604 ], [ -0.318858262293727, 39.369390162986953 ], [ -0.318858262286763, 39.369390162971648 ], [ -0.318681380391254, 39.368989870463544 ], [ -0.318681380377378, 39.368989870430021 ], [ -0.318581512873648, 39.368731336466602 ], [ -0.318581512868009, 39.368731336451525 ], [ -0.318082221874954, 39.367351760838126 ], [ -0.317952856279969, 39.367016989786123 ], [ -0.317952856274259, 39.36701698977086 ], [ -0.317591506563316, 39.366018133139612 ], [ -0.31759150655625, 39.366018133119162 ], [ -0.317491818636377, 39.365715395982917 ], [ -0.317396657757549, 39.36546689191227 ], [ -0.317396657751971, 39.365466891897213 ], [ -0.317232029474467, 39.365007899864615 ], [ -0.316797972178764, 39.363874835214624 ], [ -0.316667474716678, 39.363555075971227 ], [ -0.31653560270917, 39.363256207892384 ], [ -0.316535602692675, 39.363256207851911 ], [ -0.316445604134188, 39.363015831862739 ], [ -0.316445604119822, 39.363015831820597 ], [ -0.316372816359305, 39.362779230353176 ], [ -0.316348040618588, 39.362704967198781 ], [ -0.316251049548198, 39.362456146076823 ], [ -0.316251049538835, 39.362456146051478 ], [ -0.316235070222377, 39.362410354696927 ], [ -0.316235070215989, 39.362410354677785 ], [ -0.31613789904468, 39.362105530322651 ], [ -0.316000519926166, 39.361704893175926 ], [ -0.315907973702544, 39.361478980240655 ], [ -0.31590797369467, 39.361478980220639 ], [ -0.315790613450486, 39.36116760411165 ], [ -0.315790613437784, 39.361167604075114 ], [ -0.315712406804896, 39.360922296181464 ], [ -0.315593474812655, 39.360576254510086 ], [ -0.315477366084067, 39.360265753808861 ], [ -0.315477366078583, 39.360265753793712 ], [ -0.315302797841781, 39.359766471691813 ], [ -0.31530279782859, 39.35976647165019 ], [ -0.315224967137272, 39.359492979812757 ], [ -0.315127540856313, 39.359164996866959 ], [ -0.315034964775457, 39.358870705408854 ], [ -0.31495436335055, 39.358666949086711 ], [ -0.314614795298299, 39.357911588772573 ], [ -0.314614795282324, 39.357911588734318 ], [ -0.314497966866597, 39.357608876594995 ], [ -0.314239468472418, 39.357020481597466 ], [ -0.314202820603145, 39.35696345252132 ], [ -0.31420282053686, 39.356963452395057 ], [ -0.31415309683786, 39.356843433208248 ], [ -0.314153096828609, 39.356843433184814 ], [ -0.314042331579784, 39.356548810921829 ], [ -0.313935434258104, 39.356300717595872 ], [ -0.313935434251528, 39.356300717580133 ], [ -0.313789164906483, 39.35593929964471 ], [ -0.313656248604019, 39.355637323142751 ], [ -0.313656248597375, 39.355637323127198 ], [ -0.3134091086778, 39.355040549996211 ], [ -0.313409108654945, 39.355040549933257 ], [ -0.313347583936801, 39.354844021315465 ], [ -0.313215349371984, 39.354452486009535 ], [ -0.313140824506153, 39.354287683425895 ], [ -0.313140824492924, 39.354287683394844 ], [ -0.313038848719414, 39.354032932783561 ], [ -0.311784108953569, 39.351001762846963 ], [ -0.31167318830536, 39.350747485368146 ], [ -0.311645609736316, 39.350692069579786 ], [ -0.311645609711901, 39.350692069525664 ], [ -0.311615218941986, 39.350617126011485 ], [ -0.31133017961371, 39.350039179278696 ], [ -0.311305620804923, 39.350048718984297 ], [ -0.311305620588883, 39.35004871904821 ], [ -0.311305620360807, 39.350048719077584 ], [ -0.311305620129759, 39.350048719071253 ], [ -0.311305619904918, 39.350048719029466 ], [ -0.311305619695217, 39.350048718953893 ], [ -0.31130561950899, 39.350048718847539 ], [ -0.311305619353637, 39.350048718714589 ], [ -0.31130561923533, 39.35004871856038 ], [ -0.311263176055875, 39.349978239457862 ], [ -0.311263176033727, 39.349978239418697 ], [ -0.311143660817106, 39.349752396452999 ], [ -0.311143660795355, 39.349752396408597 ], [ -0.311044708595256, 39.349533173694532 ], [ -0.310870522330739, 39.349167917491158 ], [ -0.310870522323608, 39.349167917475761 ], [ -0.310599476166658, 39.348566210914825 ], [ -0.310599476159248, 39.348566210897829 ], [ -0.310466959162325, 39.348252083439917 ], [ -0.309670135700879, 39.346412550584049 ], [ -0.309603044766238, 39.346268660562238 ], [ -0.309603044752487, 39.346268660530967 ], [ -0.309584343257052, 39.346223431405043 ], [ -0.309382864248366, 39.345766008121153 ], [ -0.309297971395859, 39.345620426862958 ], [ -0.309297971371066, 39.345620426817106 ], [ -0.309192055336442, 39.345408351202828 ], [ -0.309192055315457, 39.345408351157218 ], [ -0.309101464712014, 39.345193306658828 ], [ -0.309101464708107, 39.345193306649392 ], [ -0.307874107793091, 39.342167228972862 ], [ -0.307822256053822, 39.342083337442517 ], [ -0.307822256029122, 39.342083337399735 ], [ -0.307797773696515, 39.342037789487605 ], [ -0.307797773683166, 39.342037789461628 ], [ -0.307663785235128, 39.341764983504312 ], [ -0.307663785228003, 39.341764983489426 ], [ -0.30716235421357, 39.340687265317449 ], [ -0.307162354206308, 39.340687265301348 ], [ -0.307001192676459, 39.340319219349496 ], [ -0.307001192655357, 39.340319219295878 ], [ -0.306928307646251, 39.340111077540179 ], [ -0.306928307636887, 39.340111077511601 ], [ -0.306846380778682, 39.339842692241483 ], [ -0.306758408588011, 39.339601837643933 ], [ -0.30664622194472, 39.33932464808354 ], [ -0.306541782225584, 39.339104317037368 ], [ -0.306386501157798, 39.338794746878555 ], [ -0.306386501149666, 39.338794746861851 ], [ -0.306227861233771, 39.338458937876489 ], [ -0.306227861233769, 39.338458937876489 ], [ -0.306227861181032, 39.338458937725285 ], [ -0.306201991445834, 39.338346900813434 ], [ -0.306071113536798, 39.337836496148377 ], [ -0.306022481283379, 39.337728268951359 ], [ -0.30594916557662, 39.337616920439146 ], [ -0.305949165552766, 39.337616920400691 ], [ -0.305814307439469, 39.337385681576777 ], [ -0.305814307382846, 39.337385681458137 ], [ -0.305764113967638, 39.337252454328762 ], [ -0.305764113951468, 39.33725245428105 ], [ -0.305699383770217, 39.337037582768971 ], [ -0.305624071262697, 39.336844640497837 ], [ -0.305508389982271, 39.336579364171726 ], [ -0.305377311046424, 39.336304375301381 ], [ -0.305266369015587, 39.336076550229812 ], [ -0.305266368974307, 39.336076550126741 ], [ -0.305245773193509, 39.3360116425062 ], [ -0.305164969301436, 39.335772394194947 ], [ -0.305085145381947, 39.335590657661726 ], [ -0.30508514536991, 39.335590657632729 ], [ -0.30498195852113, 39.335326832415824 ], [ -0.304885898383167, 39.335124791941865 ], [ -0.30488589836196, 39.335124791893016 ], [ -0.304766476323164, 39.334821145921211 ], [ -0.304607205568166, 39.334527976209543 ], [ -0.304607205544971, 39.334527976163344 ], [ -0.304400218775178, 39.334079493910401 ], [ -0.304400218742634, 39.334079493827531 ], [ -0.304346499508844, 39.333914672278688 ], [ -0.304346499496152, 39.333914672235252 ], [ -0.304286258472519, 39.333682024958485 ], [ -0.303804643339697, 39.332006415503713 ], [ -0.302954140879694, 39.330082390147425 ], [ -0.299835673183366, 39.324010726360541 ], [ -0.291907753126436, 39.308536737446957 ], [ -0.291907753061938, 39.308536737270515 ], [ -0.291907753044799, 39.308536737087579 ], [ -0.291907753075722, 39.308536736905758 ], [ -0.291907753153431, 39.308536736732563 ], [ -0.291907753274701, 39.308536736575192 ], [ -0.2919077534345, 39.308536736440182 ], [ -0.291907753626196, 39.308536736333132 ], [ -0.29190775384184, 39.308536736258461 ], [ -0.291907754072486, 39.308536736219288 ], [ -0.291907754308562, 39.308536736217242 ], [ -0.291907754540275, 39.3085367362524 ], [ -0.298182519350539, 39.310017085820718 ], [ -0.298075857606646, 39.309742601431751 ], [ -0.298075857606648, 39.309742601431751 ], [ -0.298075857606637, 39.309742601431708 ] ] ] ] } },
{ "type": "Feature", "properties": { "INE_MUN": "46250", "DISTRITO": 15 }, "geometry": { "type": "MultiPolygon", "coordinates": [ [ [ [ -0.380544485257702, 39.49067157304404 ], [ -0.380544485257782, 39.490671573044025 ], [ -0.380544485257783, 39.490671573044025 ], [ -0.380656401871128, 39.490646272375123 ], [ -0.381724558351095, 39.490404965817085 ], [ -0.382150684524087, 39.490308631022792 ], [ -0.382150684537814, 39.490308631019765 ], [ -0.382153708730866, 39.490307978452861 ], [ -0.382244968601562, 39.490287341351326 ], [ -0.382245543399784, 39.490287205657566 ], [ -0.382245543619974, 39.490287205623176 ], [ -0.38224554384459, 39.490287205622231 ], [ -0.382245544065245, 39.490287205654795 ], [ -0.382245544273693, 39.490287205719639 ], [ -0.38224554446215, 39.490287205814347 ], [ -0.382245544623576, 39.490287205935367 ], [ -0.382245544751939, 39.490287206078193 ], [ -0.382245544842445, 39.490287206237483 ], [ -0.382245544891715, 39.490287206407288 ], [ -0.382259495800094, 39.490373684286489 ], [ -0.382259495800393, 39.490373684288357 ], [ -0.382285486036902, 39.490537567474021 ], [ -0.382302285713046, 39.490643221652107 ], [ -0.382302285713664, 39.490643221656079 ], [ -0.382322789099346, 39.490777057583685 ], [ -0.382351352810115, 39.490854766612252 ], [ -0.382411675755242, 39.4910188547518 ], [ -0.382449393191384, 39.491121547783443 ], [ -0.382496541680915, 39.49124976432207 ], [ -0.382533403744555, 39.491350005686229 ], [ -0.382533403744557, 39.491350005686229 ], [ -0.382533403744557, 39.491350005686243 ], [ -0.382533403744559, 39.491350005686243 ], [ -0.38253340374456, 39.491350005686243 ], [ -0.382559631984376, 39.491421333453147 ], [ -0.382589706617047, 39.491503224168298 ], [ -0.382649897698653, 39.491667011921244 ], [ -0.382673965767748, 39.491732516375016 ], [ -0.382740557672079, 39.49191366403835 ], [ -0.382760174961187, 39.491967023482665 ], [ -0.382817909032652, 39.492124111828737 ], [ -0.382833598854022, 39.492166716402252 ], [ -0.382879098159649, 39.492290579530618 ], [ -0.382884972761823, 39.49230661684711 ], [ -0.382890550888912, 39.492321724085713 ], [ -0.382890550916029, 39.492321724176776 ], [ -0.38290608966031, 39.492389895856405 ], [ -0.382913696845608, 39.492423129415016 ], [ -0.382949423428835, 39.492579077880031 ], [ -0.382967420029188, 39.492657823559576 ], [ -0.383005024156629, 39.492822151917544 ], [ -0.38302102289952, 39.492892014077199 ], [ -0.383051952483996, 39.493027229767819 ], [ -0.383071634100275, 39.493113133917156 ], [ -0.383089397694375, 39.493190689672502 ], [ -0.383089397701405, 39.493190689707113 ], [ -0.383091207129956, 39.493200878600888 ], [ -0.383095477262015, 39.493204978984352 ], [ -0.383095477310337, 39.493204979034196 ], [ -0.383113353263207, 39.493224809064401 ], [ -0.383113353264315, 39.493224809065637 ], [ -0.383149565537231, 39.493265122712877 ], [ -0.383149565537233, 39.493265122712877 ], [ -0.383149565645815, 39.493265122862347 ], [ -0.383149565715845, 39.493265123025076 ], [ -0.383149565744783, 39.49326512319513 ], [ -0.383149565731581, 39.493265123366349 ], [ -0.383149565676713, 39.493265123532524 ], [ -0.383149565582175, 39.493265123687628 ], [ -0.383149565451394, 39.493265123826021 ], [ -0.383149565289116, 39.493265123942699 ], [ -0.38314956510123, 39.493265124033407 ], [ -0.383149564894549, 39.493265124094883 ], [ -0.383149564676576, 39.493265124124861 ], [ -0.383115667382302, 39.493267239007487 ], [ -0.383038049546065, 39.493272040272458 ], [ -0.382897129827961, 39.493280824583202 ], [ -0.382788957318158, 39.493287590559184 ], [ -0.382788957316559, 39.493287590559284 ], [ -0.382672963517764, 39.493294720771843 ], [ -0.382530814229838, 39.493327255578599 ], [ -0.382530814229837, 39.493327255578599 ], [ -0.382421281942474, 39.493352592802374 ], [ -0.382421281932206, 39.493352592804712 ], [ -0.382360186467415, 39.493366252093402 ], [ -0.382228733857389, 39.493395689781238 ], [ -0.382114037556006, 39.493421370719219 ], [ -0.382016541833542, 39.493443231095249 ], [ -0.381910974064501, 39.493466865313643 ], [ -0.381795463236566, 39.493492711359828 ], [ -0.381732353202716, 39.493506878959735 ], [ -0.381732353200563, 39.493506878960211 ], [ -0.381220814792558, 39.493620885546044 ], [ -0.381159833216107, 39.493635339533547 ], [ -0.381159833206174, 39.493635339535864 ], [ -0.381104926730508, 39.49364793948191 ], [ -0.381035842516654, 39.493663742271167 ], [ -0.380924200434996, 39.493689345822006 ], [ -0.38077480009263, 39.493723575354508 ], [ -0.380658547830552, 39.493750255774891 ], [ -0.380483104407413, 39.493790487754104 ], [ -0.380340958914037, 39.493823019967962 ], [ -0.380229891328349, 39.493848483548689 ], [ -0.380108402455739, 39.493876350715539 ], [ -0.380035337113428, 39.493893062865808 ], [ -0.380039157492974, 39.493911764862162 ], [ -0.380047284420533, 39.49395155878608 ], [ -0.380059514137381, 39.494011332987355 ], [ -0.380065668700161, 39.494041416923643 ], [ -0.380065668700581, 39.494041416925718 ], [ -0.380098548484066, 39.494204590078333 ], [ -0.380124503511463, 39.494326301859076 ], [ -0.380161669971759, 39.494500697483545 ], [ -0.380180054004818, 39.494586884414282 ], [ -0.380243950927085, 39.494704077819456 ], [ -0.380243950927084, 39.494704077819456 ], [ -0.380243950976676, 39.494704077929924 ], [ -0.380269587372739, 39.494775928848284 ], [ -0.380304492253098, 39.494873595265098 ], [ -0.38035559720348, 39.495016850954102 ], [ -0.380395585644089, 39.495128857708373 ], [ -0.380457809790665, 39.495303151517227 ], [ -0.380457809792048, 39.495303151521142 ], [ -0.380524276239441, 39.495492639592335 ], [ -0.38056242831531, 39.495568568855383 ], [ -0.380657217453196, 39.495757235981451 ], [ -0.380667852219617, 39.495778380578791 ], [ -0.380694798329547, 39.495831973120055 ], [ -0.380694798329549, 39.495831973120055 ], [ -0.38069479832956, 39.49583197312009 ], [ -0.380694798329584, 39.495831973120119 ], [ -0.380732686730092, 39.495907347793327 ], [ -0.380780788176705, 39.496003025124523 ], [ -0.380871483227954, 39.496183422524552 ], [ -0.380988571766345, 39.496416298098403 ], [ -0.381108933346089, 39.496655670582015 ], [ -0.381137297454575, 39.496712083197046 ], [ -0.381137297454577, 39.496712083197046 ], [ -0.381137297509825, 39.49671208334177 ], [ -0.381172321722697, 39.496843476520212 ], [ -0.381196032259133, 39.496932441029053 ], [ -0.381265796221185, 39.497193991227057 ], [ -0.381297461538779, 39.497312718903068 ], [ -0.381297461538785, 39.497312718903089 ], [ -0.381299528722057, 39.497320467992402 ], [ -0.381299528746109, 39.497320468172752 ], [ -0.381299774947772, 39.497410345218654 ], [ -0.381300421989563, 39.497627663059333 ], [ -0.381300952215442, 39.49779355710124 ], [ -0.381302018898251, 39.498144439402303 ], [ -0.381302362723813, 39.498269650123838 ], [ -0.381307475169057, 39.498454412684289 ], [ -0.381310760507528, 39.498574833978957 ], [ -0.381310760503817, 39.498574834072365 ], [ -0.381301300026664, 39.498663270733289 ], [ -0.381293321344576, 39.498765322375633 ], [ -0.381294448154716, 39.498825273168713 ], [ -0.381294448138232, 39.498825273333509 ], [ -0.381294448083144, 39.498825273493196 ], [ -0.381294447991307, 39.498825273642396 ], [ -0.38129444786582, 39.498825273776077 ], [ -0.381294447710908, 39.498825273889736 ], [ -0.38129444753179, 39.498825273979534 ], [ -0.381294447334501, 39.49882527404246 ], [ -0.380589799390646, 39.498993334962954 ], [ -0.380589799365815, 39.498993334968638 ], [ -0.378702586240615, 39.499407994487441 ], [ -0.378702586180018, 39.4994079944994 ], [ -0.378405515304248, 39.499460073195934 ], [ -0.378257166022832, 39.499593884051414 ], [ -0.378257166022831, 39.499593884051414 ], [ -0.378257165854047, 39.499593884175873 ], [ -0.378257165656611, 39.499593884271761 ], [ -0.378257165438454, 39.499593884335212 ], [ -0.378257165208344, 39.499593884363669 ], [ -0.378257164975533, 39.499593884355995 ], [ -0.377963334726274, 39.499561127510788 ], [ -0.377587691766496, 39.499529199020252 ], [ -0.377041280990047, 39.499566105131649 ], [ -0.377041280948052, 39.499566105133901 ], [ -0.376613407963255, 39.499582938950049 ], [ -0.376613407921144, 39.499582938948642 ], [ -0.376613407879923, 39.499582938951008 ], [ -0.376243174480331, 39.499576920326746 ], [ -0.376243174464141, 39.499576920326398 ], [ -0.375991661100389, 39.499570113395912 ], [ -0.375991661062845, 39.499570113394412 ], [ -0.375623877264417, 39.499550917851273 ], [ -0.375623877227304, 39.499550917848872 ], [ -0.37536443109512, 39.499530890199914 ], [ -0.375364431057705, 39.499530890196553 ], [ -0.375133224314045, 39.499507158621263 ], [ -0.375133224278381, 39.499507158617156 ], [ -0.374664274652975, 39.499447504393046 ], [ -0.374664274603792, 39.499447504385948 ], [ -0.374429412953042, 39.499409521654194 ], [ -0.374429412935531, 39.499409521651252 ], [ -0.374177916082881, 39.499365703189156 ], [ -0.374177916040492, 39.499365703181105 ], [ -0.373921078206233, 39.499313033973756 ], [ -0.373921078189032, 39.499313033970125 ], [ -0.373686715490375, 39.499261980303707 ], [ -0.373686715452567, 39.499261980294925 ], [ -0.373380111993588, 39.499186397307589 ], [ -0.373380111969882, 39.499186397301536 ], [ -0.373222748758704, 39.499144700277711 ], [ -0.373222748730347, 39.499144700269873 ], [ -0.372801366891297, 39.499023513001291 ], [ -0.372801366891296, 39.499023513001291 ], [ -0.37280136688341, 39.499023512998278 ], [ -0.372801366874189, 39.499023512996253 ], [ -0.372696532905264, 39.498991899167287 ], [ -0.372593245004098, 39.498961041810844 ], [ -0.37234316299349, 39.49889101339123 ], [ -0.372171700824162, 39.498843018788477 ], [ -0.372171700819416, 39.498843018787149 ], [ -0.372013216943909, 39.498798052538987 ], [ -0.37201321692654, 39.498798052533935 ], [ -0.371752706850129, 39.498720462865172 ], [ -0.371752706843043, 39.498720462863048 ], [ -0.371507508769772, 39.498646003619584 ], [ -0.371507508734332, 39.498646003608286 ], [ -0.371457135100213, 39.498629202299149 ], [ -0.371345633902125, 39.498596347276042 ], [ -0.371176656183847, 39.498548187611568 ], [ -0.37117665618181, 39.498548187610815 ], [ -0.371176656179857, 39.49854818761041 ], [ -0.371176656179859, 39.49854818761041 ], [ -0.370978199200113, 39.498490986133284 ], [ -0.370978199191746, 39.498490986130832 ], [ -0.370679040810557, 39.498402723447811 ], [ -0.370495339935077, 39.498352144101347 ], [ -0.370406863008106, 39.498332745167851 ], [ -0.370371726569228, 39.498501614422935 ], [ -0.370322438808673, 39.498738775050818 ], [ -0.370260822571165, 39.499035199967693 ], [ -0.370224926528204, 39.499207874478472 ], [ -0.370166505910615, 39.499488945058175 ], [ -0.370166505883414, 39.499488945154837 ], [ -0.370121072776193, 39.499616327558321 ], [ -0.370121072774864, 39.499616327562023 ], [ -0.370021030406626, 39.4998922353384 ], [ -0.369953596280741, 39.500078803534791 ], [ -0.36989365814287, 39.500244788809361 ], [ -0.369893658134601, 39.500244788831196 ], [ -0.369799121321292, 39.500483200457197 ], [ -0.369799121321294, 39.500483200457197 ], [ -0.369799121209293, 39.500483200652944 ], [ -0.369746125767653, 39.500552255689207 ], [ -0.369545926016705, 39.50082024706991 ], [ -0.369243331675641, 39.501248149211264 ], [ -0.369167488094538, 39.501359622317338 ], [ -0.36916748809454, 39.501359622317338 ], [ -0.369167488032182, 39.501359622398397 ], [ -0.368923738757353, 39.50164170264695 ], [ -0.368790597071806, 39.501818889399388 ], [ -0.368699550638915, 39.502055550171512 ], [ -0.368525164562335, 39.502542919695351 ], [ -0.368525164550953, 39.502542919725144 ], [ -0.368341483764564, 39.502995026254631 ], [ -0.368170111547169, 39.503508516672127 ], [ -0.368170111530736, 39.503508516716614 ], [ -0.368036340972016, 39.503838377584202 ], [ -0.36803634095605, 39.503838377620802 ], [ -0.367820152519735, 39.504301039243536 ], [ -0.367820152478649, 39.504301039320204 ], [ -0.367543331978061, 39.504757087227006 ], [ -0.367543331978062, 39.504757087227006 ], [ -0.367543331859645, 39.504757087380398 ], [ -0.367543331704448, 39.504757087512658 ], [ -0.367543331518588, 39.504757087618572 ], [ -0.367543331309385, 39.504757087693953 ], [ -0.367543331085084, 39.504757087735847 ], [ -0.367543330854519, 39.504757087742604 ], [ -0.367543330626776, 39.504757087713955 ], [ -0.367543330410829, 39.504757087651001 ], [ -0.367543330215184, 39.504757087556243 ], [ -0.367543330047546, 39.504757087433426 ], [ -0.367543329914525, 39.504757087287402 ], [ -0.367543329914522, 39.504757087287402 ], [ -0.367370133565835, 39.504520047297625 ], [ -0.367328060858581, 39.504462450866392 ], [ -0.367191642271885, 39.504422662599147 ], [ -0.367126786096724, 39.504403738456439 ], [ -0.367126786096668, 39.504403738456425 ], [ -0.367126786096666, 39.504403738456425 ], [ -0.365945372380229, 39.504059140753647 ], [ -0.365017760785605, 39.503788511555463 ], [ -0.363268148896055, 39.503278064913253 ], [ -0.363268148631057, 39.503278064803844 ], [ -0.360955282578936, 39.502000909425504 ], [ -0.360187906361793, 39.503358843683756 ], [ -0.360045803821424, 39.503610314319161 ], [ -0.360045266550363, 39.503611297571119 ], [ -0.360045266550364, 39.503611297571119 ], [ -0.360045266438821, 39.503611297729066 ], [ -0.360045266288943, 39.503611297866691 ], [ -0.36004526610672, 39.503611297978445 ], [ -0.360045265899441, 39.503611298059887 ], [ -0.360045265675389, 39.503611298107749 ], [ -0.360045265443522, 39.503611298120127 ], [ -0.36004526521311, 39.503611298096544 ], [ -0.360045264993365, 39.503611298037896 ], [ -0.356488830851129, 39.502341399372852 ], [ -0.356488830612106, 39.502341399258526 ], [ -0.356488830415454, 39.502341399103152 ], [ -0.356242394152957, 39.502092531734014 ], [ -0.356242394152959, 39.502092531734014 ], [ -0.35624239400975, 39.502092531545884 ], [ -0.356242393929224, 39.502092531336565 ], [ -0.35618290928405, 39.501820924866188 ], [ -0.356182909267692, 39.501820924720882 ], [ -0.356182909281833, 39.501820924575412 ], [ -0.356219214922783, 39.501642395894422 ], [ -0.356223605821343, 39.50162074422866 ], [ -0.356233409488743, 39.501572571505811 ], [ -0.356268672670045, 39.501399446949073 ], [ -0.356225237665771, 39.501011086952708 ], [ -0.356099456698954, 39.500647861337839 ], [ -0.355831237288495, 39.500362499712367 ], [ -0.355214040981216, 39.500078209896486 ], [ -0.355214040804323, 39.500078209796399 ], [ -0.355214040654808, 39.500078209672381 ], [ -0.355214040537981, 39.50007820952883 ], [ -0.355214040457989, 39.500078209370862 ], [ -0.355214040417678, 39.500078209204055 ], [ -0.355214040418476, 39.500078209034363 ], [ -0.355214040460355, 39.500078208867784 ], [ -0.355214040541826, 39.500078208710264 ], [ -0.355214040659996, 39.500078208567388 ], [ -0.355214783689738, 39.500077473255267 ], [ -0.356785870097147, 39.498492405789762 ], [ -0.356945400327045, 39.498270800610449 ], [ -0.356918750804774, 39.498054017627375 ], [ -0.356802590706431, 39.497900547434831 ], [ -0.356645928823677, 39.49769359315588 ], [ -0.35639828364556, 39.497366488385225 ], [ -0.356398283538815, 39.497366488198431 ], [ -0.35639828348916, 39.497366487997802 ], [ -0.356398283499151, 39.497366487793663 ], [ -0.356499027159273, 39.496855487362595 ], [ -0.35649905806898, 39.496855285384335 ], [ -0.356499058107346, 39.496855285238333 ], [ -0.356499058176265, 39.496855285099222 ], [ -0.356499058273844, 39.496855284970827 ], [ -0.357008887559484, 39.496296085196477 ], [ -0.357606514000866, 39.495640563783759 ], [ -0.358051948944329, 39.495151960567341 ], [ -0.35773167865229, 39.494700291502639 ], [ -0.357720829120441, 39.494684974051879 ], [ -0.357720829120439, 39.494684974051879 ], [ -0.357720829033685, 39.494684973896206 ], [ -0.357720828986129, 39.494684973730713 ], [ -0.357720828979459, 39.494684973561242 ], [ -0.357761488811589, 39.494191829972891 ], [ -0.357763824691895, 39.494163470078533 ], [ -0.357718400334899, 39.494143158658993 ], [ -0.357718400334898, 39.494143158658993 ], [ -0.357718400172881, 39.494143158571539 ], [ -0.357718400032311, 39.494143158464112 ], [ -0.357701408790915, 39.494127754496226 ], [ -0.357693027307527, 39.494120185734374 ], [ -0.357661621327117, 39.49409181496118 ], [ -0.357634169017948, 39.494089988011233 ], [ -0.35763416878987, 39.494089987978022 ], [ -0.35763416857485, 39.494089987910385 ], [ -0.357634168381461, 39.494089987810995 ], [ -0.357634168217416, 39.494089987683822 ], [ -0.35761499170799, 39.494071804357965 ], [ -0.357614991573147, 39.4940718041981 ], [ -0.357614991484849, 39.494071804019804 ], [ -0.357614991447069, 39.494071803831069 ], [ -0.357614991461505, 39.494071803640438 ], [ -0.357620257601142, 39.494047275928587 ], [ -0.357526283634666, 39.493970785435671 ], [ -0.357526283634667, 39.493970785435671 ], [ -0.357526283496994, 39.493970785299538 ], [ -0.357526283395458, 39.493970785145507 ], [ -0.357526283333803, 39.493970784979268 ], [ -0.357526283314303, 39.493970784806976 ], [ -0.357526283337678, 39.493970784634975 ], [ -0.357526283403067, 39.493970784469589 ], [ -0.357526283508054, 39.493970784316964 ], [ -0.35752628364877, 39.493970784182679 ], [ -0.35752628382002, 39.493970784071742 ], [ -0.357691146447544, 39.493883352246471 ], [ -0.357847352491723, 39.493800507138303 ], [ -0.35796654355801, 39.49356833454452 ], [ -0.3580243390816, 39.493455774600257 ], [ -0.358112727732542, 39.493283637233148 ], [ -0.35824446114091, 39.493027102216061 ], [ -0.35836432049027, 39.492791028898928 ], [ -0.35850685800743, 39.492509352532622 ], [ -0.358547523951054, 39.492429058682895 ], [ -0.358611602653189, 39.492292714028558 ], [ -0.358690284021082, 39.492125189581714 ], [ -0.358749541040192, 39.491999176358185 ], [ -0.358749541056563, 39.491999176325372 ], [ -0.358861688504541, 39.491786858852208 ], [ -0.358895183232963, 39.49172354639267 ], [ -0.358947967209304, 39.491623808573621 ], [ -0.358981103151928, 39.491561185208568 ], [ -0.359019005109662, 39.491489558713752 ], [ -0.359035574029432, 39.49145822004526 ], [ -0.359101383794851, 39.491304937461898 ], [ -0.359135702887251, 39.491225058556523 ], [ -0.359135702887252, 39.491225058556523 ], [ -0.359154299327753, 39.491181622130789 ], [ -0.359154299327753, 39.491181622130789 ], [ -0.359154299373492, 39.491181622040529 ], [ -0.359163357774561, 39.491166238282567 ], [ -0.35916335777456, 39.491166238282567 ], [ -0.359227347479751, 39.491057178703045 ], [ -0.359227347479753, 39.491057178703045 ], [ -0.359227347593389, 39.49105717855084 ], [ -0.35922734774303, 39.491057178418657 ], [ -0.359227347922971, 39.491057178311529 ], [ -0.359227348126351, 39.491057178233525 ], [ -0.359227348345415, 39.491057178187646 ], [ -0.359227348571812, 39.491057178175623 ], [ -0.359233870619914, 39.491057326404082 ], [ -0.359239131996428, 39.491046564019797 ], [ -0.359269382693424, 39.490984740728457 ], [ -0.359321405319783, 39.490878547762769 ], [ -0.359393928522999, 39.490730328201053 ], [ -0.359418651395911, 39.490679873502835 ], [ -0.359455610194156, 39.490604387686183 ], [ -0.359483427172455, 39.490547566536073 ], [ -0.359505777386415, 39.490501859561796 ], [ -0.359530244365127, 39.490451863872948 ], [ -0.359554399164348, 39.490402558361239 ], [ -0.359573288398904, 39.490363967110362 ], [ -0.35957328841436, 39.490363967080405 ], [ -0.359580562110435, 39.490350574216514 ], [ -0.359611958090936, 39.49028658233285 ], [ -0.359616512307541, 39.490277305011411 ], [ -0.359616512307543, 39.490277305011411 ], [ -0.359616512307546, 39.490277305011389 ], [ -0.359616512307551, 39.490277305011375 ], [ -0.359742953335003, 39.490019748728656 ], [ -0.360213609183136, 39.489060905247769 ], [ -0.360213609183618, 39.489060905246788 ], [ -0.360231511575983, 39.489024560758502 ], [ -0.360231511578969, 39.489024560752505 ], [ -0.360503558883678, 39.488483872691241 ], [ -0.360503558883679, 39.488483872691241 ], [ -0.360503558992887, 39.488483872526565 ], [ -0.360503559143243, 39.488483872382709 ], [ -0.360503559328394, 39.488483872265689 ], [ -0.360503559540512, 39.488483872180502 ], [ -0.360503559770633, 39.488483872130715 ], [ -0.360503560009029, 39.488483872118451 ], [ -0.360785272894231, 39.48849187560451 ], [ -0.360785272900661, 39.488491875604709 ], [ -0.36094223220807, 39.488497009017642 ], [ -0.361412815660229, 39.488512422016683 ], [ -0.361724402915303, 39.488522579045977 ], [ -0.361823002140017, 39.488525778073104 ], [ -0.361875407146502, 39.488527194013649 ], [ -0.361875407146503, 39.488527194013649 ], [ -0.361875407146506, 39.488527194013649 ], [ -0.362019195723519, 39.488531079219342 ], [ -0.362019195723518, 39.488531079219349 ], [ -0.362329720079003, 39.488539034875728 ], [ -0.362345891106295, 39.488350752285797 ], [ -0.362345891142218, 39.488350752115757 ], [ -0.362345891219281, 39.488350751954144 ], [ -0.362345891334657, 39.488350751806855 ], [ -0.362345891484124, 39.488350751679285 ], [ -0.362439823293539, 39.488284584014771 ], [ -0.362439823293541, 39.488284584014771 ], [ -0.362439823504319, 39.488284583896743 ], [ -0.362439823743688, 39.488284583818015 ], [ -0.362807817173321, 39.488199693097982 ], [ -0.362900408780481, 39.488157733652727 ], [ -0.362952350092556, 39.488134192445195 ], [ -0.363013048383419, 39.488103206922631 ], [ -0.363098267583309, 39.488058353935514 ], [ -0.363139776804655, 39.488029793854764 ], [ -0.362858521782271, 39.487824615374258 ], [ -0.362858521782269, 39.487824615374258 ], [ -0.362858521639094, 39.487824615248321 ], [ -0.362858521528562, 39.487824615104003 ], [ -0.362858521454515, 39.487824614946277 ], [ -0.362858521419521, 39.487824614780656 ], [ -0.362858521424797, 39.487824614612883 ], [ -0.362858521470161, 39.487824614448776 ], [ -0.362858521554037, 39.487824614294048 ], [ -0.362858521673509, 39.487824614154064 ], [ -0.362858672492153, 39.48782446893248 ], [ -0.362858672535953, 39.487824468892725 ], [ -0.363001339867195, 39.487702341752012 ], [ -0.363118714174747, 39.487601887576858 ], [ -0.363281415798627, 39.487462635029139 ], [ -0.363352334557786, 39.487401917229398 ], [ -0.363360968489901, 39.487392649484249 ], [ -0.363360968630744, 39.487392649359201 ], [ -0.363360968798811, 39.487392649256307 ], [ -0.36336601756254, 39.487390106304638 ], [ -0.363383748309115, 39.487374549712591 ], [ -0.36338374830997, 39.487374549711838 ], [ -0.363406161165179, 39.487354929108982 ], [ -0.363406161180512, 39.487354929095829 ], [ -0.363455394412275, 39.487313502362703 ], [ -0.363537877780813, 39.487244102014564 ], [ -0.363708104393751, 39.487100883660716 ], [ -0.363762896668817, 39.487054786652365 ], [ -0.363925304296201, 39.486918138132708 ], [ -0.363984770724426, 39.486868052573058 ], [ -0.363984770724428, 39.486868052573058 ], [ -0.363984770905328, 39.48686805244936 ], [ -0.363984771115292, 39.486868052357273 ], [ -0.363984771345271, 39.486868052300764 ], [ -0.363984771585353, 39.486868052282261 ], [ -0.36398477182519, 39.486868052302583 ], [ -0.363984772054443, 39.48686805236084 ], [ -0.364095982921329, 39.486906623753605 ], [ -0.36409598292133, 39.486906623753605 ], [ -0.364095983107981, 39.486906623835104 ], [ -0.364095983272149, 39.486906623941771 ], [ -0.364173551326134, 39.486967296310517 ], [ -0.364288360292707, 39.487056965747129 ], [ -0.364435403527114, 39.487171864631293 ], [ -0.36457903205559, 39.487284069740774 ], [ -0.364710717978917, 39.487386963533432 ], [ -0.364802489736218, 39.487458655523774 ], [ -0.36480248973707, 39.487458655524442 ], [ -0.365022148448237, 39.487630609761524 ], [ -0.365142637823901, 39.487724928678908 ], [ -0.365142637824901, 39.48772492867969 ], [ -0.365235415975286, 39.48779773321462 ], [ -0.365235415985283, 39.487797733222564 ], [ -0.365236758729308, 39.48779881318692 ], [ -0.36534089900281, 39.487880897544976 ], [ -0.365340899003935, 39.48788089754585 ], [ -0.365520777502399, 39.488023071286001 ], [ -0.365709442341195, 39.488172092411467 ], [ -0.3658478810326, 39.488280519860901 ], [ -0.366060051623792, 39.488446622390256 ], [ -0.366060051623795, 39.488446622390256 ], [ -0.3660600517699, 39.488446622530219 ], [ -0.366060051877158, 39.488446622689899 ], [ -0.366060051941281, 39.488446622862924 ], [ -0.366060051959708, 39.488446623042371 ], [ -0.366060051931702, 39.48844662322108 ], [ -0.366060051858383, 39.488446623391894 ], [ -0.366060051742679, 39.488446623548001 ], [ -0.366060051589216, 39.488446623683132 ], [ -0.366060051404125, 39.488446623791937 ], [ -0.366060051194805, 39.48844662387004 ], [ -0.366060050969619, 39.488446623914307 ], [ -0.365767371907824, 39.488480523046377 ], [ -0.365716716598567, 39.488522990323879 ], [ -0.36549447921372, 39.488709345566562 ], [ -0.365411656499049, 39.488778775635538 ], [ -0.365411656499047, 39.488778775635538 ], [ -0.365411656400266, 39.488778775709129 ], [ -0.365296633099846, 39.488854876278687 ], [ -0.365089395214284, 39.488991887518502 ], [ -0.364960991965767, 39.489076837232567 ], [ -0.364895247097504, 39.489120304485866 ], [ -0.364772994499079, 39.489201204398185 ], [ -0.364772994443474, 39.489201204432746 ], [ -0.364771580806607, 39.489202029333399 ], [ -0.365449768836364, 39.489689186617355 ], [ -0.365456665729282, 39.489685165203994 ], [ -0.365892646199454, 39.489427020057917 ], [ -0.365892646199457, 39.489427020057917 ], [ -0.365892646199508, 39.489427020057896 ], [ -0.366130788203199, 39.489286013451014 ], [ -0.366508298631215, 39.489058691902741 ], [ -0.366508298632713, 39.489058691901832 ], [ -0.366693656733806, 39.488947450895992 ], [ -0.367036899134532, 39.48873851710978 ], [ -0.367036899134529, 39.48873851710978 ], [ -0.367036899135559, 39.488738517109283 ], [ -0.367036899136476, 39.488738517108601 ], [ -0.367106738281915, 39.488696190914219 ], [ -0.367176627341853, 39.488653772116905 ], [ -0.367327818942423, 39.488561940034565 ], [ -0.367457757290457, 39.488483040285246 ], [ -0.367586863144671, 39.488404657547726 ], [ -0.367586863155365, 39.488404657541309 ], [ -0.367745858534823, 39.488310420681664 ], [ -0.367878642195222, 39.488231733548758 ], [ -0.367972067686704, 39.488176379309792 ], [ -0.368156783702448, 39.488066932117647 ], [ -0.368274660416858, 39.487997055277319 ], [ -0.368318988792648, 39.487970812279634 ], [ -0.368330499269193, 39.487962325499019 ], [ -0.368336473489232, 39.487957902371328 ], [ -0.368336473489235, 39.487957902371328 ], [ -0.368336473663255, 39.48795790226513 ], [ -0.368336473860125, 39.487957902186423 ], [ -0.368336474072691, 39.487957902138106 ], [ -0.368336474293228, 39.487957902121913 ], [ -0.368336474513723, 39.487957902138433 ], [ -0.368336474726164, 39.487957902187084 ], [ -0.368336474922833, 39.487957902266089 ], [ -0.368336475096585, 39.487957902372564 ], [ -0.368387246959193, 39.48799564135637 ], [ -0.36852246008384, 39.488096137864204 ], [ -0.368670232343727, 39.488205976938559 ], [ -0.368758709708698, 39.488271780589955 ], [ -0.368892860468729, 39.488371495880372 ], [ -0.369061056531904, 39.48849657491008 ], [ -0.36917598206247, 39.488581999096226 ], [ -0.369299388139752, 39.488673777167115 ], [ -0.369473237255113, 39.488802988892111 ], [ -0.369586316068571, 39.488887001539503 ], [ -0.36971078668355, 39.488979560015537 ], [ -0.369861009522212, 39.489091262933627 ], [ -0.369960884655492, 39.489165476608562 ], [ -0.370105092252801, 39.489272688227018 ], [ -0.370105092276235, 39.489272688244938 ], [ -0.370145651068519, 39.489304600192234 ], [ -0.370150141563106, 39.489300500005811 ], [ -0.370150141563105, 39.489300500005811 ], [ -0.37015014173785, 39.489300499876364 ], [ -0.370150141943377, 39.489300499777741 ], [ -0.370150142170793, 39.48930049971419 ], [ -0.370150142410256, 39.489300499688476 ], [ -0.370150142651407, 39.489300499701706 ], [ -0.370150142883807, 39.489300499753298 ], [ -0.370150143097401, 39.489300499841036 ], [ -0.370150143282947, 39.489300499961118 ], [ -0.370246167188883, 39.489377117141927 ], [ -0.370527679292945, 39.489585036604169 ], [ -0.370712876829787, 39.489721749966009 ], [ -0.370995504107566, 39.489930540383121 ], [ -0.371137608387943, 39.490035491499462 ], [ -0.371271648559251, 39.490134462866955 ], [ -0.371271648559249, 39.490134462866955 ], [ -0.371271648560677, 39.490134462868248 ], [ -0.371271648562341, 39.490134462869264 ], [ -0.37141099484149, 39.490238112556085 ], [ -0.371497062866731, 39.490302084023185 ], [ -0.371750973096679, 39.490490908210951 ], [ -0.371940754446576, 39.490629832279474 ], [ -0.372019407420088, 39.490687271861546 ], [ -0.372019407428644, 39.490687271867863 ], [ -0.372221605554783, 39.4908379715027 ], [ -0.372221605557176, 39.49083797150449 ], [ -0.372399687653071, 39.490971458322569 ], [ -0.372524179489362, 39.491064883659227 ], [ -0.372624265728433, 39.49113996920137 ], [ -0.372736391919622, 39.491224159989471 ], [ -0.37273639192546, 39.491224159993877 ], [ -0.372772549483513, 39.491251693040638 ], [ -0.372772549483517, 39.491251693040638 ], [ -0.372772549626596, 39.491251693172764 ], [ -0.372772549734549, 39.491251693323576 ], [ -0.372772549803414, 39.49125169348757 ], [ -0.372772549830665, 39.491251693658747 ], [ -0.372772549815302, 39.491251693830797 ], [ -0.372772549757889, 39.491251693997413 ], [ -0.372754725730095, 39.491288744365626 ], [ -0.373700043659031, 39.49198204509829 ], [ -0.37370004365903, 39.49198204509829 ], [ -0.373700043804633, 39.49198204522758 ], [ -0.373854948242806, 39.492149450937205 ], [ -0.373868551009143, 39.492136016471228 ], [ -0.373889330992133, 39.492115414636913 ], [ -0.373905452637602, 39.492097626812317 ], [ -0.373905089756651, 39.492097083066547 ], [ -0.373905089756653, 39.492097083066547 ], [ -0.373905089674669, 39.492097082908714 ], [ -0.373905089632467, 39.492097082741736 ], [ -0.373905089631552, 39.492097082571597 ], [ -0.373905089671958, 39.492097082404356 ], [ -0.373905089752243, 39.492097082245998 ], [ -0.373905089869538, 39.49209708210217 ], [ -0.373914719990796, 39.492087430654372 ], [ -0.374007562141431, 39.491990636098308 ], [ -0.374007562141429, 39.491990636098308 ], [ -0.374007562290141, 39.491990635970765 ], [ -0.374007562467422, 39.491990635867438 ], [ -0.374007562666811, 39.491990635792092 ], [ -0.374007562881044, 39.491990635747477 ], [ -0.374007563102318, 39.491990635735206 ], [ -0.374016845371655, 39.491990809479908 ], [ -0.374050559925967, 39.491989521932069 ], [ -0.374120261066889, 39.491986359426008 ], [ -0.37420204569649, 39.491982189803373 ], [ -0.374334149252879, 39.491967131409709 ], [ -0.374546329335342, 39.491926373980085 ], [ -0.37454632933664, 39.491926373979837 ], [ -0.374585948568963, 39.491918800962594 ], [ -0.374599160004756, 39.491914545571134 ], [ -0.374599160004757, 39.491914545571134 ], [ -0.374599160146487, 39.491914545533582 ], [ -0.374752390532722, 39.49188232483656 ], [ -0.375122984622149, 39.491804313128618 ], [ -0.375410770929425, 39.491743713971168 ], [ -0.375410770941312, 39.491743713968731 ], [ -0.375623983844808, 39.491700689642364 ], [ -0.375892576602924, 39.49164651955406 ], [ -0.376116230709665, 39.491599302307712 ], [ -0.376253714434445, 39.491570359060155 ], [ -0.376354863497928, 39.491549026534656 ], [ -0.376354863499446, 39.49154902653445 ], [ -0.376354863501005, 39.491549026533995 ], [ -0.376556270897596, 39.491507008654956 ], [ -0.376862374099923, 39.491443166367539 ], [ -0.376862374099924, 39.491443166367539 ], [ -0.377106128872996, 39.491392081268074 ], [ -0.377351514313457, 39.49134063156751 ], [ -0.377351514315635, 39.491340631567063 ], [ -0.377383916289, 39.491333890135515 ], [ -0.377383916289056, 39.491333890135508 ], [ -0.37740465293415, 39.491329561006673 ], [ -0.377479533754119, 39.49131385605537 ], [ -0.377479533755511, 39.491313856055072 ], [ -0.377656319056258, 39.491276960557016 ], [ -0.377936786648493, 39.49121840066087 ], [ -0.378209862177739, 39.491161335407575 ], [ -0.378392886805981, 39.491123142660456 ], [ -0.378534539842114, 39.491093534018965 ], [ -0.378534539842113, 39.491093534018965 ], [ -0.37853453984319, 39.491093534018823 ], [ -0.378534539844191, 39.491093534018532 ], [ -0.378686596211048, 39.4910619842789 ], [ -0.378775538482512, 39.491043513801962 ], [ -0.378987210659731, 39.49099957913981 ], [ -0.379234641914277, 39.490948225622752 ], [ -0.379532800661881, 39.490886354646754 ], [ -0.379829876122773, 39.490822944094802 ], [ -0.38014332655385, 39.490756029109122 ], [ -0.380325467966497, 39.490717150327733 ], [ -0.380443284778655, 39.490692019824564 ], [ -0.380443284842894, 39.490692019812371 ], [ -0.380484258266289, 39.490685195985698 ], [ -0.380544485257616, 39.490671573044054 ], [ -0.380544485257614, 39.490671573044054 ], [ -0.380544485257702, 39.49067157304404 ] ] ] ] } },
{ "type": "Feature", "properties": { "INE_MUN": "46250", "DISTRITO": 5 }, "geometry": { "type": "MultiPolygon", "coordinates": [ [ [ [ -0.372652263418307, 39.479046808033424 ], [ -0.372652263418389, 39.47904680803348 ], [ -0.372662598680744, 39.479054199187374 ], [ -0.372669232880602, 39.479058925613948 ], [ -0.374165470487691, 39.479920134492232 ], [ -0.374165470487723, 39.479920134492247 ], [ -0.374179823638866, 39.479928391060767 ], [ -0.374179823673057, 39.479928391081209 ], [ -0.374190155156205, 39.479934809067935 ], [ -0.374231980321871, 39.479960807594139 ], [ -0.375352803546365, 39.480657300119866 ], [ -0.37535603374504, 39.480658886529596 ], [ -0.375356033745038, 39.480658886529596 ], [ -0.375356033747021, 39.480658886530776 ], [ -0.37535603374906, 39.480658886531586 ], [ -0.375356033749059, 39.480658886531586 ], [ -0.375358881153042, 39.480660297658183 ], [ -0.375704096874701, 39.48083132007676 ], [ -0.376534401883965, 39.481242649717139 ], [ -0.376838297732994, 39.481393200386307 ], [ -0.37683829773306, 39.481393200386321 ], [ -0.377453855456105, 39.481698141214821 ], [ -0.377661597558, 39.481801038723496 ], [ -0.378621332982702, 39.482012510028646 ], [ -0.379028949626337, 39.482071871879995 ], [ -0.379056843368291, 39.482075933376024 ], [ -0.3790568433683, 39.482075933376024 ], [ -0.379778633879106, 39.482181030585949 ], [ -0.380230721641648, 39.482187238280929 ], [ -0.380292642612529, 39.482188062212302 ], [ -0.380292642612827, 39.482188062212316 ], [ -0.380292642613037, 39.482188062212309 ], [ -0.38031733970118, 39.482188399177936 ], [ -0.38033480595067, 39.482186099328359 ], [ -0.380334805960066, 39.482186099327151 ], [ -0.38033892326339, 39.482185584055259 ], [ -0.381117512091083, 39.482083045035999 ], [ -0.381433876968666, 39.481967760533152 ], [ -0.381433876968668, 39.481967760533152 ], [ -0.381433877188328, 39.481967760473104 ], [ -0.381433877419033, 39.4819677604482 ], [ -0.381433877651511, 39.481967760459455 ], [ -0.38143387787642, 39.481967760506407 ], [ -0.381433878084725, 39.481967760587182 ], [ -0.381433878268058, 39.481967760698531 ], [ -0.381433878419049, 39.481967760835985 ], [ -0.381433878531633, 39.481967760993996 ], [ -0.381822747433362, 39.482672472004118 ], [ -0.381970715138396, 39.482778609494197 ], [ -0.382039573808296, 39.482827984023487 ], [ -0.382144743136818, 39.482903467822254 ], [ -0.382258811680923, 39.482985283387528 ], [ -0.382320622634841, 39.483029625229385 ], [ -0.382396483960922, 39.483084049072659 ], [ -0.382506192617429, 39.483162788781364 ], [ -0.382580571583385, 39.483216107069055 ], [ -0.382656389048064, 39.483270471200257 ], [ -0.382756503396068, 39.483342337076046 ], [ -0.382869135645173, 39.483423119725614 ], [ -0.382944257062661, 39.48347699051714 ], [ -0.382971535421158, 39.483495000833088 ], [ -0.382971535457344, 39.483495000858007 ], [ -0.382990083411644, 39.4835083191725 ], [ -0.383646215983878, 39.48397936165474 ], [ -0.383646215983899, 39.483979361654761 ], [ -0.384119106203572, 39.484318747080586 ], [ -0.385093884228877, 39.485018318366222 ], [ -0.385128758725026, 39.485043345815683 ], [ -0.385128758725025, 39.485043345815683 ], [ -0.385128758725038, 39.48504334581569 ], [ -0.385128758725063, 39.485043345815711 ], [ -0.386138844975721, 39.485768278997064 ], [ -0.386138844977778, 39.485768278998542 ], [ -0.38614969535826, 39.485776103953405 ], [ -0.386444216152368, 39.485964445003255 ], [ -0.387351655437115, 39.486544494890957 ], [ -0.387351655437114, 39.486544494890957 ], [ -0.387351655570997, 39.486544494991577 ], [ -0.387371384063312, 39.486561911135261 ], [ -0.387371384077094, 39.486561911147653 ], [ -0.387402322914669, 39.486590245745951 ], [ -0.387452275426114, 39.486634782225075 ], [ -0.38745227546556, 39.486634782262207 ], [ -0.387523989015453, 39.48670607671361 ], [ -0.387633763568263, 39.486815186281895 ], [ -0.387726458562137, 39.486907398666375 ], [ -0.387752350401267, 39.48693316480297 ], [ -0.387772300786352, 39.486951180432634 ], [ -0.387772300820704, 39.486951180465148 ], [ -0.38781481121427, 39.486993405398941 ], [ -0.387926467161133, 39.487104456944834 ], [ -0.388031607185176, 39.487208980088198 ], [ -0.388082106444159, 39.487259244675244 ], [ -0.388189769532013, 39.487366260368816 ], [ -0.388225722463504, 39.487402013589474 ], [ -0.388225722579671, 39.487402013730225 ], [ -0.38822572266029, 39.487402013885166 ], [ -0.388225722702587, 39.487402014048961 ], [ -0.388225722705104, 39.487402014216009 ], [ -0.388225722667755, 39.48740201438055 ], [ -0.388224923394875, 39.487404278530043 ], [ -0.388225736959203, 39.487404076653263 ], [ -0.388225736959201, 39.487404076653263 ], [ -0.388225737162232, 39.487404076618027 ], [ -0.388225737370116, 39.487404076611412 ], [ -0.388225737576189, 39.487404076633638 ], [ -0.388225737773848, 39.487404076683973 ], [ -0.388228700301593, 39.487405066673453 ], [ -0.388228700301592, 39.487405066673453 ], [ -0.388228700478282, 39.487405066747108 ], [ -0.388228700635987, 39.487405066843209 ], [ -0.388228700770007, 39.487405066958921 ], [ -0.388248465065718, 39.487425420615516 ], [ -0.388277054405567, 39.48745286885552 ], [ -0.388333690461433, 39.487507262163021 ], [ -0.388432844507352, 39.487602456936408 ], [ -0.388502072602847, 39.487668920274068 ], [ -0.388553194868648, 39.48771796445655 ], [ -0.388607024083626, 39.487769672993679 ], [ -0.388668300226707, 39.487828521667119 ], [ -0.388722222357072, 39.487880268274381 ], [ -0.388765613388216, 39.487921981137916 ], [ -0.388792459908599, 39.487947732481992 ], [ -0.388862979117466, 39.488015440809733 ], [ -0.388947560550504, 39.488096695397594 ], [ -0.389017159964852, 39.488163514516813 ], [ -0.389075446387574, 39.488219476047838 ], [ -0.389144126976255, 39.488285409602739 ], [ -0.389192715678106, 39.488332089430699 ], [ -0.389249303736768, 39.488386404646249 ], [ -0.389298814125819, 39.488433934848885 ], [ -0.389338213423729, 39.488471760610977 ], [ -0.389374940795996, 39.488507012876255 ], [ -0.389418379555834, 39.488548744590673 ], [ -0.389467935966119, 39.488596293773583 ], [ -0.389482649515989, 39.488610425802968 ], [ -0.389482649515992, 39.488610425802968 ], [ -0.389482649640182, 39.488610425949403 ], [ -0.389482649725424, 39.488610426111691 ], [ -0.389482649768488, 39.488610426283714 ], [ -0.389482649767743, 39.488610426458933 ], [ -0.389482649723218, 39.488610426630736 ], [ -0.389482649636599, 39.48861042679259 ], [ -0.389482649511166, 39.488610426938394 ], [ -0.389482649351669, 39.488610427062603 ], [ -0.389482649164145, 39.48861042716053 ], [ -0.389482648955694, 39.488610427228465 ], [ -0.389447183110064, 39.488618949135329 ], [ -0.389447183110066, 39.488618949135329 ], [ -0.389422914550776, 39.48862480464858 ], [ -0.38930666881739, 39.488654111080933 ], [ -0.389175227809622, 39.488687282183179 ], [ -0.389041528390808, 39.488720992464565 ], [ -0.38889330983021, 39.488758362717554 ], [ -0.388814082501645, 39.488778352094812 ], [ -0.388728406012909, 39.488799953201877 ], [ -0.388626678804574, 39.488825597926656 ], [ -0.388518554809989, 39.488852851907453 ], [ -0.388422355403127, 39.488877111713343 ], [ -0.388318416146264, 39.488903296524327 ], [ -0.388210578558701, 39.488930502599665 ], [ -0.3881222190065, 39.488952798784148 ], [ -0.388023085617728, 39.488977781475789 ], [ -0.387949481902024, 39.488996333643577 ], [ -0.387949481884526, 39.488996333647883 ], [ -0.387914305344217, 39.489004726453395 ], [ -0.38791430533515, 39.489004726455519 ], [ -0.387856514021955, 39.489018116135725 ], [ -0.387808839395519, 39.489029755788039 ], [ -0.38780883937118, 39.489029755793759 ], [ -0.387681469481938, 39.489058494294149 ], [ -0.387572173006393, 39.489083973318181 ], [ -0.387572173004465, 39.489083973318643 ], [ -0.387442223009171, 39.489114076936168 ], [ -0.387442222990142, 39.489114076940446 ], [ -0.387271439179559, 39.489151194493807 ], [ -0.387091521507763, 39.489191908110428 ], [ -0.387007036568437, 39.489211003258269 ], [ -0.386942778413244, 39.489225535313928 ], [ -0.386942778413243, 39.489225535313928 ], [ -0.386942778413096, 39.489225535313963 ], [ -0.386942778412969, 39.489225535313992 ], [ -0.386335735856574, 39.489362690452431 ], [ -0.386078918823813, 39.489420802890209 ], [ -0.38607891882376, 39.489420802890216 ], [ -0.385957166753444, 39.489448360484758 ], [ -0.385877483232213, 39.489466363749038 ], [ -0.385174522418321, 39.489625228991294 ], [ -0.384919000627166, 39.489682979706949 ], [ -0.384655851089716, 39.489742441906827 ], [ -0.384297978265993, 39.489823332795922 ], [ -0.383986790299116, 39.489893689236929 ], [ -0.383648129128565, 39.489970208946353 ], [ -0.382789634788532, 39.490164231207231 ], [ -0.382245544070635, 39.49028720738194 ], [ -0.382244969272815, 39.490287343075593 ], [ -0.382244969265977, 39.490287343076666 ], [ -0.382244969259701, 39.49028734307862 ], [ -0.382153709374979, 39.490307980183317 ], [ -0.382153709361169, 39.490307980186373 ], [ -0.382150685168537, 39.490308632753198 ], [ -0.38172455900192, 39.490404967546041 ], [ -0.380656402521942, 39.490646274104101 ], [ -0.380544485908813, 39.490671574772918 ], [ -0.380484258877251, 39.490685197723671 ], [ -0.380484258795796, 39.490685197739637 ], [ -0.380443285363606, 39.490692021567789 ], [ -0.380325468583633, 39.490717152064086 ], [ -0.380143327171223, 39.490756030845439 ], [ -0.379829876740141, 39.490822945831106 ], [ -0.379532801275553, 39.490886356383868 ], [ -0.379532801267552, 39.490886356385552 ], [ -0.379234642515645, 39.490948227362423 ], [ -0.378987211261166, 39.490999580879468 ], [ -0.378775539084111, 39.491043515541584 ], [ -0.378686596812552, 39.491061986018551 ], [ -0.378534540447145, 39.491093535757877 ], [ -0.378392887410921, 39.491123144399388 ], [ -0.378209862782612, 39.491161337146529 ], [ -0.377936787253526, 39.491218402399788 ], [ -0.377656319660925, 39.49127696229602 ], [ -0.377479534360055, 39.49131385779409 ], [ -0.377479534360054, 39.49131385779409 ], [ -0.377404653540495, 39.491329562745307 ], [ -0.377404653539193, 39.49132956274557 ], [ -0.377383916892762, 39.491333891874675 ], [ -0.377383916892763, 39.491333891874675 ], [ -0.377383916892301, 39.491333891874731 ], [ -0.377383916891801, 39.491333891874881 ], [ -0.377351514920034, 39.491340633306102 ], [ -0.377106129480027, 39.491392083006559 ], [ -0.376862374705465, 39.491443168106336 ], [ -0.376862374704103, 39.491443168106628 ], [ -0.376556271501849, 39.491507010394024 ], [ -0.376354864107729, 39.491549028272559 ], [ -0.376253715044417, 39.491570360798029 ], [ -0.376116231319928, 39.491599304045522 ], [ -0.375892577208026, 39.491646521292964 ], [ -0.375892577195259, 39.491646521295586 ], [ -0.375623984430481, 39.491700691385226 ], [ -0.375410771533192, 39.491743715710342 ], [ -0.375122985231654, 39.491804314866584 ], [ -0.374752391141831, 39.491882326574618 ], [ -0.374599160827753, 39.491914547256464 ], [ -0.37458594937946, 39.491918802651945 ], [ -0.374585949379459, 39.491918802651945 ], [ -0.374585949211698, 39.491918802694727 ], [ -0.374546329894676, 39.491926375728156 ], [ -0.374334149757518, 39.491967133168266 ], [ -0.374334149647016, 39.491967133185142 ], [ -0.374202045988646, 39.491982191590452 ], [ -0.374202045895794, 39.491982191598105 ], [ -0.374120261214698, 39.49198636122334 ], [ -0.374120261206331, 39.491986361223745 ], [ -0.374050560056845, 39.491989523730226 ], [ -0.37405056004612, 39.491989523730659 ], [ -0.374016845443397, 39.491990811280331 ], [ -0.374016845358113, 39.491990811281177 ], [ -0.374007563647989, 39.491990637546941 ], [ -0.373914721849696, 39.492087431735655 ], [ -0.373914721836355, 39.492087431749297 ], [ -0.373905092161792, 39.49209708274941 ], [ -0.373905455025754, 39.492097626469729 ], [ -0.373905455025752, 39.492097626469729 ], [ -0.373905455105179, 39.492097626620968 ], [ -0.373905455148049, 39.492097626780833 ], [ -0.373905455152956, 39.492097626944073 ], [ -0.37390545511974, 39.492097627105316 ], [ -0.373905455049489, 39.492097627259248 ], [ -0.373905454944514, 39.492097627400838 ], [ -0.37388933287726, 39.492115415690812 ], [ -0.373889332841875, 39.492115415727802 ], [ -0.373868552840216, 39.492136017580613 ], [ -0.373868552838881, 39.492136017581942 ], [ -0.373854949115361, 39.49214945299326 ], [ -0.373854948949259, 39.492149453126444 ], [ -0.373854948751504, 39.492149453230489 ], [ -0.373854948530458, 39.492149453300975 ], [ -0.373854948295475, 39.492149453334939 ], [ -0.373854948056492, 39.492149453330939 ], [ -0.373854947823621, 39.492149453289151 ], [ -0.373854947606713, 39.492149453211326 ], [ -0.373854947414942, 39.492149453100744 ], [ -0.373854947256422, 39.492149452962124 ], [ -0.37385494725642, 39.492149452962124 ], [ -0.373700041980366, 39.491982046347026 ], [ -0.372754723573399, 39.491288745263745 ], [ -0.372754723573401, 39.491288745263745 ], [ -0.372754723425035, 39.491288745131449 ], [ -0.372754723312557, 39.4912887449794 ], [ -0.372754723240222, 39.491288744813339 ], [ -0.372754723210775, 39.491288744639554 ], [ -0.372754723225328, 39.491288744464654 ], [ -0.372754723283332, 39.491288744295254 ], [ -0.372772547316573, 39.491251693915714 ], [ -0.372736390299583, 39.491224161280961 ], [ -0.372624264111214, 39.491139970494963 ], [ -0.37252417787237, 39.491064884952998 ], [ -0.372399686036433, 39.490971459616617 ], [ -0.372221603942696, 39.490837972800144 ], [ -0.372019405821363, 39.490687273168881 ], [ -0.371940752851327, 39.490629833589338 ], [ -0.37194075285033, 39.490629833588613 ], [ -0.371750971497019, 39.490490909517582 ], [ -0.371750971490389, 39.490490909512694 ], [ -0.371497061257452, 39.490302085322725 ], [ -0.371410993232123, 39.490238113855526 ], [ -0.371271646954762, 39.490134464170033 ], [ -0.371137606784342, 39.490035492803187 ], [ -0.370995502503756, 39.489930541686682 ], [ -0.370712875226181, 39.489721751269727 ], [ -0.370527677689441, 39.48958503790795 ], [ -0.370246165568872, 39.489377118433517 ], [ -0.370246165536999, 39.489377118409038 ], [ -0.370150142507171, 39.489300501927275 ], [ -0.37014565201838, 39.48930460210839 ], [ -0.370145652018381, 39.48930460210839 ], [ -0.370145651844439, 39.489304602237361 ], [ -0.370145651639939, 39.489304602335785 ], [ -0.370145651413654, 39.489304602399457 ], [ -0.370145651175293, 39.489304602425626 ], [ -0.370145650935088, 39.489304602413192 ], [ -0.370145650703343, 39.489304602362672 ], [ -0.370145650490003, 39.489304602276249 ], [ -0.370145650304224, 39.489304602157596 ], [ -0.370105090631689, 39.489272689517733 ], [ -0.369960883046488, 39.489165477908266 ], [ -0.369861007913139, 39.489091264233281 ], [ -0.36971078507417, 39.488979561314956 ], [ -0.369586314459548, 39.488887002839178 ], [ -0.369473235646304, 39.48880299019195 ], [ -0.369299386530523, 39.488673778466648 ], [ -0.369175980453213, 39.488582000395724 ], [ -0.369061054922683, 39.488496576209592 ], [ -0.368892858859505, 39.488371497179898 ], [ -0.368758708099432, 39.488271781889445 ], [ -0.368670230734468, 39.488205978238064 ], [ -0.36852245847486, 39.488096139163908 ], [ -0.368387245350213, 39.487995642656067 ], [ -0.368336473487572, 39.487957903672239 ], [ -0.368336473487573, 39.487957903672239 ], [ -0.368336473342584, 39.48795790354162 ], [ -0.368336473232348, 39.487957903392015 ], [ -0.368336473160898, 39.487957903228882 ], [ -0.368336473130855, 39.487957903058174 ], [ -0.368336473143316, 39.487957902886158 ], [ -0.368336473197821, 39.487957902719145 ], [ -0.36833647329238, 39.487957902563224 ], [ -0.368336473423531, 39.487957902424114 ], [ -0.368336473586473, 39.487957902306896 ], [ -0.368387133370687, 39.487927907258076 ], [ -0.368419040069637, 39.487908999800901 ], [ -0.368526931215441, 39.487832441797416 ], [ -0.368648780687397, 39.487744447858226 ], [ -0.368716785556176, 39.487683809389921 ], [ -0.368773408060561, 39.487633377678776 ], [ -0.368862430242766, 39.487553238996377 ], [ -0.368936320662072, 39.487478031344004 ], [ -0.369014611020696, 39.487398365710654 ], [ -0.369064087190877, 39.487347974736657 ], [ -0.369064087190879, 39.487347974736657 ], [ -0.369064087190942, 39.487347974736615 ], [ -0.369064087190993, 39.487347974736551 ], [ -0.369111632953854, 39.48729956613446 ], [ -0.369184343555274, 39.487211233767376 ], [ -0.369321988644997, 39.487044095252493 ], [ -0.369458824390646, 39.486837659117924 ], [ -0.369525247933245, 39.486736879227877 ], [ -0.369373878873875, 39.486709872227941 ], [ -0.369056955020984, 39.486653341459409 ], [ -0.368912305351682, 39.48662752178241 ], [ -0.368700532676588, 39.486589699344606 ], [ -0.368491409333498, 39.48655238335617 ], [ -0.368296998081146, 39.486517683021319 ], [ -0.36822462677353, 39.486504733394248 ], [ -0.368224626626955, 39.48650473336 ], [ -0.368081054053186, 39.486463014054138 ], [ -0.367929100872892, 39.486418816511602 ], [ -0.367779878441989, 39.486375400431676 ], [ -0.367605593247, 39.486324696744511 ], [ -0.367590850569031, 39.486320417050848 ], [ -0.367583302477003, 39.486323583593972 ], [ -0.367583302477002, 39.486323583593972 ], [ -0.36758330224137, 39.486323583668273 ], [ -0.367583301990515, 39.486323583701093 ], [ -0.367583301736461, 39.486323583690805 ], [ -0.367583301491378, 39.48632358363794 ], [ -0.367478857006637, 39.48629114618695 ], [ -0.367203823984552, 39.486206001682383 ], [ -0.367014785336028, 39.486150206207867 ], [ -0.366938821375975, 39.486127728687045 ], [ -0.366938821374187, 39.486127728686526 ], [ -0.366613887957262, 39.486031105472023 ], [ -0.366561623599798, 39.486016615057132 ], [ -0.366561623597862, 39.486016615056421 ], [ -0.366561623595818, 39.48601661505603 ], [ -0.366495134694199, 39.48599796900249 ], [ -0.366238092506339, 39.485925834130043 ], [ -0.365898494548917, 39.485830480096965 ], [ -0.365772115280508, 39.485795034940267 ], [ -0.365603897728746, 39.48574782609586 ], [ -0.365470995278574, 39.485711047334547 ], [ -0.365347759406487, 39.485795429694484 ], [ -0.365311804250727, 39.485823338869501 ], [ -0.365246065271641, 39.485874282882321 ], [ -0.365145596536879, 39.485952205251714 ], [ -0.365099138463691, 39.485988235449774 ], [ -0.365035070406401, 39.486037871318977 ], [ -0.364927242817212, 39.486121494926444 ], [ -0.364861459900616, 39.4861725097863 ], [ -0.36479621623795, 39.486223096308599 ], [ -0.364748578285128, 39.486260004983734 ], [ -0.364721252476811, 39.486281208982341 ], [ -0.364721252303726, 39.486281209092901 ], [ -0.364721252106452, 39.486281209175651 ], [ -0.364721251892338, 39.486281209227471 ], [ -0.36472125166936, 39.486281209246457 ], [ -0.36472125144583, 39.486281209231898 ], [ -0.364721251230074, 39.486281209184334 ], [ -0.364721251030132, 39.486281209105528 ], [ -0.364721250853456, 39.486281208998435 ], [ -0.364604317934238, 39.486195000728969 ], [ -0.36446898915667, 39.486095195283774 ], [ -0.364344269667236, 39.486003233723224 ], [ -0.364172802348862, 39.485876803527105 ], [ -0.364051560867827, 39.48578742949217 ], [ -0.363884405572531, 39.485664136251032 ], [ -0.363711458736069, 39.485536598876834 ], [ -0.363562654139484, 39.485426896829452 ], [ -0.363488942918491, 39.485372514105769 ], [ -0.3634544268909, 39.485347096485846 ], [ -0.363454426739929, 39.485347096350068 ], [ -0.363454426626651, 39.485347096193799 ], [ -0.363454426555553, 39.485347096023254 ], [ -0.363454426529449, 39.485347095845171 ], [ -0.363454426549377, 39.485347095666619 ], [ -0.363454426614545, 39.485347095494653 ], [ -0.363493792721278, 39.485271883594969 ], [ -0.363540495961524, 39.485182761965063 ], [ -0.36354049596432, 39.485182761959784 ], [ -0.363555310066903, 39.485154999765207 ], [ -0.36358846612009, 39.485087798969019 ], [ -0.363651033912013, 39.484959443732407 ], [ -0.36370456802389, 39.484849554160071 ], [ -0.363776730565107, 39.484701526081956 ], [ -0.363810444551926, 39.484632346922496 ], [ -0.363810444559665, 39.484632346907034 ], [ -0.363813888390729, 39.48462565552299 ], [ -0.363813142546454, 39.484625102987927 ], [ -0.363813142531239, 39.484625102976437 ], [ -0.363809306926604, 39.484622155676739 ], [ -0.363809306926601, 39.484622155676739 ], [ -0.363809306775805, 39.484622155534332 ], [ -0.363809306665563, 39.484622155371127 ], [ -0.363809306600487, 39.484622155193954 ], [ -0.363809306583302, 39.484622155010229 ], [ -0.363809306614727, 39.484622154827626 ], [ -0.363809306693448, 39.484622154653806 ], [ -0.364110208430897, 39.484126836016237 ], [ -0.364196687818196, 39.483868468840804 ], [ -0.364196687865972, 39.483868468728822 ], [ -0.364649913794566, 39.483001368742492 ], [ -0.366411287010446, 39.479414325493508 ], [ -0.366445537948005, 39.47934460449293 ], [ -0.36736031493033, 39.477481012426473 ], [ -0.367360314930329, 39.477481012426473 ], [ -0.36736031504032, 39.477481012258046 ], [ -0.367360315193202, 39.47748101211107 ], [ -0.367360315382259, 39.477481011992055 ], [ -0.367371863427311, 39.477475183681854 ], [ -0.367435791911966, 39.477442854463995 ], [ -0.367613301861336, 39.477353113285979 ], [ -0.367939586989755, 39.47718823561825 ], [ -0.368136606817879, 39.477088643073451 ], [ -0.368155914537976, 39.477070316093048 ], [ -0.368391200973786, 39.476842404721644 ], [ -0.368695080569972, 39.476546818996361 ], [ -0.36877648721033, 39.476467593199509 ], [ -0.368776487212055, 39.476467593197825 ], [ -0.368811427330894, 39.476433754587966 ], [ -0.368811427496157, 39.476433754457588 ], [ -0.368811427691983, 39.476433754355767 ], [ -0.368811427910303, 39.476433754286674 ], [ -0.368811428142128, 39.476433754253172 ], [ -0.368811428377905, 39.476433754256647 ], [ -0.368811428607927, 39.476433754296913 ], [ -0.368811428822716, 39.476433754372366 ], [ -0.368811429013426, 39.476433754479871 ], [ -0.3688114291722, 39.476433754615002 ], [ -0.368847291436064, 39.476471317862931 ], [ -0.369438297530383, 39.476881223917246 ], [ -0.36943857513136, 39.476881414879891 ], [ -0.369438575134956, 39.476881414882371 ], [ -0.370375086414527, 39.477531035641178 ], [ -0.370619819239183, 39.477686682277451 ], [ -0.371798556561633, 39.478436531227956 ], [ -0.371798556612244, 39.478436531262091 ], [ -0.372652263418215, 39.479046808033345 ], [ -0.372652263418214, 39.479046808033345 ], [ -0.372652263418307, 39.479046808033424 ] ] ] ] } },
{ "type": "Feature", "properties": { "INE_MUN": "46250", "DISTRITO": 13 }, "geometry": { "type": "MultiPolygon", "coordinates": [ [ [ [ -0.338598672453263, 39.468794089293503 ], [ -0.338598464834494, 39.468794507699272 ], [ -0.338598464730372, 39.468794507859386 ], [ -0.338598464587387, 39.468794508000336 ], [ -0.338598464411207, 39.468794508116524 ], [ -0.33859846420882, 39.468794508203352 ], [ -0.338598463988244, 39.468794508257396 ], [ -0.338598463758231, 39.468794508276488 ], [ -0.338598463527895, 39.468794508259883 ], [ -0.338598041774534, 39.468794444556416 ], [ -0.337472246620139, 39.468720324562447 ], [ -0.337445792343072, 39.468718650919001 ], [ -0.33744579233619, 39.468718650918539 ], [ -0.337442088347781, 39.468718399392344 ], [ -0.33630451996978, 39.468643408271156 ], [ -0.335603223658027, 39.468597266555271 ], [ -0.33531535506928, 39.468578289888178 ], [ -0.335005973812644, 39.468557874151529 ], [ -0.335005973588399, 39.468557874119313 ], [ -0.335005973376591, 39.468557874053758 ], [ -0.335005973185384, 39.468557873957415 ], [ -0.335005973022148, 39.468557873833966 ], [ -0.335005972893172, 39.468557873688191 ], [ -0.335005972803425, 39.468557873525683 ], [ -0.335005972756366, 39.468557873352715 ], [ -0.33500597275381, 39.468557873175961 ], [ -0.335012461537416, 39.468500275948585 ], [ -0.335023418711318, 39.46840277877601 ], [ -0.335027605948526, 39.468365402939341 ], [ -0.335059845280705, 39.468078382327434 ], [ -0.33505984528202, 39.468078382316506 ], [ -0.335098213540522, 39.467779047642367 ], [ -0.335132042748703, 39.467515215008149 ], [ -0.335134690308066, 39.467494573629409 ], [ -0.335140724441188, 39.46744748006244 ], [ -0.335178272064509, 39.467155950603548 ], [ -0.335198823291679, 39.466996791431825 ], [ -0.335212093564507, 39.466893518600244 ], [ -0.335212093568213, 39.46689351857502 ], [ -0.335212962441888, 39.46688826389186 ], [ -0.335332266737246, 39.465964027692685 ], [ -0.335332266768769, 39.465964027556005 ], [ -0.335332266827022, 39.465964027424718 ], [ -0.335332522574346, 39.465963569338491 ], [ -0.335332522574348, 39.465963569338491 ], [ -0.335332522690986, 39.465963569177312 ], [ -0.335332522847615, 39.465963569037989 ], [ -0.335332523037638, 39.465963568926391 ], [ -0.335332523253054, 39.465963568847187 ], [ -0.335332523484789, 39.465963568803758 ], [ -0.335332523723083, 39.465963568797896 ], [ -0.335332523957902, 39.465963568829871 ], [ -0.335332523957902, 39.465963568829871 ], [ -0.335338897736317, 39.465964971696565 ], [ -0.335338897823073, 39.465964971718549 ], [ -0.335646196411752, 39.466053340313792 ], [ -0.335877774945979, 39.466119938616757 ], [ -0.336251327321369, 39.466227387004444 ], [ -0.33625132732882, 39.466227387006604 ], [ -0.33649015230875, 39.466297527576472 ], [ -0.336732371662174, 39.466368611189935 ], [ -0.336993136064596, 39.466445136237809 ], [ -0.337316661729398, 39.466540092833085 ], [ -0.337316661729396, 39.466540092833085 ], [ -0.337316661838153, 39.466540092870027 ], [ -0.337327170147746, 39.466544171363239 ], [ -0.337327685793771, 39.466544363333554 ], [ -0.339272187734675, 39.467109947197535 ], [ -0.339273647797895, 39.467110368002807 ], [ -0.33927364780093, 39.467110368003695 ], [ -0.33941598739791, 39.46715174198696 ], [ -0.339875903148347, 39.467285510268155 ], [ -0.340561594627616, 39.467484868134513 ], [ -0.340859641920813, 39.467571592454824 ], [ -0.341040682266807, 39.467624219079894 ], [ -0.341805014695729, 39.467846434133087 ], [ -0.341822752459052, 39.467850677585027 ], [ -0.341822752526808, 39.467850677603032 ], [ -0.342071816898495, 39.467923568856193 ], [ -0.342160187631833, 39.467949426262706 ], [ -0.342539005825704, 39.468060429877312 ], [ -0.342860651648053, 39.46815372010326 ], [ -0.343067648135692, 39.468213706251753 ], [ -0.343466572834503, 39.468329373648878 ], [ -0.343466573044763, 39.468329373729439 ], [ -0.343466573229862, 39.468329373841087 ], [ -0.34346657338226, 39.468329373979266 ], [ -0.343607583737028, 39.46848703711035 ], [ -0.343704351889264, 39.468595077573816 ], [ -0.343870030144903, 39.468780001161591 ], [ -0.344046777920236, 39.468740427840032 ], [ -0.344253249799962, 39.46869420111139 ], [ -0.344253249799963, 39.46869420111139 ], [ -0.344253250079468, 39.468694201076637 ], [ -0.344635854696208, 39.468683239241464 ], [ -0.344673268089551, 39.468682174355855 ], [ -0.344690617054354, 39.468680300568209 ], [ -0.344690617294658, 39.468680300561729 ], [ -0.344690617531536, 39.468680300593732 ], [ -0.344690617754845, 39.468680300662825 ], [ -0.344700701543693, 39.468684404806964 ], [ -0.344915282, 39.468745209586572 ], [ -0.345081734353793, 39.468792369783692 ], [ -0.345372431707575, 39.468874762564162 ], [ -0.345612402894311, 39.468942785543753 ], [ -0.345659083001908, 39.468956012684259 ], [ -0.345660210634722, 39.468956313204941 ], [ -0.345660210660365, 39.46895631321204 ], [ -0.345734385779786, 39.468977600555633 ], [ -0.345989627078116, 39.469050881305769 ], [ -0.346444035418716, 39.469181290888223 ], [ -0.346737191048111, 39.46926545258016 ], [ -0.34692094963255, 39.469318203342901 ], [ -0.346920949677301, 39.469318203356579 ], [ -0.346971835754208, 39.469334697975611 ], [ -0.348365456131166, 39.469734423145141 ], [ -0.349352984504995, 39.470017751139409 ], [ -0.349427959517093, 39.470039180465378 ], [ -0.349435898075693, 39.470039456122066 ], [ -0.349435898389502, 39.470039456166958 ], [ -0.34958290742075, 39.470077253221753 ], [ -0.349735338850547, 39.470116429575839 ], [ -0.350293616444846, 39.470259908921996 ], [ -0.350293616521459, 39.470259908944023 ], [ -0.350493766194598, 39.470323770779359 ], [ -0.350883766894784, 39.470448131714789 ], [ -0.351080717899616, 39.47051097821479 ], [ -0.351080717998053, 39.470510978250452 ], [ -0.351099518647242, 39.470518640808166 ], [ -0.352425493097526, 39.470898926608385 ], [ -0.352437136653804, 39.470901921532111 ], [ -0.352437136694061, 39.470901921543103 ], [ -0.352483947100293, 39.470915460636547 ], [ -0.352631353285719, 39.47095798890642 ], [ -0.352816148464126, 39.4710113513108 ], [ -0.353166387458044, 39.471112502196583 ], [ -0.353166387459625, 39.471112502197045 ], [ -0.353322310859725, 39.4711577334308 ], [ -0.35332231091002, 39.471157733446447 ], [ -0.353477937789514, 39.471209411598217 ], [ -0.353742365050715, 39.471297296864762 ], [ -0.35396128093304, 39.471370032132313 ], [ -0.354155418410067, 39.471434540883521 ], [ -0.354341045705404, 39.471496221403967 ], [ -0.354341045705403, 39.471496221403967 ], [ -0.354341045899243, 39.471496221486092 ], [ -0.354341046069524, 39.47149622159516 ], [ -0.354341046210091, 39.471496221727236 ], [ -0.354341046315866, 39.471496221877544 ], [ -0.354341046383021, 39.471496222040656 ], [ -0.354341046409131, 39.471496222210668 ], [ -0.354341046393252, 39.471496222381433 ], [ -0.354341046335955, 39.471496222546783 ], [ -0.35426431181411, 39.471655392807378 ], [ -0.354198167470637, 39.471792629952084 ], [ -0.354099206109541, 39.471997996366248 ], [ -0.35406928957452, 39.472059988274601 ], [ -0.353998284703826, 39.47220737109744 ], [ -0.353894785657809, 39.472422020222425 ], [ -0.353855252120946, 39.47250407271013 ], [ -0.353770555196899, 39.472679741011909 ], [ -0.35372683700614, 39.472770495212991 ], [ -0.353683474817439, 39.472861851180255 ], [ -0.353640939757101, 39.47295146925812 ], [ -0.353586808249137, 39.473065624352159 ], [ -0.353498325146606, 39.473252053653447 ], [ -0.353459353426304, 39.473334284542617 ], [ -0.353381167348286, 39.473498975879771 ], [ -0.353297440902846, 39.473675530729516 ], [ -0.353271615653549, 39.473729981560425 ], [ -0.353196735479825, 39.473887811304209 ], [ -0.353143255683934, 39.474000372941752 ], [ -0.353143255683935, 39.474000372941752 ], [ -0.353143255683383, 39.474000372942641 ], [ -0.353143255683077, 39.474000372943557 ], [ -0.353143255683076, 39.474000372943557 ], [ -0.353137233516763, 39.474012965153747 ], [ -0.353137233516067, 39.474012965155197 ], [ -0.353090194739961, 39.474110804513899 ], [ -0.353052569671203, 39.474189039004735 ], [ -0.352992969235847, 39.474312974341764 ], [ -0.352975238659939, 39.474349857720306 ], [ -0.352931153008587, 39.474441507690095 ], [ -0.352891658585632, 39.474523691320059 ], [ -0.352862818785432, 39.474583621872185 ], [ -0.352827928263513, 39.474656126840387 ], [ -0.352790351593922, 39.474734294770457 ], [ -0.352754633106705, 39.474808551073444 ], [ -0.352710898978962, 39.474899528793841 ], [ -0.352692809467141, 39.474937102125409 ], [ -0.352672547165787, 39.474979278076468 ], [ -0.352644063716882, 39.475038537420822 ], [ -0.35262738332983, 39.475074078932415 ], [ -0.352607754900656, 39.475115936888429 ], [ -0.352577291778578, 39.475180925729987 ], [ -0.352545693698064, 39.475248284134217 ], [ -0.352514038987631, 39.475315754748557 ], [ -0.352482858361186, 39.475382217263515 ], [ -0.352454780482628, 39.475442093034708 ], [ -0.352476257080804, 39.475448171991047 ], [ -0.353745225357954, 39.475807537214251 ], [ -0.353776318466417, 39.47581632612637 ], [ -0.353894231802975, 39.475849691415682 ], [ -0.353948262398735, 39.475865002422339 ], [ -0.353948262398734, 39.475865002422339 ], [ -0.353948262600916, 39.475865002497486 ], [ -0.353948262780707, 39.475865002601331 ], [ -0.353948262931413, 39.475865002730011 ], [ -0.353948263047421, 39.475865002878727 ], [ -0.353948263124411, 39.475865003041925 ], [ -0.353948263159513, 39.475865003213563 ], [ -0.353948263151424, 39.475865003387234 ], [ -0.353948263100444, 39.475865003556457 ], [ -0.353948263008468, 39.475865003714951 ], [ -0.353494305852851, 39.476480462974884 ], [ -0.3533784406211, 39.476639188104244 ], [ -0.353378440621098, 39.476639188104244 ], [ -0.353378440497894, 39.476639188241492 ], [ -0.35337844034407, 39.476639188358725 ], [ -0.353259020288345, 39.476714654381773 ], [ -0.35321001610852, 39.476819182779877 ], [ -0.353135423845413, 39.47697805494542 ], [ -0.353073056394597, 39.477110944991104 ], [ -0.353017162731523, 39.477230095465643 ], [ -0.35295789779147, 39.477356416638045 ], [ -0.352927450210319, 39.4774323461112 ], [ -0.352847678237692, 39.47763117101637 ], [ -0.352783461352961, 39.477791364827574 ], [ -0.352714311488416, 39.477963733257212 ], [ -0.352714311482548, 39.477963733271423 ], [ -0.352701240837361, 39.477994505879096 ], [ -0.352701900636715, 39.477994705298322 ], [ -0.352733142964116, 39.47800325915977 ], [ -0.352885266087454, 39.478044841565001 ], [ -0.353115380117433, 39.478107739365981 ], [ -0.35311538012316, 39.478107739367573 ], [ -0.353404075731518, 39.478187966904095 ], [ -0.353649131711868, 39.478256113737281 ], [ -0.353952577178949, 39.478340441484583 ], [ -0.354202536944669, 39.478409892482198 ], [ -0.354367641698129, 39.478455777431044 ], [ -0.35451488580301, 39.478496709713866 ], [ -0.354615857371536, 39.478524800461095 ], [ -0.354615857436409, 39.478524800480862 ], [ -0.354661520455743, 39.478539956719338 ], [ -0.354661520651111, 39.478539956802173 ], [ -0.354661520822498, 39.478539956912371 ], [ -0.35466152096361, 39.478539957045896 ], [ -0.354661521069265, 39.478539957197818 ], [ -0.354661521135579, 39.478539957362564 ], [ -0.354661521160119, 39.478539957534096 ], [ -0.354661521141981, 39.478539957706104 ], [ -0.354661521081834, 39.478539957872265 ], [ -0.354661521081835, 39.478539957872265 ], [ -0.354647300507643, 39.478568417121224 ], [ -0.354596949504816, 39.478669388731966 ], [ -0.354527454538161, 39.478810810729442 ], [ -0.354446912610384, 39.478975894921831 ], [ -0.354446912571354, 39.478975894992544 ], [ -0.354221695017626, 39.479340074039854 ], [ -0.354221694964905, 39.479340074115598 ], [ -0.354201922207492, 39.479365491653958 ], [ -0.354114523312754, 39.479477907431182 ], [ -0.353970408775284, 39.479663218780196 ], [ -0.353822199694305, 39.479853512227919 ], [ -0.353822199694306, 39.479853512227919 ], [ -0.353822199553433, 39.479853512373275 ], [ -0.353779759533971, 39.479889152984683 ], [ -0.3536178482578, 39.480025185198485 ], [ -0.353421061517879, 39.480190513005283 ], [ -0.353221825578987, 39.480357833268364 ], [ -0.353221825513565, 39.480357833319097 ], [ -0.353079147282267, 39.480459989390972 ], [ -0.352876807704985, 39.48060476600935 ], [ -0.35274606435897, 39.480698576667777 ], [ -0.352746064358972, 39.480698576667777 ], [ -0.352746064358824, 39.480698576667862 ], [ -0.352746064358692, 39.480698576667976 ], [ -0.352746064358695, 39.480698576667976 ], [ -0.352702648074479, 39.480729708270566 ], [ -0.352702648058493, 39.480729708281821 ], [ -0.352528377225268, 39.480850088410271 ], [ -0.352528377203317, 39.480850088425051 ], [ -0.352346861471017, 39.480969290623143 ], [ -0.352338556206602, 39.480974781403049 ], [ -0.352338556203553, 39.48097478140506 ], [ -0.352270438931686, 39.481019501868396 ], [ -0.352136973267533, 39.481107195907512 ], [ -0.352136973266521, 39.481107195908187 ], [ -0.351900772032904, 39.481262033084064 ], [ -0.351900772026243, 39.481262033088385 ], [ -0.351688436731369, 39.481399125033853 ], [ -0.351469653644318, 39.481540371293924 ], [ -0.351364513175297, 39.481608252055054 ], [ -0.351364513166765, 39.481608252060511 ], [ -0.351182724355577, 39.481723364294361 ], [ -0.350998734838352, 39.481839870166475 ], [ -0.350810645328241, 39.481960547903867 ], [ -0.350622779255438, 39.482082702453347 ], [ -0.350622779242505, 39.482082702461639 ], [ -0.350428122831827, 39.482205603643216 ], [ -0.350045926205074, 39.482446905257952 ], [ -0.34962236718435, 39.482714310011453 ], [ -0.349170449952633, 39.482999625156225 ], [ -0.348836566713158, 39.483216249900167 ], [ -0.348247799136444, 39.48360162957443 ], [ -0.347684264357587, 39.48397064569874 ], [ -0.346999309591043, 39.484419542022223 ], [ -0.34680866046238, 39.484544487843699 ], [ -0.346315929351273, 39.484866848563385 ], [ -0.345754530741223, 39.485235552470115 ], [ -0.345115668309899, 39.485655157773145 ], [ -0.345115668294854, 39.485655157782851 ], [ -0.344437671860766, 39.486085454831901 ], [ -0.344437671857397, 39.486085454834026 ], [ -0.343766333222765, 39.486508274108871 ], [ -0.343766333217761, 39.486508274112005 ], [ -0.343164878914811, 39.486882805982674 ], [ -0.34316487891327, 39.486882805983619 ], [ -0.342944623661269, 39.48701948232371 ], [ -0.342923334778663, 39.487034476991006 ], [ -0.342923334750348, 39.487034477010297 ], [ -0.342855418380712, 39.487079282855404 ], [ -0.342855418380714, 39.487079282855404 ], [ -0.342855418186408, 39.487079282959222 ], [ -0.342855417969044, 39.487079283030454 ], [ -0.342855417737587, 39.487079283066208 ], [ -0.342855417501584, 39.487079283064972 ], [ -0.342855417270769, 39.487079283026823 ], [ -0.3427788284537, 39.48706015014448 ], [ -0.342778782353307, 39.48706014008561 ], [ -0.342778782328099, 39.487060140079869 ], [ -0.342088255086519, 39.486896325201755 ], [ -0.34208825488547, 39.486896325137565 ], [ -0.34103509291926, 39.486466805672052 ], [ -0.341027994147952, 39.486465036092426 ], [ -0.341027994146801, 39.486465036092142 ], [ -0.339687701962577, 39.486129725062121 ], [ -0.337405604610325, 39.485915295282297 ], [ -0.336776199912454, 39.486053121075564 ], [ -0.336772553726329, 39.486053924819963 ], [ -0.336770679239715, 39.486054913269875 ], [ -0.336770679237355, 39.486054913271118 ], [ -0.33626243046146, 39.486321508128249 ], [ -0.335922751951271, 39.486692091242539 ], [ -0.335688740884016, 39.487063284738234 ], [ -0.33568874088175, 39.487063284741815 ], [ -0.335687603119668, 39.487065069406086 ], [ -0.335687603119666, 39.487065069406086 ], [ -0.335687602978707, 39.487065069576019 ], [ -0.335410139825169, 39.487328959694857 ], [ -0.335410139825166, 39.487328959694857 ], [ -0.335410139670934, 39.487328959816068 ], [ -0.33541013949002, 39.487328959912631 ], [ -0.335410139288887, 39.487328959981078 ], [ -0.333991276616951, 39.487692300180896 ], [ -0.333989497862562, 39.48769275484819 ], [ -0.333989497638207, 39.487692754887 ], [ -0.333989497408385, 39.487692754890809 ], [ -0.333989497182088, 39.487692754859502 ], [ -0.333989496968172, 39.487692754794288 ], [ -0.333989496775007, 39.487692754697733 ], [ -0.33398949677501, 39.487692754697733 ], [ -0.333988661911248, 39.48769224006292 ], [ -0.333913174875769, 39.487645694179058 ], [ -0.33191095930756, 39.486410904740801 ], [ -0.331500095824617, 39.486167711626052 ], [ -0.331467616055711, 39.486148479898489 ], [ -0.331446007065959, 39.486142033415057 ], [ -0.33144600706038, 39.486142033413387 ], [ -0.331445685260814, 39.48614193593577 ], [ -0.331445685254602, 39.486141935933873 ], [ -0.331445558857934, 39.486141896996195 ], [ -0.331445558857935, 39.486141896996195 ], [ -0.331445558660809, 39.48614189691785 ], [ -0.331445558486447, 39.486141896811958 ], [ -0.33144555834119, 39.486141896682348 ], [ -0.331445558230315, 39.486141896533724 ], [ -0.331445558157852, 39.486141896371507 ], [ -0.331445558126434, 39.48614189620158 ], [ -0.331445558137204, 39.486141896030112 ], [ -0.331446186372189, 39.486138541209591 ], [ -0.331527134027911, 39.485618290232246 ], [ -0.331527134028808, 39.485618290226633 ], [ -0.331550551547541, 39.485475347098365 ], [ -0.331590307952892, 39.485232759908783 ], [ -0.331611868170971, 39.485101134097071 ], [ -0.331611868174649, 39.485101134076515 ], [ -0.331630487291906, 39.485005217934223 ], [ -0.331630487292263, 39.485005217932404 ], [ -0.331667311907309, 39.484818116521858 ], [ -0.331693129241394, 39.484687218153454 ], [ -0.331722743572073, 39.484537863423981 ], [ -0.331753603318918, 39.484382082535923 ], [ -0.331753603319178, 39.484382082534616 ], [ -0.331777276701522, 39.484263734498803 ], [ -0.331828701384281, 39.484000956310453 ], [ -0.331857880204077, 39.483851906831703 ], [ -0.331892920264557, 39.483672826232223 ], [ -0.331925949307136, 39.483503919831378 ], [ -0.331925949307327, 39.483503919830405 ], [ -0.331963823911882, 39.48331165786189 ], [ -0.332005997062945, 39.483097908778873 ], [ -0.332028146826186, 39.482985633588804 ], [ -0.332074692824594, 39.482749602705425 ], [ -0.332112204352486, 39.482559362889177 ], [ -0.332127152152999, 39.482483565282948 ], [ -0.332167728560159, 39.482277950355439 ], [ -0.332210898913286, 39.482059183670188 ], [ -0.332252845008541, 39.481846280556354 ], [ -0.332292424409112, 39.481645588457837 ], [ -0.332313563714901, 39.481538582606788 ], [ -0.332355678370269, 39.481325052693172 ], [ -0.33240429216887, 39.48107850274107 ], [ -0.332467024671769, 39.480760355733437 ], [ -0.33249106145031, 39.480638510518155 ], [ -0.332535925215939, 39.480395302215648 ], [ -0.332566468164362, 39.480227779849905 ], [ -0.332592915154082, 39.480082892456785 ], [ -0.332633095790093, 39.479862579459905 ], [ -0.332681274900096, 39.47959860097388 ], [ -0.332706392614288, 39.479460952165127 ], [ -0.332746518175357, 39.479239625258181 ], [ -0.332746518176708, 39.479239625250948 ], [ -0.33275567669124, 39.479191922568063 ], [ -0.332755676691608, 39.479191922566152 ], [ -0.332756327496854, 39.479188581759111 ], [ -0.332759770210854, 39.479169526254488 ], [ -0.332759770214228, 39.479169526237051 ], [ -0.332795875439762, 39.47899467672444 ], [ -0.332828306337866, 39.478837638691687 ], [ -0.332903229952967, 39.478472006863925 ], [ -0.332923833013712, 39.478371371209953 ], [ -0.333018549225474, 39.477907687628743 ], [ -0.333059299822257, 39.477698572711425 ], [ -0.333135277394792, 39.477308907030967 ], [ -0.333219205741719, 39.476878186280892 ], [ -0.333219205745235, 39.476878186263953 ], [ -0.333249688354244, 39.476739679334067 ], [ -0.33331751624206, 39.476431206790593 ], [ -0.333317516301951, 39.47643120662071 ], [ -0.333317516403356, 39.476431206463126 ], [ -0.333317516542399, 39.476431206323845 ], [ -0.333317516713761, 39.476431206208197 ], [ -0.333317516910889, 39.476431206120601 ], [ -0.333317517126243, 39.476431206064426 ], [ -0.33331751735159, 39.476431206041802 ], [ -0.333317517578307, 39.476431206053597 ], [ -0.333317517797728, 39.476431206099377 ], [ -0.333530347669445, 39.476493451289102 ], [ -0.333530347671054, 39.476493451289571 ], [ -0.334009376817644, 39.476634177093089 ], [ -0.334374749739899, 39.476741520873333 ], [ -0.335446908588101, 39.477056442721548 ], [ -0.33566200728826, 39.476597972824059 ], [ -0.335708005332265, 39.476408259519239 ], [ -0.335708005332266, 39.476408259519239 ], [ -0.335708005383024, 39.476408259376122 ], [ -0.335820416648069, 39.476170155747035 ], [ -0.335879523519746, 39.47604488861051 ], [ -0.33597882944572, 39.475834438447961 ], [ -0.336055025106684, 39.475673037062435 ], [ -0.336055025107463, 39.47567303706078 ], [ -0.336173536829837, 39.475423505675273 ], [ -0.33617353682984, 39.475423505675273 ], [ -0.33628338859742, 39.475191157997891 ], [ -0.336388056701358, 39.474969889239674 ], [ -0.336484338016856, 39.474766269041979 ], [ -0.336621325514497, 39.474476612290374 ], [ -0.336718432185985, 39.47427127750565 ], [ -0.336816846128439, 39.474062891599779 ], [ -0.336816846128975, 39.474062891598649 ], [ -0.336893784590157, 39.473900650774503 ], [ -0.336893784591342, 39.473900650772023 ], [ -0.336944951600875, 39.473793727521567 ], [ -0.336988310582875, 39.473703044664539 ], [ -0.336993417807552, 39.47369013509325 ], [ -0.33699341781223, 39.473690135081711 ], [ -0.336994365143439, 39.473687850554114 ], [ -0.336994365151046, 39.473687850536407 ], [ -0.337002960900205, 39.47366850758209 ], [ -0.337055760633259, 39.473533708132457 ], [ -0.337110248879903, 39.473394588002286 ], [ -0.337157350091227, 39.473274324124347 ], [ -0.337204093422816, 39.473154935780293 ], [ -0.337268493250329, 39.472990601099035 ], [ -0.3373494637519, 39.472783846441658 ], [ -0.337349463751899, 39.472783846441658 ], [ -0.337349463838451, 39.472783846279512 ], [ -0.33743792491066, 39.472655264513826 ], [ -0.337452986513123, 39.472622273732327 ], [ -0.337514903187788, 39.472486867617242 ], [ -0.337615936331906, 39.472265901676309 ], [ -0.337714725606149, 39.472049959751594 ], [ -0.337776334845803, 39.47191511939036 ], [ -0.337776798215049, 39.471914094001974 ], [ -0.337776798216529, 39.471914093998713 ], [ -0.337794722600096, 39.471874911214201 ], [ -0.337826663094695, 39.47180514953692 ], [ -0.337851803282391, 39.471750150540778 ], [ -0.337886290092936, 39.47167472752723 ], [ -0.337917351004019, 39.471606842011532 ], [ -0.337968462214146, 39.471495043233425 ], [ -0.338004608606914, 39.471416022363307 ], [ -0.338021934134605, 39.471303837991755 ], [ -0.338021934205347, 39.471303837772432 ], [ -0.338061969234142, 39.471224036518834 ], [ -0.338105767147682, 39.471136664012469 ], [ -0.338148794334446, 39.471050936846432 ], [ -0.338185532938005, 39.470977681462827 ], [ -0.338216396500306, 39.470916174028069 ], [ -0.338216396602406, 39.470916173871665 ], [ -0.338216396741667, 39.470916173733549 ], [ -0.33821639691281, 39.470916173618967 ], [ -0.338216397109354, 39.470916173532252 ], [ -0.338216397323849, 39.470916173476688 ], [ -0.338216397548171, 39.470916173454391 ], [ -0.338216397773815, 39.470916173466186 ], [ -0.338216397992235, 39.470916173511647 ], [ -0.338216397992237, 39.470916173511647 ], [ -0.338340559244393, 39.470952375872734 ], [ -0.338468389776503, 39.470989746793251 ], [ -0.338811730228796, 39.471089932978799 ], [ -0.338812922160907, 39.471087470210165 ], [ -0.338812922160906, 39.471087470210165 ], [ -0.338812922162297, 39.471087470207976 ], [ -0.338812922163128, 39.471087470205617 ], [ -0.339148009629011, 39.470406318474005 ], [ -0.339380701545393, 39.469933440403501 ], [ -0.339380701545395, 39.469933440403501 ], [ -0.339380701647233, 39.469933440245278 ], [ -0.339380701787001, 39.469933440105521 ], [ -0.339380701959313, 39.46993343998961 ], [ -0.339380702157524, 39.469933439902057 ], [ -0.339380702373991, 39.469933439846209 ], [ -0.339380702600365, 39.469933439824217 ], [ -0.33938070282792, 39.469933439836943 ], [ -0.339380703047877, 39.469933439883889 ], [ -0.340123004812951, 39.470154631133596 ], [ -0.340128308689609, 39.47015527043169 ], [ -0.340202773208061, 39.469997679242468 ], [ -0.340202773209573, 39.469997679239299 ], [ -0.340241212497105, 39.469917268605094 ], [ -0.340268681370683, 39.469859796244691 ], [ -0.339853265641772, 39.469742213642952 ], [ -0.33985326564177, 39.469742213642952 ], [ -0.339853265435486, 39.469742213565951 ], [ -0.339853265252691, 39.469742213459099 ], [ -0.339853265100488, 39.469742213326505 ], [ -0.339853264984784, 39.469742213173383 ], [ -0.339853264910076, 39.469742213005631 ], [ -0.339853264879264, 39.469742212829779 ], [ -0.339853264893545, 39.469742212652655 ], [ -0.339853264952367, 39.469742212481151 ], [ -0.339954143006938, 39.469533546695423 ], [ -0.340059992816939, 39.469314570587287 ], [ -0.340106087689313, 39.469219282501292 ], [ -0.340111047043177, 39.469209008929006 ], [ -0.340111047043176, 39.469209008929006 ], [ -0.340111047043277, 39.46920900892885 ], [ -0.34011104704334, 39.469209008928665 ], [ -0.34012799879543, 39.469173934844342 ], [ -0.339900565273787, 39.469106926575719 ], [ -0.339900565273789, 39.469106926575719 ], [ -0.339900565069809, 39.469106926497091 ], [ -0.339900564889542, 39.469106926389131 ], [ -0.339900564739922, 39.469106926255982 ], [ -0.339900564626699, 39.469106926102782 ], [ -0.339900564554228, 39.469106925935371 ], [ -0.339900564525292, 39.469106925760244 ], [ -0.339900564541008, 39.4691069255841 ], [ -0.339900564600769, 39.469106925413712 ], [ -0.339945310672903, 39.469015791858425 ], [ -0.339839612769519, 39.468976144977525 ], [ -0.339516781685364, 39.4688813048949 ], [ -0.339386840064661, 39.468843142699825 ], [ -0.339157895600369, 39.468775878305806 ], [ -0.338997647990994, 39.468742116218813 ], [ -0.33877378694873, 39.468695021031195 ], [ -0.338598672453263, 39.468794089293503 ] ] ] ] } }
]
}
